#
# There is insufficient memory for the Java Runtime Environment to continue.
# Native memory allocation (malloc) failed to allocate 10145432 bytes. Error detail: Chunk::new
# Possible reasons:
#   The system is out of physical RAM or swap space
#   This process is running with CompressedOops enabled, and the Java Heap may be blocking the growth of the native heap
# Possible solutions:
#   Reduce memory load on the system
#   Increase physical memory or swap space
#   Check if swap backing store is full
#   Decrease Java heap size (-Xmx/-Xms)
#   Decrease number of Java threads
#   Decrease Java thread stack sizes (-Xss)
#   Set larger code cache with -XX:ReservedCodeCacheSize=
#   JVM is running with Unscaled Compressed Oops mode in which the Java heap is
#     placed in the first 4GB address space. The Java Heap base address is the
#     maximum limit for the native heap growth. Please use -XX:HeapBaseMinAddress
#     to set the Java Heap base and to place the Java Heap above 4GB virtual address.
# This output file may be truncated or incomplete.
#
#  Out of Memory Error (arena.cpp:186), pid=12788, tid=22944
#
# JRE version: OpenJDK Runtime Environment (25.0.2) (build 25.0.2+-15348964-b329.117)
# Java VM: OpenJDK 64-Bit Server VM (25.0.2+-15348964-b329.117, mixed mode, tiered, compressed oops, compressed class ptrs, g1 gc, windows-amd64)
# No core dump will be written. Minidumps are not enabled by default on client versions of Windows
#

---------------  S U M M A R Y ------------

Command Line: --add-opens=java.base/java.lang=ALL-UNNAMED --add-opens=java.base/java.lang.invoke=ALL-UNNAMED --add-opens=java.base/java.util=ALL-UNNAMED --add-opens=java.prefs/java.util.prefs=ALL-UNNAMED --add-exports=jdk.compiler/com.sun.tools.javac.api=ALL-UNNAMED --add-exports=jdk.compiler/com.sun.tools.javac.util=ALL-UNNAMED --add-opens=java.base/java.util=ALL-UNNAMED --add-opens=java.prefs/java.util.prefs=ALL-UNNAMED --add-opens=java.base/java.nio.charset=ALL-UNNAMED --add-opens=java.base/java.net=ALL-UNNAMED --add-opens=java.base/java.util.concurrent=ALL-UNNAMED --add-opens=java.base/java.util.concurrent.atomic=ALL-UNNAMED --add-opens=java.xml/javax.xml.namespace=ALL-UNNAMED --add-opens=java.base/java.time=ALL-UNNAMED --enable-native-access=ALL-UNNAMED -Xmx2048m -Dfile.encoding=UTF-8 -Duser.country=IN -Duser.language=en -Duser.variant -javaagent:C:\Users\SIVA\.gradle\wrapper\dists\gradle-9.3.1-bin\23ovyewtku6u96viwx3xl3oks\gradle-9.3.1\lib\agents\gradle-instrumentation-agent-9.3.1.jar org.gradle.launcher.daemon.bootstrap.GradleDaemon 9.3.1

Host: 13th Gen Intel(R) Core(TM) i5-1334U, 12 cores, 15G,  Windows 11 , 64 bit Build 26100 (10.0.26100.8875)
Time: Tue Aug 11 13:14:12 2026 India Standard Time elapsed time: 27.016447 seconds (0d 0h 0m 27s)

---------------  T H R E A D  ---------------

Current thread (0x000002ad23e5af80):  JavaThread "C2 CompilerThread0" daemon [_thread_in_native, id=22944, stack(0x000000d4ed500000,0x000000d4ed600000) (1024K)]


Current CompileTask:
C2:27016 12508   !   4       ksp.org.jetbrains.kotlin.metadata.jvm.JvmModuleProtoBuf$PackageParts::<init> (1103 bytes)

Stack: [0x000000d4ed500000,0x000000d4ed600000]
Native frames: (J=compiled Java code, j=interpreted, Vv=VM code, C=native code)
V  [jvm.dll+0x7bd439]  (no source info available)
V  [jvm.dll+0x78763d]  (no source info available)
V  [jvm.dll+0xa0c885]  (no source info available)
V  [jvm.dll+0xa0ef04]  (no source info available)
V  [jvm.dll+0xa0f603]  (no source info available)
V  [jvm.dll+0x309bf6]  (no source info available)
V  [jvm.dll+0x10ea69]  (no source info available)
V  [jvm.dll+0x10ed92]  (no source info available)
V  [jvm.dll+0x1a9837]  (no source info available)
V  [jvm.dll+0x3bec92]  (no source info available)
V  [jvm.dll+0x7c2cb7]  (no source info available)
V  [jvm.dll+0x2ce046]  (no source info available)
V  [jvm.dll+0x2cd221]  (no source info available)
V  [jvm.dll+0x242ffa]  (no source info available)
V  [jvm.dll+0x2dcc05]  (no source info available)
V  [jvm.dll+0x2dae06]  (no source info available)
V  [jvm.dll+0x49b59e]  (no source info available)
V  [jvm.dll+0x9ab9c8]  (no source info available)
V  [jvm.dll+0x7bb985]  (no source info available)
C  [ucrtbase.dll+0x2cd30]  (no source info available)
C  [KERNEL32.DLL+0x2e957]  (no source info available)
C  [ntdll.dll+0xaad6c]  (no source info available)

Lock stack of current Java thread (top to bottom):


---------------  P R O C E S S  ---------------

Threads class SMR info:
_java_thread_list=0x000002ad2dadb0c0, length=90, elements={
0x000002ad0bdf8bb0, 0x000002ad23e3cde0, 0x000002ad23e3dce0, 0x000002ad23e3e4a0,
0x000002ad23e59080, 0x000002ad23e59840, 0x000002ad23e5a000, 0x000002ad23e5a7c0,
0x000002ad23e5af80, 0x000002ad23e5bda0, 0x000002ad28421e30, 0x000002ad2a8ac140,
0x000002ad299e2300, 0x000002ad298f1c20, 0x000002ad2ab08020, 0x000002ad2ab0a5d0,
0x000002ad299c8130, 0x000002ad299a1230, 0x000002ad299a77c0, 0x000002ad299a5880,
0x000002ad299a50b0, 0x000002ad2b092770, 0x000002ad2b094e80, 0x000002ad2b0946b0,
0x000002ad2b0965f0, 0x000002ad2b096dc0, 0x000002ad2b0994d0, 0x000002ad2b334560,
0x000002ad2b334d30, 0x000002ad2b332620, 0x000002ad2b331e50, 0x000002ad2b3364a0,
0x000002ad2bc9b470, 0x000002ad2bc9d3b0, 0x000002ad2bc9bc40, 0x000002ad29411150,
0x000002ad29410980, 0x000002ad29411920, 0x000002ad294101b0, 0x000002ad29416740,
0x000002ad29414fd0, 0x000002ad29413090, 0x000002ad294176e0, 0x000002ad2b883d10,
0x000002ad2b886bf0, 0x000002ad2b886420, 0x000002ad2b888b30, 0x000002ad2b88aa70,
0x000002ad2b888360, 0x000002ad2b889ad0, 0x000002ad2d998970, 0x000002ad2d999910,
0x000002ad2d99cfc0, 0x000002ad2d99a8b0, 0x000002ad2d99c020, 0x000002ad2bc9db80,
0x000002ad2bca21d0, 0x000002ad2d9ba120, 0x000002ad2d9ba8f0, 0x000002ad2d9b9950,
0x000002ad2d9b7a10, 0x000002ad2d9b81e0, 0x000002ad2d9bc830, 0x000002ad2d9c06b0,
0x000002ad2d9bd000, 0x000002ad2d9c1650, 0x000002ad2d9bdfa0, 0x000002ad2d9c1e20,
0x000002ad2d9c54d0, 0x000002ad2d9c4530, 0x000002ad2d9c6470, 0x000002ad2d9c6c40,
0x000002ad2d99ef00, 0x000002ad296ba590, 0x000002ad296bad60, 0x000002ad296bfb80,
0x000002ad296c0b20, 0x000002ad296c5940, 0x000002ad296c6110, 0x000002ad296c3230,
0x000002ad296c3a00, 0x000002ad296c8050, 0x000002ad296c8ff0, 0x000002ad29042cc0,
0x000002ad29043c60, 0x000002ad29044c00, 0x000002ad29048a80, 0x000002ad296bcca0,
0x000002ad2e360d60, 0x000002ad29047310
}

Java Threads: ( => current thread )
  0x000002ad0bdf8bb0 JavaThread "main"                              [_thread_blocked, id=27436, stack(0x000000d4ec600000,0x000000d4ec700000) (1024K)]
  0x000002ad23e3cde0 JavaThread "Common-Cleaner"             daemon [_thread_blocked, id=28272, stack(0x000000d4ece00000,0x000000d4ecf00000) (1024K)]
  0x000002ad23e3dce0 JavaThread "Reference Handler"          daemon [_thread_blocked, id=11484, stack(0x000000d4ecf00000,0x000000d4ed000000) (1024K)]
  0x000002ad23e3e4a0 JavaThread "Finalizer"                  daemon [_thread_blocked, id=23972, stack(0x000000d4ed000000,0x000000d4ed100000) (1024K)]
  0x000002ad23e59080 JavaThread "Signal Dispatcher"          daemon [_thread_blocked, id=29244, stack(0x000000d4ed100000,0x000000d4ed200000) (1024K)]
  0x000002ad23e59840 JavaThread "Attach Listener"            daemon [_thread_blocked, id=23080, stack(0x000000d4ed200000,0x000000d4ed300000) (1024K)]
  0x000002ad23e5a000 JavaThread "Service Thread"             daemon [_thread_blocked, id=28404, stack(0x000000d4ed300000,0x000000d4ed400000) (1024K)]
  0x000002ad23e5a7c0 JavaThread "Monitor Deflation Thread"   daemon [_thread_blocked, id=17696, stack(0x000000d4ed400000,0x000000d4ed500000) (1024K)]
=>0x000002ad23e5af80 JavaThread "C2 CompilerThread0"         daemon [_thread_in_native, id=22944, stack(0x000000d4ed500000,0x000000d4ed600000) (1024K)]
  0x000002ad23e5bda0 JavaThread "C1 CompilerThread0"         daemon [_thread_blocked, id=25864, stack(0x000000d4ed600000,0x000000d4ed700000) (1024K)]
  0x000002ad28421e30 JavaThread "Notification Thread"        daemon [_thread_blocked, id=27356, stack(0x000000d4ed700000,0x000000d4ed800000) (1024K)]
  0x000002ad2a8ac140 JavaThread "Daemon health stats"               [_thread_blocked, id=22648, stack(0x000000d4ed900000,0x000000d4eda00000) (1024K)]
  0x000002ad299e2300 JavaThread "Incoming local TCP Connector on port 6083"        [_thread_in_native, id=26704, stack(0x000000d4edf00000,0x000000d4ee000000) (1024K)]
  0x000002ad298f1c20 JavaThread "Daemon periodic checks"            [_thread_blocked, id=2532, stack(0x000000d4ee000000,0x000000d4ee100000) (1024K)]
  0x000002ad2ab08020 JavaThread "Daemon"                            [_thread_blocked, id=12652, stack(0x000000d4ee100000,0x000000d4ee200000) (1024K)]
  0x000002ad2ab0a5d0 JavaThread "Handler for socket connection from /127.0.0.1:6083 to /127.0.0.1:6084"        [_thread_in_native, id=18920, stack(0x000000d4ee200000,0x000000d4ee300000) (1024K)]
  0x000002ad299c8130 JavaThread "Cancel handler"                    [_thread_blocked, id=2192, stack(0x000000d4ee900000,0x000000d4eea00000) (1024K)]
  0x000002ad299a1230 JavaThread "Daemon worker"                     [_thread_blocked, id=28988, stack(0x000000d4eea00000,0x000000d4eeb00000) (1024K)]
  0x000002ad299a77c0 JavaThread "Asynchronous log dispatcher for DefaultDaemonConnection: socket connection from /127.0.0.1:6083 to /127.0.0.1:6084"        [_thread_blocked, id=15028, stack(0x000000d4eeb00000,0x000000d4eec00000) (1024K)]
  0x000002ad299a5880 JavaThread "Stdin handler"                     [_thread_blocked, id=25064, stack(0x000000d4eec00000,0x000000d4eed00000) (1024K)]
  0x000002ad299a50b0 JavaThread "Daemon client event forwarder"        [_thread_blocked, id=21036, stack(0x000000d4eed00000,0x000000d4eee00000) (1024K)]
  0x000002ad2b092770 JavaThread "Cache worker for journal cache (C:\Users\SIVA\.gradle\caches\journal-1)"        [_thread_blocked, id=10032, stack(0x000000d4eee00000,0x000000d4eef00000) (1024K)]
  0x000002ad2b094e80 JavaThread "File lock request listener"        [_thread_in_native, id=24616, stack(0x000000d4eef00000,0x000000d4ef000000) (1024K)]
  0x000002ad2b0946b0 JavaThread "Cache worker for file hash cache (C:\Users\SIVA\.gradle\caches\9.3.1\fileHashes)"        [_thread_blocked, id=7352, stack(0x000000d4ef000000,0x000000d4ef100000) (1024K)]
  0x000002ad2b0965f0 JavaThread "Cache worker for file hash cache (C:\Users\SIVA\Downloads\palm\.gradle\9.3.1\fileHashes)"        [_thread_blocked, id=1912, stack(0x000000d4ef100000,0x000000d4ef200000) (1024K)]
  0x000002ad2b096dc0 JavaThread "Cache worker for checksums cache (C:\Users\SIVA\Downloads\palm\.gradle\9.3.1\checksums)"        [_thread_blocked, id=20620, stack(0x000000d4ef200000,0x000000d4ef300000) (1024K)]
  0x000002ad2b0994d0 JavaThread "Cache worker for Build Output Cleanup Cache (C:\Users\SIVA\Downloads\palm\.gradle\buildOutputCleanup)"        [_thread_blocked, id=3812, stack(0x000000d4ef300000,0x000000d4ef400000) (1024K)]
  0x000002ad2b334560 JavaThread "Cache worker for file content cache (C:\Users\SIVA\.gradle\caches\9.3.1\fileContent)"        [_thread_blocked, id=17644, stack(0x000000d4ef500000,0x000000d4ef600000) (1024K)]
  0x000002ad2b334d30 JavaThread "File watcher server"        daemon [_thread_in_native, id=2644, stack(0x000000d4ef400000,0x000000d4ef500000) (1024K)]
  0x000002ad2b332620 JavaThread "File watcher consumer"      daemon [_thread_blocked, id=17020, stack(0x000000d4ef600000,0x000000d4ef700000) (1024K)]
  0x000002ad2b331e50 JavaThread "Cache worker for cache directory md-supplier (C:\Users\SIVA\.gradle\caches\9.3.1\md-supplier)"        [_thread_blocked, id=19776, stack(0x000000d4ef700000,0x000000d4ef800000) (1024K)]
  0x000002ad2b3364a0 JavaThread "Cache worker for cache directory md-rule (C:\Users\SIVA\.gradle\caches\9.3.1\md-rule)"        [_thread_blocked, id=1096, stack(0x000000d4ef800000,0x000000d4ef900000) (1024K)]
  0x000002ad2bc9b470 JavaThread "build event listener"              [_thread_blocked, id=7628, stack(0x000000d4efa00000,0x000000d4efb00000) (1024K)]
  0x000002ad2bc9d3b0 JavaThread "Build operations"                  [_thread_blocked, id=13528, stack(0x000000d4efb00000,0x000000d4efc00000) (1024K)]
  0x000002ad2bc9bc40 JavaThread "Memory manager"                    [_thread_blocked, id=26660, stack(0x000000d4ef900000,0x000000d4efa00000) (1024K)]
  0x000002ad29411150 JavaThread "included builds"                   [_thread_blocked, id=23132, stack(0x000000d4efd00000,0x000000d4efe00000) (1024K)]
  0x000002ad29410980 JavaThread "Execution worker"                  [_thread_blocked, id=7188, stack(0x000000d4efe00000,0x000000d4eff00000) (1024K)]
  0x000002ad29411920 JavaThread "Execution worker Thread 2"         [_thread_blocked, id=19164, stack(0x000000d4eff00000,0x000000d4f0000000) (1024K)]
  0x000002ad294101b0 JavaThread "Execution worker Thread 3"         [_thread_blocked, id=13196, stack(0x000000d4f0000000,0x000000d4f0100000) (1024K)]
  0x000002ad29416740 JavaThread "Cache worker for execution history cache (C:\Users\SIVA\Downloads\palm\.gradle\9.3.1\executionHistory)"        [_thread_blocked, id=20924, stack(0x000000d4f0100000,0x000000d4f0200000) (1024K)]
  0x000002ad29414fd0 JavaThread "Unconstrained build operations"        [_thread_blocked, id=23744, stack(0x000000d4f0200000,0x000000d4f0300000) (1024K)]
  0x000002ad29413090 JavaThread "Unconstrained build operations Thread 2"        [_thread_blocked, id=7008, stack(0x000000d4f0300000,0x000000d4f0400000) (1024K)]
  0x000002ad294176e0 JavaThread "Unconstrained build operations Thread 3"        [_thread_blocked, id=28388, stack(0x000000d4f0400000,0x000000d4f0500000) (1024K)]
  0x000002ad2b883d10 JavaThread "Unconstrained build operations Thread 4"        [_thread_blocked, id=28300, stack(0x000000d4f0500000,0x000000d4f0600000) (1024K)]
  0x000002ad2b886bf0 JavaThread "Unconstrained build operations Thread 5"        [_thread_blocked, id=18404, stack(0x000000d4f0600000,0x000000d4f0700000) (1024K)]
  0x000002ad2b886420 JavaThread "Unconstrained build operations Thread 6"        [_thread_blocked, id=2344, stack(0x000000d4f0700000,0x000000d4f0800000) (1024K)]
  0x000002ad2b888b30 JavaThread "Unconstrained build operations Thread 7"        [_thread_blocked, id=10208, stack(0x000000d4f0800000,0x000000d4f0900000) (1024K)]
  0x000002ad2b88aa70 JavaThread "Unconstrained build operations Thread 8"        [_thread_blocked, id=19328, stack(0x000000d4f0900000,0x000000d4f0a00000) (1024K)]
  0x000002ad2b888360 JavaThread "Unconstrained build operations Thread 9"        [_thread_blocked, id=23312, stack(0x000000d4f0a00000,0x000000d4f0b00000) (1024K)]
  0x000002ad2b889ad0 JavaThread "Unconstrained build operations Thread 10"        [_thread_blocked, id=25964, stack(0x000000d4f0b00000,0x000000d4f0c00000) (1024K)]
  0x000002ad2d998970 JavaThread "Unconstrained build operations Thread 11"        [_thread_blocked, id=13192, stack(0x000000d4f0c00000,0x000000d4f0d00000) (1024K)]
  0x000002ad2d999910 JavaThread "Unconstrained build operations Thread 12"        [_thread_blocked, id=26200, stack(0x000000d4f0d00000,0x000000d4f0e00000) (1024K)]
  0x000002ad2d99cfc0 JavaThread "Unconstrained build operations Thread 13"        [_thread_blocked, id=25960, stack(0x000000d4ed800000,0x000000d4ed900000) (1024K)]
  0x000002ad2d99a8b0 JavaThread "Unconstrained build operations Thread 14"        [_thread_blocked, id=24156, stack(0x000000d4efc00000,0x000000d4efd00000) (1024K)]
  0x000002ad2d99c020 JavaThread "Unconstrained build operations Thread 15"        [_thread_blocked, id=15364, stack(0x000000d4f0e00000,0x000000d4f0f00000) (1024K)]
  0x000002ad2bc9db80 JavaThread "Unconstrained build operations Thread 16"        [_thread_blocked, id=18968, stack(0x000000d4f1000000,0x000000d4f1100000) (1024K)]
  0x000002ad2bca21d0 JavaThread "Unconstrained build operations Thread 17"        [_thread_blocked, id=20388, stack(0x000000d4f1100000,0x000000d4f1200000) (1024K)]
  0x000002ad2d9ba120 JavaThread "Unconstrained build operations Thread 18"        [_thread_blocked, id=28848, stack(0x000000d4f1200000,0x000000d4f1300000) (1024K)]
  0x000002ad2d9ba8f0 JavaThread "Unconstrained build operations Thread 19"        [_thread_blocked, id=11668, stack(0x000000d4f1300000,0x000000d4f1400000) (1024K)]
  0x000002ad2d9b9950 JavaThread "Unconstrained build operations Thread 20"        [_thread_blocked, id=16492, stack(0x000000d4f1400000,0x000000d4f1500000) (1024K)]
  0x000002ad2d9b7a10 JavaThread "Unconstrained build operations Thread 21"        [_thread_blocked, id=26564, stack(0x000000d4f1500000,0x000000d4f1600000) (1024K)]
  0x000002ad2d9b81e0 JavaThread "Unconstrained build operations Thread 22"        [_thread_blocked, id=20176, stack(0x000000d4f1600000,0x000000d4f1700000) (1024K)]
  0x000002ad2d9bc830 JavaThread "Unconstrained build operations Thread 23"        [_thread_blocked, id=3720, stack(0x000000d4f1700000,0x000000d4f1800000) (1024K)]
  0x000002ad2d9c06b0 JavaThread "Unconstrained build operations Thread 24"        [_thread_blocked, id=14004, stack(0x000000d4f1800000,0x000000d4f1900000) (1024K)]
  0x000002ad2d9bd000 JavaThread "Unconstrained build operations Thread 25"        [_thread_blocked, id=26324, stack(0x000000d4f1900000,0x000000d4f1a00000) (1024K)]
  0x000002ad2d9c1650 JavaThread "Unconstrained build operations Thread 26"        [_thread_blocked, id=21960, stack(0x000000d4f1a00000,0x000000d4f1b00000) (1024K)]
  0x000002ad2d9bdfa0 JavaThread "Unconstrained build operations Thread 27"        [_thread_blocked, id=6104, stack(0x000000d4f1b00000,0x000000d4f1c00000) (1024K)]
  0x000002ad2d9c1e20 JavaThread "Unconstrained build operations Thread 28"        [_thread_blocked, id=4040, stack(0x000000d4f1c00000,0x000000d4f1d00000) (1024K)]
  0x000002ad2d9c54d0 JavaThread "Unconstrained build operations Thread 29"        [_thread_blocked, id=27156, stack(0x000000d4f1e00000,0x000000d4f1f00000) (1024K)]
  0x000002ad2d9c4530 JavaThread "Unconstrained build operations Thread 30"        [_thread_blocked, id=29472, stack(0x000000d4f1f00000,0x000000d4f2000000) (1024K)]
  0x000002ad2d9c6470 JavaThread "Unconstrained build operations Thread 31"        [_thread_blocked, id=8996, stack(0x000000d4f2000000,0x000000d4f2100000) (1024K)]
  0x000002ad2d9c6c40 JavaThread "Unconstrained build operations Thread 32"        [_thread_blocked, id=2032, stack(0x000000d4f2100000,0x000000d4f2200000) (1024K)]
  0x000002ad2d99ef00 JavaThread "Unconstrained build operations Thread 33"        [_thread_blocked, id=27912, stack(0x000000d4f2200000,0x000000d4f2300000) (1024K)]
  0x000002ad296ba590 JavaThread "Unconstrained build operations Thread 34"        [_thread_blocked, id=22712, stack(0x000000d4f2300000,0x000000d4f2400000) (1024K)]
  0x000002ad296bad60 JavaThread "WorkerExecutor Queue"              [_thread_in_vm, id=28396, stack(0x000000d4f2400000,0x000000d4f2500000) (1024K)]
  0x000002ad296bfb80 JavaThread "Java2D Disposer"            daemon [_thread_blocked, id=15712, stack(0x000000d4f1d00000,0x000000d4f1e00000) (1024K)]
  0x000002ad296c0b20 JavaThread "AWT-Windows"                daemon [_thread_in_native, id=12512, stack(0x000000d4f2600000,0x000000d4f2700000) (1024K)]
  0x000002ad296c5940 JavaThread "Unconstrained build operations Thread 35"        [_thread_blocked, id=22660, stack(0x000000d4f2900000,0x000000d4f2a00000) (1024K)]
  0x000002ad296c6110 JavaThread "Unconstrained build operations Thread 36"        [_thread_blocked, id=4172, stack(0x000000d4f2a00000,0x000000d4f2b00000) (1024K)]
  0x000002ad296c3230 JavaThread "Unconstrained build operations Thread 37"        [_thread_blocked, id=3476, stack(0x000000d4f2b00000,0x000000d4f2c00000) (1024K)]
  0x000002ad296c3a00 JavaThread "Unconstrained build operations Thread 38"        [_thread_blocked, id=3684, stack(0x000000d4f2c00000,0x000000d4f2d00000) (1024K)]
  0x000002ad296c8050 JavaThread "DefaultDispatcher-worker-1" daemon [_thread_blocked, id=16516, stack(0x000000d4f2d00000,0x000000d4f2e00000) (1024K)]
  0x000002ad296c8ff0 JavaThread "DefaultDispatcher-worker-2" daemon [_thread_blocked, id=28964, stack(0x000000d4f2e00000,0x000000d4f2f00000) (1024K)]
  0x000002ad29042cc0 JavaThread "DefaultDispatcher-worker-3" daemon [_thread_blocked, id=8160, stack(0x000000d4f2f00000,0x000000d4f3000000) (1024K)]
  0x000002ad29043c60 JavaThread "Unconstrained build operations Thread 39"        [_thread_blocked, id=24232, stack(0x000000d4f2500000,0x000000d4f2600000) (1024K)]
  0x000002ad29044c00 JavaThread "Unconstrained build operations Thread 40"        [_thread_blocked, id=6976, stack(0x000000d4f2700000,0x000000d4f2800000) (1024K)]
  0x000002ad29048a80 JavaThread "Periodic tasks thread"      daemon [_thread_blocked, id=20940, stack(0x000000d4f3000000,0x000000d4f3100000) (1024K)]
  0x000002ad296bcca0 JavaThread "ApplicationImpl pooled thread 1"        [_thread_blocked, id=25404, stack(0x000000d4f3100000,0x000000d4f3200000) (1024K)]
  0x000002ad2e360d60 JavaThread "C2 CompilerThread1"         daemon [_thread_blocked, id=4192, stack(0x000000d4f0f00000,0x000000d4f1000000) (1024K)]
  0x000002ad29047310 JavaThread "ForkJoinPool.commonPool-worker-1" daemon [_thread_blocked, id=19844, stack(0x000000d4f3200000,0x000000d4f3300000) (1024K)]
Total: 90

Other Threads:
  0x000002ad23e12fd0 VMThread "VM Thread"                           [id=20208, stack(0x000000d4ecd00000,0x000000d4ece00000) (1024K)]
  0x000002ad23dcf170 WatcherThread "VM Periodic Task Thread"        [id=29368, stack(0x000000d4ecc00000,0x000000d4ecd00000) (1024K)]
  0x000002ad0999e020 WorkerThread "GC Thread#0"                     [id=20012, stack(0x000000d4ec700000,0x000000d4ec800000) (1024K)]
  0x000002ad28b404d0 WorkerThread "GC Thread#1"                     [id=3648, stack(0x000000d4eda00000,0x000000d4edb00000) (1024K)]
  0x000002ad28b40900 WorkerThread "GC Thread#2"                     [id=12724, stack(0x000000d4edb00000,0x000000d4edc00000) (1024K)]
  0x000002ad28ca8020 WorkerThread "GC Thread#3"                     [id=10232, stack(0x000000d4edc00000,0x000000d4edd00000) (1024K)]
  0x000002ad28ca8450 WorkerThread "GC Thread#4"                     [id=4916, stack(0x000000d4edd00000,0x000000d4ede00000) (1024K)]
  0x000002ad28ca8880 WorkerThread "GC Thread#5"                     [id=20096, stack(0x000000d4ede00000,0x000000d4edf00000) (1024K)]
  0x000002ad2a918440 WorkerThread "GC Thread#6"                     [id=15248, stack(0x000000d4ee300000,0x000000d4ee400000) (1024K)]
  0x000002ad2a919e20 WorkerThread "GC Thread#7"                     [id=9996, stack(0x000000d4ee400000,0x000000d4ee500000) (1024K)]
  0x000002ad2a917ba0 WorkerThread "GC Thread#8"                     [id=28588, stack(0x000000d4ee500000,0x000000d4ee600000) (1024K)]
  0x000002ad2a917ff0 WorkerThread "GC Thread#9"                     [id=7724, stack(0x000000d4ee600000,0x000000d4ee700000) (1024K)]
  0x000002ad0be66160 ConcurrentGCThread "G1 Main Marker"            [id=16124, stack(0x000000d4ec800000,0x000000d4ec900000) (1024K)]
  0x000002ad0be66c00 WorkerThread "G1 Conc#0"                       [id=27756, stack(0x000000d4ec900000,0x000000d4eca00000) (1024K)]
  0x000002ad2a919130 WorkerThread "G1 Conc#1"                       [id=6456, stack(0x000000d4ee700000,0x000000d4ee800000) (1024K)]
  0x000002ad2a9199d0 WorkerThread "G1 Conc#2"                       [id=29424, stack(0x000000d4ee800000,0x000000d4ee900000) (1024K)]
  0x000002ad23c98210 ConcurrentGCThread "G1 Refine#0"               [id=21144, stack(0x000000d4eca00000,0x000000d4ecb00000) (1024K)]
  0x000002ad23c9c830 ConcurrentGCThread "G1 Service"                [id=26808, stack(0x000000d4ecb00000,0x000000d4ecc00000) (1024K)]
Total: 18

Threads with active compile tasks:
C2 CompilerThread0  27080 12508   !   4       ksp.org.jetbrains.kotlin.metadata.jvm.JvmModuleProtoBuf$PackageParts::<init> (1103 bytes)
Total: 1

VM state: not at safepoint (normal execution)

VM Mutex/Monitor currently owned by a thread: None

Heap address: 0x0000000080000000, size: 2048 MB, Compressed Oops mode: 32-bit

CDS archive(s) not mapped
Compressed class space mapped at: 0x0000000010000000-0x0000000050000000, reserved size: 1073741824
UseCompressedClassPointers 1, UseCompactObjectHeaders 0
Narrow klass pointer bits 32, Max shift 3
Narrow klass base: 0x0000000000000000, Narrow klass shift: 0
Encoding Range: [0x0000000000000000 - 0x0000000100000000), (4294967296 bytes)
Klass Range:    [0x0000000010000000 - 0x0000000050000000), (1073741824 bytes)
Klass ID Range:  [268435456 - 1342177273) (1073741817)
No protection zone.

GC Precious Log:
 CardTable entry size: 512
 Card Set container configuration: InlinePtr #cards 5 size 8 Array Of Cards #cards 10 size 36 Howl #buckets 4 coarsen threshold 1843 Howl Bitmap #cards 512 size 80 coarsen threshold 460 Card regions per heap region 1 cards per card region 2048
 CPUs: 12 total, 12 available
 Memory: 16068M
 Large Page Support: Disabled
 NUMA Support: Disabled
 Compressed Oops: Enabled (32-bit)
 Heap Region Size: 1M
 Heap Min Capacity: 8M
 Heap Initial Capacity: 252M
 Heap Max Capacity: 2G
 Pre-touch: Disabled
 Parallel Workers: 10
 Concurrent Workers: 3
 Concurrent Refinement Workers: 10
 Periodic GC: Disabled

Heap:
 garbage-first heap   total reserved 2097152K, committed 396288K, used 247670K [0x0000000080000000, 0x0000000100000000)
  region size 1024K, 135 young (138240K), 15 survivors (15360K)

Heap Regions: E=young(eden), S=young(survivor), O=old, HS=humongous(starts), HC=humongous(continues), CS=collection set, F=free, TAMS=top-at-mark-start, PB=parsable bottom
|   0|0x0000000080000000, 0x0000000080100000, 0x0000000080100000|100%|HS|  |TAMS 0x0000000080000000| PB 0x0000000080000000| Complete |  0
|   1|0x0000000080100000, 0x0000000080200000, 0x0000000080200000|100%|HC|  |TAMS 0x0000000080100000| PB 0x0000000080100000| Complete |  0
|   2|0x0000000080200000, 0x0000000080300000, 0x0000000080300000|100%|HC|  |TAMS 0x0000000080200000| PB 0x0000000080200000| Complete |  0
|   3|0x0000000080300000, 0x0000000080400000, 0x0000000080400000|100%|HC|  |TAMS 0x0000000080300000| PB 0x0000000080300000| Complete |  0
|   4|0x0000000080400000, 0x0000000080500000, 0x0000000080500000|100%|HS|  |TAMS 0x0000000080400000| PB 0x0000000080400000| Complete |  0
|   5|0x0000000080500000, 0x0000000080600000, 0x0000000080600000|100%| O|  |TAMS 0x0000000080500000| PB 0x0000000080500000| Untracked |  0
|   6|0x0000000080600000, 0x0000000080700000, 0x0000000080700000|100%| O|  |TAMS 0x0000000080600000| PB 0x0000000080600000| Untracked |  0
|   7|0x0000000080700000, 0x0000000080800000, 0x0000000080800000|100%| O|  |TAMS 0x0000000080700000| PB 0x0000000080700000| Untracked |  0
|   8|0x0000000080800000, 0x0000000080900000, 0x0000000080900000|100%| O|  |TAMS 0x0000000080800000| PB 0x0000000080800000| Untracked |  0
|   9|0x0000000080900000, 0x0000000080a00000, 0x0000000080a00000|100%| O|  |TAMS 0x0000000080900000| PB 0x0000000080900000| Untracked |  0
|  10|0x0000000080a00000, 0x0000000080b00000, 0x0000000080b00000|100%| O|  |TAMS 0x0000000080a00000| PB 0x0000000080a00000| Untracked |  0
|  11|0x0000000080b00000, 0x0000000080c00000, 0x0000000080c00000|100%| O|  |TAMS 0x0000000080b00000| PB 0x0000000080b00000| Untracked |  0
|  12|0x0000000080c00000, 0x0000000080d00000, 0x0000000080d00000|100%| O|  |TAMS 0x0000000080c00000| PB 0x0000000080c00000| Untracked |  0
|  13|0x0000000080d00000, 0x0000000080e00000, 0x0000000080e00000|100%| O|  |TAMS 0x0000000080d00000| PB 0x0000000080d00000| Untracked |  0
|  14|0x0000000080e00000, 0x0000000080f00000, 0x0000000080f00000|100%| O|  |TAMS 0x0000000080e00000| PB 0x0000000080e00000| Untracked |  0
|  15|0x0000000080f00000, 0x0000000081000000, 0x0000000081000000|100%| O|  |TAMS 0x0000000080f00000| PB 0x0000000080f00000| Untracked |  0
|  16|0x0000000081000000, 0x0000000081100000, 0x0000000081100000|100%| O|  |TAMS 0x0000000081000000| PB 0x0000000081000000| Untracked |  0
|  17|0x0000000081100000, 0x0000000081200000, 0x0000000081200000|100%| O|  |TAMS 0x0000000081100000| PB 0x0000000081100000| Untracked |  0
|  18|0x0000000081200000, 0x0000000081300000, 0x0000000081300000|100%| O|  |TAMS 0x0000000081200000| PB 0x0000000081200000| Untracked |  0
|  19|0x0000000081300000, 0x0000000081400000, 0x0000000081400000|100%| O|  |TAMS 0x0000000081300000| PB 0x0000000081300000| Untracked |  0
|  20|0x0000000081400000, 0x0000000081500000, 0x0000000081500000|100%| O|  |TAMS 0x0000000081400000| PB 0x0000000081400000| Untracked |  0
|  21|0x0000000081500000, 0x0000000081600000, 0x0000000081600000|100%|HS|  |TAMS 0x0000000081500000| PB 0x0000000081500000| Complete |  0
|  22|0x0000000081600000, 0x0000000081700000, 0x0000000081700000|100%|HS|  |TAMS 0x0000000081600000| PB 0x0000000081600000| Complete |  0
|  23|0x0000000081700000, 0x0000000081800000, 0x0000000081800000|100%|HS|  |TAMS 0x0000000081700000| PB 0x0000000081700000| Complete |  0
|  24|0x0000000081800000, 0x0000000081900000, 0x0000000081900000|100%|HS|  |TAMS 0x0000000081800000| PB 0x0000000081800000| Complete |  0
|  25|0x0000000081900000, 0x0000000081a00000, 0x0000000081a00000|100%|HC|  |TAMS 0x0000000081900000| PB 0x0000000081900000| Complete |  0
|  26|0x0000000081a00000, 0x0000000081b00000, 0x0000000081b00000|100%|HS|  |TAMS 0x0000000081a00000| PB 0x0000000081a00000| Complete |  0
|  27|0x0000000081b00000, 0x0000000081c00000, 0x0000000081c00000|100%|HS|  |TAMS 0x0000000081b00000| PB 0x0000000081b00000| Complete |  0
|  28|0x0000000081c00000, 0x0000000081d00000, 0x0000000081d00000|100%|HC|  |TAMS 0x0000000081c00000| PB 0x0000000081c00000| Complete |  0
|  29|0x0000000081d00000, 0x0000000081e00000, 0x0000000081e00000|100%| O|  |TAMS 0x0000000081d00000| PB 0x0000000081d00000| Untracked |  0
|  30|0x0000000081e00000, 0x0000000081f00000, 0x0000000081f00000|100%| O|  |TAMS 0x0000000081e00000| PB 0x0000000081e00000| Untracked |  0
|  31|0x0000000081f00000, 0x0000000082000000, 0x0000000082000000|100%| O|  |TAMS 0x0000000081f00000| PB 0x0000000081f00000| Untracked |  0
|  32|0x0000000082000000, 0x0000000082100000, 0x0000000082100000|100%| O|  |TAMS 0x0000000082000000| PB 0x0000000082000000| Untracked |  0
|  33|0x0000000082100000, 0x0000000082200000, 0x0000000082200000|100%| O|  |TAMS 0x0000000082100000| PB 0x0000000082100000| Untracked |  0
|  34|0x0000000082200000, 0x0000000082300000, 0x0000000082300000|100%| O|  |TAMS 0x0000000082200000| PB 0x0000000082200000| Untracked |  0
|  35|0x0000000082300000, 0x0000000082400000, 0x0000000082400000|100%| O|  |TAMS 0x0000000082300000| PB 0x0000000082300000| Untracked |  0
|  36|0x0000000082400000, 0x0000000082500000, 0x0000000082500000|100%| O|  |TAMS 0x0000000082400000| PB 0x0000000082400000| Untracked |  0
|  37|0x0000000082500000, 0x0000000082600000, 0x0000000082600000|100%| O|  |TAMS 0x0000000082500000| PB 0x0000000082500000| Untracked |  0
|  38|0x0000000082600000, 0x0000000082700000, 0x0000000082700000|100%|HS|  |TAMS 0x0000000082600000| PB 0x0000000082600000| Complete |  0
|  39|0x0000000082700000, 0x0000000082800000, 0x0000000082800000|100%|HS|  |TAMS 0x0000000082700000| PB 0x0000000082700000| Complete |  0
|  40|0x0000000082800000, 0x0000000082900000, 0x0000000082900000|100%| O|  |TAMS 0x0000000082800000| PB 0x0000000082800000| Untracked |  0
|  41|0x0000000082900000, 0x0000000082a00000, 0x0000000082a00000|100%| O|  |TAMS 0x0000000082900000| PB 0x0000000082900000| Untracked |  0
|  42|0x0000000082a00000, 0x0000000082b00000, 0x0000000082b00000|100%| O|  |TAMS 0x0000000082a00000| PB 0x0000000082a00000| Untracked |  0
|  43|0x0000000082b00000, 0x0000000082c00000, 0x0000000082c00000|100%| O|  |TAMS 0x0000000082b00000| PB 0x0000000082b00000| Untracked |  0
|  44|0x0000000082c00000, 0x0000000082d00000, 0x0000000082d00000|100%| O|  |TAMS 0x0000000082c00000| PB 0x0000000082c00000| Untracked |  0
|  45|0x0000000082d00000, 0x0000000082e00000, 0x0000000082e00000|100%| O|  |TAMS 0x0000000082d00000| PB 0x0000000082d00000| Untracked |  0
|  46|0x0000000082e00000, 0x0000000082f00000, 0x0000000082f00000|100%| O|  |TAMS 0x0000000082e00000| PB 0x0000000082e00000| Untracked |  0
|  47|0x0000000082f00000, 0x0000000083000000, 0x0000000083000000|100%| O|  |TAMS 0x0000000082f00000| PB 0x0000000082f00000| Untracked |  0
|  48|0x0000000083000000, 0x0000000083100000, 0x0000000083100000|100%| O|  |TAMS 0x0000000083000000| PB 0x0000000083000000| Untracked |  0
|  49|0x0000000083100000, 0x0000000083200000, 0x0000000083200000|100%| O|  |TAMS 0x0000000083100000| PB 0x0000000083100000| Untracked |  0
|  50|0x0000000083200000, 0x0000000083300000, 0x0000000083300000|100%| O|  |TAMS 0x0000000083200000| PB 0x0000000083200000| Untracked |  0
|  51|0x0000000083300000, 0x0000000083400000, 0x0000000083400000|100%| O|  |TAMS 0x0000000083300000| PB 0x0000000083300000| Untracked |  0
|  52|0x0000000083400000, 0x0000000083500000, 0x0000000083500000|100%| O|  |TAMS 0x0000000083400000| PB 0x0000000083400000| Untracked |  0
|  53|0x0000000083500000, 0x0000000083500000, 0x0000000083600000|  0%| F|  |TAMS 0x0000000083500000| PB 0x0000000083500000| Untracked |  0
|  54|0x0000000083600000, 0x0000000083700000, 0x0000000083700000|100%| O|  |TAMS 0x0000000083600000| PB 0x0000000083600000| Untracked |  0
|  55|0x0000000083700000, 0x0000000083800000, 0x0000000083800000|100%| O|  |TAMS 0x0000000083700000| PB 0x0000000083700000| Untracked |  0
|  56|0x0000000083800000, 0x0000000083900000, 0x0000000083900000|100%| O|  |TAMS 0x0000000083800000| PB 0x0000000083800000| Untracked |  0
|  57|0x0000000083900000, 0x0000000083900000, 0x0000000083a00000|  0%| F|  |TAMS 0x0000000083900000| PB 0x0000000083900000| Untracked |  0
|  58|0x0000000083a00000, 0x0000000083b00000, 0x0000000083b00000|100%| O|  |TAMS 0x0000000083a00000| PB 0x0000000083a00000| Untracked |  0
|  59|0x0000000083b00000, 0x0000000083c00000, 0x0000000083c00000|100%| O|  |TAMS 0x0000000083b00000| PB 0x0000000083b00000| Untracked |  0
|  60|0x0000000083c00000, 0x0000000083d00000, 0x0000000083d00000|100%| O|  |TAMS 0x0000000083c00000| PB 0x0000000083c00000| Untracked |  0
|  61|0x0000000083d00000, 0x0000000083e00000, 0x0000000083e00000|100%| O|  |TAMS 0x0000000083d00000| PB 0x0000000083d00000| Untracked |  0
|  62|0x0000000083e00000, 0x0000000083e00000, 0x0000000083f00000|  0%| F|  |TAMS 0x0000000083e00000| PB 0x0000000083e00000| Untracked |  0
|  63|0x0000000083f00000, 0x0000000084000000, 0x0000000084000000|100%| O|  |TAMS 0x0000000083f00000| PB 0x0000000083f00000| Untracked |  0
|  64|0x0000000084000000, 0x0000000084100000, 0x0000000084100000|100%| O|  |TAMS 0x0000000084000000| PB 0x0000000084000000| Untracked |  0
|  65|0x0000000084100000, 0x0000000084200000, 0x0000000084200000|100%| O|  |TAMS 0x0000000084100000| PB 0x0000000084100000| Untracked |  0
|  66|0x0000000084200000, 0x0000000084300000, 0x0000000084300000|100%| O|  |TAMS 0x0000000084200000| PB 0x0000000084200000| Untracked |  0
|  67|0x0000000084300000, 0x0000000084400000, 0x0000000084400000|100%| O|  |TAMS 0x0000000084300000| PB 0x0000000084300000| Untracked |  0
|  68|0x0000000084400000, 0x0000000084500000, 0x0000000084500000|100%| O|  |TAMS 0x0000000084400000| PB 0x0000000084400000| Untracked |  0
|  69|0x0000000084500000, 0x0000000084600000, 0x0000000084600000|100%| O|  |TAMS 0x0000000084500000| PB 0x0000000084500000| Untracked |  0
|  70|0x0000000084600000, 0x0000000084700000, 0x0000000084700000|100%| O|  |TAMS 0x0000000084600000| PB 0x0000000084600000| Untracked |  0
|  71|0x0000000084700000, 0x0000000084800000, 0x0000000084800000|100%|HS|  |TAMS 0x0000000084700000| PB 0x0000000084700000| Complete |  0
|  72|0x0000000084800000, 0x0000000084900000, 0x0000000084900000|100%|HC|  |TAMS 0x0000000084800000| PB 0x0000000084800000| Complete |  0
|  73|0x0000000084900000, 0x0000000084900000, 0x0000000084a00000|  0%| F|  |TAMS 0x0000000084900000| PB 0x0000000084900000| Untracked |  0
|  74|0x0000000084a00000, 0x0000000084b00000, 0x0000000084b00000|100%| O|Cm|TAMS 0x0000000084a00000| PB 0x0000000084a00000| Complete |  0
|  75|0x0000000084b00000, 0x0000000084c00000, 0x0000000084c00000|100%| O|Cm|TAMS 0x0000000084b00000| PB 0x0000000084b00000| Complete |  0
|  76|0x0000000084c00000, 0x0000000084d00000, 0x0000000084d00000|100%| O|  |TAMS 0x0000000084c00000| PB 0x0000000084c00000| Untracked |  0
|  77|0x0000000084d00000, 0x0000000084e00000, 0x0000000084e00000|100%| O|  |TAMS 0x0000000084d00000| PB 0x0000000084d00000| Untracked |  0
|  78|0x0000000084e00000, 0x0000000084f00000, 0x0000000084f00000|100%| O|  |TAMS 0x0000000084e00000| PB 0x0000000084e00000| Untracked |  0
|  79|0x0000000084f00000, 0x0000000085000000, 0x0000000085000000|100%| O|  |TAMS 0x0000000084f00000| PB 0x0000000084f00000| Untracked |  0
|  80|0x0000000085000000, 0x0000000085100000, 0x0000000085100000|100%| O|  |TAMS 0x0000000085000000| PB 0x0000000085000000| Untracked |  0
|  81|0x0000000085100000, 0x0000000085200000, 0x0000000085200000|100%| O|  |TAMS 0x0000000085100000| PB 0x0000000085100000| Untracked |  0
|  82|0x0000000085200000, 0x0000000085300000, 0x0000000085300000|100%| O|  |TAMS 0x0000000085200000| PB 0x0000000085200000| Untracked |  0
|  83|0x0000000085300000, 0x0000000085400000, 0x0000000085400000|100%| O|  |TAMS 0x0000000085300000| PB 0x0000000085300000| Untracked |  0
|  84|0x0000000085400000, 0x0000000085500000, 0x0000000085500000|100%| O|  |TAMS 0x0000000085400000| PB 0x0000000085400000| Untracked |  0
|  85|0x0000000085500000, 0x0000000085600000, 0x0000000085600000|100%| O|  |TAMS 0x0000000085500000| PB 0x0000000085500000| Untracked |  0
|  86|0x0000000085600000, 0x0000000085700000, 0x0000000085700000|100%| O|  |TAMS 0x0000000085600000| PB 0x0000000085600000| Untracked |  0
|  87|0x0000000085700000, 0x0000000085800000, 0x0000000085800000|100%|HS|  |TAMS 0x0000000085700000| PB 0x0000000085700000| Complete |  0
|  88|0x0000000085800000, 0x0000000085900000, 0x0000000085900000|100%|HC|  |TAMS 0x0000000085800000| PB 0x0000000085800000| Complete |  0
|  89|0x0000000085900000, 0x0000000085a00000, 0x0000000085a00000|100%|HC|  |TAMS 0x0000000085900000| PB 0x0000000085900000| Complete |  0
|  90|0x0000000085a00000, 0x0000000085b00000, 0x0000000085b00000|100%|HC|  |TAMS 0x0000000085a00000| PB 0x0000000085a00000| Complete |  0
|  91|0x0000000085b00000, 0x0000000085c00000, 0x0000000085c00000|100%|HC|  |TAMS 0x0000000085b00000| PB 0x0000000085b00000| Complete |  0
|  92|0x0000000085c00000, 0x0000000085d00000, 0x0000000085d00000|100%| O|  |TAMS 0x0000000085c00000| PB 0x0000000085c00000| Untracked |  0
|  93|0x0000000085d00000, 0x0000000085e00000, 0x0000000085e00000|100%| O|  |TAMS 0x0000000085d00000| PB 0x0000000085d00000| Untracked |  0
|  94|0x0000000085e00000, 0x0000000085f00000, 0x0000000085f00000|100%| O|  |TAMS 0x0000000085e00000| PB 0x0000000085e00000| Untracked |  0
|  95|0x0000000085f00000, 0x0000000086000000, 0x0000000086000000|100%| O|  |TAMS 0x0000000085f00000| PB 0x0000000085f00000| Untracked |  0
|  96|0x0000000086000000, 0x0000000086100000, 0x0000000086100000|100%| O|  |TAMS 0x0000000086000000| PB 0x0000000086000000| Untracked |  0
|  97|0x0000000086100000, 0x0000000086200000, 0x0000000086200000|100%| O|  |TAMS 0x0000000086100000| PB 0x0000000086100000| Untracked |  0
|  98|0x0000000086200000, 0x0000000086300000, 0x0000000086300000|100%| O|  |TAMS 0x0000000086200000| PB 0x0000000086200000| Untracked |  0
|  99|0x0000000086300000, 0x0000000086400000, 0x0000000086400000|100%| O|  |TAMS 0x0000000086300000| PB 0x0000000086300000| Untracked |  0
| 100|0x0000000086400000, 0x0000000086500000, 0x0000000086500000|100%| O|Cm|TAMS 0x0000000086400000| PB 0x0000000086400000| Complete |  0
| 101|0x0000000086500000, 0x0000000086600000, 0x0000000086600000|100%| O|Cm|TAMS 0x0000000086500000| PB 0x0000000086500000| Complete |  0
| 102|0x0000000086600000, 0x0000000086700000, 0x0000000086700000|100%|HS|  |TAMS 0x0000000086600000| PB 0x0000000086600000| Complete |  0
| 103|0x0000000086700000, 0x0000000086800000, 0x0000000086800000|100%|HC|  |TAMS 0x0000000086700000| PB 0x0000000086700000| Complete |  0
| 104|0x0000000086800000, 0x0000000086800000, 0x0000000086900000|  0%| F|  |TAMS 0x0000000086800000| PB 0x0000000086800000| Untracked |  0
| 105|0x0000000086900000, 0x0000000086900000, 0x0000000086a00000|  0%| F|  |TAMS 0x0000000086900000| PB 0x0000000086900000| Untracked |  0
| 106|0x0000000086a00000, 0x0000000086a00000, 0x0000000086b00000|  0%| F|  |TAMS 0x0000000086a00000| PB 0x0000000086a00000| Untracked |  0
| 107|0x0000000086b00000, 0x0000000086b00000, 0x0000000086c00000|  0%| F|  |TAMS 0x0000000086b00000| PB 0x0000000086b00000| Untracked |  0
| 108|0x0000000086c00000, 0x0000000086cddb60, 0x0000000086d00000| 86%| O|  |TAMS 0x0000000086c00000| PB 0x0000000086c00000| Untracked |  0
| 109|0x0000000086d00000, 0x0000000086e00000, 0x0000000086e00000|100%| O|  |TAMS 0x0000000086d00000| PB 0x0000000086d00000| Untracked |  0
| 110|0x0000000086e00000, 0x0000000086f00000, 0x0000000086f00000|100%|HS|  |TAMS 0x0000000086e00000| PB 0x0000000086e00000| Complete |  0
| 111|0x0000000086f00000, 0x0000000087000000, 0x0000000087000000|100%|HC|  |TAMS 0x0000000086f00000| PB 0x0000000086f00000| Complete |  0
| 112|0x0000000087000000, 0x0000000087000000, 0x0000000087100000|  0%| F|  |TAMS 0x0000000087000000| PB 0x0000000087000000| Untracked |  0
| 113|0x0000000087100000, 0x0000000087100000, 0x0000000087200000|  0%| F|  |TAMS 0x0000000087100000| PB 0x0000000087100000| Untracked |  0
| 114|0x0000000087200000, 0x0000000087200000, 0x0000000087300000|  0%| F|  |TAMS 0x0000000087200000| PB 0x0000000087200000| Untracked |  0
| 115|0x0000000087300000, 0x0000000087300000, 0x0000000087400000|  0%| F|  |TAMS 0x0000000087300000| PB 0x0000000087300000| Untracked |  0
| 116|0x0000000087400000, 0x0000000087400000, 0x0000000087500000|  0%| F|  |TAMS 0x0000000087400000| PB 0x0000000087400000| Untracked |  0
| 117|0x0000000087500000, 0x0000000087500000, 0x0000000087600000|  0%| F|  |TAMS 0x0000000087500000| PB 0x0000000087500000| Untracked |  0
| 118|0x0000000087600000, 0x0000000087600000, 0x0000000087700000|  0%| F|  |TAMS 0x0000000087600000| PB 0x0000000087600000| Untracked |  0
| 119|0x0000000087700000, 0x0000000087700000, 0x0000000087800000|  0%| F|  |TAMS 0x0000000087700000| PB 0x0000000087700000| Untracked |  0
| 120|0x0000000087800000, 0x0000000087800000, 0x0000000087900000|  0%| F|  |TAMS 0x0000000087800000| PB 0x0000000087800000| Untracked |  0
| 121|0x0000000087900000, 0x0000000087900000, 0x0000000087a00000|  0%| F|  |TAMS 0x0000000087900000| PB 0x0000000087900000| Untracked |  0
| 122|0x0000000087a00000, 0x0000000087a00000, 0x0000000087b00000|  0%| F|  |TAMS 0x0000000087a00000| PB 0x0000000087a00000| Untracked |  0
| 123|0x0000000087b00000, 0x0000000087b00000, 0x0000000087c00000|  0%| F|  |TAMS 0x0000000087b00000| PB 0x0000000087b00000| Untracked |  0
| 124|0x0000000087c00000, 0x0000000087c00000, 0x0000000087d00000|  0%| F|  |TAMS 0x0000000087c00000| PB 0x0000000087c00000| Untracked |  0
| 125|0x0000000087d00000, 0x0000000087d00000, 0x0000000087e00000|  0%| F|  |TAMS 0x0000000087d00000| PB 0x0000000087d00000| Untracked |  0
| 126|0x0000000087e00000, 0x0000000087e00000, 0x0000000087f00000|  0%| F|  |TAMS 0x0000000087e00000| PB 0x0000000087e00000| Untracked |  0
| 127|0x0000000087f00000, 0x0000000087f00000, 0x0000000088000000|  0%| F|  |TAMS 0x0000000087f00000| PB 0x0000000087f00000| Untracked |  0
| 128|0x0000000088000000, 0x0000000088000000, 0x0000000088100000|  0%| F|  |TAMS 0x0000000088000000| PB 0x0000000088000000| Untracked |  0
| 129|0x0000000088100000, 0x0000000088100000, 0x0000000088200000|  0%| F|  |TAMS 0x0000000088100000| PB 0x0000000088100000| Untracked |  0
| 130|0x0000000088200000, 0x0000000088200000, 0x0000000088300000|  0%| F|  |TAMS 0x0000000088200000| PB 0x0000000088200000| Untracked |  0
| 131|0x0000000088300000, 0x0000000088300000, 0x0000000088400000|  0%| F|  |TAMS 0x0000000088300000| PB 0x0000000088300000| Untracked |  0
| 132|0x0000000088400000, 0x0000000088400000, 0x0000000088500000|  0%| F|  |TAMS 0x0000000088400000| PB 0x0000000088400000| Untracked |  0
| 133|0x0000000088500000, 0x0000000088500000, 0x0000000088600000|  0%| F|  |TAMS 0x0000000088500000| PB 0x0000000088500000| Untracked |  0
| 134|0x0000000088600000, 0x0000000088600000, 0x0000000088700000|  0%| F|  |TAMS 0x0000000088600000| PB 0x0000000088600000| Untracked |  0
| 135|0x0000000088700000, 0x0000000088700000, 0x0000000088800000|  0%| F|  |TAMS 0x0000000088700000| PB 0x0000000088700000| Untracked |  0
| 136|0x0000000088800000, 0x0000000088800000, 0x0000000088900000|  0%| F|  |TAMS 0x0000000088800000| PB 0x0000000088800000| Untracked |  0
| 137|0x0000000088900000, 0x0000000088900000, 0x0000000088a00000|  0%| F|  |TAMS 0x0000000088900000| PB 0x0000000088900000| Untracked |  0
| 138|0x0000000088a00000, 0x0000000088a00000, 0x0000000088b00000|  0%| F|  |TAMS 0x0000000088a00000| PB 0x0000000088a00000| Untracked |  0
| 139|0x0000000088b00000, 0x0000000088b00000, 0x0000000088c00000|  0%| F|  |TAMS 0x0000000088b00000| PB 0x0000000088b00000| Untracked |  0
| 140|0x0000000088c00000, 0x0000000088c00000, 0x0000000088d00000|  0%| F|  |TAMS 0x0000000088c00000| PB 0x0000000088c00000| Untracked |  0
| 141|0x0000000088d00000, 0x0000000088d00000, 0x0000000088e00000|  0%| F|  |TAMS 0x0000000088d00000| PB 0x0000000088d00000| Untracked |  0
| 142|0x0000000088e00000, 0x0000000088e00000, 0x0000000088f00000|  0%| F|  |TAMS 0x0000000088e00000| PB 0x0000000088e00000| Untracked |  0
| 143|0x0000000088f00000, 0x0000000088f00000, 0x0000000089000000|  0%| F|  |TAMS 0x0000000088f00000| PB 0x0000000088f00000| Untracked |  0
| 144|0x0000000089000000, 0x0000000089000000, 0x0000000089100000|  0%| F|  |TAMS 0x0000000089000000| PB 0x0000000089000000| Untracked |  0
| 145|0x0000000089100000, 0x0000000089100000, 0x0000000089200000|  0%| F|  |TAMS 0x0000000089100000| PB 0x0000000089100000| Untracked |  0
| 146|0x0000000089200000, 0x0000000089200000, 0x0000000089300000|  0%| F|  |TAMS 0x0000000089200000| PB 0x0000000089200000| Untracked |  0
| 147|0x0000000089300000, 0x0000000089300000, 0x0000000089400000|  0%| F|  |TAMS 0x0000000089300000| PB 0x0000000089300000| Untracked |  0
| 148|0x0000000089400000, 0x0000000089400000, 0x0000000089500000|  0%| F|  |TAMS 0x0000000089400000| PB 0x0000000089400000| Untracked |  0
| 149|0x0000000089500000, 0x0000000089500000, 0x0000000089600000|  0%| F|  |TAMS 0x0000000089500000| PB 0x0000000089500000| Untracked |  0
| 150|0x0000000089600000, 0x0000000089600000, 0x0000000089700000|  0%| F|  |TAMS 0x0000000089600000| PB 0x0000000089600000| Untracked |  0
| 151|0x0000000089700000, 0x0000000089700000, 0x0000000089800000|  0%| F|  |TAMS 0x0000000089700000| PB 0x0000000089700000| Untracked |  0
| 152|0x0000000089800000, 0x0000000089800000, 0x0000000089900000|  0%| F|  |TAMS 0x0000000089800000| PB 0x0000000089800000| Untracked |  0
| 153|0x0000000089900000, 0x0000000089900000, 0x0000000089a00000|  0%| F|  |TAMS 0x0000000089900000| PB 0x0000000089900000| Untracked |  0
| 154|0x0000000089a00000, 0x0000000089a00000, 0x0000000089b00000|  0%| F|  |TAMS 0x0000000089a00000| PB 0x0000000089a00000| Untracked |  0
| 155|0x0000000089b00000, 0x0000000089b00000, 0x0000000089c00000|  0%| F|  |TAMS 0x0000000089b00000| PB 0x0000000089b00000| Untracked |  0
| 156|0x0000000089c00000, 0x0000000089c00000, 0x0000000089d00000|  0%| F|  |TAMS 0x0000000089c00000| PB 0x0000000089c00000| Untracked |  0
| 157|0x0000000089d00000, 0x0000000089d00000, 0x0000000089e00000|  0%| F|  |TAMS 0x0000000089d00000| PB 0x0000000089d00000| Untracked |  0
| 158|0x0000000089e00000, 0x0000000089e00000, 0x0000000089f00000|  0%| F|  |TAMS 0x0000000089e00000| PB 0x0000000089e00000| Untracked |  0
| 159|0x0000000089f00000, 0x0000000089f00000, 0x000000008a000000|  0%| F|  |TAMS 0x0000000089f00000| PB 0x0000000089f00000| Untracked |  0
| 160|0x000000008a000000, 0x000000008a000000, 0x000000008a100000|  0%| F|  |TAMS 0x000000008a000000| PB 0x000000008a000000| Untracked |  0
| 161|0x000000008a100000, 0x000000008a100000, 0x000000008a200000|  0%| F|  |TAMS 0x000000008a100000| PB 0x000000008a100000| Untracked |  0
| 162|0x000000008a200000, 0x000000008a200000, 0x000000008a300000|  0%| F|  |TAMS 0x000000008a200000| PB 0x000000008a200000| Untracked |  0
| 163|0x000000008a300000, 0x000000008a300000, 0x000000008a400000|  0%| F|  |TAMS 0x000000008a300000| PB 0x000000008a300000| Untracked |  0
| 164|0x000000008a400000, 0x000000008a400000, 0x000000008a500000|  0%| F|  |TAMS 0x000000008a400000| PB 0x000000008a400000| Untracked |  0
| 165|0x000000008a500000, 0x000000008a500000, 0x000000008a600000|  0%| F|  |TAMS 0x000000008a500000| PB 0x000000008a500000| Untracked |  0
| 166|0x000000008a600000, 0x000000008a600000, 0x000000008a700000|  0%| F|  |TAMS 0x000000008a600000| PB 0x000000008a600000| Untracked |  0
| 167|0x000000008a700000, 0x000000008a700000, 0x000000008a800000|  0%| F|  |TAMS 0x000000008a700000| PB 0x000000008a700000| Untracked |  0
| 168|0x000000008a800000, 0x000000008a800000, 0x000000008a900000|  0%| F|  |TAMS 0x000000008a800000| PB 0x000000008a800000| Untracked |  0
| 169|0x000000008a900000, 0x000000008a900000, 0x000000008aa00000|  0%| F|  |TAMS 0x000000008a900000| PB 0x000000008a900000| Untracked |  0
| 170|0x000000008aa00000, 0x000000008aa00000, 0x000000008ab00000|  0%| F|  |TAMS 0x000000008aa00000| PB 0x000000008aa00000| Untracked |  0
| 171|0x000000008ab00000, 0x000000008ab00000, 0x000000008ac00000|  0%| F|  |TAMS 0x000000008ab00000| PB 0x000000008ab00000| Untracked |  0
| 172|0x000000008ac00000, 0x000000008ac00000, 0x000000008ad00000|  0%| F|  |TAMS 0x000000008ac00000| PB 0x000000008ac00000| Untracked |  0
| 173|0x000000008ad00000, 0x000000008ad00000, 0x000000008ae00000|  0%| F|  |TAMS 0x000000008ad00000| PB 0x000000008ad00000| Untracked |  0
| 174|0x000000008ae00000, 0x000000008ae00000, 0x000000008af00000|  0%| F|  |TAMS 0x000000008ae00000| PB 0x000000008ae00000| Untracked |  0
| 175|0x000000008af00000, 0x000000008af00000, 0x000000008b000000|  0%| F|  |TAMS 0x000000008af00000| PB 0x000000008af00000| Untracked |  0
| 176|0x000000008b000000, 0x000000008b000000, 0x000000008b100000|  0%| F|  |TAMS 0x000000008b000000| PB 0x000000008b000000| Untracked |  0
| 177|0x000000008b100000, 0x000000008b100000, 0x000000008b200000|  0%| F|  |TAMS 0x000000008b100000| PB 0x000000008b100000| Untracked |  0
| 178|0x000000008b200000, 0x000000008b200000, 0x000000008b300000|  0%| F|  |TAMS 0x000000008b200000| PB 0x000000008b200000| Untracked |  0
| 179|0x000000008b300000, 0x000000008b300000, 0x000000008b400000|  0%| F|  |TAMS 0x000000008b300000| PB 0x000000008b300000| Untracked |  0
| 180|0x000000008b400000, 0x000000008b400000, 0x000000008b500000|  0%| F|  |TAMS 0x000000008b400000| PB 0x000000008b400000| Untracked |  0
| 181|0x000000008b500000, 0x000000008b500000, 0x000000008b600000|  0%| F|  |TAMS 0x000000008b500000| PB 0x000000008b500000| Untracked |  0
| 182|0x000000008b600000, 0x000000008b600000, 0x000000008b700000|  0%| F|  |TAMS 0x000000008b600000| PB 0x000000008b600000| Untracked |  0
| 183|0x000000008b700000, 0x000000008b700000, 0x000000008b800000|  0%| F|  |TAMS 0x000000008b700000| PB 0x000000008b700000| Untracked |  0
| 184|0x000000008b800000, 0x000000008b800000, 0x000000008b900000|  0%| F|  |TAMS 0x000000008b800000| PB 0x000000008b800000| Untracked |  0
| 185|0x000000008b900000, 0x000000008b900000, 0x000000008ba00000|  0%| F|  |TAMS 0x000000008b900000| PB 0x000000008b900000| Untracked |  0
| 186|0x000000008ba00000, 0x000000008ba00000, 0x000000008bb00000|  0%| F|  |TAMS 0x000000008ba00000| PB 0x000000008ba00000| Untracked |  0
| 187|0x000000008bb00000, 0x000000008bb00000, 0x000000008bc00000|  0%| F|  |TAMS 0x000000008bb00000| PB 0x000000008bb00000| Untracked |  0
| 188|0x000000008bc00000, 0x000000008bc00000, 0x000000008bd00000|  0%| F|  |TAMS 0x000000008bc00000| PB 0x000000008bc00000| Untracked |  0
| 189|0x000000008bd00000, 0x000000008bd00000, 0x000000008be00000|  0%| F|  |TAMS 0x000000008bd00000| PB 0x000000008bd00000| Untracked |  0
| 190|0x000000008be00000, 0x000000008be00000, 0x000000008bf00000|  0%| F|  |TAMS 0x000000008be00000| PB 0x000000008be00000| Untracked |  0
| 191|0x000000008bf00000, 0x000000008bf00000, 0x000000008c000000|  0%| F|  |TAMS 0x000000008bf00000| PB 0x000000008bf00000| Untracked |  0
| 192|0x000000008c000000, 0x000000008c000000, 0x000000008c100000|  0%| F|  |TAMS 0x000000008c000000| PB 0x000000008c000000| Untracked |  0
| 193|0x000000008c100000, 0x000000008c100000, 0x000000008c200000|  0%| F|  |TAMS 0x000000008c100000| PB 0x000000008c100000| Untracked |  0
| 194|0x000000008c200000, 0x000000008c200000, 0x000000008c300000|  0%| F|  |TAMS 0x000000008c200000| PB 0x000000008c200000| Untracked |  0
| 195|0x000000008c300000, 0x000000008c300000, 0x000000008c400000|  0%| F|  |TAMS 0x000000008c300000| PB 0x000000008c300000| Untracked |  0
| 196|0x000000008c400000, 0x000000008c400000, 0x000000008c500000|  0%| F|  |TAMS 0x000000008c400000| PB 0x000000008c400000| Untracked |  0
| 197|0x000000008c500000, 0x000000008c500000, 0x000000008c600000|  0%| F|  |TAMS 0x000000008c500000| PB 0x000000008c500000| Untracked |  0
| 198|0x000000008c600000, 0x000000008c600000, 0x000000008c700000|  0%| F|  |TAMS 0x000000008c600000| PB 0x000000008c600000| Untracked |  0
| 199|0x000000008c700000, 0x000000008c700000, 0x000000008c800000|  0%| F|  |TAMS 0x000000008c700000| PB 0x000000008c700000| Untracked |  0
| 200|0x000000008c800000, 0x000000008c800000, 0x000000008c900000|  0%| F|  |TAMS 0x000000008c800000| PB 0x000000008c800000| Untracked |  0
| 201|0x000000008c900000, 0x000000008c900000, 0x000000008ca00000|  0%| F|  |TAMS 0x000000008c900000| PB 0x000000008c900000| Untracked |  0
| 202|0x000000008ca00000, 0x000000008ca00000, 0x000000008cb00000|  0%| F|  |TAMS 0x000000008ca00000| PB 0x000000008ca00000| Untracked |  0
| 203|0x000000008cb00000, 0x000000008cb00000, 0x000000008cc00000|  0%| F|  |TAMS 0x000000008cb00000| PB 0x000000008cb00000| Untracked |  0
| 204|0x000000008cc00000, 0x000000008cc00000, 0x000000008cd00000|  0%| F|  |TAMS 0x000000008cc00000| PB 0x000000008cc00000| Untracked |  0
| 205|0x000000008cd00000, 0x000000008cd00000, 0x000000008ce00000|  0%| F|  |TAMS 0x000000008cd00000| PB 0x000000008cd00000| Untracked |  0
| 206|0x000000008ce00000, 0x000000008ce00000, 0x000000008cf00000|  0%| F|  |TAMS 0x000000008ce00000| PB 0x000000008ce00000| Untracked |  0
| 207|0x000000008cf00000, 0x000000008cf00000, 0x000000008d000000|  0%| F|  |TAMS 0x000000008cf00000| PB 0x000000008cf00000| Untracked |  0
| 208|0x000000008d000000, 0x000000008d000000, 0x000000008d100000|  0%| F|  |TAMS 0x000000008d000000| PB 0x000000008d000000| Untracked |  0
| 209|0x000000008d100000, 0x000000008d100000, 0x000000008d200000|  0%| F|  |TAMS 0x000000008d100000| PB 0x000000008d100000| Untracked |  0
| 210|0x000000008d200000, 0x000000008d200000, 0x000000008d300000|  0%| F|  |TAMS 0x000000008d200000| PB 0x000000008d200000| Untracked |  0
| 211|0x000000008d300000, 0x000000008d300000, 0x000000008d400000|  0%| F|  |TAMS 0x000000008d300000| PB 0x000000008d300000| Untracked |  0
| 212|0x000000008d400000, 0x000000008d400000, 0x000000008d500000|  0%| F|  |TAMS 0x000000008d400000| PB 0x000000008d400000| Untracked |  0
| 213|0x000000008d500000, 0x000000008d500000, 0x000000008d600000|  0%| F|  |TAMS 0x000000008d500000| PB 0x000000008d500000| Untracked |  0
| 214|0x000000008d600000, 0x000000008d600000, 0x000000008d700000|  0%| F|  |TAMS 0x000000008d600000| PB 0x000000008d600000| Untracked |  0
| 215|0x000000008d700000, 0x000000008d700000, 0x000000008d800000|  0%| F|  |TAMS 0x000000008d700000| PB 0x000000008d700000| Untracked |  0
| 216|0x000000008d800000, 0x000000008d800000, 0x000000008d900000|  0%| F|  |TAMS 0x000000008d800000| PB 0x000000008d800000| Untracked |  0
| 217|0x000000008d900000, 0x000000008d900000, 0x000000008da00000|  0%| F|  |TAMS 0x000000008d900000| PB 0x000000008d900000| Untracked |  0
| 218|0x000000008da00000, 0x000000008da00000, 0x000000008db00000|  0%| F|  |TAMS 0x000000008da00000| PB 0x000000008da00000| Untracked |  0
| 219|0x000000008db00000, 0x000000008db00000, 0x000000008dc00000|  0%| F|  |TAMS 0x000000008db00000| PB 0x000000008db00000| Untracked |  0
| 220|0x000000008dc00000, 0x000000008dc00000, 0x000000008dd00000|  0%| F|  |TAMS 0x000000008dc00000| PB 0x000000008dc00000| Untracked |  0
| 221|0x000000008dd00000, 0x000000008dd00000, 0x000000008de00000|  0%| F|  |TAMS 0x000000008dd00000| PB 0x000000008dd00000| Untracked |  0
| 222|0x000000008de00000, 0x000000008de00000, 0x000000008df00000|  0%| F|  |TAMS 0x000000008de00000| PB 0x000000008de00000| Untracked |  0
| 223|0x000000008df00000, 0x000000008df00000, 0x000000008e000000|  0%| F|  |TAMS 0x000000008df00000| PB 0x000000008df00000| Untracked |  0
| 224|0x000000008e000000, 0x000000008e000000, 0x000000008e100000|  0%| F|  |TAMS 0x000000008e000000| PB 0x000000008e000000| Untracked |  0
| 225|0x000000008e100000, 0x000000008e100000, 0x000000008e200000|  0%| F|  |TAMS 0x000000008e100000| PB 0x000000008e100000| Untracked |  0
| 226|0x000000008e200000, 0x000000008e200000, 0x000000008e300000|  0%| F|  |TAMS 0x000000008e200000| PB 0x000000008e200000| Untracked |  0
| 227|0x000000008e300000, 0x000000008e300000, 0x000000008e400000|  0%| F|  |TAMS 0x000000008e300000| PB 0x000000008e300000| Untracked |  0
| 228|0x000000008e400000, 0x000000008e400000, 0x000000008e500000|  0%| F|  |TAMS 0x000000008e400000| PB 0x000000008e400000| Untracked |  0
| 229|0x000000008e500000, 0x000000008e500000, 0x000000008e600000|  0%| F|  |TAMS 0x000000008e500000| PB 0x000000008e500000| Untracked |  0
| 230|0x000000008e600000, 0x000000008e600000, 0x000000008e700000|  0%| F|  |TAMS 0x000000008e600000| PB 0x000000008e600000| Untracked |  0
| 231|0x000000008e700000, 0x000000008e700000, 0x000000008e800000|  0%| F|  |TAMS 0x000000008e700000| PB 0x000000008e700000| Untracked |  0
| 232|0x000000008e800000, 0x000000008e800000, 0x000000008e900000|  0%| F|  |TAMS 0x000000008e800000| PB 0x000000008e800000| Untracked |  0
| 233|0x000000008e900000, 0x000000008e900000, 0x000000008ea00000|  0%| F|  |TAMS 0x000000008e900000| PB 0x000000008e900000| Untracked |  0
| 234|0x000000008ea00000, 0x000000008ea00000, 0x000000008eb00000|  0%| F|  |TAMS 0x000000008ea00000| PB 0x000000008ea00000| Untracked |  0
| 235|0x000000008eb00000, 0x000000008eb00000, 0x000000008ec00000|  0%| F|  |TAMS 0x000000008eb00000| PB 0x000000008eb00000| Untracked |  0
| 236|0x000000008ec00000, 0x000000008ec00000, 0x000000008ed00000|  0%| F|  |TAMS 0x000000008ec00000| PB 0x000000008ec00000| Untracked |  0
| 237|0x000000008ed00000, 0x000000008ed00000, 0x000000008ee00000|  0%| F|  |TAMS 0x000000008ed00000| PB 0x000000008ed00000| Untracked |  0
| 238|0x000000008ee00000, 0x000000008ee00000, 0x000000008ef00000|  0%| F|  |TAMS 0x000000008ee00000| PB 0x000000008ee00000| Untracked |  0
| 239|0x000000008ef00000, 0x000000008ef00000, 0x000000008f000000|  0%| F|  |TAMS 0x000000008ef00000| PB 0x000000008ef00000| Untracked |  0
| 240|0x000000008f000000, 0x000000008f000000, 0x000000008f100000|  0%| F|  |TAMS 0x000000008f000000| PB 0x000000008f000000| Untracked |  0
| 241|0x000000008f100000, 0x000000008f100000, 0x000000008f200000|  0%| F|  |TAMS 0x000000008f100000| PB 0x000000008f100000| Untracked |  0
| 242|0x000000008f200000, 0x000000008f200000, 0x000000008f300000|  0%| F|  |TAMS 0x000000008f200000| PB 0x000000008f200000| Untracked |  0
| 243|0x000000008f300000, 0x000000008f300000, 0x000000008f400000|  0%| F|  |TAMS 0x000000008f300000| PB 0x000000008f300000| Untracked |  0
| 244|0x000000008f400000, 0x000000008f400000, 0x000000008f500000|  0%| F|  |TAMS 0x000000008f400000| PB 0x000000008f400000| Untracked |  0
| 245|0x000000008f500000, 0x000000008f500000, 0x000000008f600000|  0%| F|  |TAMS 0x000000008f500000| PB 0x000000008f500000| Untracked |  0
| 246|0x000000008f600000, 0x000000008f661de0, 0x000000008f700000| 38%| E|  |TAMS 0x000000008f600000| PB 0x000000008f600000| Complete |  0
| 247|0x000000008f700000, 0x000000008f800000, 0x000000008f800000|100%| E|CS|TAMS 0x000000008f700000| PB 0x000000008f700000| Complete |  0
| 248|0x000000008f800000, 0x000000008f900000, 0x000000008f900000|100%| E|CS|TAMS 0x000000008f800000| PB 0x000000008f800000| Complete |  0
| 249|0x000000008f900000, 0x000000008fa00000, 0x000000008fa00000|100%| E|CS|TAMS 0x000000008f900000| PB 0x000000008f900000| Complete |  0
| 250|0x000000008fa00000, 0x000000008fb00000, 0x000000008fb00000|100%| E|CS|TAMS 0x000000008fa00000| PB 0x000000008fa00000| Complete |  0
| 251|0x000000008fb00000, 0x000000008fc00000, 0x000000008fc00000|100%| E|  |TAMS 0x000000008fb00000| PB 0x000000008fb00000| Complete |  0
| 252|0x000000008fc00000, 0x000000008fd00000, 0x000000008fd00000|100%| E|CS|TAMS 0x000000008fc00000| PB 0x000000008fc00000| Complete |  0
| 253|0x000000008fd00000, 0x000000008fe00000, 0x000000008fe00000|100%| E|CS|TAMS 0x000000008fd00000| PB 0x000000008fd00000| Complete |  0
| 254|0x000000008fe00000, 0x000000008ff00000, 0x000000008ff00000|100%| E|CS|TAMS 0x000000008fe00000| PB 0x000000008fe00000| Complete |  0
| 255|0x000000008ff00000, 0x0000000090000000, 0x0000000090000000|100%| E|CS|TAMS 0x000000008ff00000| PB 0x000000008ff00000| Complete |  0
| 256|0x0000000090000000, 0x0000000090100000, 0x0000000090100000|100%| E|CS|TAMS 0x0000000090000000| PB 0x0000000090000000| Complete |  0
| 257|0x0000000090100000, 0x0000000090200000, 0x0000000090200000|100%| E|CS|TAMS 0x0000000090100000| PB 0x0000000090100000| Complete |  0
| 258|0x0000000090200000, 0x0000000090300000, 0x0000000090300000|100%| E|CS|TAMS 0x0000000090200000| PB 0x0000000090200000| Complete |  0
| 259|0x0000000090300000, 0x0000000090400000, 0x0000000090400000|100%| E|CS|TAMS 0x0000000090300000| PB 0x0000000090300000| Complete |  0
| 260|0x0000000090400000, 0x0000000090500000, 0x0000000090500000|100%| E|CS|TAMS 0x0000000090400000| PB 0x0000000090400000| Complete |  0
| 261|0x0000000090500000, 0x0000000090600000, 0x0000000090600000|100%| E|CS|TAMS 0x0000000090500000| PB 0x0000000090500000| Complete |  0
| 262|0x0000000090600000, 0x0000000090700000, 0x0000000090700000|100%| E|CS|TAMS 0x0000000090600000| PB 0x0000000090600000| Complete |  0
| 263|0x0000000090700000, 0x0000000090800000, 0x0000000090800000|100%| E|CS|TAMS 0x0000000090700000| PB 0x0000000090700000| Complete |  0
| 264|0x0000000090800000, 0x0000000090900000, 0x0000000090900000|100%| E|CS|TAMS 0x0000000090800000| PB 0x0000000090800000| Complete |  0
| 265|0x0000000090900000, 0x0000000090a00000, 0x0000000090a00000|100%| E|CS|TAMS 0x0000000090900000| PB 0x0000000090900000| Complete |  0
| 266|0x0000000090a00000, 0x0000000090b00000, 0x0000000090b00000|100%| E|CS|TAMS 0x0000000090a00000| PB 0x0000000090a00000| Complete |  0
| 267|0x0000000090b00000, 0x0000000090c00000, 0x0000000090c00000|100%| E|CS|TAMS 0x0000000090b00000| PB 0x0000000090b00000| Complete |  0
| 268|0x0000000090c00000, 0x0000000090d00000, 0x0000000090d00000|100%| E|CS|TAMS 0x0000000090c00000| PB 0x0000000090c00000| Complete |  0
| 269|0x0000000090d00000, 0x0000000090e00000, 0x0000000090e00000|100%| E|CS|TAMS 0x0000000090d00000| PB 0x0000000090d00000| Complete |  0
| 270|0x0000000090e00000, 0x0000000090f00000, 0x0000000090f00000|100%| E|CS|TAMS 0x0000000090e00000| PB 0x0000000090e00000| Complete |  0
| 271|0x0000000090f00000, 0x0000000091000000, 0x0000000091000000|100%| E|CS|TAMS 0x0000000090f00000| PB 0x0000000090f00000| Complete |  0
| 272|0x0000000091000000, 0x0000000091100000, 0x0000000091100000|100%| E|CS|TAMS 0x0000000091000000| PB 0x0000000091000000| Complete |  0
| 273|0x0000000091100000, 0x0000000091200000, 0x0000000091200000|100%| E|CS|TAMS 0x0000000091100000| PB 0x0000000091100000| Complete |  0
| 274|0x0000000091200000, 0x0000000091300000, 0x0000000091300000|100%| S|CS|TAMS 0x0000000091200000| PB 0x0000000091200000| Complete |  0
| 275|0x0000000091300000, 0x0000000091400000, 0x0000000091400000|100%| S|CS|TAMS 0x0000000091300000| PB 0x0000000091300000| Complete |  0
| 276|0x0000000091400000, 0x0000000091500000, 0x0000000091500000|100%| S|CS|TAMS 0x0000000091400000| PB 0x0000000091400000| Complete |  0
| 277|0x0000000091500000, 0x0000000091600000, 0x0000000091600000|100%| S|CS|TAMS 0x0000000091500000| PB 0x0000000091500000| Complete |  0
| 278|0x0000000091600000, 0x0000000091700000, 0x0000000091700000|100%| S|CS|TAMS 0x0000000091600000| PB 0x0000000091600000| Complete |  0
| 279|0x0000000091700000, 0x0000000091800000, 0x0000000091800000|100%| S|CS|TAMS 0x0000000091700000| PB 0x0000000091700000| Complete |  0
| 280|0x0000000091800000, 0x0000000091900000, 0x0000000091900000|100%| S|CS|TAMS 0x0000000091800000| PB 0x0000000091800000| Complete |  0
| 281|0x0000000091900000, 0x0000000091a00000, 0x0000000091a00000|100%| S|CS|TAMS 0x0000000091900000| PB 0x0000000091900000| Complete |  0
| 282|0x0000000091a00000, 0x0000000091b00000, 0x0000000091b00000|100%| S|CS|TAMS 0x0000000091a00000| PB 0x0000000091a00000| Complete |  0
| 283|0x0000000091b00000, 0x0000000091c00000, 0x0000000091c00000|100%| S|CS|TAMS 0x0000000091b00000| PB 0x0000000091b00000| Complete |  0
| 284|0x0000000091c00000, 0x0000000091d00000, 0x0000000091d00000|100%| S|CS|TAMS 0x0000000091c00000| PB 0x0000000091c00000| Complete |  0
| 285|0x0000000091d00000, 0x0000000091e00000, 0x0000000091e00000|100%| S|CS|TAMS 0x0000000091d00000| PB 0x0000000091d00000| Complete |  0
| 286|0x0000000091e00000, 0x0000000091f00000, 0x0000000091f00000|100%| S|CS|TAMS 0x0000000091e00000| PB 0x0000000091e00000| Complete |  0
| 287|0x0000000091f00000, 0x0000000092000000, 0x0000000092000000|100%| S|CS|TAMS 0x0000000091f00000| PB 0x0000000091f00000| Complete |  0
| 288|0x0000000092000000, 0x0000000092100000, 0x0000000092100000|100%| S|CS|TAMS 0x0000000092000000| PB 0x0000000092000000| Complete |  0
| 289|0x0000000092100000, 0x0000000092200000, 0x0000000092200000|100%| E|CS|TAMS 0x0000000092100000| PB 0x0000000092100000| Complete |  0
| 290|0x0000000092200000, 0x0000000092300000, 0x0000000092300000|100%| E|CS|TAMS 0x0000000092200000| PB 0x0000000092200000| Complete |  0
| 291|0x0000000092300000, 0x0000000092400000, 0x0000000092400000|100%| E|CS|TAMS 0x0000000092300000| PB 0x0000000092300000| Complete |  0
| 292|0x0000000092400000, 0x0000000092500000, 0x0000000092500000|100%| E|CS|TAMS 0x0000000092400000| PB 0x0000000092400000| Complete |  0
| 293|0x0000000092500000, 0x0000000092600000, 0x0000000092600000|100%| E|CS|TAMS 0x0000000092500000| PB 0x0000000092500000| Complete |  0
| 294|0x0000000092600000, 0x0000000092700000, 0x0000000092700000|100%| E|CS|TAMS 0x0000000092600000| PB 0x0000000092600000| Complete |  0
| 295|0x0000000092700000, 0x0000000092800000, 0x0000000092800000|100%| E|CS|TAMS 0x0000000092700000| PB 0x0000000092700000| Complete |  0
| 296|0x0000000092800000, 0x0000000092900000, 0x0000000092900000|100%| E|CS|TAMS 0x0000000092800000| PB 0x0000000092800000| Complete |  0
| 297|0x0000000092900000, 0x0000000092a00000, 0x0000000092a00000|100%| E|CS|TAMS 0x0000000092900000| PB 0x0000000092900000| Complete |  0
| 298|0x0000000092a00000, 0x0000000092b00000, 0x0000000092b00000|100%| E|CS|TAMS 0x0000000092a00000| PB 0x0000000092a00000| Complete |  0
| 299|0x0000000092b00000, 0x0000000092c00000, 0x0000000092c00000|100%| E|CS|TAMS 0x0000000092b00000| PB 0x0000000092b00000| Complete |  0
| 300|0x0000000092c00000, 0x0000000092d00000, 0x0000000092d00000|100%| E|CS|TAMS 0x0000000092c00000| PB 0x0000000092c00000| Complete |  0
| 301|0x0000000092d00000, 0x0000000092e00000, 0x0000000092e00000|100%| E|CS|TAMS 0x0000000092d00000| PB 0x0000000092d00000| Complete |  0
| 302|0x0000000092e00000, 0x0000000092f00000, 0x0000000092f00000|100%| E|CS|TAMS 0x0000000092e00000| PB 0x0000000092e00000| Complete |  0
| 303|0x0000000092f00000, 0x0000000093000000, 0x0000000093000000|100%| E|CS|TAMS 0x0000000092f00000| PB 0x0000000092f00000| Complete |  0
| 304|0x0000000093000000, 0x0000000093100000, 0x0000000093100000|100%| E|CS|TAMS 0x0000000093000000| PB 0x0000000093000000| Complete |  0
| 305|0x0000000093100000, 0x0000000093200000, 0x0000000093200000|100%| E|CS|TAMS 0x0000000093100000| PB 0x0000000093100000| Complete |  0
| 306|0x0000000093200000, 0x0000000093300000, 0x0000000093300000|100%| E|CS|TAMS 0x0000000093200000| PB 0x0000000093200000| Complete |  0
| 307|0x0000000093300000, 0x0000000093400000, 0x0000000093400000|100%| E|CS|TAMS 0x0000000093300000| PB 0x0000000093300000| Complete |  0
| 308|0x0000000093400000, 0x0000000093500000, 0x0000000093500000|100%| E|CS|TAMS 0x0000000093400000| PB 0x0000000093400000| Complete |  0
| 309|0x0000000093500000, 0x0000000093600000, 0x0000000093600000|100%| E|CS|TAMS 0x0000000093500000| PB 0x0000000093500000| Complete |  0
| 310|0x0000000093600000, 0x0000000093700000, 0x0000000093700000|100%| E|CS|TAMS 0x0000000093600000| PB 0x0000000093600000| Complete |  0
| 311|0x0000000093700000, 0x0000000093800000, 0x0000000093800000|100%| E|CS|TAMS 0x0000000093700000| PB 0x0000000093700000| Complete |  0
| 312|0x0000000093800000, 0x0000000093900000, 0x0000000093900000|100%| E|CS|TAMS 0x0000000093800000| PB 0x0000000093800000| Complete |  0
| 313|0x0000000093900000, 0x0000000093a00000, 0x0000000093a00000|100%| E|CS|TAMS 0x0000000093900000| PB 0x0000000093900000| Complete |  0
| 314|0x0000000093a00000, 0x0000000093b00000, 0x0000000093b00000|100%| E|CS|TAMS 0x0000000093a00000| PB 0x0000000093a00000| Complete |  0
| 315|0x0000000093b00000, 0x0000000093c00000, 0x0000000093c00000|100%| E|CS|TAMS 0x0000000093b00000| PB 0x0000000093b00000| Complete |  0
| 316|0x0000000093c00000, 0x0000000093d00000, 0x0000000093d00000|100%| E|CS|TAMS 0x0000000093c00000| PB 0x0000000093c00000| Complete |  0
| 317|0x0000000093d00000, 0x0000000093e00000, 0x0000000093e00000|100%| E|CS|TAMS 0x0000000093d00000| PB 0x0000000093d00000| Complete |  0
| 318|0x0000000093e00000, 0x0000000093f00000, 0x0000000093f00000|100%| E|CS|TAMS 0x0000000093e00000| PB 0x0000000093e00000| Complete |  0
| 319|0x0000000093f00000, 0x0000000094000000, 0x0000000094000000|100%| E|CS|TAMS 0x0000000093f00000| PB 0x0000000093f00000| Complete |  0
| 320|0x0000000094000000, 0x0000000094100000, 0x0000000094100000|100%| E|CS|TAMS 0x0000000094000000| PB 0x0000000094000000| Complete |  0
| 321|0x0000000094100000, 0x0000000094200000, 0x0000000094200000|100%| E|CS|TAMS 0x0000000094100000| PB 0x0000000094100000| Complete |  0
| 322|0x0000000094200000, 0x0000000094300000, 0x0000000094300000|100%| E|CS|TAMS 0x0000000094200000| PB 0x0000000094200000| Complete |  0
| 323|0x0000000094300000, 0x0000000094400000, 0x0000000094400000|100%| E|CS|TAMS 0x0000000094300000| PB 0x0000000094300000| Complete |  0
| 324|0x0000000094400000, 0x0000000094500000, 0x0000000094500000|100%| E|CS|TAMS 0x0000000094400000| PB 0x0000000094400000| Complete |  0
| 325|0x0000000094500000, 0x0000000094600000, 0x0000000094600000|100%| E|CS|TAMS 0x0000000094500000| PB 0x0000000094500000| Complete |  0
| 326|0x0000000094600000, 0x0000000094700000, 0x0000000094700000|100%| E|CS|TAMS 0x0000000094600000| PB 0x0000000094600000| Complete |  0
| 327|0x0000000094700000, 0x0000000094800000, 0x0000000094800000|100%| E|CS|TAMS 0x0000000094700000| PB 0x0000000094700000| Complete |  0
| 328|0x0000000094800000, 0x0000000094900000, 0x0000000094900000|100%| E|CS|TAMS 0x0000000094800000| PB 0x0000000094800000| Complete |  0
| 329|0x0000000094900000, 0x0000000094a00000, 0x0000000094a00000|100%| E|CS|TAMS 0x0000000094900000| PB 0x0000000094900000| Complete |  0
| 330|0x0000000094a00000, 0x0000000094b00000, 0x0000000094b00000|100%| E|CS|TAMS 0x0000000094a00000| PB 0x0000000094a00000| Complete |  0
| 331|0x0000000094b00000, 0x0000000094c00000, 0x0000000094c00000|100%| E|CS|TAMS 0x0000000094b00000| PB 0x0000000094b00000| Complete |  0
| 332|0x0000000094c00000, 0x0000000094d00000, 0x0000000094d00000|100%| E|CS|TAMS 0x0000000094c00000| PB 0x0000000094c00000| Complete |  0
| 333|0x0000000094d00000, 0x0000000094e00000, 0x0000000094e00000|100%| E|CS|TAMS 0x0000000094d00000| PB 0x0000000094d00000| Complete |  0
| 334|0x0000000094e00000, 0x0000000094f00000, 0x0000000094f00000|100%| E|CS|TAMS 0x0000000094e00000| PB 0x0000000094e00000| Complete |  0
| 335|0x0000000094f00000, 0x0000000095000000, 0x0000000095000000|100%| E|CS|TAMS 0x0000000094f00000| PB 0x0000000094f00000| Complete |  0
| 336|0x0000000095000000, 0x0000000095100000, 0x0000000095100000|100%| E|CS|TAMS 0x0000000095000000| PB 0x0000000095000000| Complete |  0
| 337|0x0000000095100000, 0x0000000095200000, 0x0000000095200000|100%| E|CS|TAMS 0x0000000095100000| PB 0x0000000095100000| Complete |  0
| 338|0x0000000095200000, 0x0000000095300000, 0x0000000095300000|100%| E|CS|TAMS 0x0000000095200000| PB 0x0000000095200000| Complete |  0
| 339|0x0000000095300000, 0x0000000095400000, 0x0000000095400000|100%| E|CS|TAMS 0x0000000095300000| PB 0x0000000095300000| Complete |  0
| 340|0x0000000095400000, 0x0000000095500000, 0x0000000095500000|100%| E|CS|TAMS 0x0000000095400000| PB 0x0000000095400000| Complete |  0
| 341|0x0000000095500000, 0x0000000095600000, 0x0000000095600000|100%| E|CS|TAMS 0x0000000095500000| PB 0x0000000095500000| Complete |  0
| 342|0x0000000095600000, 0x0000000095700000, 0x0000000095700000|100%| E|CS|TAMS 0x0000000095600000| PB 0x0000000095600000| Complete |  0
| 343|0x0000000095700000, 0x0000000095800000, 0x0000000095800000|100%| E|CS|TAMS 0x0000000095700000| PB 0x0000000095700000| Complete |  0
| 344|0x0000000095800000, 0x0000000095900000, 0x0000000095900000|100%| E|CS|TAMS 0x0000000095800000| PB 0x0000000095800000| Complete |  0
| 345|0x0000000095900000, 0x0000000095a00000, 0x0000000095a00000|100%| E|CS|TAMS 0x0000000095900000| PB 0x0000000095900000| Complete |  0
| 346|0x0000000095a00000, 0x0000000095b00000, 0x0000000095b00000|100%| E|CS|TAMS 0x0000000095a00000| PB 0x0000000095a00000| Complete |  0
| 347|0x0000000095b00000, 0x0000000095c00000, 0x0000000095c00000|100%| E|CS|TAMS 0x0000000095b00000| PB 0x0000000095b00000| Complete |  0
| 348|0x0000000095c00000, 0x0000000095d00000, 0x0000000095d00000|100%| E|CS|TAMS 0x0000000095c00000| PB 0x0000000095c00000| Complete |  0
| 349|0x0000000095d00000, 0x0000000095e00000, 0x0000000095e00000|100%| E|CS|TAMS 0x0000000095d00000| PB 0x0000000095d00000| Complete |  0
| 350|0x0000000095e00000, 0x0000000095f00000, 0x0000000095f00000|100%| E|CS|TAMS 0x0000000095e00000| PB 0x0000000095e00000| Complete |  0
| 351|0x0000000095f00000, 0x0000000096000000, 0x0000000096000000|100%| E|CS|TAMS 0x0000000095f00000| PB 0x0000000095f00000| Complete |  0
| 352|0x0000000096000000, 0x0000000096100000, 0x0000000096100000|100%| E|CS|TAMS 0x0000000096000000| PB 0x0000000096000000| Complete |  0
| 353|0x0000000096100000, 0x0000000096200000, 0x0000000096200000|100%| E|CS|TAMS 0x0000000096100000| PB 0x0000000096100000| Complete |  0
| 354|0x0000000096200000, 0x0000000096300000, 0x0000000096300000|100%| E|CS|TAMS 0x0000000096200000| PB 0x0000000096200000| Complete |  0
| 355|0x0000000096300000, 0x0000000096400000, 0x0000000096400000|100%| E|CS|TAMS 0x0000000096300000| PB 0x0000000096300000| Complete |  0
| 356|0x0000000096400000, 0x0000000096500000, 0x0000000096500000|100%| E|CS|TAMS 0x0000000096400000| PB 0x0000000096400000| Complete |  0
| 357|0x0000000096500000, 0x0000000096600000, 0x0000000096600000|100%| E|CS|TAMS 0x0000000096500000| PB 0x0000000096500000| Complete |  0
| 358|0x0000000096600000, 0x0000000096700000, 0x0000000096700000|100%| E|CS|TAMS 0x0000000096600000| PB 0x0000000096600000| Complete |  0
| 359|0x0000000096700000, 0x0000000096800000, 0x0000000096800000|100%| E|CS|TAMS 0x0000000096700000| PB 0x0000000096700000| Complete |  0
| 360|0x0000000096800000, 0x0000000096900000, 0x0000000096900000|100%| E|CS|TAMS 0x0000000096800000| PB 0x0000000096800000| Complete |  0
| 361|0x0000000096900000, 0x0000000096a00000, 0x0000000096a00000|100%| E|CS|TAMS 0x0000000096900000| PB 0x0000000096900000| Complete |  0
| 362|0x0000000096a00000, 0x0000000096b00000, 0x0000000096b00000|100%| E|CS|TAMS 0x0000000096a00000| PB 0x0000000096a00000| Complete |  0
| 363|0x0000000096b00000, 0x0000000096c00000, 0x0000000096c00000|100%| E|CS|TAMS 0x0000000096b00000| PB 0x0000000096b00000| Complete |  0
| 364|0x0000000096c00000, 0x0000000096d00000, 0x0000000096d00000|100%| E|CS|TAMS 0x0000000096c00000| PB 0x0000000096c00000| Complete |  0
| 365|0x0000000096d00000, 0x0000000096e00000, 0x0000000096e00000|100%| E|CS|TAMS 0x0000000096d00000| PB 0x0000000096d00000| Complete |  0
| 366|0x0000000096e00000, 0x0000000096f00000, 0x0000000096f00000|100%| E|CS|TAMS 0x0000000096e00000| PB 0x0000000096e00000| Complete |  0
| 367|0x0000000096f00000, 0x0000000097000000, 0x0000000097000000|100%| E|CS|TAMS 0x0000000096f00000| PB 0x0000000096f00000| Complete |  0
| 368|0x0000000097000000, 0x0000000097100000, 0x0000000097100000|100%| E|CS|TAMS 0x0000000097000000| PB 0x0000000097000000| Complete |  0
| 369|0x0000000097100000, 0x0000000097200000, 0x0000000097200000|100%| E|CS|TAMS 0x0000000097100000| PB 0x0000000097100000| Complete |  0
| 370|0x0000000097200000, 0x0000000097300000, 0x0000000097300000|100%| E|CS|TAMS 0x0000000097200000| PB 0x0000000097200000| Complete |  0
| 371|0x0000000097300000, 0x0000000097400000, 0x0000000097400000|100%| E|CS|TAMS 0x0000000097300000| PB 0x0000000097300000| Complete |  0
| 372|0x0000000097400000, 0x0000000097500000, 0x0000000097500000|100%| E|CS|TAMS 0x0000000097400000| PB 0x0000000097400000| Complete |  0
|2034|0x00000000ff200000, 0x00000000ff300000, 0x00000000ff300000|100%| E|CS|TAMS 0x00000000ff200000| PB 0x00000000ff200000| Complete |  0
|2035|0x00000000ff300000, 0x00000000ff400000, 0x00000000ff400000|100%| E|CS|TAMS 0x00000000ff300000| PB 0x00000000ff300000| Complete |  0
|2036|0x00000000ff400000, 0x00000000ff500000, 0x00000000ff500000|100%| E|CS|TAMS 0x00000000ff400000| PB 0x00000000ff400000| Complete |  0
|2037|0x00000000ff500000, 0x00000000ff600000, 0x00000000ff600000|100%| E|CS|TAMS 0x00000000ff500000| PB 0x00000000ff500000| Complete |  0
|2038|0x00000000ff600000, 0x00000000ff700000, 0x00000000ff700000|100%| E|CS|TAMS 0x00000000ff600000| PB 0x00000000ff600000| Complete |  0
|2039|0x00000000ff700000, 0x00000000ff800000, 0x00000000ff800000|100%| E|CS|TAMS 0x00000000ff700000| PB 0x00000000ff700000| Complete |  0
|2040|0x00000000ff800000, 0x00000000ff900000, 0x00000000ff900000|100%| E|CS|TAMS 0x00000000ff800000| PB 0x00000000ff800000| Complete |  0
|2041|0x00000000ff900000, 0x00000000ffa00000, 0x00000000ffa00000|100%| E|CS|TAMS 0x00000000ff900000| PB 0x00000000ff900000| Complete |  0
|2042|0x00000000ffa00000, 0x00000000ffb00000, 0x00000000ffb00000|100%| E|CS|TAMS 0x00000000ffa00000| PB 0x00000000ffa00000| Complete |  0
|2043|0x00000000ffb00000, 0x00000000ffc00000, 0x00000000ffc00000|100%| O|  |TAMS 0x00000000ffb00000| PB 0x00000000ffb00000| Untracked |  0
|2044|0x00000000ffc00000, 0x00000000ffd00000, 0x00000000ffd00000|100%| O|  |TAMS 0x00000000ffc00000| PB 0x00000000ffc00000| Untracked |  0
|2045|0x00000000ffd00000, 0x00000000ffe00000, 0x00000000ffe00000|100%| O|  |TAMS 0x00000000ffd00000| PB 0x00000000ffd00000| Untracked |  0
|2046|0x00000000ffe00000, 0x00000000fff00000, 0x00000000fff00000|100%| O|  |TAMS 0x00000000ffe00000| PB 0x00000000ffe00000| Untracked |  0
|2047|0x00000000fff00000, 0x0000000100000000, 0x0000000100000000|100%| O|  |TAMS 0x00000000fff00000| PB 0x00000000fff00000| Untracked |  0

Card table byte_map: [0x000002ad1ed40000,0x000002ad1f140000] _byte_map_base: 0x000002ad1e940000

Marking Bits: (CMBitMap*) 0x000002ad0999e7b0
 Bits: [0x000002ad1f140000, 0x000002ad21140000)

Polling page: 0x000002ad09c20000

Metaspace:
Metaspace        used 112844K, committed 114688K, reserved 1179648K
 class space     used 16055K, committed 16896K, reserved 1048576K

Usage:
  Non-class:     94.52 MB used.
      Class:     15.68 MB used.
       Both:    110.20 MB used.

Virtual space:
  Non-class space:      128.00 MB reserved,      95.50 MB ( 75%) committed,  2 nodes.
      Class space:        1.00 GB reserved,      16.50 MB (  2%) committed,  1 nodes.
             Both:        1.12 GB reserved,     112.00 MB ( 10%) committed. 

Chunk freelists:
   Non-Class:  15.61 MB
       Class:  15.33 MB
        Both:  30.94 MB

MaxMetaspaceSize: unlimited
CompressedClassSpaceSize: 1.00 GB
Initial GC threshold: 21.00 MB
Current GC threshold: 166.19 MB
CDS: off
 - commit_granule_bytes: 65536.
 - commit_granule_words: 8192.
 - virtual_space_node_default_size: 8388608.
 - enlarge_chunks_in_place: 1.
UseCompressedClassPointers 1, UseCompactObjectHeaders 0
Narrow klass pointer bits 32, Max shift 3
Narrow klass base: 0x0000000000000000, Narrow klass shift: 0
Encoding Range: [0x0000000000000000 - 0x0000000100000000), (4294967296 bytes)
Klass Range:    [0x0000000010000000 - 0x0000000050000000), (1073741824 bytes)
Klass ID Range:  [268435456 - 1342177273) (1073741817)
No protection zone.


Internal statistics:

num_allocs_failed_limit: 6.
num_arena_births: 3536.
num_arena_deaths: 0.
num_vsnodes_births: 3.
num_vsnodes_deaths: 0.
num_space_committed: 1791.
num_space_uncommitted: 0.
num_chunks_returned_to_freelist: 6.
num_chunks_taken_from_freelist: 8132.
num_chunk_merges: 6.
num_chunk_splits: 5393.
num_chunks_enlarged: 3428.
num_inconsistent_stats: 0.

CodeHeap 'non-profiled nmethods': size=120064Kb used=5998Kb max_used=5998Kb free=114065Kb
 bounds [0x000002ad16da0000, 0x000002ad17380000, 0x000002ad1e2e0000]
CodeHeap 'profiled nmethods': size=120000Kb used=15062Kb max_used=15062Kb free=104937Kb
 bounds [0x000002ad0f2e0000, 0x000002ad101a0000, 0x000002ad16810000]
CodeHeap 'non-nmethods': size=5696Kb used=2057Kb max_used=2141Kb free=3638Kb
 bounds [0x000002ad16810000, 0x000002ad16a80000, 0x000002ad16da0000]
CodeCache: size=245760Kb, used=23117Kb, max_used=23201Kb, free=222640Kb
 total_blobs=11432, nmethods=10505, adapters=828, full_count=0
Compilation: enabled, stopped_count=0, restarted_count=0

Compilation events (20 events):
Event: 26.621 Thread 0x000002ad23e5bda0 nmethod 12542 0x000002ad10189b08 code [0x000002ad10189c00, 0x000002ad10189db0]
Event: 26.621 Thread 0x000002ad23e5bda0 12543       3       kotlin.jvm.internal.ClassReference$Companion::classFqNameOf (1676 bytes)
Event: 26.621 Thread 0x000002ad2e360d60 nmethod 12537 0x000002ad17379188 code [0x000002ad17379280, 0x000002ad17379670]
Event: 26.622 Thread 0x000002ad23e5bda0 nmethod 12543 0x000002ad10189e08 code [0x000002ad10189f00, 0x000002ad1018f478]
Event: 26.622 Thread 0x000002ad23e5bda0 12544       3       ksp.org.jetbrains.kotlin.fir.util.ConeTypeRegistry::customComputeIfAbsent (42 bytes)
Event: 26.623 Thread 0x000002ad23e5bda0 nmethod 12544 0x000002ad1018f488 code [0x000002ad1018f580, 0x000002ad10190ab8]
Event: 26.623 Thread 0x000002ad23e5bda0 12546       3       com.google.devtools.ksp.standalone.SimpleTrie::contains (138 bytes)
Event: 26.623 Thread 0x000002ad23e5bda0 nmethod 12546 0x000002ad10190b08 code [0x000002ad10190c00, 0x000002ad10191c78]
Event: 26.623 Thread 0x000002ad23e5bda0 12545       3       kotlin.collections.builders.MapBuilder::checkIsMutable$kotlin_stdlib (16 bytes)
Event: 26.623 Thread 0x000002ad23e5bda0 nmethod 12545 0x000002ad10191d08 code [0x000002ad10191e00, 0x000002ad10192000]
Event: 26.638 Thread 0x000002ad2e360d60 12547       4       java.lang.invoke.MethodHandles$Lookup::<init> (84 bytes)
Event: 26.638 Thread 0x000002ad2e360d60 nmethod 12547 0x000002ad17379708 code [0x000002ad17379800, 0x000002ad17379ac0]
Event: 26.671 Thread 0x000002ad23e5bda0 12548       3       ksp.com.intellij.psi.search.UnionScope$$Lambda/0x0000000011066e48::value (12 bytes)
Event: 26.671 Thread 0x000002ad23e5bda0 nmethod 12548 0x000002ad10192088 code [0x000002ad10192180, 0x000002ad10192468]
Event: 26.671 Thread 0x000002ad23e5bda0 12549       3       ksp.com.intellij.psi.search.UnionScope::lambda$contains$0 (6 bytes)
Event: 26.671 Thread 0x000002ad2e360d60 12551       4       java.lang.Thread::onSpinWait (1 bytes)
Event: 26.672 Thread 0x000002ad23e5bda0 nmethod 12549 0x000002ad10192488 code [0x000002ad10192580, 0x000002ad10192738]
Event: 26.672 Thread 0x000002ad23e5bda0 12550       3       ksp.org.jetbrains.kotlin.name.FqNameUnsafe::shortName (61 bytes)
Event: 26.672 Thread 0x000002ad2e360d60 nmethod 12551 0x000002ad17379b08 code [0x000002ad17379c00, 0x000002ad17379c68]
Event: 26.672 Thread 0x000002ad23e5bda0 nmethod 12550 0x000002ad10192788 code [0x000002ad10192880, 0x000002ad101932d8]

GC Heap Usage History (20 events):
Event: 18.760 {heap Before GC invocations=45 (full 0):
 garbage-first heap   total reserved 2097152K, committed 250880K, used 229479K [0x0000000080000000, 0x0000000100000000)
  region size 1024K, 121 young (123904K), 4 survivors (4096K)
}
Event: 18.773 {heap After GC invocations=46 (full 0):
 garbage-first heap   total reserved 2097152K, committed 250880K, used 110133K [0x0000000080000000, 0x0000000100000000)
  region size 1024K, 4 young (4096K), 4 survivors (4096K)
}
Event: 19.059 {heap Before GC invocations=46 (full 0):
 garbage-first heap   total reserved 2097152K, committed 250880K, used 234037K [0x0000000080000000, 0x0000000100000000)
  region size 1024K, 125 young (128000K), 4 survivors (4096K)
}
Event: 19.074 {heap After GC invocations=47 (full 0):
 garbage-first heap   total reserved 2097152K, committed 396288K, used 109589K [0x0000000080000000, 0x0000000100000000)
  region size 1024K, 5 young (5120K), 5 survivors (5120K)
}
Event: 19.642 {heap Before GC invocations=47 (full 0):
 garbage-first heap   total reserved 2097152K, committed 396288K, used 341013K [0x0000000080000000, 0x0000000100000000)
  region size 1024K, 232 young (237568K), 5 survivors (5120K)
}
Event: 19.655 {heap After GC invocations=48 (full 0):
 garbage-first heap   total reserved 2097152K, committed 396288K, used 110748K [0x0000000080000000, 0x0000000100000000)
  region size 1024K, 6 young (6144K), 6 survivors (6144K)
}
Event: 20.154 {heap Before GC invocations=48 (full 0):
 garbage-first heap   total reserved 2097152K, committed 396288K, used 342172K [0x0000000080000000, 0x0000000100000000)
  region size 1024K, 232 young (237568K), 6 survivors (6144K)
}
Event: 20.168 {heap After GC invocations=49 (full 0):
 garbage-first heap   total reserved 2097152K, committed 396288K, used 112094K [0x0000000080000000, 0x0000000100000000)
  region size 1024K, 8 young (8192K), 8 survivors (8192K)
}
Event: 20.773 {heap Before GC invocations=49 (full 0):
 garbage-first heap   total reserved 2097152K, committed 396288K, used 346590K [0x0000000080000000, 0x0000000100000000)
  region size 1024K, 232 young (237568K), 8 survivors (8192K)
}
Event: 20.786 {heap After GC invocations=50 (full 0):
 garbage-first heap   total reserved 2097152K, committed 396288K, used 119319K [0x0000000080000000, 0x0000000100000000)
  region size 1024K, 10 young (10240K), 10 survivors (10240K)
}
Event: 21.202 {heap Before GC invocations=50 (full 0):
 garbage-first heap   total reserved 2097152K, committed 396288K, used 345623K [0x0000000080000000, 0x0000000100000000)
  region size 1024K, 232 young (237568K), 10 survivors (10240K)
}
Event: 21.213 {heap After GC invocations=51 (full 0):
 garbage-first heap   total reserved 2097152K, committed 396288K, used 121859K [0x0000000080000000, 0x0000000100000000)
  region size 1024K, 12 young (12288K), 12 survivors (12288K)
}
Event: 22.645 {heap Before GC invocations=51 (full 0):
 garbage-first heap   total reserved 2097152K, committed 396288K, used 348163K [0x0000000080000000, 0x0000000100000000)
  region size 1024K, 232 young (237568K), 12 survivors (12288K)
}
Event: 22.661 {heap After GC invocations=52 (full 0):
 garbage-first heap   total reserved 2097152K, committed 396288K, used 126279K [0x0000000080000000, 0x0000000100000000)
  region size 1024K, 17 young (17408K), 17 survivors (17408K)
}
Event: 23.141 {heap Before GC invocations=52 (full 0):
 garbage-first heap   total reserved 2097152K, committed 396288K, used 347463K [0x0000000080000000, 0x0000000100000000)
  region size 1024K, 232 young (237568K), 17 survivors (17408K)
}
Event: 23.161 {heap After GC invocations=53 (full 0):
 garbage-first heap   total reserved 2097152K, committed 396288K, used 132646K [0x0000000080000000, 0x0000000100000000)
  region size 1024K, 21 young (21504K), 21 survivors (21504K)
}
Event: 23.472 {heap Before GC invocations=53 (full 0):
 garbage-first heap   total reserved 2097152K, committed 396288K, used 349734K [0x0000000080000000, 0x0000000100000000)
  region size 1024K, 232 young (237568K), 21 survivors (21504K)
}
Event: 23.490 {heap After GC invocations=54 (full 0):
 garbage-first heap   total reserved 2097152K, committed 396288K, used 137108K [0x0000000080000000, 0x0000000100000000)
  region size 1024K, 20 young (20480K), 20 survivors (20480K)
}
Event: 24.492 {heap Before GC invocations=54 (full 0):
 garbage-first heap   total reserved 2097152K, committed 396288K, used 224148K [0x0000000080000000, 0x0000000100000000)
  region size 1024K, 107 young (109568K), 20 survivors (20480K)
}
Event: 24.510 {heap After GC invocations=55 (full 0):
 garbage-first heap   total reserved 2097152K, committed 396288K, used 139126K [0x0000000080000000, 0x0000000100000000)
  region size 1024K, 15 young (15360K), 15 survivors (15360K)
}

Metaspace Usage History (20 events):
Event: 18.760 {metaspace Before GC invocations=45 (full 0):
 Metaspace       used 70409K, committed 72000K, reserved 1114112K
  class space    used 10400K, committed 11136K, reserved 1048576K
}
Event: 18.773 {metaspace After GC invocations=46 (full 0):
 Metaspace       used 70409K, committed 72000K, reserved 1114112K
  class space    used 10400K, committed 11136K, reserved 1048576K
}
Event: 19.059 {metaspace Before GC invocations=46 (full 0):
 Metaspace       used 70411K, committed 72064K, reserved 1114112K
  class space    used 10400K, committed 11136K, reserved 1048576K
}
Event: 19.074 {metaspace After GC invocations=47 (full 0):
 Metaspace       used 70411K, committed 72064K, reserved 1114112K
  class space    used 10400K, committed 11136K, reserved 1048576K
}
Event: 19.642 {metaspace Before GC invocations=47 (full 0):
 Metaspace       used 70411K, committed 72064K, reserved 1114112K
  class space    used 10400K, committed 11136K, reserved 1048576K
}
Event: 19.655 {metaspace After GC invocations=48 (full 0):
 Metaspace       used 70411K, committed 72064K, reserved 1114112K
  class space    used 10400K, committed 11136K, reserved 1048576K
}
Event: 20.154 {metaspace Before GC invocations=48 (full 0):
 Metaspace       used 70411K, committed 72064K, reserved 1114112K
  class space    used 10400K, committed 11136K, reserved 1048576K
}
Event: 20.168 {metaspace After GC invocations=49 (full 0):
 Metaspace       used 70411K, committed 72064K, reserved 1114112K
  class space    used 10400K, committed 11136K, reserved 1048576K
}
Event: 20.773 {metaspace Before GC invocations=49 (full 0):
 Metaspace       used 70556K, committed 72256K, reserved 1114112K
  class space    used 10423K, committed 11200K, reserved 1048576K
}
Event: 20.786 {metaspace After GC invocations=50 (full 0):
 Metaspace       used 70556K, committed 72256K, reserved 1114112K
  class space    used 10423K, committed 11200K, reserved 1048576K
}
Event: 21.202 {metaspace Before GC invocations=50 (full 0):
 Metaspace       used 72813K, committed 74496K, reserved 1114112K
  class space    used 10644K, committed 11456K, reserved 1048576K
}
Event: 21.213 {metaspace After GC invocations=51 (full 0):
 Metaspace       used 72813K, committed 74496K, reserved 1114112K
  class space    used 10644K, committed 11456K, reserved 1048576K
}
Event: 22.645 {metaspace Before GC invocations=51 (full 0):
 Metaspace       used 91658K, committed 93376K, reserved 1179648K
  class space    used 13487K, committed 14272K, reserved 1048576K
}
Event: 22.661 {metaspace After GC invocations=52 (full 0):
 Metaspace       used 91658K, committed 93376K, reserved 1179648K
  class space    used 13487K, committed 14272K, reserved 1048576K
}
Event: 23.141 {metaspace Before GC invocations=52 (full 0):
 Metaspace       used 93270K, committed 95040K, reserved 1179648K
  class space    used 13678K, committed 14528K, reserved 1048576K
}
Event: 23.161 {metaspace After GC invocations=53 (full 0):
 Metaspace       used 93270K, committed 95040K, reserved 1179648K
  class space    used 13678K, committed 14528K, reserved 1048576K
}
Event: 23.472 {metaspace Before GC invocations=53 (full 0):
 Metaspace       used 93560K, committed 95360K, reserved 1179648K
  class space    used 13697K, committed 14528K, reserved 1048576K
}
Event: 23.490 {metaspace After GC invocations=54 (full 0):
 Metaspace       used 93560K, committed 95360K, reserved 1179648K
  class space    used 13697K, committed 14528K, reserved 1048576K
}
Event: 24.492 {metaspace Before GC invocations=54 (full 0):
 Metaspace       used 100171K, committed 102016K, reserved 1179648K
  class space    used 14538K, committed 15424K, reserved 1048576K
}
Event: 24.510 {metaspace After GC invocations=55 (full 0):
 Metaspace       used 100171K, committed 102016K, reserved 1179648K
  class space    used 14538K, committed 15424K, reserved 1048576K
}

Dll operation events (3 events):
Event: 0.014 Loaded shared library C:\Program Files\Android\Android Studio\jbr\bin\java.dll
Event: 0.021 Loaded shared library C:\Program Files\Android\Android Studio\jbr\bin\zip.dll
Event: 0.661 Loaded shared library C:\Program Files\Android\Android Studio\jbr\bin\verify.dll

Deoptimization events (20 events):
Event: 25.723 Thread 0x000002ad296bcca0 Uncommon trap: trap_request=0xffffffbe fr.pc=0x000002ad171b1190 relative=0x0000000000000990
Event: 25.723 Thread 0x000002ad296bcca0 Uncommon trap: reason=profile_predicate action=maybe_recompile pc=0x000002ad171b1190 method=java.util.ComparableTimSort.reverseRange([Ljava/lang/Object;II)V @ 5 c2
Event: 25.723 Thread 0x000002ad296bcca0 DEOPT PACKING pc=0x000002ad171b1190 sp=0x000000d4f31fe0a0
Event: 25.723 Thread 0x000002ad296bcca0 DEOPT UNPACKING pc=0x000002ad16922e82 sp=0x000000d4f31fdfd8 mode 2
Event: 25.891 Thread 0x000002ad296bad60 Uncommon trap: trap_request=0xffffff45 fr.pc=0x000002ad16f56a94 relative=0x0000000000000794
Event: 25.891 Thread 0x000002ad296bad60 Uncommon trap: reason=unstable_if action=reinterpret pc=0x000002ad16f56a94 method=sun.security.provider.SHA2.implReset()V @ 8 c2
Event: 25.891 Thread 0x000002ad296bad60 DEOPT PACKING pc=0x000002ad16f56a94 sp=0x000000d4f24fb6e0
Event: 25.891 Thread 0x000002ad296bad60 DEOPT UNPACKING pc=0x000002ad16922e82 sp=0x000000d4f24fb5f8 mode 2
Event: 25.891 Thread 0x000002ad296bad60 Uncommon trap: trap_request=0xffffff45 fr.pc=0x000002ad16e67290 relative=0x0000000000000210
Event: 25.891 Thread 0x000002ad296bad60 Uncommon trap: reason=unstable_if action=reinterpret pc=0x000002ad16e67290 method=sun.security.provider.SHA2.implReset()V @ 8 c2
Event: 25.891 Thread 0x000002ad296bad60 DEOPT PACKING pc=0x000002ad16e67290 sp=0x000000d4f24fb630
Event: 25.891 Thread 0x000002ad296bad60 DEOPT UNPACKING pc=0x000002ad16922e82 sp=0x000000d4f24fb5f0 mode 2
Event: 25.891 Thread 0x000002ad296bad60 Uncommon trap: trap_request=0xffffff45 fr.pc=0x000002ad16dde27c relative=0x000000000000077c
Event: 25.891 Thread 0x000002ad296bad60 Uncommon trap: reason=unstable_if action=reinterpret pc=0x000002ad16dde27c method=sun.security.provider.SHA2.implReset()V @ 8 c2
Event: 25.891 Thread 0x000002ad296bad60 DEOPT PACKING pc=0x000002ad16dde27c sp=0x000000d4f24fb980
Event: 25.891 Thread 0x000002ad296bad60 DEOPT UNPACKING pc=0x000002ad16922e82 sp=0x000000d4f24fb7b8 mode 2
Event: 26.240 Thread 0x000002ad296bad60 Uncommon trap: trap_request=0xffffff45 fr.pc=0x000002ad16fd72c8 relative=0x0000000000000fc8
Event: 26.240 Thread 0x000002ad296bad60 Uncommon trap: reason=unstable_if action=reinterpret pc=0x000002ad16fd72c8 method=java.util.jar.JarFile.getVersionedEntry(Ljava/lang/String;Ljava/util/jar/JarEntry;)Ljava/util/jar/JarEntry; @ 7 c2
Event: 26.240 Thread 0x000002ad296bad60 DEOPT PACKING pc=0x000002ad16fd72c8 sp=0x000000d4f24fb220
Event: 26.240 Thread 0x000002ad296bad60 DEOPT UNPACKING pc=0x000002ad16922e82 sp=0x000000d4f24fb1e8 mode 2

Classes loaded (20 events):
Event: 25.709 Loading class java/util/concurrent/Executors$PrivilegedThreadFactory
Event: 25.709 Loading class java/util/concurrent/Executors$DefaultThreadFactory
Event: 25.709 Loading class java/util/concurrent/Executors$DefaultThreadFactory done
Event: 25.709 Loading class java/util/concurrent/Executors$PrivilegedThreadFactory done
Event: 25.709 Loading class java/util/concurrent/DelayQueue
Event: 25.710 Loading class java/util/concurrent/DelayQueue done
Event: 25.710 Loading class java/util/PriorityQueue
Event: 25.711 Loading class java/util/PriorityQueue done
Event: 25.714 Loading class javax/management/NotificationListener
Event: 25.714 Loading class javax/management/NotificationListener done
Event: 25.721 Loading class java/util/concurrent/Executors$PrivilegedThreadFactory$1
Event: 25.721 Loading class java/util/concurrent/Executors$PrivilegedThreadFactory$1 done
Event: 25.724 Loading class sun/management/NotificationEmitterSupport$ListenerInfo
Event: 25.724 Loading class sun/management/NotificationEmitterSupport$ListenerInfo done
Event: 25.890 Loading class java/nio/BufferUnderflowException
Event: 25.890 Loading class java/nio/BufferUnderflowException done
Event: 25.890 Loading class java/nio/BufferOverflowException
Event: 25.890 Loading class java/nio/BufferOverflowException done
Event: 26.426 Loading class java/util/concurrent/ForkJoinWorkerThread$InnocuousForkJoinWorkerThread
Event: 26.427 Loading class java/util/concurrent/ForkJoinWorkerThread$InnocuousForkJoinWorkerThread done

Classes unloaded (0 events):
No events

Classes redefined (0 events):
No events

Internal exceptions (20 events):
Event: 23.630 Thread 0x000002ad296bad60 Exception <a 'sun/nio/fs/WindowsException'{0x0000000093e53418}> (0x0000000093e53418) 
thrown [s\src\hotspot\share\prims\jni.cpp, line 535]
Event: 23.632 Thread 0x000002ad294101b0 Exception <a 'sun/nio/fs/WindowsException'{0x0000000093c2de58}> (0x0000000093c2de58) 
thrown [s\src\hotspot\share\prims\jni.cpp, line 535]
Event: 23.632 Thread 0x000002ad296bad60 Exception <a 'sun/nio/fs/WindowsException'{0x0000000093e5ba58}> (0x0000000093e5ba58) 
thrown [s\src\hotspot\share\prims\jni.cpp, line 535]
Event: 23.632 Thread 0x000002ad296bad60 Exception <a 'sun/nio/fs/WindowsException'{0x0000000093e5c270}> (0x0000000093e5c270) 
thrown [s\src\hotspot\share\prims\jni.cpp, line 535]
Event: 23.633 Thread 0x000002ad296bad60 Exception <a 'sun/nio/fs/WindowsException'{0x0000000093e5cd28}> (0x0000000093e5cd28) 
thrown [s\src\hotspot\share\prims\jni.cpp, line 535]
Event: 23.633 Thread 0x000002ad296bad60 Exception <a 'sun/nio/fs/WindowsException'{0x0000000093e5d558}> (0x0000000093e5d558) 
thrown [s\src\hotspot\share\prims\jni.cpp, line 535]
Event: 23.637 Thread 0x000002ad296bad60 Exception <a 'java/lang/IncompatibleClassChangeError'{0x0000000093e79810}: Found class java.lang.Object, but interface was expected> (0x0000000093e79810) 
thrown [s\src\hotspot\share\interpreter\linkResolver.cpp, line 882]
Event: 23.652 Thread 0x000002ad294101b0 Exception <a 'sun/nio/fs/WindowsException'{0x0000000093c4adc8}> (0x0000000093c4adc8) 
thrown [s\src\hotspot\share\prims\jni.cpp, line 535]
Event: 23.736 Thread 0x000002ad294101b0 Exception <a 'sun/nio/fs/WindowsException'{0x0000000093c7cc40}> (0x0000000093c7cc40) 
thrown [s\src\hotspot\share\prims\jni.cpp, line 535]
Event: 23.740 Thread 0x000002ad294101b0 Exception <a 'sun/nio/fs/WindowsException'{0x000000009396b8a0}> (0x000000009396b8a0) 
thrown [s\src\hotspot\share\prims\jni.cpp, line 535]
Event: 23.747 Thread 0x000002ad294101b0 Exception <a 'sun/nio/fs/WindowsException'{0x00000000939799b0}> (0x00000000939799b0) 
thrown [s\src\hotspot\share\prims\jni.cpp, line 535]
Event: 24.208 Thread 0x000002ad296bad60 Exception <a 'java/lang/NoSuchMethodError'{0x0000000092b95768}: 'java.lang.Object java.lang.invoke.DirectMethodHandle$Holder.newInvokeSpecial(java.lang.Object, int, java.lang.Object)'> (0x0000000092b95768) 
thrown [s\src\hotspot\share\interpreter\linkResolver.cpp, line 815]
Event: 24.211 Thread 0x000002ad296bad60 Exception <a 'java/lang/NoSuchMethodError'{0x0000000092bb4ed0}: 'java.lang.Object java.lang.invoke.Invokers$Holder.invokeExact_MT(java.lang.Object, java.lang.Object, long, java.lang.Object)'> (0x0000000092bb4ed0) 
thrown [s\src\hotspot\share\interpreter\linkResolver.cpp, line 815]
Event: 25.573 Thread 0x000002ad296bad60 Implicit null exception at 0x000002ad1734f584 to 0x000002ad173504b0
Event: 25.573 Thread 0x000002ad296bad60 Implicit null exception at 0x000002ad16f81daa to 0x000002ad16f81ea4
Event: 25.573 Thread 0x000002ad296bad60 Implicit null exception at 0x000002ad17336b54 to 0x000002ad173375f8
Event: 25.582 Thread 0x000002ad296bad60 Implicit null exception at 0x000002ad17346f64 to 0x000002ad17347218
Event: 25.891 Thread 0x000002ad296bad60 Implicit null exception at 0x000002ad16f563d6 to 0x000002ad16f56a64
Event: 25.891 Thread 0x000002ad296bad60 Implicit null exception at 0x000002ad16e670f7 to 0x000002ad16e67280
Event: 25.891 Thread 0x000002ad296bad60 Implicit null exception at 0x000002ad16dddbba to 0x000002ad16dde24c

VM Operations (20 events):
Event: 24.621 Executing safepoint VM operation: G1PauseCleanup
Event: 24.621 Executing safepoint VM operation: G1PauseCleanup done
Event: 25.114 Executing non-safepoint VM operation: HandshakeAllThreads (Deoptimize)
Event: 25.114 Executing non-safepoint VM operation: HandshakeAllThreads (Deoptimize) done
Event: 25.359 Executing non-safepoint VM operation: HandshakeAllThreads (Deoptimize)
Event: 25.360 Executing non-safepoint VM operation: HandshakeAllThreads (Deoptimize) done
Event: 25.712 Executing non-safepoint VM operation: HandshakeAllThreads (Deoptimize)
Event: 25.713 Executing non-safepoint VM operation: HandshakeAllThreads (Deoptimize) done
Event: 25.725 Executing non-safepoint VM operation: HandshakeAllThreads (Deoptimize)
Event: 25.725 Executing non-safepoint VM operation: HandshakeAllThreads (Deoptimize) done
Event: 25.920 Executing non-safepoint VM operation: HandshakeAllThreads (Deoptimize)
Event: 25.920 Executing non-safepoint VM operation: HandshakeAllThreads (Deoptimize) done
Event: 26.253 Executing non-safepoint VM operation: HandshakeAllThreads (Deoptimize)
Event: 26.253 Executing non-safepoint VM operation: HandshakeAllThreads (Deoptimize) done
Event: 26.256 Executing non-safepoint VM operation: HandshakeAllThreads (Deoptimize)
Event: 26.257 Executing non-safepoint VM operation: HandshakeAllThreads (Deoptimize) done
Event: 26.388 Executing non-safepoint VM operation: HandshakeAllThreads (Deoptimize)
Event: 26.388 Executing non-safepoint VM operation: HandshakeAllThreads (Deoptimize) done
Event: 26.428 Executing non-safepoint VM operation: HandshakeAllThreads (Deoptimize)
Event: 26.428 Executing non-safepoint VM operation: HandshakeAllThreads (Deoptimize) done

Memory protections (0 events):
No events

Nmethod flushes (20 events):
Event: 24.591 Thread 0x000002ad23e12fd0 flushing osr nmethod 0x000002ad0fe13c88
Event: 24.591 Thread 0x000002ad23e12fd0 flushing  nmethod 0x000002ad0fe1eb88
Event: 24.591 Thread 0x000002ad23e12fd0 flushing  nmethod 0x000002ad170a7588
Event: 24.591 Thread 0x000002ad23e12fd0 flushing  nmethod 0x000002ad0f2e8488
Event: 24.591 Thread 0x000002ad23e12fd0 flushing  nmethod 0x000002ad0f3b9608
Event: 24.591 Thread 0x000002ad23e12fd0 flushing  nmethod 0x000002ad0f3ef388
Event: 24.591 Thread 0x000002ad23e12fd0 flushing  nmethod 0x000002ad0f465688
Event: 24.591 Thread 0x000002ad23e12fd0 flushing  nmethod 0x000002ad0f4f8208
Event: 24.591 Thread 0x000002ad23e12fd0 flushing  nmethod 0x000002ad0f54af08
Event: 24.591 Thread 0x000002ad23e12fd0 flushing  nmethod 0x000002ad0f54b288
Event: 24.591 Thread 0x000002ad23e12fd0 flushing  nmethod 0x000002ad0f69da08
Event: 24.591 Thread 0x000002ad23e12fd0 flushing  nmethod 0x000002ad0f69dd08
Event: 24.591 Thread 0x000002ad23e12fd0 flushing  nmethod 0x000002ad0f69ed08
Event: 24.591 Thread 0x000002ad23e12fd0 flushing  nmethod 0x000002ad0f69f008
Event: 24.591 Thread 0x000002ad23e12fd0 flushing  nmethod 0x000002ad0f6ff908
Event: 24.591 Thread 0x000002ad23e12fd0 flushing  nmethod 0x000002ad0f8f1608
Event: 24.591 Thread 0x000002ad23e12fd0 flushing  nmethod 0x000002ad0f8f4f08
Event: 24.591 Thread 0x000002ad23e12fd0 flushing  nmethod 0x000002ad0f9e3908
Event: 24.591 Thread 0x000002ad23e12fd0 flushing  nmethod 0x000002ad0fb0e108
Event: 24.591 Thread 0x000002ad23e12fd0 flushing  nmethod 0x000002ad0fc63608

Events (20 events):
Event: 23.078 Thread 0x000002ad294101b0 Thread added: 0x000002ad29043c60
Event: 23.079 Thread 0x000002ad294101b0 Thread added: 0x000002ad29044c00
Event: 23.316 Thread 0x000002ad2964e130 Thread exited: 0x000002ad2964e130
Event: 23.317 Thread 0x000002ad2c7d39b0 Thread exited: 0x000002ad2c7d39b0
Event: 23.468 Thread 0x000002ad23e5bda0 Thread added: 0x000002ad2e35d4f0
Event: 23.494 Thread 0x000002ad2e35d4f0 Thread added: 0x000002ad2e35f530
Event: 24.029 Thread 0x000002ad2e35f530 Thread exited: 0x000002ad2e35f530
Event: 24.131 Thread 0x000002ad2e35d4f0 Thread exited: 0x000002ad2e35d4f0
Event: 24.524 Thread 0x000002ad23e5af80 Thread added: 0x000002ad2e35f530
Event: 24.544 Thread 0x000002ad2e35f530 Thread added: 0x000002ad2e35bcc0
Event: 24.762 Thread 0x000002ad2e35bcc0 Thread exited: 0x000002ad2e35bcc0
Event: 25.135 Thread 0x000002ad23e5bda0 Thread added: 0x000002ad2e362da0
Event: 25.711 Thread 0x000002ad296bad60 Thread added: 0x000002ad29048a80
Event: 25.721 Thread 0x000002ad296bad60 Thread added: 0x000002ad296bcca0
Event: 25.943 Thread 0x000002ad2e362da0 Thread exited: 0x000002ad2e362da0
Event: 26.034 Thread 0x000002ad2e35f530 Thread exited: 0x000002ad2e35f530
Event: 26.314 Thread 0x000002ad23e5bda0 Thread added: 0x000002ad2e360d60
Event: 26.319 Thread 0x000002ad23e5bda0 Thread added: 0x000002ad2e35f530
Event: 26.429 Thread 0x000002ad296bad60 Thread added: 0x000002ad29047310
Event: 26.533 Thread 0x000002ad2e35f530 Thread exited: 0x000002ad2e35f530


Dynamic libraries:
0x00007ff61a1c0000 - 0x00007ff61a1ca000 	C:\Program Files\Android\Android Studio\jbr\bin\java.exe
0x00007ff931320000 - 0x00007ff931586000 	C:\WINDOWS\SYSTEM32\ntdll.dll
0x00007ff930f40000 - 0x00007ff931009000 	C:\WINDOWS\System32\KERNEL32.DLL
0x00007ff92e8a0000 - 0x00007ff92ec9e000 	C:\WINDOWS\System32\KERNELBASE.dll
0x00007ff92e740000 - 0x00007ff92e88c000 	C:\WINDOWS\System32\ucrtbase.dll
0x00007ff927de0000 - 0x00007ff927dfb000 	C:\Program Files\Android\Android Studio\jbr\bin\VCRUNTIME140.dll
0x00007ff9142a0000 - 0x00007ff9142b6000 	C:\Program Files\Android\Android Studio\jbr\bin\jli.dll
0x00007ff930400000 - 0x00007ff9305c7000 	C:\WINDOWS\System32\USER32.dll
0x00007ff92f020000 - 0x00007ff92f047000 	C:\WINDOWS\System32\win32u.dll
0x00007ff9117b0000 - 0x00007ff911a42000 	C:\WINDOWS\WinSxS\amd64_microsoft.windows.common-controls_6595b64144ccf1df_6.0.26100.8875_none_3e0d5d42e32fe9dd\COMCTL32.dll
0x00007ff930e30000 - 0x00007ff930e5b000 	C:\WINDOWS\System32\GDI32.dll
0x00007ff92f050000 - 0x00007ff92f0f9000 	C:\WINDOWS\System32\msvcrt.dll
0x00007ff92ecb0000 - 0x00007ff92edda000 	C:\WINDOWS\System32\gdi32full.dll
0x00007ff92e690000 - 0x00007ff92e733000 	C:\WINDOWS\System32\msvcp_win.dll
0x00007ff931120000 - 0x00007ff931152000 	C:\WINDOWS\System32\IMM32.DLL
0x00007ff92ac20000 - 0x00007ff92ac2c000 	C:\Program Files\Android\Android Studio\jbr\bin\vcruntime140_1.dll
0x00007ff919c70000 - 0x00007ff919cfd000 	C:\Program Files\Android\Android Studio\jbr\bin\msvcp140.dll
0x00007ff8a0320000 - 0x00007ff8a11fa000 	C:\Program Files\Android\Android Studio\jbr\bin\server\jvm.dll
0x00007ff930d70000 - 0x00007ff930e27000 	C:\WINDOWS\System32\ADVAPI32.dll
0x00007ff92f100000 - 0x00007ff92f1aa000 	C:\WINDOWS\System32\sechost.dll
0x00007ff92fd60000 - 0x00007ff92fe78000 	C:\WINDOWS\System32\RPCRT4.dll
0x00007ff931250000 - 0x00007ff9312d0000 	C:\WINDOWS\System32\WS2_32.dll
0x00007ff928880000 - 0x00007ff9288b6000 	C:\WINDOWS\SYSTEM32\WINMM.dll
0x00007ff92e3a0000 - 0x00007ff92e3fe000 	C:\WINDOWS\SYSTEM32\POWRPROF.dll
0x00007ff911ca0000 - 0x00007ff911cab000 	C:\WINDOWS\SYSTEM32\VERSION.dll
0x00007ff92e380000 - 0x00007ff92e394000 	C:\WINDOWS\SYSTEM32\UMPDC.dll
0x00007ff92d150000 - 0x00007ff92d16b000 	C:\WINDOWS\SYSTEM32\kernel.appcore.dll
0x00007ff92ac10000 - 0x00007ff92ac1a000 	C:\Program Files\Android\Android Studio\jbr\bin\jimage.dll
0x00007ff92b9d0000 - 0x00007ff92bc12000 	C:\WINDOWS\SYSTEM32\DBGHELP.DLL
0x00007ff92fe80000 - 0x00007ff930203000 	C:\WINDOWS\System32\combase.dll
0x00007ff930320000 - 0x00007ff9303f9000 	C:\WINDOWS\System32\OLEAUT32.dll
0x00007ff9069c0000 - 0x00007ff9069fb000 	C:\WINDOWS\SYSTEM32\dbgcore.DLL
0x00007ff92e5d0000 - 0x00007ff92e67c000 	C:\WINDOWS\System32\bcryptPrimitives.dll
0x00007ff914240000 - 0x00007ff91424e000 	C:\Program Files\Android\Android Studio\jbr\bin\instrument.dll
0x00007ff91e330000 - 0x00007ff91e34f000 	C:\Program Files\Android\Android Studio\jbr\bin\java.dll
0x00007ff92f610000 - 0x00007ff92f7a9000 	C:\WINDOWS\System32\ole32.dll
0x00007ff9305d0000 - 0x00007ff930d62000 	C:\WINDOWS\System32\SHELL32.dll
0x00007ff91af50000 - 0x00007ff91af67000 	C:\Program Files\Android\Android Studio\jbr\bin\zip.dll
0x00007ff92bfa0000 - 0x00007ff92c832000 	C:\WINDOWS\SYSTEM32\windows.storage.dll
0x00007ff931020000 - 0x00007ff931117000 	C:\WINDOWS\System32\SHCORE.dll
0x00007ff92f7b0000 - 0x00007ff92f817000 	C:\WINDOWS\System32\shlwapi.dll
0x00007ff92e460000 - 0x00007ff92e489000 	C:\WINDOWS\SYSTEM32\profapi.dll
0x00007ff91b180000 - 0x00007ff91b190000 	C:\Program Files\Android\Android Studio\jbr\bin\net.dll
0x00007ff92d7d0000 - 0x00007ff92d83c000 	C:\WINDOWS\system32\mswsock.dll
0x00007ff91ae20000 - 0x00007ff91ae36000 	C:\Program Files\Android\Android Studio\jbr\bin\nio.dll
0x00007ff919b00000 - 0x00007ff919b10000 	C:\Program Files\Android\Android Studio\jbr\bin\verify.dll
0x00007ff871550000 - 0x00007ff871577000 	C:\Users\SIVA\.gradle\native\660c5614fbf4a5f2a75b1949f50a0caf5cd603558e7d8a26e50b933a0cfb79d1\windows-amd64\native-platform.dll
0x00007ff8e7e20000 - 0x00007ff8e7e97000 	C:\Users\SIVA\.gradle\native\0.2.8\x86_64-windows-gnu\gradle-fileevents.dll
0x00007ff919b30000 - 0x00007ff919b39000 	C:\Program Files\Android\Android Studio\jbr\bin\management.dll
0x00007ff919b20000 - 0x00007ff919b2b000 	C:\Program Files\Android\Android Studio\jbr\bin\management_ext.dll
0x00007ff930310000 - 0x00007ff930318000 	C:\WINDOWS\System32\PSAPI.DLL
0x00007ff92cb90000 - 0x00007ff92cbc3000 	C:\WINDOWS\SYSTEM32\IPHLPAPI.DLL
0x00007ff931240000 - 0x00007ff93124a000 	C:\WINDOWS\System32\NSI.dll
0x00007ff91b070000 - 0x00007ff91b079000 	C:\Program Files\Android\Android Studio\jbr\bin\extnet.dll
0x00007ff92dad0000 - 0x00007ff92daeb000 	C:\WINDOWS\SYSTEM32\CRYPTSP.dll
0x00007ff92d170000 - 0x00007ff92d1a9000 	C:\WINDOWS\system32\rsaenh.dll
0x00007ff92d890000 - 0x00007ff92d8c2000 	C:\WINDOWS\SYSTEM32\USERENV.dll
0x00007ff92e430000 - 0x00007ff92e45a000 	C:\WINDOWS\SYSTEM32\bcrypt.dll
0x00007ff92daf0000 - 0x00007ff92dafc000 	C:\WINDOWS\SYSTEM32\CRYPTBASE.dll
0x00007ff8ebf00000 - 0x00007ff8ebf08000 	C:\WINDOWS\system32\wshunix.dll
0x00007ff911e10000 - 0x00007ff911f9a000 	C:\Program Files\Android\Android Studio\jbr\bin\awt.dll
0x00007ff92b380000 - 0x00007ff92b3af000 	C:\WINDOWS\SYSTEM32\dwmapi.dll
0x00007ff90af60000 - 0x00007ff90afd3000 	C:\WINDOWS\SYSTEM32\OLEACC.dll
0x00007ff912da0000 - 0x00007ff912de3000 	C:\Program Files\Android\Android Studio\jbr\bin\nvdaControllerClient.dll
0x00007ff92ac90000 - 0x00007ff92ad30000 	C:\WINDOWS\SYSTEM32\apphelp.dll
0x00007ff92b0e0000 - 0x00007ff92b189000 	C:\WINDOWS\system32\uxtheme.dll
0x00007ff92f390000 - 0x00007ff92f4ed000 	C:\WINDOWS\System32\MSCTF.dll

JVMTI agents:
C:\Users\SIVA\.gradle\wrapper\dists\gradle-9.3.1-bin\23ovyewtku6u96viwx3xl3oks\gradle-9.3.1\lib\agents\gradle-instrumentation-agent-9.3.1.jar path:C:\Program Files\Android\Android Studio\jbr\bin\instrument.dll, loaded, initialized, instrumentlib options:none

dbghelp: loaded successfully - version: 4.0.5 - missing functions: none
symbol engine: initialized successfully - sym options: 0x614 - pdb path: .;C:\Program Files\Android\Android Studio\jbr\bin;C:\WINDOWS\SYSTEM32;C:\WINDOWS\WinSxS\amd64_microsoft.windows.common-controls_6595b64144ccf1df_6.0.26100.8875_none_3e0d5d42e32fe9dd;C:\Program Files\Android\Android Studio\jbr\bin\server;C:\Users\SIVA\.gradle\native\660c5614fbf4a5f2a75b1949f50a0caf5cd603558e7d8a26e50b933a0cfb79d1\windows-amd64;C:\Users\SIVA\.gradle\native\0.2.8\x86_64-windows-gnu

VM Arguments:
jvm_args: --add-opens=java.base/java.lang=ALL-UNNAMED --add-opens=java.base/java.lang.invoke=ALL-UNNAMED --add-opens=java.base/java.util=ALL-UNNAMED --add-opens=java.prefs/java.util.prefs=ALL-UNNAMED --add-exports=jdk.compiler/com.sun.tools.javac.api=ALL-UNNAMED --add-exports=jdk.compiler/com.sun.tools.javac.util=ALL-UNNAMED --add-opens=java.base/java.util=ALL-UNNAMED --add-opens=java.prefs/java.util.prefs=ALL-UNNAMED --add-opens=java.base/java.nio.charset=ALL-UNNAMED --add-opens=java.base/java.net=ALL-UNNAMED --add-opens=java.base/java.util.concurrent=ALL-UNNAMED --add-opens=java.base/java.util.concurrent.atomic=ALL-UNNAMED --add-opens=java.xml/javax.xml.namespace=ALL-UNNAMED --add-opens=java.base/java.time=ALL-UNNAMED --enable-native-access=ALL-UNNAMED -Xmx2048m -Dfile.encoding=UTF-8 -Duser.country=IN -Duser.language=en -Duser.variant -javaagent:C:\Users\SIVA\.gradle\wrapper\dists\gradle-9.3.1-bin\23ovyewtku6u96viwx3xl3oks\gradle-9.3.1\lib\agents\gradle-instrumentation-agent-9.3.1.jar 
java_command: org.gradle.launcher.daemon.bootstrap.GradleDaemon 9.3.1
java_class_path (initial): C:\Users\SIVA\.gradle\wrapper\dists\gradle-9.3.1-bin\23ovyewtku6u96viwx3xl3oks\gradle-9.3.1\lib\gradle-daemon-main-9.3.1.jar
Launcher Type: SUN_STANDARD

[Global flags]
     intx CICompilerCount                          = 4                                         {product} {ergonomic}
     uint ConcGCThreads                            = 3                                         {product} {ergonomic}
     uint G1ConcRefinementThreads                  = 10                                        {product} {ergonomic}
   size_t G1HeapRegionSize                         = 1048576                                   {product} {ergonomic}
   size_t InitialHeapSize                          = 264241152                                 {product} {ergonomic}
   size_t MarkStackSize                            = 4194304                                   {product} {ergonomic}
   size_t MarkStackSizeMax                         = 536870912                                 {product} {ergonomic}
   size_t MaxHeapSize                              = 2147483648                                {product} {command line}
   size_t MaxNewSize                               = 1287651328                                {product} {ergonomic}
   size_t MinHeapDeltaBytes                        = 1048576                                   {product} {ergonomic}
   size_t MinHeapSize                              = 8388608                                   {product} {ergonomic}
    uintx NonNMethodCodeHeapSize                   = 5832704                                {pd product} {ergonomic}
    uintx NonProfiledCodeHeapSize                  = 122945536                              {pd product} {ergonomic}
    uintx ProfiledCodeHeapSize                     = 122880000                              {pd product} {ergonomic}
    uintx ReservedCodeCacheSize                    = 251658240                              {pd product} {ergonomic}
     bool SegmentedCodeCache                       = true                                      {product} {ergonomic}
   size_t SoftMaxHeapSize                          = 2147483648                             {manageable} {ergonomic}
     bool UseCompressedOops                        = true                           {product lp64_product} {ergonomic}
     bool UseG1GC                                  = true                                      {product} {ergonomic}
     bool UseLargePagesIndividualAllocation        = false                                  {pd product} {ergonomic}

Logging:
Log output configuration:
 #0: stdout all=warning uptime,level,tags foldmultilines=false
 #1: stderr all=off uptime,level,tags foldmultilines=false

Release file:
JAVA_VERSION="25.0.2" 
MODULES="java.base java.compiler java.datatransfer java.xml java.prefs java.desktop java.instrument java.logging java.management java.security.sasl java.naming java.rmi java.management.rmi java.net.http java.scripting java.security.jgss java.transaction.xa java.sql java.sql.rowset java.xml.crypto java.se java.smartcardio jdk.accessibility jdk.internal.jvmstat jdk.attach jdk.charsets jdk.internal.opt jdk.zipfs jdk.compiler jdk.crypto.cryptoki jdk.crypto.ec jdk.dynalink jdk.hotspot.agent jdk.httpserver jdk.internal.ed jdk.internal.le jdk.internal.md jdk.internal.vm.ci jdk.jartool jdk.javadoc jdk.jcmd jdk.jdeps jdk.jdwp.agent jdk.jdi jdk.jfr jdk.jlink jdk.localedata jdk.management jdk.management.agent jdk.management.jfr jdk.naming.dns jdk.naming.rmi jdk.net jdk.sctp jdk.security.auth jdk.security.jgss jdk.unsupported jdk.unsupported.desktop jdk.xml.dom" 
IMPLEMENTOR="JetBrains s.r.o." 
JAVA_RUNTIME_VERSION="25.0.2+-15348964-b329.117" 
LIBC="default" 
OS_ARCH="x86_64" 
OS_NAME="Windows" 
SOURCE=".:git:3cf398e84a39" 

Environment Variables:
JAVA_HOME=C:\Program Files\Android\Android Studio\jbr
PATH=C:/Users/SIVA/.gemini/antigravity-ide/bin;C:\Program Files\Common Files\Oracle\Java\javapath;C:\WINDOWS\system32;C:\WINDOWS;C:\WINDOWS\System32\Wbem;C:\WINDOWS\System32\WindowsPowerShell\v1.0\;C:\WINDOWS\System32\OpenSSH\;C:\Program Files\dotnet\;C:\Program Files\nodejs\;C:\Program Files\Git\cmd;C:\Program Files\Go\bin;C:\Program Files\Docker\Docker\resources\bin;C:\Users\SIVA\.local\bin;C:\Users\SIVA\anaconda3;C:\Users\SIVA\anaconda3\Library\mingw-w64\bin;C:\Users\SIVA\anaconda3\Library\usr\bin;C:\Users\SIVA\anaconda3\Library\bin;C:\Users\SIVA\anaconda3\Scripts;C:\Users\SIVA\AppData\Local\Programs\Python\Python312\Scripts\;C:\Users\SIVA\AppData\Local\Programs\Python\Python312\;C:\Users\SIVA\AppData\Local\Microsoft\WindowsApps;C:\Users\SIVA\AppData\Local\Programs\Microsoft VS Code\bin;C:\Users\SIVA\AppData\Roaming\npm;C:\Users\SIVA\AppData\Local\Programs\mongosh\;C:\Users\SIVA\AppData\Local\Programs\Antigravity IDE\bin;C:\Users\SIVA\go\bin
USERNAME=SIVA
OS=Windows_NT
PROCESSOR_IDENTIFIER=Intel64 Family 6 Model 186 Stepping 3, GenuineIntel
TMP=C:\Users\SIVA\AppData\Local\Temp
TEMP=C:\Users\SIVA\AppData\Local\Temp




Compilation memory statistics disabled.

Periodic native trim disabled

JNI global refs:
JNI global refs: 37, weak refs: 0

JNI global refs memory usage: 835, weak refs: 833

Process memory usage:
Resident Set Size: 682664K (4% of 16454352K total physical memory with 1349476K free physical memory)

OOME stack traces (most recent first):
Classloader memory used:
Loader java.net.URLClassLoader                                                         : 33982 K
Loader org.gradle.internal.classloader.VisitableURLClassLoader                         : 32983 K
Loader bootstrap                                                                       : 26771 K
Loader org.gradle.internal.classloader.VisitableURLClassLoader$InstrumentingVisitableURLClassLoader: 9322 K
Loader org.gradle.initialization.MixInLegacyTypesClassLoader                           : 9223 K
Loader jdk.internal.jrtfs.JrtFileSystemProvider$JrtFsLoader                            : 260 K
Loader jdk.internal.loader.ClassLoaders$AppClassLoader                                 : 226 K
Loader jdk.internal.loader.ClassLoaders$PlatformClassLoader                            : 206 K

Classes loaded by more than one classloader:
Class kotlin.sequences.FlatteningSequence                                             : loaded 2 times (x 77B)
Class kotlin.sequences.DropTakeSequence                                               : loaded 2 times (x 72B)
Class kotlin.coroutines.jvm.internal.CompletedContinuation                            : loaded 2 times (x 77B)
Class kotlin.io.TextStreamsKt                                                         : loaded 2 times (x 73B)
Class kotlin.text.StringsKt__StringsKt                                                : loaded 2 times (x 73B)
Class kotlin.NotImplementedError                                                      : loaded 2 times (x 84B)
Class org.gradle.internal.classloader.FilteringClassLoader                            : loaded 2 times (x 106B)
Class jdk.internal.jimage.BasicImageReader                                            : loaded 2 times (x 97B)
Class kotlin.io.FilesKt__FileTreeWalkKt                                               : loaded 2 times (x 73B)
Class kotlin.jvm.internal.CollectionToArray                                           : loaded 2 times (x 73B)
Class kotlin.sequences.FilteringSequence$iterator$1                                   : loaded 2 times (x 81B)
Class kotlin.sequences.SequencesKt__SequenceBuilderKt                                 : loaded 2 times (x 73B)
Class kotlin.collections.CollectionsKt__ReversedViewsKt                               : loaded 2 times (x 73B)
Class org.gradle.internal.classloader.ClassLoaderHierarchy                            : loaded 2 times (x 72B)
Class kotlin.jvm.internal.MutablePropertyReference1                                   : loaded 2 times (x 139B)
Class kotlin.jvm.internal.PropertyReference1Impl                                      : loaded 2 times (x 129B)
Class kotlin.SafePublicationLazyImpl$Companion                                        : loaded 2 times (x 73B)
Class com.google.common.collect.ImmutableList$1                                       : loaded 2 times (x 99B)
Class com.google.common.collect.AbstractMapBasedMultimap$WrappedCollection            : loaded 2 times (x 126B)
Class org.gradle.api.internal.classpath.ManifestUtil                                  : loaded 2 times (x 73B)
Class kotlin.sequences.TransformingSequence                                           : loaded 2 times (x 77B)
Class com.google.common.collect.UnmodifiableListIterator                              : loaded 2 times (x 97B)
Class [Lkotlin.reflect.KClass;                                                        : loaded 2 times (x 71B)
Class com.google.common.base.Platform$JdkPatternCompiler                              : loaded 2 times (x 77B)
Class org.gradle.internal.classloader.DefaultClassLoaderFactory                       : loaded 2 times (x 84B)
Class kotlin.sequences.SequencesKt___SequencesKt                                      : loaded 2 times (x 73B)
Class kotlin.collections.AbstractList$Companion                                       : loaded 2 times (x 73B)
Class org.gradle.internal.classloader.ClassLoaderVisitor                              : loaded 2 times (x 78B)
Class kotlin.sequences.SequencesKt___SequencesKt$flatMap$2                            : loaded 2 times (x 127B)
Class kotlin.io.FileTreeWalk$FileTreeWalkIterator                                     : loaded 2 times (x 85B)
Class org.gradle.api.internal.classpath.EffectiveClassPath                            : loaded 2 times (x 92B)
Class kotlin.coroutines.ContinuationInterceptor                                       : loaded 2 times (x 72B)
Class kotlin.text.StringsKt__AppendableKt                                             : loaded 2 times (x 73B)
Class com.google.common.collect.ImmutableEnumMap                                      : loaded 2 times (x 128B)
Class com.google.common.collect.ListMultimap                                          : loaded 2 times (x 72B)
Class kotlin.reflect.KProperty$Accessor                                               : loaded 2 times (x 72B)
Class [Lkotlin.reflect.KCallable;                                                     : loaded 2 times (x 71B)
Class kotlin.jvm.internal.AdaptedFunctionReference                                    : loaded 2 times (x 79B)
Class org.gradle.api.internal.DefaultClassPathProvider                                : loaded 2 times (x 78B)
Class kotlin.sequences.SequenceScope                                                  : loaded 2 times (x 75B)
Class kotlin.text.StringsKt__StringNumberConversionsJVMKt                             : loaded 2 times (x 73B)
Class kotlin.sequences.Sequence                                                       : loaded 2 times (x 72B)
Class [Lorg.gradle.api.internal.ClassPathProvider;                                    : loaded 2 times (x 71B)
Class org.gradle.api.internal.ClassPathProvider                                       : loaded 2 times (x 72B)
Class kotlin.jvm.functions.Function20                                                 : loaded 2 times (x 72B)
Class kotlin.collections.CollectionsKt___CollectionsKt$asSequence$$inlined$Sequence$1 : loaded 2 times (x 77B)
Class org.gradle.internal.service.UnknownServiceException                             : loaded 2 times (x 85B)
Class kotlin.jvm.functions.Function21                                                 : loaded 2 times (x 72B)
Class kotlin.jvm.functions.Function22                                                 : loaded 2 times (x 72B)
Class kotlin.collections.MapWithDefault                                               : loaded 2 times (x 72B)
Class kotlin.coroutines.jvm.internal.SuspendLambda                                    : loaded 2 times (x 93B)
Class kotlin.coroutines.jvm.internal.ContinuationImpl                                 : loaded 2 times (x 89B)
Class kotlin.reflect.KTypeParameter                                                   : loaded 2 times (x 72B)
Class kotlin.text.StringsKt__RegexExtensionsJVMKt                                     : loaded 2 times (x 73B)
Class kotlin.collections.ArraysKt___ArraysJvmKt                                       : loaded 2 times (x 73B)
Class kotlin.collections.CollectionsKt__CollectionsKt                                 : loaded 2 times (x 73B)
Class com.google.common.collect.MapDifference                                         : loaded 2 times (x 72B)
Class kotlin.text.Regex$Companion                                                     : loaded 2 times (x 73B)
Class kotlin._Assertions                                                              : loaded 2 times (x 73B)
Class org.gradle.internal.classpath.TransformedClassPath                              : loaded 2 times (x 98B)
Class org.gradle.internal.classloader.InstrumentingClassLoader                        : loaded 2 times (x 72B)
Class kotlin.jvm.internal.FunctionReference                                           : loaded 2 times (x 124B)
Class [Lkotlin.coroutines.intrinsics.CoroutineSingletons;                             : loaded 2 times (x 71B)
Class kotlin.jvm.internal.FunctionBase                                                : loaded 2 times (x 72B)
Class kotlin.enums.EnumEntriesList                                                    : loaded 2 times (x 225B)
Class com.google.common.collect.Iterators$ArrayItr                                    : loaded 2 times (x 99B)
Class com.google.common.collect.ImmutableCollection$Builder                           : loaded 2 times (x 78B)
Class kotlin.collections.CollectionsKt__IteratorsJVMKt                                : loaded 2 times (x 73B)
Class com.google.common.base.Joiner                                                   : loaded 2 times (x 81B)
Class kotlin.reflect.KProperty0                                                       : loaded 2 times (x 72B)
Class kotlin.Result                                                                   : loaded 2 times (x 74B)
Class com.google.common.collect.UnmodifiableIterator                                  : loaded 2 times (x 82B)
Class org.gradle.internal.service.ServiceLocator                                      : loaded 2 times (x 72B)
Class jdk.internal.jrtfs.JrtFileSystemProvider                                        : loaded 2 times (x 103B)
Class kotlin.reflect.KClass                                                           : loaded 2 times (x 72B)
Class kotlin.reflect.KProperty1                                                       : loaded 2 times (x 72B)
Class kotlin.sequences.TransformingSequence$iterator$1                                : loaded 2 times (x 81B)
Class kotlin.Pair                                                                     : loaded 2 times (x 74B)
Class com.google.common.collect.Iterators$SingletonIterator                           : loaded 2 times (x 83B)
Class com.google.common.collect.AbstractMapEntry                                      : loaded 2 times (x 83B)
Class kotlin.reflect.KProperty2                                                       : loaded 2 times (x 72B)
Class kotlin.collections.CollectionsKt__MutableCollectionsKt                          : loaded 2 times (x 73B)
Class kotlin.io.CloseableKt                                                           : loaded 2 times (x 73B)
Class com.google.common.collect.AbstractMultimap                                      : loaded 2 times (x 125B)
Class kotlin.io.TerminateException                                                    : loaded 2 times (x 84B)
Class kotlin.io.FilesKt__FilePathComponentsKt                                         : loaded 2 times (x 73B)
Class kotlin.reflect.KCallable                                                        : loaded 2 times (x 72B)
Class kotlin.coroutines.CoroutineContext$Element                                      : loaded 2 times (x 72B)
Class com.google.common.collect.RegularImmutableAsList                                : loaded 2 times (x 219B)
Class kotlin.collections.AbstractIterator                                             : loaded 2 times (x 85B)
Class kotlin.text.CharsKt                                                             : loaded 2 times (x 73B)
Class com.google.common.collect.Iterators                                             : loaded 2 times (x 73B)
Class jdk.internal.jimage.ImageLocation                                               : loaded 2 times (x 92B)
Class kotlin.coroutines.ContinuationInterceptor$Key                                   : loaded 2 times (x 73B)
Class com.google.common.collect.Lists$StringAsImmutableList                           : loaded 2 times (x 209B)
Class kotlin.io.FileTreeWalk$FileTreeWalkIterator$WhenMappings                        : loaded 2 times (x 73B)
Class jdk.internal.jimage.ImageBufferCache$1                                          : loaded 2 times (x 84B)
Class kotlin.collections.MapsKt__MapsJVMKt                                            : loaded 2 times (x 73B)
Class kotlin.collections.EmptyList                                                    : loaded 2 times (x 176B)
Class org.gradle.internal.classloader.ClasspathUtil$1                                 : loaded 2 times (x 78B)
Class jdk.internal.jimage.ImageBufferCache$2                                          : loaded 2 times (x 93B)
Class kotlin.coroutines.ContinuationKt                                                : loaded 2 times (x 73B)
Class com.google.common.collect.BiMap                                                 : loaded 2 times (x 72B)
Class org.gradle.api.internal.classpath.DefaultModuleRegistry$DefaultModule           : loaded 2 times (x 88B)
Class kotlin.ResultKt                                                                 : loaded 2 times (x 73B)
Class com.google.common.collect.AbstractIterator                                      : loaded 2 times (x 84B)
Class kotlin.Result$Failure                                                           : loaded 2 times (x 74B)
Class kotlin.collections.ArraysKt__ArraysKt                                           : loaded 2 times (x 73B)
Class com.google.common.collect.AbstractIndexedListIterator                           : loaded 2 times (x 98B)
Class com.google.common.collect.ArrayListMultimapGwtSerializationDependencies         : loaded 2 times (x 173B)
Class com.google.common.collect.Multiset                                              : loaded 2 times (x 72B)
Class kotlin.collections.SetsKt__SetsJVMKt                                            : loaded 2 times (x 73B)
Class kotlin.Function                                                                 : loaded 2 times (x 72B)
Class org.gradle.api.internal.classpath.Module                                        : loaded 2 times (x 72B)
Class kotlin.reflect.KMutableProperty                                                 : loaded 2 times (x 72B)
Class kotlin.io.FileAlreadyExistsException                                            : loaded 2 times (x 84B)
Class org.gradle.api.internal.classpath.UnknownModuleException                        : loaded 2 times (x 84B)
Class jdk.internal.jimage.ImageHeader                                                 : loaded 2 times (x 73B)
Class kotlin.jvm.internal.PropertyReference                                           : loaded 2 times (x 117B)
Class [Lkotlin.reflect.KAnnotatedElement;                                             : loaded 2 times (x 71B)
Class org.gradle.api.internal.DefaultClassPathRegistry                                : loaded 2 times (x 78B)
Class kotlin.jvm.JvmClassMappingKt                                                    : loaded 2 times (x 73B)
Class kotlin.jvm.internal.Reflection                                                  : loaded 2 times (x 73B)
Class kotlin.reflect.KProperty                                                        : loaded 2 times (x 72B)
Class com.google.common.collect.Multimap                                              : loaded 2 times (x 72B)
Class org.gradle.api.internal.ClassPathRegistry                                       : loaded 2 times (x 72B)
Class org.gradle.internal.classpath.DefaultClassPath$ImmutableUniqueList              : loaded 2 times (x 201B)
Class kotlin.jvm.internal.TypeIntrinsics                                              : loaded 2 times (x 73B)
Class kotlin.text.StringsKt__StringsJVMKt                                             : loaded 2 times (x 73B)
Class kotlin.text.StringsKt__IndentKt                                                 : loaded 2 times (x 73B)
Class kotlin.collections.SetsKt                                                       : loaded 2 times (x 73B)
Class com.google.common.collect.SingletonImmutableList                                : loaded 2 times (x 209B)
Class org.gradle.internal.classpath.ClassPath                                         : loaded 2 times (x 72B)
Class kotlin.collections.ArrayDeque                                                   : loaded 2 times (x 209B)
Class kotlin.reflect.KFunction                                                        : loaded 2 times (x 72B)
Class com.google.common.collect.ImmutableList$ReverseImmutableList                    : loaded 2 times (x 211B)
Class com.google.common.base.JdkPattern                                               : loaded 2 times (x 77B)
Class [Lkotlin.reflect.KDeclarationContainer;                                         : loaded 2 times (x 71B)
Class kotlin.jvm.internal.Lambda                                                      : loaded 2 times (x 77B)
Class kotlin.collections.MapsKt__MapsKt                                               : loaded 2 times (x 73B)
Class jdk.internal.jimage.ImageStringsReader                                          : loaded 2 times (x 82B)
Class com.google.common.collect.Iterators$1                                           : loaded 2 times (x 83B)
Class kotlin.Metadata                                                                 : loaded 2 times (x 72B)
Class com.google.devtools.ksp.processing.KSPJvmConfig                                 : loaded 2 times (x 74B)
Class kotlin.UninitializedPropertyAccessException                                     : loaded 2 times (x 84B)
Class com.google.common.collect.ImmutableMap$IteratorBasedImmutableMap                : loaded 2 times (x 128B)
Class com.google.common.collect.SingletonImmutableSet                                 : loaded 2 times (x 148B)
Class jdk.internal.jimage.ImageReader                                                 : loaded 2 times (x 77B)
Class kotlin.reflect.KProperty$Getter                                                 : loaded 2 times (x 72B)
Class jdk.internal.jimage.ImageReader$SharedImageReader                               : loaded 2 times (x 97B)
Class kotlin.SafePublicationLazyImpl                                                  : loaded 2 times (x 78B)
Class com.google.common.collect.Iterators$4                                           : loaded 2 times (x 84B)
Class com.google.common.collect.AbstractListMultimap                                  : loaded 2 times (x 173B)
Class org.gradle.api.internal.classpath.ModuleRegistry                                : loaded 2 times (x 72B)
Class org.gradle.internal.installation.GradleInstallation$1                           : loaded 2 times (x 77B)
Class com.google.devtools.ksp.processing.KSPLogger                                    : loaded 2 times (x 72B)
Class com.google.common.collect.Iterators$5                                           : loaded 2 times (x 84B)
Class kotlin.coroutines.intrinsics.IntrinsicsKt__IntrinsicsKt                         : loaded 2 times (x 73B)
Class jdk.internal.jimage.ImageReader$Node                                            : loaded 2 times (x 86B)
Class kotlin.io.FilesKt__UtilsKt                                                      : loaded 2 times (x 73B)
Class kotlin.collections.CollectionsKt__CollectionsJVMKt                              : loaded 2 times (x 73B)
Class com.google.common.collect.ImmutableCollection                                   : loaded 2 times (x 127B)
Class org.gradle.api.internal.classpath.DefaultModuleRegistry                         : loaded 2 times (x 88B)
Class jdk.internal.jimage.BasicImageReader$1                                          : loaded 2 times (x 79B)
Class kotlin.sequences.SequencesKt                                                    : loaded 2 times (x 73B)
Class kotlin.collections.CollectionsKt__IteratorsKt                                   : loaded 2 times (x 73B)
Class com.google.common.collect.Lists                                                 : loaded 2 times (x 73B)
Class com.google.common.base.Converter                                                : loaded 2 times (x 92B)
Class com.google.common.collect.ImmutableSet$CachingAsList                            : loaded 2 times (x 150B)
Class kotlin.text.StringsKt                                                           : loaded 2 times (x 73B)
Class com.google.common.collect.Iterators$9                                           : loaded 2 times (x 83B)
Class com.google.common.collect.AbstractMapBasedMultimap                              : loaded 2 times (x 140B)
Class com.google.common.collect.ImmutableAsList                                       : loaded 2 times (x 211B)
Class kotlin.coroutines.jvm.internal.RestrictedContinuationImpl                       : loaded 2 times (x 89B)
Class kotlin.coroutines.CoroutineContext$Key                                          : loaded 2 times (x 72B)
Class kotlin.LazyKt__LazyJVMKt                                                        : loaded 2 times (x 73B)
Class jdk.internal.jimage.decompressor.Decompressor                                   : loaded 2 times (x 74B)
Class [Lkotlin.Pair;                                                                  : loaded 2 times (x 71B)
Class kotlin.jvm.internal.markers.KMutableList                                        : loaded 2 times (x 72B)
Class kotlin.io.FilesKt__FileReadWriteKt                                              : loaded 2 times (x 73B)
Class kotlin.text.StringsKt__StringNumberConversionsKt                                : loaded 2 times (x 73B)
Class com.google.common.collect.Maps$EntryTransformer                                 : loaded 2 times (x 72B)
Class org.gradle.internal.service.ServiceLookupException                              : loaded 2 times (x 84B)
Class kotlin.jvm.internal.MutablePropertyReference1Impl                               : loaded 2 times (x 139B)
Class org.gradle.internal.classloader.ClassLoaderFactory                              : loaded 2 times (x 72B)
Class com.google.common.base.CommonPattern                                            : loaded 2 times (x 76B)
Class org.gradle.internal.service.CachingServiceLocator                               : loaded 2 times (x 84B)
Class kotlin.jvm.internal.CallableReference                                           : loaded 2 times (x 108B)
Class kotlin.enums.EnumEntries                                                        : loaded 2 times (x 72B)
Class com.google.common.base.Function                                                 : loaded 2 times (x 72B)
Class com.google.common.collect.RegularImmutableList                                  : loaded 2 times (x 215B)
Class jdk.internal.jimage.ImageBufferCache                                            : loaded 2 times (x 73B)
Class jdk.internal.jrtfs.JrtPath                                                      : loaded 2 times (x 124B)
Class org.gradle.internal.classloader.ClasspathUtil                                   : loaded 2 times (x 73B)
Class kotlin.sequences.EmptySequence                                                  : loaded 2 times (x 80B)
Class kotlin.io.FileSystemException                                                   : loaded 2 times (x 84B)
Class kotlin.jvm.internal.PropertyReference1                                          : loaded 2 times (x 129B)
Class com.google.common.collect.Maps                                                  : loaded 2 times (x 73B)
Class org.gradle.api.specs.Spec                                                       : loaded 2 times (x 72B)
Class kotlin.jvm.internal.MutablePropertyReference                                    : loaded 2 times (x 121B)
Class kotlin.UnsafeLazyImpl                                                           : loaded 2 times (x 78B)
Class kotlin.LazyKt__LazyJVMKt$WhenMappings                                           : loaded 2 times (x 73B)
Class kotlin.LazyThreadSafetyMode                                                     : loaded 2 times (x 81B)
Class kotlin.collections.EmptyIterator                                                : loaded 2 times (x 91B)
Class kotlin.text.StringsKt__RegexExtensionsKt                                        : loaded 2 times (x 73B)
Class kotlin.SynchronizedLazyImpl                                                     : loaded 2 times (x 78B)
Class com.google.common.base.Platform                                                 : loaded 2 times (x 73B)
Class jdk.internal.jimage.ImageReader$Directory                                       : loaded 2 times (x 86B)
Class kotlin.io.FilePathComponents                                                    : loaded 2 times (x 74B)
Class kotlin.coroutines.jvm.internal.RestrictedSuspendLambda                          : loaded 2 times (x 93B)
Class kotlin.sequences.SequencesKt__SequencesJVMKt                                    : loaded 2 times (x 73B)
Class kotlin.collections.AbstractList                                                 : loaded 2 times (x 199B)
Class kotlin.collections.AbstractCollection                                           : loaded 2 times (x 119B)
Class com.google.devtools.ksp.processing.KspGradleLogger$Companion                    : loaded 2 times (x 73B)
Class com.google.common.collect.Maps$8                                                : loaded 2 times (x 84B)
Class kotlin.text.Regex                                                               : loaded 2 times (x 74B)
Class kotlin.sequences.SequencesKt__SequenceBuilderKt$sequence$$inlined$Sequence$1    : loaded 2 times (x 77B)
Class kotlin.text.StringsKt__StringBuilderJVMKt                                       : loaded 2 times (x 73B)
Class kotlin.LazyKt__LazyKt                                                           : loaded 2 times (x 73B)
Class kotlin.jvm.internal.ReflectionFactory                                           : loaded 2 times (x 93B)
Class kotlin.jvm.internal.Ref$ObjectRef                                               : loaded 2 times (x 74B)
Class kotlin.UNINITIALIZED_VALUE                                                      : loaded 2 times (x 73B)
Class org.gradle.internal.classloader.VisitableURLClassLoader$InstrumentingVisitableURLClassLoader: loaded 2 times (x 124B)
Class kotlin.jvm.internal.ClassBasedDeclarationContainer                              : loaded 2 times (x 72B)
Class kotlin.coroutines.Continuation                                                  : loaded 2 times (x 72B)
Class kotlin.ranges.RangesKt__RangesKt                                                : loaded 2 times (x 73B)
Class kotlin.sequences.SequencesKt__SequencesKt                                       : loaded 2 times (x 73B)
Class kotlin.collections.SetsKt___SetsKt                                              : loaded 2 times (x 73B)
Class org.gradle.internal.classloader.VisitableURLClassLoader$Spec                    : loaded 2 times (x 76B)
Class org.gradle.internal.classpath.DefaultClassPath                                  : loaded 2 times (x 92B)
Class kotlin.Result$Companion                                                         : loaded 2 times (x 73B)
Class kotlin.coroutines.jvm.internal.BaseContinuationImpl                             : loaded 2 times (x 89B)
Class kotlin.text.CharsKt__CharJVMKt                                                  : loaded 2 times (x 73B)
Class kotlin.sequences.FilteringSequence                                              : loaded 2 times (x 77B)
Class com.google.devtools.ksp.processing.KspGradleLogger                              : loaded 2 times (x 81B)
Class kotlin.reflect.KType                                                            : loaded 2 times (x 72B)
Class com.google.common.collect.ImmutableSet                                          : loaded 2 times (x 147B)
Class org.gradle.internal.classloader.ClassLoaderSpec                                 : loaded 2 times (x 73B)
Class kotlin.jvm.internal.FunctionReferenceImpl                                       : loaded 2 times (x 124B)
Class kotlin.collections.CollectionsKt___CollectionsJvmKt                             : loaded 2 times (x 73B)
Class kotlin.jdk7.AutoCloseableKt                                                     : loaded 2 times (x 73B)
Class kotlin.TuplesKt                                                                 : loaded 2 times (x 73B)
Class kotlin.jvm.internal.markers.KMutableIterable                                    : loaded 2 times (x 72B)
Class kotlin.sequences.SequencesKt___SequencesJvmKt                                   : loaded 2 times (x 73B)
Class kotlin.Unit                                                                     : loaded 2 times (x 73B)
Class kotlin.io.FileTreeWalk$DirectoryState                                           : loaded 2 times (x 75B)
Class kotlin.ranges.RangesKt                                                          : loaded 2 times (x 73B)
Class org.gradle.internal.classloader.VisitableURLClassLoader                         : loaded 2 times (x 118B)
Class kotlin.sequences.FlatteningSequence$iterator$1                                  : loaded 2 times (x 81B)
Class kotlin.collections.ArraysUtilJVM                                                : loaded 2 times (x 73B)
Class kotlin.jvm.functions.Function0                                                  : loaded 2 times (x 72B)
Class org.gradle.internal.Cast                                                        : loaded 2 times (x 73B)
Class org.gradle.api.Action                                                           : loaded 2 times (x 72B)
Class kotlin.collections.AbstractMutableList                                          : loaded 2 times (x 208B)
Class kotlin.jvm.functions.Function1                                                  : loaded 2 times (x 72B)
Class com.google.common.base.Strings                                                  : loaded 2 times (x 73B)
Class kotlin.jvm.functions.Function2                                                  : loaded 2 times (x 72B)
Class kotlin.KotlinNothingValueException                                              : loaded 2 times (x 84B)
Class com.google.devtools.ksp.processing.KSPConfig                                    : loaded 2 times (x 74B)
Class com.google.common.collect.ImmutableMap                                          : loaded 2 times (x 122B)
Class org.gradle.internal.classpath.DefaultClassPath$ImmutableUniqueList$Builder      : loaded 2 times (x 77B)
Class kotlin.io.FileTreeWalk$WalkState                                                : loaded 2 times (x 75B)
Class kotlin.jvm.functions.Function3                                                  : loaded 2 times (x 72B)
Class kotlin.collections.MapsKt___MapsJvmKt                                           : loaded 2 times (x 73B)
Class kotlin.jvm.functions.Function4                                                  : loaded 2 times (x 72B)
Class kotlin.annotation.Target                                                        : loaded 2 times (x 72B)
Class kotlin.collections.EmptySet                                                     : loaded 2 times (x 124B)
Class kotlin.collections.CollectionsKt___CollectionsKt                                : loaded 2 times (x 73B)
Class com.google.common.collect.ArrayListMultimap                                     : loaded 2 times (x 173B)
Class org.gradle.api.GradleException                                                  : loaded 2 times (x 84B)
Class jdk.internal.jimage.ImageStrings                                                : loaded 2 times (x 72B)
Class kotlin.jvm.functions.Function5                                                  : loaded 2 times (x 72B)
Class kotlin.annotation.Retention                                                     : loaded 2 times (x 72B)
Class kotlin.reflect.KDeclarationContainer                                            : loaded 2 times (x 72B)
Class kotlin.text.StringsKt___StringsJvmKt                                            : loaded 2 times (x 73B)
Class com.google.common.collect.CollectPreconditions                                  : loaded 2 times (x 73B)
Class kotlin.jvm.functions.Function6                                                  : loaded 2 times (x 72B)
Class kotlin.io.FilesKt                                                               : loaded 2 times (x 73B)
Class kotlin.collections.ArraysKt___ArraysKt                                          : loaded 2 times (x 73B)
Class kotlin.collections.MapsKt___MapsKt                                              : loaded 2 times (x 73B)
Class com.google.common.collect.SortedMapDifference                                   : loaded 2 times (x 72B)
Class kotlin.jvm.functions.Function7                                                  : loaded 2 times (x 72B)
Class kotlin.collections.MapsKt__MapWithDefaultKt                                     : loaded 2 times (x 73B)
Class kotlin.jvm.functions.Function8                                                  : loaded 2 times (x 72B)
Class kotlin.text.StringsKt___StringsKt                                               : loaded 2 times (x 73B)
Class kotlin.collections.CollectionsKt__MutableCollectionsJVMKt                       : loaded 2 times (x 73B)
Class kotlin.enums.EnumEntriesKt                                                      : loaded 2 times (x 73B)
Class org.gradle.internal.IoActions                                                   : loaded 2 times (x 73B)
Class kotlin.jvm.functions.Function10                                                 : loaded 2 times (x 72B)
Class kotlin.jvm.functions.Function9                                                  : loaded 2 times (x 72B)
Class [Lkotlin.reflect.KClassifier;                                                   : loaded 2 times (x 71B)
Class [Lkotlin.LazyThreadSafetyMode;                                                  : loaded 2 times (x 71B)
Class com.google.common.collect.ImmutableSet$RegularSetBuilderImpl                    : loaded 2 times (x 78B)
Class org.gradle.internal.classloader.SystemClassLoaderSpec                           : loaded 2 times (x 73B)
Class kotlin.jvm.functions.Function11                                                 : loaded 2 times (x 72B)
Class kotlin.reflect.KAnnotatedElement                                                : loaded 2 times (x 72B)
Class kotlin.jvm.internal.markers.KMutableCollection                                  : loaded 2 times (x 72B)
Class kotlin.coroutines.intrinsics.IntrinsicsKt                                       : loaded 2 times (x 73B)
Class kotlin.collections.EmptyMap                                                     : loaded 2 times (x 110B)
Class kotlin.jvm.internal.Intrinsics                                                  : loaded 2 times (x 73B)
Class jdk.internal.jrtfs.JrtFileSystem                                                : loaded 2 times (x 104B)
Class kotlin.jvm.functions.Function12                                                 : loaded 2 times (x 72B)
Class kotlin.io.FileTreeWalk$FileTreeWalkIterator$TopDownDirectoryState               : loaded 2 times (x 75B)
Class kotlin.coroutines.intrinsics.CoroutineSingletons                                : loaded 2 times (x 81B)
Class kotlin.collections.MapsKt                                                       : loaded 2 times (x 73B)
Class kotlin.collections.CollectionsKt__IterablesKt                                   : loaded 2 times (x 73B)
Class kotlin.jvm.functions.Function13                                                 : loaded 2 times (x 72B)
Class kotlin.sequences.SequenceBuilderIterator                                        : loaded 2 times (x 87B)
Class kotlin.text.Charsets                                                            : loaded 2 times (x 73B)
Class kotlin.KotlinNullPointerException                                               : loaded 2 times (x 84B)
Class kotlin.jvm.functions.Function14                                                 : loaded 2 times (x 72B)
Class kotlin.ranges.RangesKt___RangesKt                                               : loaded 2 times (x 73B)
Class kotlin.collections.ArrayDeque$Companion                                         : loaded 2 times (x 73B)
Class kotlin.jvm.functions.Function15                                                 : loaded 2 times (x 72B)
Class kotlin.coroutines.jvm.internal.Boxing                                           : loaded 2 times (x 73B)
Class kotlin.text.CharsKt__CharKt                                                     : loaded 2 times (x 73B)
Class kotlin.collections.ArraysKt                                                     : loaded 2 times (x 73B)
Class com.google.common.base.PatternCompiler                                          : loaded 2 times (x 72B)
Class com.google.common.base.Preconditions                                            : loaded 2 times (x 73B)
Class kotlin.jvm.functions.Function16                                                 : loaded 2 times (x 72B)
Class kotlin.coroutines.EmptyCoroutineContext                                         : loaded 2 times (x 79B)
Class kotlin.collections.SetsKt__SetsKt                                               : loaded 2 times (x 73B)
Class kotlin.LazyKt                                                                   : loaded 2 times (x 73B)
Class com.google.common.base.Joiner$1                                                 : loaded 2 times (x 82B)
Class com.google.common.collect.PeekingIterator                                       : loaded 2 times (x 72B)
Class kotlin.jvm.functions.Function17                                                 : loaded 2 times (x 72B)
Class kotlin.collections.ArraysKt__ArraysJVMKt                                        : loaded 2 times (x 73B)
Class com.google.common.base.Joiner$2                                                 : loaded 2 times (x 81B)
Class kotlin.jvm.functions.Function18                                                 : loaded 2 times (x 72B)
Class kotlin.jvm.internal.CallableReference$NoReceiver                                : loaded 2 times (x 73B)
Class kotlin.text.StringsKt__StringBuilderKt                                          : loaded 2 times (x 73B)
Class org.gradle.api.internal.classpath.GlobalCacheRootsProvider                      : loaded 2 times (x 72B)
Class kotlin.jvm.functions.Function19                                                 : loaded 2 times (x 72B)
Class kotlin.reflect.KMutableProperty$Setter                                          : loaded 2 times (x 72B)
Class kotlin.Lazy                                                                     : loaded 2 times (x 72B)
Class kotlin.NoWhenBranchMatchedException                                             : loaded 2 times (x 84B)
Class com.google.common.collect.Maps$BiMapConverter                                   : loaded 2 times (x 92B)
Class com.google.common.collect.ImmutableSet$Builder                                  : loaded 2 times (x 87B)
Class [Lkotlin.reflect.KProperty;                                                     : loaded 2 times (x 71B)
Class kotlin.jvm.internal.markers.KMappedMarker                                       : loaded 2 times (x 72B)
Class org.gradle.internal.installation.CurrentGradleInstallationLocator               : loaded 2 times (x 73B)
Class kotlin.coroutines.jvm.internal.SpillingKt                                       : loaded 2 times (x 73B)
Class [Lkotlin.io.FileWalkDirection;                                                  : loaded 2 times (x 71B)
Class com.google.common.collect.ImmutableList                                         : loaded 2 times (x 208B)
Class org.gradle.internal.service.DefaultServiceLocator                               : loaded 2 times (x 85B)
Class kotlin.reflect.KMutableProperty0                                                : loaded 2 times (x 72B)
Class kotlin.reflect.KClassifier                                                      : loaded 2 times (x 72B)
Class kotlin.io.FileTreeWalk                                                          : loaded 2 times (x 77B)
Class kotlin.coroutines.jvm.internal.SuspendFunction                                  : loaded 2 times (x 72B)
Class com.google.common.collect.ImmutableSet$SetBuilderImpl                           : loaded 2 times (x 78B)
Class org.gradle.internal.installation.CurrentGradleInstallation                      : loaded 2 times (x 75B)
Class kotlin.reflect.KMutableProperty1                                                : loaded 2 times (x 72B)
Class kotlin.coroutines.intrinsics.IntrinsicsKt__IntrinsicsJvmKt                      : loaded 2 times (x 73B)
Class kotlin.coroutines.jvm.internal.CoroutineStackFrame                              : loaded 2 times (x 72B)
Class com.google.common.collect.ImmutableList$SubList                                 : loaded 2 times (x 211B)
Class org.gradle.util.internal.GUtil                                                  : loaded 2 times (x 73B)
Class kotlin.reflect.KMutableProperty2                                                : loaded 2 times (x 72B)
Class kotlin.io.NoSuchFileException                                                   : loaded 2 times (x 84B)
Class kotlin.collections.CollectionsKt                                                : loaded 2 times (x 73B)
Class kotlin.coroutines.jvm.internal.DebugProbesKt                                    : loaded 2 times (x 73B)
Class kotlin.coroutines.CoroutineContext                                              : loaded 2 times (x 72B)
Class com.google.common.collect.Iterators$MergingIterator                             : loaded 2 times (x 83B)
Class com.google.common.collect.RegularImmutableSet                                   : loaded 2 times (x 150B)
Class org.gradle.internal.installation.GradleInstallation                             : loaded 2 times (x 77B)
Class kotlin.io.FileWalkDirection                                                     : loaded 2 times (x 81B)
Class kotlin.jvm.KotlinReflectionNotSupportedError                                    : loaded 2 times (x 84B)

---------------  S Y S T E M  ---------------

OS:
 Windows 11 , 64 bit Build 26100 (10.0.26100.8875)
OS uptime: 0 days 23:21 hours
Hyper-V role detected

CPU: total 12 (initial active 12) (6 cores per cpu, 2 threads per core) family 6 model 186 stepping 3 microcode 0x6134, cx8, cmov, fxsr, ht, mmx, 3dnowpref, sse, sse2, sse3, ssse3, sse4.1, sse4.2, popcnt, lzcnt, tsc, tscinvbit, avx, avx2, aes, erms, clmul, bmi1, bmi2, adx, sha, fma, vzeroupper, clflush, clflushopt, clwb, hv, serialize, rdtscp, rdpid, fsrm, gfni, f16c, cet_ibt, cet_ss
Processor Information for the first 12 processors :
  Max Mhz: 1300, Current Mhz: 1300, Mhz Limit: 1300

Memory: 4k page, system-wide physical 16068M (1314M free)
TotalPageFile size 20164M (AvailPageFile size 58M)
current process WorkingSet (physical memory assigned to process): 666M, peak: 667M
current process commit charge ("private bytes"): 701M, peak: 711M

vm_info: OpenJDK 64-Bit Server VM (25.0.2+-15348964-b329.117) for windows-amd64 JRE (25.0.2+-15348964-b329.117), built on 2026-05-05T18:25:19Z with MS VC++ 16.10 / 16.11 (VS2019)

END.
