#
# There is insufficient memory for the Java Runtime Environment to continue.
# Native memory allocation (malloc) failed to allocate 1362840 bytes. Error detail: Chunk::new
# Possible reasons:
#   The system is out of physical RAM or swap space
#   This process is running with CompressedOops enabled, and the Java Heap may be blocking the growth of the native heap
# Possible solutions:
#   Reduce memory load on the system
#   Increase physical memory or swap space
#   Check if swap backing store is full
#   Decrease Java heap size (-Xmx/-Xms)
#   Decrease number of Java threads
#   Decrease Java thread stack sizes (-Xss)
#   Set larger code cache with -XX:ReservedCodeCacheSize=
#   JVM is running with Zero Based Compressed Oops mode in which the Java heap is
#     placed in the first 32GB address space. The Java Heap base address is the
#     maximum limit for the native heap growth. Please use -XX:HeapBaseMinAddress
#     to set the Java Heap base and to place the Java Heap above 32GB virtual address.
# This output file may be truncated or incomplete.
#
#  Out of Memory Error (arena.cpp:186), pid=7484, tid=25636
#
# JRE version: OpenJDK Runtime Environment (25.0.2) (build 25.0.2+-15348964-b329.117)
# Java VM: OpenJDK 64-Bit Server VM (25.0.2+-15348964-b329.117, mixed mode, tiered, compressed oops, compressed class ptrs, g1 gc, windows-amd64)
# No core dump will be written. Minidumps are not enabled by default on client versions of Windows
#

---------------  S U M M A R Y ------------

Command Line: --add-opens=java.base/java.lang=ALL-UNNAMED --add-opens=java.base/java.lang.invoke=ALL-UNNAMED --add-opens=java.base/java.util=ALL-UNNAMED --add-opens=java.prefs/java.util.prefs=ALL-UNNAMED --add-exports=jdk.compiler/com.sun.tools.javac.api=ALL-UNNAMED --add-exports=jdk.compiler/com.sun.tools.javac.util=ALL-UNNAMED --add-opens=java.base/java.util=ALL-UNNAMED --add-opens=java.prefs/java.util.prefs=ALL-UNNAMED --add-opens=java.base/java.nio.charset=ALL-UNNAMED --add-opens=java.base/java.net=ALL-UNNAMED --add-opens=java.base/java.util.concurrent=ALL-UNNAMED --add-opens=java.base/java.util.concurrent.atomic=ALL-UNNAMED --add-opens=java.xml/javax.xml.namespace=ALL-UNNAMED --add-opens=java.base/java.time=ALL-UNNAMED --enable-native-access=ALL-UNNAMED -Xmx4g -Dfile.encoding=UTF-8 -Duser.country=IN -Duser.language=en -Duser.variant -javaagent:C:\Users\SIVA\.gradle\wrapper\dists\gradle-9.3.1-bin\23ovyewtku6u96viwx3xl3oks\gradle-9.3.1\lib\agents\gradle-instrumentation-agent-9.3.1.jar org.gradle.launcher.daemon.bootstrap.GradleDaemon 9.3.1

Host: 13th Gen Intel(R) Core(TM) i5-1334U, 12 cores, 15G,  Windows 11 , 64 bit Build 26100 (10.0.26100.8875)
Time: Mon Aug 10 22:02:53 2026 India Standard Time elapsed time: 260.782299 seconds (0d 0h 4m 20s)

---------------  T H R E A D  ---------------

Current thread (0x00000203d14b3db0):  JavaThread "C2 CompilerThread0" daemon [_thread_in_native, id=25636, stack(0x0000004981d00000,0x0000004981e00000) (1024K)]


Current CompileTask:
C2:260782 30158       4       org.gradle.internal.remote.internal.inet.SocketConnection$SocketOutputStream::writeWithNonBlockingRetry (52 bytes)

Stack: [0x0000004981d00000,0x0000004981e00000]
Native frames: (J=compiled Java code, j=interpreted, Vv=VM code, C=native code)
V  [jvm.dll+0x7bd439]  (no source info available)
V  [jvm.dll+0x78763d]  (no source info available)
V  [jvm.dll+0xa0c885]  (no source info available)
V  [jvm.dll+0xa0ef04]  (no source info available)
V  [jvm.dll+0xa0f603]  (no source info available)
V  [jvm.dll+0x309bf6]  (no source info available)
V  [jvm.dll+0x10ea69]  (no source info available)
V  [jvm.dll+0x10ed92]  (no source info available)
V  [jvm.dll+0x1a9837]  (no source info available)
V  [jvm.dll+0x3bec92]  (no source info available)
V  [jvm.dll+0x7c2cb7]  (no source info available)
V  [jvm.dll+0x2ce046]  (no source info available)
V  [jvm.dll+0x2cd221]  (no source info available)
V  [jvm.dll+0x242ffa]  (no source info available)
V  [jvm.dll+0x2dcc05]  (no source info available)
V  [jvm.dll+0x2dae06]  (no source info available)
V  [jvm.dll+0x49b59e]  (no source info available)
V  [jvm.dll+0x9ab9c8]  (no source info available)
V  [jvm.dll+0x7bb985]  (no source info available)
C  [ucrtbase.dll+0x2cd30]  (no source info available)
C  [KERNEL32.DLL+0x2e957]  (no source info available)
C  [ntdll.dll+0xaad6c]  (no source info available)

Lock stack of current Java thread (top to bottom):


---------------  P R O C E S S  ---------------

Threads class SMR info:
_java_thread_list=0x00000203d89be6b0, length=65, elements={
0x00000203b4d60f70, 0x00000203d1102830, 0x00000203d1105500, 0x00000203d14b0080,
0x00000203d14b1b80, 0x00000203d14b2340, 0x00000203d14b2b00, 0x00000203d14b32c0,
0x00000203d14b3db0, 0x00000203d1126ae0, 0x00000203d1807740, 0x00000203d808a1c0,
0x00000203d82332a0, 0x00000203d86ee6a0, 0x00000203d866f090, 0x00000203d8670030,
0x00000203d866f860, 0x00000203d1129350, 0x00000203da1f8f10, 0x00000203da1f9eb0,
0x00000203da1fcd90, 0x00000203da1fae50, 0x00000203da1fc5c0, 0x00000203da1fdd30,
0x00000203da1fe500, 0x00000203da200440, 0x00000203da1ffc70, 0x00000203da1fd560,
0x00000203d85fd7d0, 0x00000203d85ffee0, 0x00000203d86006b0, 0x00000203d8673eb0,
0x00000203db206b50, 0x00000203db2034a0, 0x00000203db209260, 0x00000203e1b8c830,
0x00000203e1b90e80, 0x00000203e1b91650, 0x00000203e1b8ef40, 0x00000203e1b96470,
0x00000203e1b954d0, 0x00000203e1b92dc0, 0x00000203e1b99350, 0x00000203e1b9a2f0,
0x00000203e1b96c40, 0x00000203e1b97410, 0x00000203e1b99b20, 0x00000203db3ce4f0,
0x00000203db3cecc0, 0x00000203db3cd550, 0x00000203db3d2370, 0x00000203db3d13d0,
0x00000203d7929310, 0x00000203d7926430, 0x00000203d792c9c0, 0x00000203d792ba20,
0x00000203da52c840, 0x00000203da52a900, 0x00000203ebb58350, 0x00000203ebb57b80,
0x00000203ebb55c40, 0x00000203ebb54ca0, 0x00000203ebb56410, 0x00000203da10dbc0,
0x00000203e1f815e0
}

Java Threads: ( => current thread )
  0x00000203b4d60f70 JavaThread "main"                              [_thread_blocked, id=16212, stack(0x0000004980e00000,0x0000004980f00000) (1024K)]
  0x00000203d1102830 JavaThread "Common-Cleaner"             daemon [_thread_blocked, id=25416, stack(0x0000004981600000,0x0000004981700000) (1024K)]
  0x00000203d1105500 JavaThread "Reference Handler"          daemon [_thread_blocked, id=24828, stack(0x0000004981700000,0x0000004981800000) (1024K)]
  0x00000203d14b0080 JavaThread "Finalizer"                  daemon [_thread_blocked, id=15684, stack(0x0000004981800000,0x0000004981900000) (1024K)]
  0x00000203d14b1b80 JavaThread "Signal Dispatcher"          daemon [_thread_blocked, id=17088, stack(0x0000004981900000,0x0000004981a00000) (1024K)]
  0x00000203d14b2340 JavaThread "Attach Listener"            daemon [_thread_blocked, id=20396, stack(0x0000004981a00000,0x0000004981b00000) (1024K)]
  0x00000203d14b2b00 JavaThread "Service Thread"             daemon [_thread_blocked, id=10772, stack(0x0000004981b00000,0x0000004981c00000) (1024K)]
  0x00000203d14b32c0 JavaThread "Monitor Deflation Thread"   daemon [_thread_blocked, id=27012, stack(0x0000004981c00000,0x0000004981d00000) (1024K)]
=>0x00000203d14b3db0 JavaThread "C2 CompilerThread0"         daemon [_thread_in_native, id=25636, stack(0x0000004981d00000,0x0000004981e00000) (1024K)]
  0x00000203d1126ae0 JavaThread "C1 CompilerThread0"         daemon [_thread_blocked, id=27888, stack(0x0000004981e00000,0x0000004981f00000) (1024K)]
  0x00000203d1807740 JavaThread "Notification Thread"        daemon [_thread_blocked, id=17968, stack(0x0000004981f00000,0x0000004982000000) (1024K)]
  0x00000203d808a1c0 JavaThread "Daemon health stats"               [_thread_blocked, id=11120, stack(0x0000004982700000,0x0000004982800000) (1024K)]
  0x00000203d82332a0 JavaThread "Incoming local TCP Connector on port 14673"        [_thread_in_native, id=15376, stack(0x0000004982800000,0x0000004982900000) (1024K)]
  0x00000203d86ee6a0 JavaThread "Daemon periodic checks"            [_thread_blocked, id=29284, stack(0x0000004982900000,0x0000004982a00000) (1024K)]
  0x00000203d866f090 JavaThread "Cache worker for journal cache (C:\Users\SIVA\.gradle\caches\journal-1)"        [_thread_blocked, id=28460, stack(0x0000004982000000,0x0000004982100000) (1024K)]
  0x00000203d8670030 JavaThread "File lock request listener"        [_thread_in_native, id=22656, stack(0x0000004982100000,0x0000004982200000) (1024K)]
  0x00000203d866f860 JavaThread "Cache worker for file hash cache (C:\Users\SIVA\.gradle\caches\9.3.1\fileHashes)"        [_thread_blocked, id=22056, stack(0x0000004983700000,0x0000004983800000) (1024K)]
  0x00000203d1129350 JavaThread "File watcher server"        daemon [_thread_in_native, id=28532, stack(0x0000004983b00000,0x0000004983c00000) (1024K)]
  0x00000203da1f8f10 JavaThread "File watcher consumer"      daemon [_thread_blocked, id=12780, stack(0x0000004983c00000,0x0000004983d00000) (1024K)]
  0x00000203da1f9eb0 JavaThread "jar transforms"                    [_thread_blocked, id=9420, stack(0x0000004983d00000,0x0000004983e00000) (1024K)]
  0x00000203da1fcd90 JavaThread "jar transforms Thread 2"           [_thread_blocked, id=11320, stack(0x0000004983e00000,0x0000004983f00000) (1024K)]
  0x00000203da1fae50 JavaThread "jar transforms Thread 3"           [_thread_blocked, id=4444, stack(0x0000004983f00000,0x0000004984000000) (1024K)]
  0x00000203da1fc5c0 JavaThread "jar transforms Thread 4"           [_thread_blocked, id=9992, stack(0x0000004984000000,0x0000004984100000) (1024K)]
  0x00000203da1fdd30 JavaThread "jar transforms Thread 5"           [_thread_blocked, id=21816, stack(0x0000004984100000,0x0000004984200000) (1024K)]
  0x00000203da1fe500 JavaThread "jar transforms Thread 6"           [_thread_blocked, id=28548, stack(0x0000004984200000,0x0000004984300000) (1024K)]
  0x00000203da200440 JavaThread "jar transforms Thread 7"           [_thread_blocked, id=12912, stack(0x0000004984300000,0x0000004984400000) (1024K)]
  0x00000203da1ffc70 JavaThread "jar transforms Thread 8"           [_thread_blocked, id=23820, stack(0x0000004984400000,0x0000004984500000) (1024K)]
  0x00000203da1fd560 JavaThread "jar transforms Thread 9"           [_thread_blocked, id=28868, stack(0x0000004984500000,0x0000004984600000) (1024K)]
  0x00000203d85fd7d0 JavaThread "jar transforms Thread 10"          [_thread_blocked, id=17228, stack(0x0000004984600000,0x0000004984700000) (1024K)]
  0x00000203d85ffee0 JavaThread "jar transforms Thread 11"          [_thread_blocked, id=21824, stack(0x0000004984700000,0x0000004984800000) (1024K)]
  0x00000203d86006b0 JavaThread "jar transforms Thread 12"          [_thread_blocked, id=14660, stack(0x0000004984800000,0x0000004984900000) (1024K)]
  0x00000203d8673eb0 JavaThread "Cache worker for file content cache (C:\Users\SIVA\.gradle\caches\9.3.1\fileContent)"        [_thread_blocked, id=22388, stack(0x0000004984b00000,0x0000004984c00000) (1024K)]
  0x00000203db206b50 JavaThread "Memory manager"                    [_thread_blocked, id=26176, stack(0x0000004980b00000,0x0000004980c00000) (1024K)]
  0x00000203db2034a0 JavaThread "Daemon Thread 4"                   [_thread_blocked, id=20904, stack(0x0000004980c00000,0x0000004980d00000) (1024K)]
  0x00000203db209260 JavaThread "Handler for socket connection from /127.0.0.1:14673 to /127.0.0.1:14725"        [_thread_in_native, id=15544, stack(0x0000004982b00000,0x0000004982c00000) (1024K)]
  0x00000203e1b8c830 JavaThread "Cancel handler"                    [_thread_blocked, id=28692, stack(0x0000004983200000,0x0000004983300000) (1024K)]
  0x00000203e1b90e80 JavaThread "Daemon worker Thread 3"            [_thread_in_native, id=26100, stack(0x0000004983300000,0x0000004983400000) (1024K)]
  0x00000203e1b91650 JavaThread "Asynchronous log dispatcher for DefaultDaemonConnection: socket connection from /127.0.0.1:14673 to /127.0.0.1:14725"        [_thread_blocked, id=26712, stack(0x0000004983400000,0x0000004983500000) (1024K)]
  0x00000203e1b8ef40 JavaThread "Stdin handler"                     [_thread_blocked, id=21184, stack(0x0000004983500000,0x0000004983600000) (1024K)]
  0x00000203e1b96470 JavaThread "Daemon client event forwarder"        [_thread_blocked, id=28396, stack(0x0000004983600000,0x0000004983700000) (1024K)]
  0x00000203e1b954d0 JavaThread "Cache worker for file hash cache (C:\Users\SIVA\Downloads\palm\.gradle\9.3.1\fileHashes)"        [_thread_blocked, id=18360, stack(0x0000004983800000,0x0000004983900000) (1024K)]
  0x00000203e1b92dc0 JavaThread "Cache worker for Build Output Cleanup Cache (C:\Users\SIVA\Downloads\palm\.gradle\buildOutputCleanup)"        [_thread_blocked, id=24088, stack(0x0000004983900000,0x0000004983a00000) (1024K)]
  0x00000203e1b99350 JavaThread "Cache worker for checksums cache (C:\Users\SIVA\Downloads\palm\.gradle\9.3.1\checksums)"        [_thread_blocked, id=20988, stack(0x0000004984900000,0x0000004984a00000) (1024K)]
  0x00000203e1b9a2f0 JavaThread "Cache worker for cache directory md-supplier (C:\Users\SIVA\.gradle\caches\9.3.1\md-supplier)"        [_thread_blocked, id=16084, stack(0x0000004984a00000,0x0000004984b00000) (1024K)]
  0x00000203e1b96c40 JavaThread "Cache worker for cache directory md-rule (C:\Users\SIVA\.gradle\caches\9.3.1\md-rule)"        [_thread_blocked, id=23576, stack(0x0000004984c00000,0x0000004984d00000) (1024K)]
  0x00000203e1b97410 JavaThread "Unconstrained build operations"        [_thread_blocked, id=21120, stack(0x0000004984d00000,0x0000004984e00000) (1024K)]
  0x00000203e1b99b20 JavaThread "Unconstrained build operations Thread 2"        [_thread_blocked, id=28688, stack(0x0000004984e00000,0x0000004984f00000) (1024K)]
  0x00000203db3ce4f0 JavaThread "Unconstrained build operations Thread 3"        [_thread_blocked, id=26448, stack(0x0000004984f00000,0x0000004985000000) (1024K)]
  0x00000203db3cecc0 JavaThread "Unconstrained build operations Thread 4"        [_thread_blocked, id=21216, stack(0x0000004985000000,0x0000004985100000) (1024K)]
  0x00000203db3cd550 JavaThread "Unconstrained build operations Thread 5"        [_thread_blocked, id=5660, stack(0x0000004985100000,0x0000004985200000) (1024K)]
  0x00000203db3d2370 JavaThread "Unconstrained build operations Thread 6"        [_thread_blocked, id=15456, stack(0x0000004985200000,0x0000004985300000) (1024K)]
  0x00000203db3d13d0 JavaThread "Unconstrained build operations Thread 7"        [_thread_blocked, id=28856, stack(0x0000004985300000,0x0000004985400000) (1024K)]
  0x00000203d7929310 JavaThread "Unconstrained build operations Thread 8"        [_thread_blocked, id=21372, stack(0x0000004985500000,0x0000004985600000) (1024K)]
  0x00000203d7926430 JavaThread "Unconstrained build operations Thread 9"        [_thread_blocked, id=992, stack(0x0000004985700000,0x0000004985800000) (1024K)]
  0x00000203d792c9c0 JavaThread "Unconstrained build operations Thread 10"        [_thread_blocked, id=20672, stack(0x0000004985800000,0x0000004985900000) (1024K)]
  0x00000203d792ba20 JavaThread "Unconstrained build operations Thread 11"        [_thread_blocked, id=24304, stack(0x0000004985900000,0x0000004985a00000) (1024K)]
  0x00000203da52c840 JavaThread "Unconstrained build operations Thread 12"        [_thread_blocked, id=18472, stack(0x0000004985a00000,0x0000004985b00000) (1024K)]
  0x00000203da52a900 JavaThread "Unconstrained build operations Thread 13"        [_thread_blocked, id=17224, stack(0x0000004985b00000,0x0000004985c00000) (1024K)]
  0x00000203ebb58350 JavaThread "included builds"                   [_thread_blocked, id=644, stack(0x0000004985400000,0x0000004985500000) (1024K)]
  0x00000203ebb57b80 JavaThread "Execution worker"                  [_thread_blocked, id=27800, stack(0x0000004985c00000,0x0000004985d00000) (1024K)]
  0x00000203ebb55c40 JavaThread "Execution worker Thread 2"         [_thread_blocked, id=17576, stack(0x0000004985d00000,0x0000004985e00000) (1024K)]
  0x00000203ebb54ca0 JavaThread "Execution worker Thread 3"         [_thread_blocked, id=22580, stack(0x0000004985e00000,0x0000004985f00000) (1024K)]
  0x00000203ebb56410 JavaThread "Cache worker for execution history cache (C:\Users\SIVA\Downloads\palm\.gradle\9.3.1\executionHistory)"        [_thread_blocked, id=11060, stack(0x0000004985f00000,0x0000004986000000) (1024K)]
  0x00000203da10dbc0 JavaThread "idea-tooling-model-converter"        [_thread_blocked, id=25856, stack(0x0000004986000000,0x0000004986100000) (1024K)]
  0x00000203e1f815e0 JavaThread "Unconstrained build operations Thread 14"        [_thread_blocked, id=15408, stack(0x0000004983a00000,0x0000004983b00000) (1024K)]
Total: 65

Other Threads:
  0x00000203d10d9de0 VMThread "VM Thread"                           [id=25280, stack(0x0000004981500000,0x0000004981600000) (1024K)]
  0x00000203d109dba0 WatcherThread "VM Periodic Task Thread"        [id=29016, stack(0x0000004981400000,0x0000004981500000) (1024K)]
  0x00000203b4dc8f60 WorkerThread "GC Thread#0"                     [id=27680, stack(0x0000004980f00000,0x0000004981000000) (1024K)]
  0x00000203d6ce8a20 WorkerThread "GC Thread#1"                     [id=14280, stack(0x0000004982200000,0x0000004982300000) (1024K)]
  0x00000203d6ce8e50 WorkerThread "GC Thread#2"                     [id=28936, stack(0x0000004982300000,0x0000004982400000) (1024K)]
  0x00000203d6ce9280 WorkerThread "GC Thread#3"                     [id=18740, stack(0x0000004982400000,0x0000004982500000) (1024K)]
  0x00000203d6ce96b0 WorkerThread "GC Thread#4"                     [id=20476, stack(0x0000004982500000,0x0000004982600000) (1024K)]
  0x00000203d6b509b0 WorkerThread "GC Thread#5"                     [id=27896, stack(0x0000004982600000,0x0000004982700000) (1024K)]
  0x00000203d6eb7d60 WorkerThread "GC Thread#6"                     [id=22896, stack(0x0000004982c00000,0x0000004982d00000) (1024K)]
  0x00000203d6eb81b0 WorkerThread "GC Thread#7"                     [id=16312, stack(0x0000004982d00000,0x0000004982e00000) (1024K)]
  0x00000203d6eba430 WorkerThread "GC Thread#8"                     [id=1008, stack(0x0000004982e00000,0x0000004982f00000) (1024K)]
  0x00000203d6eb8a50 WorkerThread "GC Thread#9"                     [id=1996, stack(0x0000004982f00000,0x0000004983000000) (1024K)]
  0x00000203b4de2030 ConcurrentGCThread "G1 Main Marker"            [id=22984, stack(0x0000004981000000,0x0000004981100000) (1024K)]
  0x00000203b4de3ab0 WorkerThread "G1 Conc#0"                       [id=20344, stack(0x0000004981100000,0x0000004981200000) (1024K)]
  0x00000203d6eb9b90 WorkerThread "G1 Conc#1"                       [id=23716, stack(0x0000004983000000,0x0000004983100000) (1024K)]
  0x00000203d6eb8ea0 WorkerThread "G1 Conc#2"                       [id=26336, stack(0x0000004983100000,0x0000004983200000) (1024K)]
  0x00000203d0f66090 ConcurrentGCThread "G1 Refine#0"               [id=27640, stack(0x0000004981200000,0x0000004981300000) (1024K)]
  0x00000203d0f696c0 ConcurrentGCThread "G1 Service"                [id=10332, stack(0x0000004981300000,0x0000004981400000) (1024K)]
Total: 18

Threads with active compile tasks:
C2 CompilerThread0  260848 30158       4       org.gradle.internal.remote.internal.inet.SocketConnection$SocketOutputStream::writeWithNonBlockingRetry (52 bytes)
Total: 1

VM state: not at safepoint (normal execution)

VM Mutex/Monitor currently owned by a thread: None

Heap address: 0x0000000700000000, size: 4096 MB, Compressed Oops mode: Zero based, Oop shift amount: 3

CDS archive(s) not mapped
Compressed class space mapped at: 0x000000003b000000-0x000000007b000000, reserved size: 1073741824
UseCompressedClassPointers 1, UseCompactObjectHeaders 0
Narrow klass pointer bits 32, Max shift 3
Narrow klass base: 0x0000000000000000, Narrow klass shift: 0
Encoding Range: [0x0000000000000000 - 0x0000000100000000), (4294967296 bytes)
Klass Range:    [0x000000003b000000 - 0x000000007b000000), (1073741824 bytes)
Klass ID Range:  [989855744 - 2063597561) (1073741817)
No protection zone.

GC Precious Log:
 CardTable entry size: 512
 Card Set container configuration: InlinePtr #cards 4 size 8 Array Of Cards #cards 16 size 48 Howl #buckets 8 coarsen threshold 3686 Howl Bitmap #cards 512 size 80 coarsen threshold 460 Card regions per heap region 1 cards per card region 4096
 CPUs: 12 total, 12 available
 Memory: 16068M
 Large Page Support: Disabled
 NUMA Support: Disabled
 Compressed Oops: Enabled (Zero based)
 Heap Region Size: 2M
 Heap Min Capacity: 8M
 Heap Initial Capacity: 252M
 Heap Max Capacity: 4G
 Pre-touch: Disabled
 Parallel Workers: 10
 Concurrent Workers: 3
 Concurrent Refinement Workers: 10
 Periodic GC: Disabled

Heap:
 garbage-first heap   total reserved 4194304K, committed 483328K, used 366110K [0x0000000700000000, 0x0000000800000000)
  region size 2048K, 55 young (112640K), 5 survivors (10240K)

Heap Regions: E=young(eden), S=young(survivor), O=old, HS=humongous(starts), HC=humongous(continues), CS=collection set, F=free, TAMS=top-at-mark-start, PB=parsable bottom
|   0|0x0000000700000000, 0x0000000700200000, 0x0000000700200000|100%|HS|  |TAMS 0x0000000700000000| PB 0x0000000700000000| Complete |  0
|   1|0x0000000700200000, 0x0000000700400000, 0x0000000700400000|100%|HC|  |TAMS 0x0000000700200000| PB 0x0000000700200000| Complete |  0
|   2|0x0000000700400000, 0x0000000700600000, 0x0000000700600000|100%| O|  |TAMS 0x0000000700400000| PB 0x0000000700400000| Untracked |  0
|   3|0x0000000700600000, 0x0000000700800000, 0x0000000700800000|100%| O|  |TAMS 0x0000000700600000| PB 0x0000000700600000| Untracked |  0
|   4|0x0000000700800000, 0x0000000700a00000, 0x0000000700a00000|100%| O|  |TAMS 0x0000000700800000| PB 0x0000000700800000| Untracked |  0
|   5|0x0000000700a00000, 0x0000000700c00000, 0x0000000700c00000|100%| O|  |TAMS 0x0000000700a00000| PB 0x0000000700a00000| Untracked |  0
|   6|0x0000000700c00000, 0x0000000700e00000, 0x0000000700e00000|100%| O|  |TAMS 0x0000000700c00000| PB 0x0000000700c00000| Untracked |  0
|   7|0x0000000700e00000, 0x0000000701000000, 0x0000000701000000|100%|HS|  |TAMS 0x0000000700e00000| PB 0x0000000700e00000| Complete |  0
|   8|0x0000000701000000, 0x0000000701200000, 0x0000000701200000|100%|HC|  |TAMS 0x0000000701000000| PB 0x0000000701000000| Complete |  0
|   9|0x0000000701200000, 0x0000000701400000, 0x0000000701400000|100%|HC|  |TAMS 0x0000000701200000| PB 0x0000000701200000| Complete |  0
|  10|0x0000000701400000, 0x0000000701600000, 0x0000000701600000|100%|HS|  |TAMS 0x0000000701400000| PB 0x0000000701400000| Complete |  0
|  11|0x0000000701600000, 0x0000000701800000, 0x0000000701800000|100%|HC|  |TAMS 0x0000000701600000| PB 0x0000000701600000| Complete |  0
|  12|0x0000000701800000, 0x0000000701a00000, 0x0000000701a00000|100%|HC|  |TAMS 0x0000000701800000| PB 0x0000000701800000| Complete |  0
|  13|0x0000000701a00000, 0x0000000701c00000, 0x0000000701c00000|100%| O|  |TAMS 0x0000000701a00000| PB 0x0000000701a00000| Untracked |  0
|  14|0x0000000701c00000, 0x0000000701e00000, 0x0000000701e00000|100%| O|  |TAMS 0x0000000701c00000| PB 0x0000000701c00000| Untracked |  0
|  15|0x0000000701e00000, 0x0000000702000000, 0x0000000702000000|100%| O|  |TAMS 0x0000000701e00000| PB 0x0000000701e00000| Untracked |  0
|  16|0x0000000702000000, 0x0000000702200000, 0x0000000702200000|100%| O|  |TAMS 0x0000000702000000| PB 0x0000000702000000| Untracked |  0
|  17|0x0000000702200000, 0x0000000702400000, 0x0000000702400000|100%| O|  |TAMS 0x0000000702200000| PB 0x0000000702200000| Untracked |  0
|  18|0x0000000702400000, 0x0000000702600000, 0x0000000702600000|100%| O|  |TAMS 0x0000000702400000| PB 0x0000000702400000| Untracked |  0
|  19|0x0000000702600000, 0x0000000702800000, 0x0000000702800000|100%| O|  |TAMS 0x0000000702600000| PB 0x0000000702600000| Untracked |  0
|  20|0x0000000702800000, 0x0000000702a00000, 0x0000000702a00000|100%| O|  |TAMS 0x0000000702800000| PB 0x0000000702800000| Untracked |  0
|  21|0x0000000702a00000, 0x0000000702c00000, 0x0000000702c00000|100%| O|  |TAMS 0x0000000702a00000| PB 0x0000000702a00000| Untracked |  0
|  22|0x0000000702c00000, 0x0000000702e00000, 0x0000000702e00000|100%| O|  |TAMS 0x0000000702c00000| PB 0x0000000702c00000| Untracked |  0
|  23|0x0000000702e00000, 0x0000000703000000, 0x0000000703000000|100%| O|  |TAMS 0x0000000702e00000| PB 0x0000000702e00000| Untracked |  0
|  24|0x0000000703000000, 0x0000000703200000, 0x0000000703200000|100%| O|  |TAMS 0x0000000703000000| PB 0x0000000703000000| Untracked |  0
|  25|0x0000000703200000, 0x0000000703400000, 0x0000000703400000|100%| O|  |TAMS 0x0000000703200000| PB 0x0000000703200000| Untracked |  0
|  26|0x0000000703400000, 0x0000000703600000, 0x0000000703600000|100%| O|Cm|TAMS 0x0000000703400000| PB 0x0000000703400000| Complete |  0
|  27|0x0000000703600000, 0x0000000703800000, 0x0000000703800000|100%| O|  |TAMS 0x0000000703600000| PB 0x0000000703600000| Untracked |  0
|  28|0x0000000703800000, 0x0000000703a00000, 0x0000000703a00000|100%| O|  |TAMS 0x0000000703800000| PB 0x0000000703800000| Untracked |  0
|  29|0x0000000703a00000, 0x0000000703c00000, 0x0000000703c00000|100%| O|  |TAMS 0x0000000703a00000| PB 0x0000000703a00000| Untracked |  0
|  30|0x0000000703c00000, 0x0000000703e00000, 0x0000000703e00000|100%| O|  |TAMS 0x0000000703c00000| PB 0x0000000703c00000| Untracked |  0
|  31|0x0000000703e00000, 0x0000000704000000, 0x0000000704000000|100%| O|  |TAMS 0x0000000703e00000| PB 0x0000000703e00000| Untracked |  0
|  32|0x0000000704000000, 0x0000000704200000, 0x0000000704200000|100%| O|  |TAMS 0x0000000704000000| PB 0x0000000704000000| Untracked |  0
|  33|0x0000000704200000, 0x0000000704400000, 0x0000000704400000|100%| O|  |TAMS 0x0000000704200000| PB 0x0000000704200000| Untracked |  0
|  34|0x0000000704400000, 0x0000000704600000, 0x0000000704600000|100%| O|  |TAMS 0x0000000704400000| PB 0x0000000704400000| Untracked |  0
|  35|0x0000000704600000, 0x0000000704800000, 0x0000000704800000|100%| O|  |TAMS 0x0000000704600000| PB 0x0000000704600000| Untracked |  0
|  36|0x0000000704800000, 0x0000000704a00000, 0x0000000704a00000|100%| O|  |TAMS 0x0000000704800000| PB 0x0000000704800000| Untracked |  0
|  37|0x0000000704a00000, 0x0000000704c00000, 0x0000000704c00000|100%| O|  |TAMS 0x0000000704a00000| PB 0x0000000704a00000| Untracked |  0
|  38|0x0000000704c00000, 0x0000000704e00000, 0x0000000704e00000|100%| O|  |TAMS 0x0000000704c00000| PB 0x0000000704c00000| Untracked |  0
|  39|0x0000000704e00000, 0x0000000705000000, 0x0000000705000000|100%| O|  |TAMS 0x0000000704e00000| PB 0x0000000704e00000| Untracked |  0
|  40|0x0000000705000000, 0x0000000705200000, 0x0000000705200000|100%| O|  |TAMS 0x0000000705000000| PB 0x0000000705000000| Untracked |  0
|  41|0x0000000705200000, 0x0000000705400000, 0x0000000705400000|100%| O|  |TAMS 0x0000000705200000| PB 0x0000000705200000| Untracked |  0
|  42|0x0000000705400000, 0x0000000705600000, 0x0000000705600000|100%| O|  |TAMS 0x0000000705400000| PB 0x0000000705400000| Untracked |  0
|  43|0x0000000705600000, 0x0000000705800000, 0x0000000705800000|100%| O|  |TAMS 0x0000000705600000| PB 0x0000000705600000| Untracked |  0
|  44|0x0000000705800000, 0x0000000705a00000, 0x0000000705a00000|100%| O|  |TAMS 0x0000000705800000| PB 0x0000000705800000| Untracked |  0
|  45|0x0000000705a00000, 0x0000000705c00000, 0x0000000705c00000|100%| O|  |TAMS 0x0000000705a00000| PB 0x0000000705a00000| Untracked |  0
|  46|0x0000000705c00000, 0x0000000705e00000, 0x0000000705e00000|100%| O|  |TAMS 0x0000000705c00000| PB 0x0000000705c00000| Untracked |  0
|  47|0x0000000705e00000, 0x0000000706000000, 0x0000000706000000|100%| O|Cm|TAMS 0x0000000705e00000| PB 0x0000000705e00000| Complete |  0
|  48|0x0000000706000000, 0x0000000706200000, 0x0000000706200000|100%|HS|  |TAMS 0x0000000706000000| PB 0x0000000706000000| Complete |  0
|  49|0x0000000706200000, 0x0000000706400000, 0x0000000706400000|100%| O|  |TAMS 0x0000000706200000| PB 0x0000000706200000| Untracked |  0
|  50|0x0000000706400000, 0x0000000706600000, 0x0000000706600000|100%| O|  |TAMS 0x0000000706400000| PB 0x0000000706400000| Untracked |  0
|  51|0x0000000706600000, 0x0000000706800000, 0x0000000706800000|100%| O|Cm|TAMS 0x0000000706600000| PB 0x0000000706600000| Complete |  0
|  52|0x0000000706800000, 0x0000000706a00000, 0x0000000706a00000|100%| O|  |TAMS 0x0000000706800000| PB 0x0000000706800000| Untracked |  0
|  53|0x0000000706a00000, 0x0000000706c00000, 0x0000000706c00000|100%| O|  |TAMS 0x0000000706a00000| PB 0x0000000706a00000| Untracked |  0
|  54|0x0000000706c00000, 0x0000000706e00000, 0x0000000706e00000|100%| O|  |TAMS 0x0000000706c00000| PB 0x0000000706c00000| Untracked |  0
|  55|0x0000000706e00000, 0x0000000707000000, 0x0000000707000000|100%| O|  |TAMS 0x0000000706e00000| PB 0x0000000706e00000| Untracked |  0
|  56|0x0000000707000000, 0x0000000707200000, 0x0000000707200000|100%| O|  |TAMS 0x0000000707000000| PB 0x0000000707000000| Untracked |  0
|  57|0x0000000707200000, 0x0000000707400000, 0x0000000707400000|100%| O|  |TAMS 0x0000000707200000| PB 0x0000000707200000| Untracked |  0
|  58|0x0000000707400000, 0x0000000707600000, 0x0000000707600000|100%| O|  |TAMS 0x0000000707400000| PB 0x0000000707400000| Untracked |  0
|  59|0x0000000707600000, 0x0000000707800000, 0x0000000707800000|100%| O|  |TAMS 0x0000000707600000| PB 0x0000000707600000| Untracked |  0
|  60|0x0000000707800000, 0x0000000707a00000, 0x0000000707a00000|100%| O|  |TAMS 0x0000000707800000| PB 0x0000000707800000| Untracked |  0
|  61|0x0000000707a00000, 0x0000000707c00000, 0x0000000707c00000|100%| O|  |TAMS 0x0000000707a00000| PB 0x0000000707a00000| Untracked |  0
|  62|0x0000000707c00000, 0x0000000707e00000, 0x0000000707e00000|100%| O|  |TAMS 0x0000000707c00000| PB 0x0000000707c00000| Untracked |  0
|  63|0x0000000707e00000, 0x0000000708000000, 0x0000000708000000|100%| O|  |TAMS 0x0000000707e00000| PB 0x0000000707e00000| Untracked |  0
|  64|0x0000000708000000, 0x0000000708200000, 0x0000000708200000|100%| O|  |TAMS 0x0000000708000000| PB 0x0000000708000000| Untracked |  0
|  65|0x0000000708200000, 0x0000000708400000, 0x0000000708400000|100%| O|  |TAMS 0x0000000708200000| PB 0x0000000708200000| Untracked |  0
|  66|0x0000000708400000, 0x0000000708600000, 0x0000000708600000|100%| O|  |TAMS 0x0000000708400000| PB 0x0000000708400000| Untracked |  0
|  67|0x0000000708600000, 0x0000000708800000, 0x0000000708800000|100%| O|  |TAMS 0x0000000708600000| PB 0x0000000708600000| Untracked |  0
|  68|0x0000000708800000, 0x0000000708a00000, 0x0000000708a00000|100%| O|  |TAMS 0x0000000708800000| PB 0x0000000708800000| Untracked |  0
|  69|0x0000000708a00000, 0x0000000708c00000, 0x0000000708c00000|100%| O|  |TAMS 0x0000000708a00000| PB 0x0000000708a00000| Untracked |  0
|  70|0x0000000708c00000, 0x0000000708e00000, 0x0000000708e00000|100%| O|  |TAMS 0x0000000708c00000| PB 0x0000000708c00000| Untracked |  0
|  71|0x0000000708e00000, 0x0000000709000000, 0x0000000709000000|100%| O|  |TAMS 0x0000000708e00000| PB 0x0000000708e00000| Untracked |  0
|  72|0x0000000709000000, 0x0000000709200000, 0x0000000709200000|100%| O|  |TAMS 0x0000000709000000| PB 0x0000000709000000| Untracked |  0
|  73|0x0000000709200000, 0x0000000709400000, 0x0000000709400000|100%| O|  |TAMS 0x0000000709200000| PB 0x0000000709200000| Untracked |  0
|  74|0x0000000709400000, 0x0000000709600000, 0x0000000709600000|100%| O|  |TAMS 0x0000000709400000| PB 0x0000000709400000| Untracked |  0
|  75|0x0000000709600000, 0x0000000709800000, 0x0000000709800000|100%| O|  |TAMS 0x0000000709600000| PB 0x0000000709600000| Untracked |  0
|  76|0x0000000709800000, 0x0000000709a00000, 0x0000000709a00000|100%|HS|  |TAMS 0x0000000709800000| PB 0x0000000709800000| Complete |  0
|  77|0x0000000709a00000, 0x0000000709c00000, 0x0000000709c00000|100%| O|  |TAMS 0x0000000709a00000| PB 0x0000000709a00000| Untracked |  0
|  78|0x0000000709c00000, 0x0000000709e00000, 0x0000000709e00000|100%| O|  |TAMS 0x0000000709c00000| PB 0x0000000709c00000| Untracked |  0
|  79|0x0000000709e00000, 0x000000070a000000, 0x000000070a000000|100%| O|  |TAMS 0x0000000709e00000| PB 0x0000000709e00000| Untracked |  0
|  80|0x000000070a000000, 0x000000070a200000, 0x000000070a200000|100%| O|  |TAMS 0x000000070a000000| PB 0x000000070a000000| Untracked |  0
|  81|0x000000070a200000, 0x000000070a400000, 0x000000070a400000|100%| O|  |TAMS 0x000000070a200000| PB 0x000000070a200000| Untracked |  0
|  82|0x000000070a400000, 0x000000070a600000, 0x000000070a600000|100%| O|  |TAMS 0x000000070a400000| PB 0x000000070a400000| Untracked |  0
|  83|0x000000070a600000, 0x000000070a600000, 0x000000070a800000|  0%| F|  |TAMS 0x000000070a600000| PB 0x000000070a600000| Untracked |  0
|  84|0x000000070a800000, 0x000000070aa00000, 0x000000070aa00000|100%| O|  |TAMS 0x000000070a800000| PB 0x000000070a800000| Untracked |  0
|  85|0x000000070aa00000, 0x000000070ac00000, 0x000000070ac00000|100%| O|  |TAMS 0x000000070aa00000| PB 0x000000070aa00000| Untracked |  0
|  86|0x000000070ac00000, 0x000000070ae00000, 0x000000070ae00000|100%| O|  |TAMS 0x000000070ac00000| PB 0x000000070ac00000| Untracked |  0
|  87|0x000000070ae00000, 0x000000070b000000, 0x000000070b000000|100%| O|  |TAMS 0x000000070ae00000| PB 0x000000070ae00000| Untracked |  0
|  88|0x000000070b000000, 0x000000070b200000, 0x000000070b200000|100%| O|  |TAMS 0x000000070b000000| PB 0x000000070b000000| Untracked |  0
|  89|0x000000070b200000, 0x000000070b400000, 0x000000070b400000|100%| O|  |TAMS 0x000000070b200000| PB 0x000000070b200000| Untracked |  0
|  90|0x000000070b400000, 0x000000070b600000, 0x000000070b600000|100%| O|  |TAMS 0x000000070b400000| PB 0x000000070b400000| Untracked |  0
|  91|0x000000070b600000, 0x000000070b800000, 0x000000070b800000|100%| O|  |TAMS 0x000000070b600000| PB 0x000000070b600000| Untracked |  0
|  92|0x000000070b800000, 0x000000070ba00000, 0x000000070ba00000|100%| O|  |TAMS 0x000000070b800000| PB 0x000000070b800000| Untracked |  0
|  93|0x000000070ba00000, 0x000000070bc00000, 0x000000070bc00000|100%| O|Cm|TAMS 0x000000070ba00000| PB 0x000000070ba00000| Complete |  0
|  94|0x000000070bc00000, 0x000000070be00000, 0x000000070be00000|100%| O|  |TAMS 0x000000070bc00000| PB 0x000000070bc00000| Untracked |  0
|  95|0x000000070be00000, 0x000000070c000000, 0x000000070c000000|100%| O|  |TAMS 0x000000070be00000| PB 0x000000070be00000| Untracked |  0
|  96|0x000000070c000000, 0x000000070c200000, 0x000000070c200000|100%| O|  |TAMS 0x000000070c000000| PB 0x000000070c000000| Untracked |  0
|  97|0x000000070c200000, 0x000000070c400000, 0x000000070c400000|100%| O|  |TAMS 0x000000070c200000| PB 0x000000070c200000| Untracked |  0
|  98|0x000000070c400000, 0x000000070c600000, 0x000000070c600000|100%| O|  |TAMS 0x000000070c400000| PB 0x000000070c400000| Untracked |  0
|  99|0x000000070c600000, 0x000000070c600000, 0x000000070c800000|  0%| F|  |TAMS 0x000000070c600000| PB 0x000000070c600000| Untracked |  0
| 100|0x000000070c800000, 0x000000070c800000, 0x000000070ca00000|  0%| F|  |TAMS 0x000000070c800000| PB 0x000000070c800000| Untracked |  0
| 101|0x000000070ca00000, 0x000000070ca00000, 0x000000070cc00000|  0%| F|  |TAMS 0x000000070ca00000| PB 0x000000070ca00000| Untracked |  0
| 102|0x000000070cc00000, 0x000000070ce00000, 0x000000070ce00000|100%| O|Cm|TAMS 0x000000070cc00000| PB 0x000000070cc00000| Complete |  0
| 103|0x000000070ce00000, 0x000000070ce00000, 0x000000070d000000|  0%| F|  |TAMS 0x000000070ce00000| PB 0x000000070ce00000| Untracked |  0
| 104|0x000000070d000000, 0x000000070d000000, 0x000000070d200000|  0%| F|  |TAMS 0x000000070d000000| PB 0x000000070d000000| Untracked |  0
| 105|0x000000070d200000, 0x000000070d400000, 0x000000070d400000|100%| O|  |TAMS 0x000000070d200000| PB 0x000000070d200000| Untracked |  0
| 106|0x000000070d400000, 0x000000070d400000, 0x000000070d600000|  0%| F|  |TAMS 0x000000070d400000| PB 0x000000070d400000| Untracked |  0
| 107|0x000000070d600000, 0x000000070d600000, 0x000000070d800000|  0%| F|  |TAMS 0x000000070d600000| PB 0x000000070d600000| Untracked |  0
| 108|0x000000070d800000, 0x000000070d800000, 0x000000070da00000|  0%| F|  |TAMS 0x000000070d800000| PB 0x000000070d800000| Untracked |  0
| 109|0x000000070da00000, 0x000000070da00000, 0x000000070dc00000|  0%| F|  |TAMS 0x000000070da00000| PB 0x000000070da00000| Untracked |  0
| 110|0x000000070dc00000, 0x000000070dc00000, 0x000000070de00000|  0%| F|  |TAMS 0x000000070dc00000| PB 0x000000070dc00000| Untracked |  0
| 111|0x000000070de00000, 0x000000070de00000, 0x000000070e000000|  0%| F|  |TAMS 0x000000070de00000| PB 0x000000070de00000| Untracked |  0
| 112|0x000000070e000000, 0x000000070e000000, 0x000000070e200000|  0%| F|  |TAMS 0x000000070e000000| PB 0x000000070e000000| Untracked |  0
| 113|0x000000070e200000, 0x000000070e200000, 0x000000070e400000|  0%| F|  |TAMS 0x000000070e200000| PB 0x000000070e200000| Untracked |  0
| 114|0x000000070e400000, 0x000000070e600000, 0x000000070e600000|100%| O|  |TAMS 0x000000070e400000| PB 0x000000070e400000| Untracked |  0
| 115|0x000000070e600000, 0x000000070e800000, 0x000000070e800000|100%| O|  |TAMS 0x000000070e600000| PB 0x000000070e600000| Untracked |  0
| 116|0x000000070e800000, 0x000000070ea00000, 0x000000070ea00000|100%| O|  |TAMS 0x000000070e800000| PB 0x000000070e800000| Untracked |  0
| 117|0x000000070ea00000, 0x000000070ec00000, 0x000000070ec00000|100%| O|  |TAMS 0x000000070ea00000| PB 0x000000070ea00000| Untracked |  0
| 118|0x000000070ec00000, 0x000000070ec00000, 0x000000070ee00000|  0%| F|  |TAMS 0x000000070ec00000| PB 0x000000070ec00000| Untracked |  0
| 119|0x000000070ee00000, 0x000000070ee00000, 0x000000070f000000|  0%| F|  |TAMS 0x000000070ee00000| PB 0x000000070ee00000| Untracked |  0
| 120|0x000000070f000000, 0x000000070f200000, 0x000000070f200000|100%| O|  |TAMS 0x000000070f000000| PB 0x000000070f000000| Untracked |  0
| 121|0x000000070f200000, 0x000000070f200000, 0x000000070f400000|  0%| F|  |TAMS 0x000000070f200000| PB 0x000000070f200000| Untracked |  0
| 122|0x000000070f400000, 0x000000070f400000, 0x000000070f600000|  0%| F|  |TAMS 0x000000070f400000| PB 0x000000070f400000| Untracked |  0
| 123|0x000000070f600000, 0x000000070f600000, 0x000000070f800000|  0%| F|  |TAMS 0x000000070f600000| PB 0x000000070f600000| Untracked |  0
| 124|0x000000070f800000, 0x000000070f800000, 0x000000070fa00000|  0%| F|  |TAMS 0x000000070f800000| PB 0x000000070f800000| Untracked |  0
| 125|0x000000070fa00000, 0x000000070fa00000, 0x000000070fc00000|  0%| F|  |TAMS 0x000000070fa00000| PB 0x000000070fa00000| Untracked |  0
| 126|0x000000070fc00000, 0x000000070fc00000, 0x000000070fe00000|  0%| F|  |TAMS 0x000000070fc00000| PB 0x000000070fc00000| Untracked |  0
| 127|0x000000070fe00000, 0x0000000710000000, 0x0000000710000000|100%| O|  |TAMS 0x000000070fe00000| PB 0x000000070fe00000| Untracked |  0
| 128|0x0000000710000000, 0x0000000710000000, 0x0000000710200000|  0%| F|  |TAMS 0x0000000710000000| PB 0x0000000710000000| Untracked |  0
| 129|0x0000000710200000, 0x0000000710200000, 0x0000000710400000|  0%| F|  |TAMS 0x0000000710200000| PB 0x0000000710200000| Untracked |  0
| 130|0x0000000710400000, 0x0000000710400000, 0x0000000710600000|  0%| F|  |TAMS 0x0000000710400000| PB 0x0000000710400000| Untracked |  0
| 131|0x0000000710600000, 0x0000000710600000, 0x0000000710800000|  0%| F|  |TAMS 0x0000000710600000| PB 0x0000000710600000| Untracked |  0
| 132|0x0000000710800000, 0x0000000710800000, 0x0000000710a00000|  0%| F|  |TAMS 0x0000000710800000| PB 0x0000000710800000| Untracked |  0
| 133|0x0000000710a00000, 0x0000000710a00000, 0x0000000710c00000|  0%| F|  |TAMS 0x0000000710a00000| PB 0x0000000710a00000| Untracked |  0
| 134|0x0000000710c00000, 0x0000000710c00000, 0x0000000710e00000|  0%| F|  |TAMS 0x0000000710c00000| PB 0x0000000710c00000| Untracked |  0
| 135|0x0000000710e00000, 0x0000000710f87830, 0x0000000711000000| 76%| S|CS|TAMS 0x0000000710e00000| PB 0x0000000710e00000| Complete |  0
| 136|0x0000000711000000, 0x0000000711200000, 0x0000000711200000|100%| O|  |TAMS 0x0000000711000000| PB 0x0000000711000000| Untracked |  0
| 137|0x0000000711200000, 0x0000000711400000, 0x0000000711400000|100%| S|CS|TAMS 0x0000000711200000| PB 0x0000000711200000| Complete |  0
| 138|0x0000000711400000, 0x0000000711600000, 0x0000000711600000|100%| S|CS|TAMS 0x0000000711400000| PB 0x0000000711400000| Complete |  0
| 139|0x0000000711600000, 0x0000000711800000, 0x0000000711800000|100%| S|CS|TAMS 0x0000000711600000| PB 0x0000000711600000| Complete |  0
| 140|0x0000000711800000, 0x0000000711a00000, 0x0000000711a00000|100%| S|CS|TAMS 0x0000000711800000| PB 0x0000000711800000| Complete |  0
| 141|0x0000000711a00000, 0x0000000711a00000, 0x0000000711c00000|  0%| F|  |TAMS 0x0000000711a00000| PB 0x0000000711a00000| Untracked |  0
| 142|0x0000000711c00000, 0x0000000711c00000, 0x0000000711e00000|  0%| F|  |TAMS 0x0000000711c00000| PB 0x0000000711c00000| Untracked |  0
| 143|0x0000000711e00000, 0x0000000711e00000, 0x0000000712000000|  0%| F|  |TAMS 0x0000000711e00000| PB 0x0000000711e00000| Untracked |  0
| 144|0x0000000712000000, 0x0000000712000000, 0x0000000712200000|  0%| F|  |TAMS 0x0000000712000000| PB 0x0000000712000000| Untracked |  0
| 145|0x0000000712200000, 0x0000000712200000, 0x0000000712400000|  0%| F|  |TAMS 0x0000000712200000| PB 0x0000000712200000| Untracked |  0
| 146|0x0000000712400000, 0x0000000712400000, 0x0000000712600000|  0%| F|  |TAMS 0x0000000712400000| PB 0x0000000712400000| Untracked |  0
| 147|0x0000000712600000, 0x0000000712600000, 0x0000000712800000|  0%| F|  |TAMS 0x0000000712600000| PB 0x0000000712600000| Untracked |  0
| 148|0x0000000712800000, 0x0000000712800000, 0x0000000712a00000|  0%| F|  |TAMS 0x0000000712800000| PB 0x0000000712800000| Untracked |  0
| 149|0x0000000712a00000, 0x0000000712a00000, 0x0000000712c00000|  0%| F|  |TAMS 0x0000000712a00000| PB 0x0000000712a00000| Untracked |  0
| 150|0x0000000712c00000, 0x0000000712c00000, 0x0000000712e00000|  0%| F|  |TAMS 0x0000000712c00000| PB 0x0000000712c00000| Untracked |  0
| 151|0x0000000712e00000, 0x0000000712e00000, 0x0000000713000000|  0%| F|  |TAMS 0x0000000712e00000| PB 0x0000000712e00000| Untracked |  0
| 152|0x0000000713000000, 0x0000000713000000, 0x0000000713200000|  0%| F|  |TAMS 0x0000000713000000| PB 0x0000000713000000| Untracked |  0
| 153|0x0000000713200000, 0x0000000713200000, 0x0000000713400000|  0%| F|  |TAMS 0x0000000713200000| PB 0x0000000713200000| Untracked |  0
| 154|0x0000000713400000, 0x0000000713400000, 0x0000000713600000|  0%| F|  |TAMS 0x0000000713400000| PB 0x0000000713400000| Untracked |  0
| 155|0x0000000713600000, 0x0000000713600000, 0x0000000713800000|  0%| F|  |TAMS 0x0000000713600000| PB 0x0000000713600000| Untracked |  0
| 156|0x0000000713800000, 0x0000000713800000, 0x0000000713a00000|  0%| F|  |TAMS 0x0000000713800000| PB 0x0000000713800000| Untracked |  0
| 157|0x0000000713a00000, 0x0000000713a00000, 0x0000000713c00000|  0%| F|  |TAMS 0x0000000713a00000| PB 0x0000000713a00000| Untracked |  0
| 158|0x0000000713c00000, 0x0000000713c00000, 0x0000000713e00000|  0%| F|  |TAMS 0x0000000713c00000| PB 0x0000000713c00000| Untracked |  0
| 159|0x0000000713e00000, 0x0000000713e00000, 0x0000000714000000|  0%| F|  |TAMS 0x0000000713e00000| PB 0x0000000713e00000| Untracked |  0
| 160|0x0000000714000000, 0x0000000714000000, 0x0000000714200000|  0%| F|  |TAMS 0x0000000714000000| PB 0x0000000714000000| Untracked |  0
| 161|0x0000000714200000, 0x0000000714200000, 0x0000000714400000|  0%| F|  |TAMS 0x0000000714200000| PB 0x0000000714200000| Untracked |  0
| 162|0x0000000714400000, 0x0000000714400000, 0x0000000714600000|  0%| F|  |TAMS 0x0000000714400000| PB 0x0000000714400000| Untracked |  0
| 163|0x0000000714600000, 0x0000000714600000, 0x0000000714800000|  0%| F|  |TAMS 0x0000000714600000| PB 0x0000000714600000| Untracked |  0
| 164|0x0000000714800000, 0x0000000714800000, 0x0000000714a00000|  0%| F|  |TAMS 0x0000000714800000| PB 0x0000000714800000| Untracked |  0
| 165|0x0000000714a00000, 0x0000000714a00000, 0x0000000714c00000|  0%| F|  |TAMS 0x0000000714a00000| PB 0x0000000714a00000| Untracked |  0
| 166|0x0000000714c00000, 0x0000000714c00000, 0x0000000714e00000|  0%| F|  |TAMS 0x0000000714c00000| PB 0x0000000714c00000| Untracked |  0
| 167|0x0000000714e00000, 0x0000000714e31408, 0x0000000715000000|  9%| E|  |TAMS 0x0000000714e00000| PB 0x0000000714e00000| Complete |  0
| 168|0x0000000715000000, 0x0000000715200000, 0x0000000715200000|100%| E|CS|TAMS 0x0000000715000000| PB 0x0000000715000000| Complete |  0
| 169|0x0000000715200000, 0x0000000715400000, 0x0000000715400000|100%| E|CS|TAMS 0x0000000715200000| PB 0x0000000715200000| Complete |  0
| 170|0x0000000715400000, 0x0000000715600000, 0x0000000715600000|100%| E|CS|TAMS 0x0000000715400000| PB 0x0000000715400000| Complete |  0
| 171|0x0000000715600000, 0x0000000715800000, 0x0000000715800000|100%| E|CS|TAMS 0x0000000715600000| PB 0x0000000715600000| Complete |  0
| 172|0x0000000715800000, 0x0000000715a00000, 0x0000000715a00000|100%| E|CS|TAMS 0x0000000715800000| PB 0x0000000715800000| Complete |  0
| 173|0x0000000715a00000, 0x0000000715c00000, 0x0000000715c00000|100%| E|CS|TAMS 0x0000000715a00000| PB 0x0000000715a00000| Complete |  0
| 174|0x0000000715c00000, 0x0000000715e00000, 0x0000000715e00000|100%| E|  |TAMS 0x0000000715c00000| PB 0x0000000715c00000| Complete |  0
| 175|0x0000000715e00000, 0x0000000716000000, 0x0000000716000000|100%| E|CS|TAMS 0x0000000715e00000| PB 0x0000000715e00000| Complete |  0
| 176|0x0000000716000000, 0x0000000716200000, 0x0000000716200000|100%| E|CS|TAMS 0x0000000716000000| PB 0x0000000716000000| Complete |  0
| 177|0x0000000716200000, 0x0000000716400000, 0x0000000716400000|100%| E|CS|TAMS 0x0000000716200000| PB 0x0000000716200000| Complete |  0
| 178|0x0000000716400000, 0x0000000716600000, 0x0000000716600000|100%| E|CS|TAMS 0x0000000716400000| PB 0x0000000716400000| Complete |  0
| 179|0x0000000716600000, 0x0000000716800000, 0x0000000716800000|100%| E|CS|TAMS 0x0000000716600000| PB 0x0000000716600000| Complete |  0
| 180|0x0000000716800000, 0x0000000716a00000, 0x0000000716a00000|100%| E|CS|TAMS 0x0000000716800000| PB 0x0000000716800000| Complete |  0
| 181|0x0000000716a00000, 0x0000000716c00000, 0x0000000716c00000|100%| E|CS|TAMS 0x0000000716a00000| PB 0x0000000716a00000| Complete |  0
| 182|0x0000000716c00000, 0x0000000716e00000, 0x0000000716e00000|100%| E|CS|TAMS 0x0000000716c00000| PB 0x0000000716c00000| Complete |  0
| 183|0x0000000716e00000, 0x0000000717000000, 0x0000000717000000|100%| E|CS|TAMS 0x0000000716e00000| PB 0x0000000716e00000| Complete |  0
| 184|0x0000000717000000, 0x0000000717200000, 0x0000000717200000|100%| E|CS|TAMS 0x0000000717000000| PB 0x0000000717000000| Complete |  0
| 185|0x0000000717200000, 0x0000000717400000, 0x0000000717400000|100%| E|CS|TAMS 0x0000000717200000| PB 0x0000000717200000| Complete |  0
| 186|0x0000000717400000, 0x0000000717600000, 0x0000000717600000|100%| E|CS|TAMS 0x0000000717400000| PB 0x0000000717400000| Complete |  0
| 187|0x0000000717600000, 0x0000000717800000, 0x0000000717800000|100%| E|CS|TAMS 0x0000000717600000| PB 0x0000000717600000| Complete |  0
| 188|0x0000000717800000, 0x0000000717a00000, 0x0000000717a00000|100%| E|CS|TAMS 0x0000000717800000| PB 0x0000000717800000| Complete |  0
| 189|0x0000000717a00000, 0x0000000717c00000, 0x0000000717c00000|100%| E|CS|TAMS 0x0000000717a00000| PB 0x0000000717a00000| Complete |  0
| 190|0x0000000717c00000, 0x0000000717e00000, 0x0000000717e00000|100%| E|CS|TAMS 0x0000000717c00000| PB 0x0000000717c00000| Complete |  0
| 191|0x0000000717e00000, 0x0000000718000000, 0x0000000718000000|100%| E|CS|TAMS 0x0000000717e00000| PB 0x0000000717e00000| Complete |  0
| 192|0x0000000718000000, 0x0000000718200000, 0x0000000718200000|100%| E|CS|TAMS 0x0000000718000000| PB 0x0000000718000000| Complete |  0
| 193|0x0000000718200000, 0x0000000718400000, 0x0000000718400000|100%| E|CS|TAMS 0x0000000718200000| PB 0x0000000718200000| Complete |  0
| 194|0x0000000718400000, 0x0000000718600000, 0x0000000718600000|100%| E|CS|TAMS 0x0000000718400000| PB 0x0000000718400000| Complete |  0
|2007|0x00000007fae00000, 0x00000007fb000000, 0x00000007fb000000|100%| O|  |TAMS 0x00000007fae00000| PB 0x00000007fae00000| Untracked |  0
|2008|0x00000007fb000000, 0x00000007fb200000, 0x00000007fb200000|100%| O|  |TAMS 0x00000007fb000000| PB 0x00000007fb000000| Untracked |  0
|2009|0x00000007fb200000, 0x00000007fb400000, 0x00000007fb400000|100%| O|  |TAMS 0x00000007fb200000| PB 0x00000007fb200000| Untracked |  0
|2010|0x00000007fb400000, 0x00000007fb600000, 0x00000007fb600000|100%| O|  |TAMS 0x00000007fb400000| PB 0x00000007fb400000| Untracked |  0
|2011|0x00000007fb600000, 0x00000007fb800000, 0x00000007fb800000|100%| O|  |TAMS 0x00000007fb600000| PB 0x00000007fb600000| Untracked |  0
|2012|0x00000007fb800000, 0x00000007fba00000, 0x00000007fba00000|100%| O|  |TAMS 0x00000007fb800000| PB 0x00000007fb800000| Untracked |  0
|2013|0x00000007fba00000, 0x00000007fbc00000, 0x00000007fbc00000|100%| O|  |TAMS 0x00000007fba00000| PB 0x00000007fba00000| Untracked |  0
|2014|0x00000007fbc00000, 0x00000007fbe00000, 0x00000007fbe00000|100%| O|  |TAMS 0x00000007fbc00000| PB 0x00000007fbc00000| Untracked |  0
|2015|0x00000007fbe00000, 0x00000007fc000000, 0x00000007fc000000|100%| O|  |TAMS 0x00000007fbe00000| PB 0x00000007fbe00000| Untracked |  0
|2016|0x00000007fc000000, 0x00000007fc200000, 0x00000007fc200000|100%| O|  |TAMS 0x00000007fc000000| PB 0x00000007fc000000| Untracked |  0
|2017|0x00000007fc200000, 0x00000007fc400000, 0x00000007fc400000|100%| E|CS|TAMS 0x00000007fc200000| PB 0x00000007fc200000| Complete |  0
|2018|0x00000007fc400000, 0x00000007fc600000, 0x00000007fc600000|100%| E|CS|TAMS 0x00000007fc400000| PB 0x00000007fc400000| Complete |  0
|2019|0x00000007fc600000, 0x00000007fc800000, 0x00000007fc800000|100%| E|CS|TAMS 0x00000007fc600000| PB 0x00000007fc600000| Complete |  0
|2020|0x00000007fc800000, 0x00000007fca00000, 0x00000007fca00000|100%| E|CS|TAMS 0x00000007fc800000| PB 0x00000007fc800000| Complete |  0
|2021|0x00000007fca00000, 0x00000007fcc00000, 0x00000007fcc00000|100%| E|CS|TAMS 0x00000007fca00000| PB 0x00000007fca00000| Complete |  0
|2022|0x00000007fcc00000, 0x00000007fce00000, 0x00000007fce00000|100%| E|CS|TAMS 0x00000007fcc00000| PB 0x00000007fcc00000| Complete |  0
|2023|0x00000007fce00000, 0x00000007fd000000, 0x00000007fd000000|100%| E|CS|TAMS 0x00000007fce00000| PB 0x00000007fce00000| Complete |  0
|2024|0x00000007fd000000, 0x00000007fd200000, 0x00000007fd200000|100%| E|CS|TAMS 0x00000007fd000000| PB 0x00000007fd000000| Complete |  0
|2025|0x00000007fd200000, 0x00000007fd400000, 0x00000007fd400000|100%| E|CS|TAMS 0x00000007fd200000| PB 0x00000007fd200000| Complete |  0
|2026|0x00000007fd400000, 0x00000007fd600000, 0x00000007fd600000|100%| E|CS|TAMS 0x00000007fd400000| PB 0x00000007fd400000| Complete |  0
|2027|0x00000007fd600000, 0x00000007fd800000, 0x00000007fd800000|100%| E|CS|TAMS 0x00000007fd600000| PB 0x00000007fd600000| Complete |  0
|2028|0x00000007fd800000, 0x00000007fda00000, 0x00000007fda00000|100%| E|CS|TAMS 0x00000007fd800000| PB 0x00000007fd800000| Complete |  0
|2029|0x00000007fda00000, 0x00000007fdc00000, 0x00000007fdc00000|100%| E|CS|TAMS 0x00000007fda00000| PB 0x00000007fda00000| Complete |  0
|2030|0x00000007fdc00000, 0x00000007fde00000, 0x00000007fde00000|100%| E|CS|TAMS 0x00000007fdc00000| PB 0x00000007fdc00000| Complete |  0
|2031|0x00000007fde00000, 0x00000007fe000000, 0x00000007fe000000|100%| E|CS|TAMS 0x00000007fde00000| PB 0x00000007fde00000| Complete |  0
|2032|0x00000007fe000000, 0x00000007fe200000, 0x00000007fe200000|100%| E|CS|TAMS 0x00000007fe000000| PB 0x00000007fe000000| Complete |  0
|2033|0x00000007fe200000, 0x00000007fe400000, 0x00000007fe400000|100%| E|CS|TAMS 0x00000007fe200000| PB 0x00000007fe200000| Complete |  0
|2034|0x00000007fe400000, 0x00000007fe600000, 0x00000007fe600000|100%| E|CS|TAMS 0x00000007fe400000| PB 0x00000007fe400000| Complete |  0
|2035|0x00000007fe600000, 0x00000007fe800000, 0x00000007fe800000|100%| O|  |TAMS 0x00000007fe600000| PB 0x00000007fe600000| Untracked |  0
|2036|0x00000007fe800000, 0x00000007fea00000, 0x00000007fea00000|100%| E|CS|TAMS 0x00000007fe800000| PB 0x00000007fe800000| Complete |  0
|2037|0x00000007fea00000, 0x00000007fec00000, 0x00000007fec00000|100%| E|CS|TAMS 0x00000007fea00000| PB 0x00000007fea00000| Complete |  0
|2038|0x00000007fec00000, 0x00000007fee00000, 0x00000007fee00000|100%| O|  |TAMS 0x00000007fec00000| PB 0x00000007fec00000| Untracked |  0
|2039|0x00000007fee00000, 0x00000007ff000000, 0x00000007ff000000|100%| O|  |TAMS 0x00000007fee00000| PB 0x00000007fee00000| Untracked |  0
|2040|0x00000007ff000000, 0x00000007ff200000, 0x00000007ff200000|100%| O|  |TAMS 0x00000007ff000000| PB 0x00000007ff000000| Untracked |  0
|2041|0x00000007ff200000, 0x00000007ff400000, 0x00000007ff400000|100%| E|CS|TAMS 0x00000007ff200000| PB 0x00000007ff200000| Complete |  0
|2042|0x00000007ff400000, 0x00000007ff600000, 0x00000007ff600000|100%| O|  |TAMS 0x00000007ff400000| PB 0x00000007ff400000| Untracked |  0
|2043|0x00000007ff600000, 0x00000007ff800000, 0x00000007ff800000|100%| O|  |TAMS 0x00000007ff600000| PB 0x00000007ff600000| Untracked |  0
|2044|0x00000007ff800000, 0x00000007ffa00000, 0x00000007ffa00000|100%| O|  |TAMS 0x00000007ff800000| PB 0x00000007ff800000| Untracked |  0
|2045|0x00000007ffa00000, 0x00000007ffc00000, 0x00000007ffc00000|100%| E|CS|TAMS 0x00000007ffa00000| PB 0x00000007ffa00000| Complete |  0
|2046|0x00000007ffc00000, 0x00000007ffe00000, 0x00000007ffe00000|100%| O|  |TAMS 0x00000007ffc00000| PB 0x00000007ffc00000| Untracked |  0
|2047|0x00000007ffe00000, 0x0000000800000000, 0x0000000800000000|100%| O|  |TAMS 0x00000007ffe00000| PB 0x00000007ffe00000| Untracked |  0

Card table byte_map: [0x00000203c9e30000,0x00000203ca630000] _byte_map_base: 0x00000203c6630000

Marking Bits: (CMBitMap*) 0x00000203b4dc96f0
 Bits: [0x00000203ca630000, 0x00000203ce630000)

Polling page: 0x00000203b4b00000

Metaspace:
Metaspace        used 233862K, committed 236288K, reserved 1310720K
 class space     used 31949K, committed 33024K, reserved 1048576K

Usage:
  Non-class:    197.18 MB used.
      Class:     31.20 MB used.
       Both:    228.38 MB used.

Virtual space:
  Non-class space:      256.00 MB reserved,     198.50 MB ( 78%) committed,  4 nodes.
      Class space:        1.00 GB reserved,      32.25 MB (  3%) committed,  1 nodes.
             Both:        1.25 GB reserved,     230.75 MB ( 18%) committed. 

Chunk freelists:
   Non-Class:  8.62 MB
       Class:  15.56 MB
        Both:  24.19 MB

MaxMetaspaceSize: unlimited
CompressedClassSpaceSize: 1.00 GB
Initial GC threshold: 21.00 MB
Current GC threshold: 355.94 MB
CDS: off
 - commit_granule_bytes: 65536.
 - commit_granule_words: 8192.
 - virtual_space_node_default_size: 8388608.
 - enlarge_chunks_in_place: 1.
UseCompressedClassPointers 1, UseCompactObjectHeaders 0
Narrow klass pointer bits 32, Max shift 3
Narrow klass base: 0x0000000000000000, Narrow klass shift: 0
Encoding Range: [0x0000000000000000 - 0x0000000100000000), (4294967296 bytes)
Klass Range:    [0x000000003b000000 - 0x000000007b000000), (1073741824 bytes)
Klass ID Range:  [989855744 - 2063597561) (1073741817)
No protection zone.


Internal statistics:

num_allocs_failed_limit: 6.
num_arena_births: 4462.
num_arena_deaths: 4.
num_vsnodes_births: 5.
num_vsnodes_deaths: 0.
num_space_committed: 3691.
num_space_uncommitted: 0.
num_chunks_returned_to_freelist: 16.
num_chunks_taken_from_freelist: 13072.
num_chunk_merges: 7.
num_chunk_splits: 9618.
num_chunks_enlarged: 7403.
num_inconsistent_stats: 0.

CodeHeap 'non-profiled nmethods': size=120064Kb used=11844Kb max_used=11844Kb free=108219Kb
 bounds [0x00000203c1470000, 0x00000203c2010000, 0x00000203c89b0000]
CodeHeap 'profiled nmethods': size=120000Kb used=40301Kb max_used=40301Kb free=79698Kb
 bounds [0x00000203b99b0000, 0x00000203bc110000, 0x00000203c0ee0000]
CodeHeap 'non-nmethods': size=5696Kb used=2397Kb max_used=2517Kb free=3298Kb
 bounds [0x00000203c0ee0000, 0x00000203c1180000, 0x00000203c1470000]
CodeCache: size=245760Kb, used=54542Kb, max_used=54662Kb, free=191215Kb
 total_blobs=22090, nmethods=20857, adapters=1132, full_count=0
Compilation: enabled, stopped_count=0, restarted_count=0

Compilation events (20 events):
Event: 259.824 Thread 0x00000203d14b3db0 nmethod 30148 0x00000203c1ffe188 code [0x00000203c1ffe280, 0x00000203c1ffe380]
Event: 259.888 Thread 0x00000203d14b3db0 30149       4       org.gradle.internal.dispatch.ProxyDispatchAdapter$DispatchingInvocationHandler::invoke (266 bytes)
Event: 259.912 Thread 0x00000203d14b3db0 nmethod 30149 0x00000203c1ffe488 code [0x00000203c1ffe580, 0x00000203c1ffed28]
Event: 259.993 Thread 0x00000203d14b3db0 30150       4       java.lang.Long::toString (55 bytes)
Event: 260.013 Thread 0x00000203d14b3db0 nmethod 30150 0x00000203c1ffed88 code [0x00000203c1ffee80, 0x00000203c1fff378]
Event: 260.154 Thread 0x00000203d14b3db0 30151       4       java.math.BigDecimal::precision (45 bytes)
Event: 260.156 Thread 0x00000203d14b3db0 nmethod 30151 0x00000203c1fff388 code [0x00000203c1fff480, 0x00000203c1fff618]
Event: 260.191 Thread 0x00000203d14b3db0 30152       4       java.nio.ByteBuffer::<init> (47 bytes)
Event: 260.197 Thread 0x00000203d14b3db0 nmethod 30152 0x00000203c1fff688 code [0x00000203c1fff780, 0x00000203c1fffcd0]
Event: 260.249 Thread 0x00000203d14b3db0 30153       4       org.gradle.internal.logging.slf4j.BuildOperationAwareLogger::debug (19 bytes)
Event: 260.252 Thread 0x00000203d14b3db0 nmethod 30153 0x00000203c1fffd08 code [0x00000203c1fffe00, 0x00000203c2000038]
Event: 260.254 Thread 0x00000203d14b3db0 30154       4       java.nio.HeapByteBuffer::get (64 bytes)
Event: 260.257 Thread 0x00000203d14b3db0 nmethod 30154 0x00000203c2000088 code [0x00000203c2000180, 0x00000203c2000440]
Event: 260.291 Thread 0x00000203d14b3db0 30155       4       com.sun.crypto.provider.GHASH::update (50 bytes)
Event: 260.297 Thread 0x00000203d14b3db0 nmethod 30155 0x00000203c2000488 code [0x00000203c2000580, 0x00000203c20007e0]
Event: 260.388 Thread 0x00000203d14b3db0 30156       4       java.math.BigDecimal::valueOf (57 bytes)
Event: 260.389 Thread 0x00000203d14b3db0 nmethod 30156 0x00000203c2000808 code [0x00000203c2000900, 0x00000203c2000a88]
Event: 260.465 Thread 0x00000203d14b3db0 30157       4       org.gradle.internal.remote.internal.inet.SocketConnection$SocketOutputStream::write (78 bytes)
Event: 260.473 Thread 0x00000203d14b3db0 nmethod 30157 0x00000203c2000b08 code [0x00000203c2000c00, 0x00000203c2001330]
Event: 260.536 Thread 0x00000203d14b3db0 30158       4       org.gradle.internal.remote.internal.inet.SocketConnection$SocketOutputStream::writeWithNonBlockingRetry (52 bytes)

GC Heap Usage History (20 events):
Event: 135.142 {heap Before GC invocations=73 (full 0):
 garbage-first heap   total reserved 4194304K, committed 411648K, used 358764K [0x0000000700000000, 0x0000000800000000)
  region size 2048K, 54 young (110592K), 9 survivors (18432K)
}
Event: 135.173 {heap After GC invocations=74 (full 0):
 garbage-first heap   total reserved 4194304K, committed 411648K, used 279011K [0x0000000700000000, 0x0000000800000000)
  region size 2048K, 7 young (14336K), 7 survivors (14336K)
}
Event: 135.358 {heap Before GC invocations=74 (full 0):
 garbage-first heap   total reserved 4194304K, committed 411648K, used 360931K [0x0000000700000000, 0x0000000800000000)
  region size 2048K, 47 young (96256K), 7 survivors (14336K)
}
Event: 135.382 {heap After GC invocations=75 (full 0):
 garbage-first heap   total reserved 4194304K, committed 411648K, used 313005K [0x0000000700000000, 0x0000000800000000)
  region size 2048K, 6 young (12288K), 6 survivors (12288K)
}
Event: 135.867 {heap Before GC invocations=76 (full 0):
 garbage-first heap   total reserved 4194304K, committed 464896K, used 333485K [0x0000000700000000, 0x0000000800000000)
  region size 2048K, 33 young (67584K), 6 survivors (12288K)
}
Event: 135.881 {heap After GC invocations=77 (full 0):
 garbage-first heap   total reserved 4194304K, committed 464896K, used 296128K [0x0000000700000000, 0x0000000800000000)
  region size 2048K, 5 young (10240K), 5 survivors (10240K)
}
Event: 137.009 {heap Before GC invocations=77 (full 0):
 garbage-first heap   total reserved 4194304K, committed 464896K, used 390336K [0x0000000700000000, 0x0000000800000000)
  region size 2048K, 52 young (106496K), 5 survivors (10240K)
}
Event: 137.023 {heap After GC invocations=78 (full 0):
 garbage-first heap   total reserved 4194304K, committed 464896K, used 268512K [0x0000000700000000, 0x0000000800000000)
  region size 2048K, 2 young (4096K), 2 survivors (4096K)
}
Event: 162.025 {heap Before GC invocations=78 (full 0):
 garbage-first heap   total reserved 4194304K, committed 464896K, used 387296K [0x0000000700000000, 0x0000000800000000)
  region size 2048K, 61 young (124928K), 2 survivors (4096K)
}
Event: 162.033 {heap After GC invocations=79 (full 0):
 garbage-first heap   total reserved 4194304K, committed 464896K, used 273377K [0x0000000700000000, 0x0000000800000000)
  region size 2048K, 5 young (10240K), 5 survivors (10240K)
}
Event: 217.781 {heap Before GC invocations=80 (full 0):
 garbage-first heap   total reserved 4194304K, committed 464896K, used 355297K [0x0000000700000000, 0x0000000800000000)
  region size 2048K, 66 young (135168K), 5 survivors (10240K)
}
Event: 217.791 {heap After GC invocations=81 (full 0):
 garbage-first heap   total reserved 4194304K, committed 464896K, used 236045K [0x0000000700000000, 0x0000000800000000)
  region size 2048K, 7 young (14336K), 7 survivors (14336K)
}
Event: 218.533 {heap Before GC invocations=81 (full 0):
 garbage-first heap   total reserved 4194304K, committed 464896K, used 397837K [0x0000000700000000, 0x0000000800000000)
  region size 2048K, 86 young (176128K), 7 survivors (14336K)
}
Event: 218.546 {heap After GC invocations=82 (full 0):
 garbage-first heap   total reserved 4194304K, committed 464896K, used 190276K [0x0000000700000000, 0x0000000800000000)
  region size 2048K, 4 young (8192K), 4 survivors (8192K)
}
Event: 220.158 {heap Before GC invocations=82 (full 0):
 garbage-first heap   total reserved 4194304K, committed 464896K, used 395076K [0x0000000700000000, 0x0000000800000000)
  region size 2048K, 105 young (215040K), 4 survivors (8192K)
}
Event: 220.173 {heap After GC invocations=83 (full 0):
 garbage-first heap   total reserved 4194304K, committed 464896K, used 194047K [0x0000000700000000, 0x0000000800000000)
  region size 2048K, 12 young (24576K), 12 survivors (24576K)
}
Event: 221.632 {heap Before GC invocations=83 (full 0):
 garbage-first heap   total reserved 4194304K, committed 464896K, used 398847K [0x0000000700000000, 0x0000000800000000)
  region size 2048K, 112 young (229376K), 12 survivors (24576K)
}
Event: 221.687 {heap After GC invocations=84 (full 0):
 garbage-first heap   total reserved 4194304K, committed 483328K, used 253626K [0x0000000700000000, 0x0000000800000000)
  region size 2048K, 14 young (28672K), 14 survivors (28672K)
}
Event: 225.583 {heap Before GC invocations=85 (full 0):
 garbage-first heap   total reserved 4194304K, committed 483328K, used 409274K [0x0000000700000000, 0x0000000800000000)
  region size 2048K, 90 young (184320K), 14 survivors (28672K)
}
Event: 225.633 {heap After GC invocations=86 (full 0):
 garbage-first heap   total reserved 4194304K, committed 483328K, used 267806K [0x0000000700000000, 0x0000000800000000)
  region size 2048K, 5 young (10240K), 5 survivors (10240K)
}

Metaspace Usage History (20 events):
Event: 135.142 {metaspace Before GC invocations=73 (full 0):
 Metaspace       used 187458K, committed 189632K, reserved 1245184K
  class space    used 25662K, committed 26624K, reserved 1048576K
}
Event: 135.173 {metaspace After GC invocations=74 (full 0):
 Metaspace       used 187458K, committed 189632K, reserved 1245184K
  class space    used 25662K, committed 26624K, reserved 1048576K
}
Event: 135.358 {metaspace Before GC invocations=74 (full 0):
 Metaspace       used 187532K, committed 189760K, reserved 1245184K
  class space    used 25666K, committed 26688K, reserved 1048576K
}
Event: 135.382 {metaspace After GC invocations=75 (full 0):
 Metaspace       used 187532K, committed 189760K, reserved 1245184K
  class space    used 25666K, committed 26688K, reserved 1048576K
}
Event: 135.867 {metaspace Before GC invocations=76 (full 0):
 Metaspace       used 188128K, committed 190336K, reserved 1245184K
  class space    used 25694K, committed 26752K, reserved 1048576K
}
Event: 135.881 {metaspace After GC invocations=77 (full 0):
 Metaspace       used 188128K, committed 190336K, reserved 1245184K
  class space    used 25694K, committed 26752K, reserved 1048576K
}
Event: 137.009 {metaspace Before GC invocations=77 (full 0):
 Metaspace       used 195230K, committed 197440K, reserved 1245184K
  class space    used 26594K, committed 27648K, reserved 1048576K
}
Event: 137.023 {metaspace After GC invocations=78 (full 0):
 Metaspace       used 195230K, committed 197440K, reserved 1245184K
  class space    used 26594K, committed 27648K, reserved 1048576K
}
Event: 162.025 {metaspace Before GC invocations=78 (full 0):
 Metaspace       used 200467K, committed 202752K, reserved 1245184K
  class space    used 27302K, committed 28352K, reserved 1048576K
}
Event: 162.033 {metaspace After GC invocations=79 (full 0):
 Metaspace       used 200467K, committed 202752K, reserved 1245184K
  class space    used 27302K, committed 28352K, reserved 1048576K
}
Event: 217.781 {metaspace Before GC invocations=80 (full 0):
 Metaspace       used 201052K, committed 203264K, reserved 1245184K
  class space    used 27375K, committed 28416K, reserved 1048576K
}
Event: 217.791 {metaspace After GC invocations=81 (full 0):
 Metaspace       used 201052K, committed 203264K, reserved 1245184K
  class space    used 27375K, committed 28416K, reserved 1048576K
}
Event: 218.533 {metaspace Before GC invocations=81 (full 0):
 Metaspace       used 201698K, committed 203968K, reserved 1245184K
  class space    used 27411K, committed 28480K, reserved 1048576K
}
Event: 218.546 {metaspace After GC invocations=82 (full 0):
 Metaspace       used 201698K, committed 203968K, reserved 1245184K
  class space    used 27411K, committed 28480K, reserved 1048576K
}
Event: 220.158 {metaspace Before GC invocations=82 (full 0):
 Metaspace       used 213947K, committed 216256K, reserved 1245184K
  class space    used 29027K, committed 30080K, reserved 1048576K
}
Event: 220.173 {metaspace After GC invocations=83 (full 0):
 Metaspace       used 213947K, committed 216256K, reserved 1245184K
  class space    used 29027K, committed 30080K, reserved 1048576K
}
Event: 221.632 {metaspace Before GC invocations=83 (full 0):
 Metaspace       used 216141K, committed 218432K, reserved 1245184K
  class space    used 29178K, committed 30272K, reserved 1048576K
}
Event: 221.687 {metaspace After GC invocations=84 (full 0):
 Metaspace       used 216141K, committed 218432K, reserved 1245184K
  class space    used 29178K, committed 30272K, reserved 1048576K
}
Event: 225.583 {metaspace Before GC invocations=85 (full 0):
 Metaspace       used 226114K, committed 228480K, reserved 1310720K
  class space    used 30797K, committed 31872K, reserved 1048576K
}
Event: 225.633 {metaspace After GC invocations=86 (full 0):
 Metaspace       used 226114K, committed 228480K, reserved 1310720K
  class space    used 30797K, committed 31872K, reserved 1048576K
}

Dll operation events (3 events):
Event: 0.024 Loaded shared library C:\Program Files\Android\Android Studio\jbr\bin\java.dll
Event: 0.030 Loaded shared library C:\Program Files\Android\Android Studio\jbr\bin\zip.dll
Event: 0.539 Loaded shared library C:\Program Files\Android\Android Studio\jbr\bin\verify.dll

Deoptimization events (20 events):
Event: 228.314 Thread 0x00000203e1b90e80 DEOPT PACKING pc=0x00000203bc07755a sp=0x00000049833f6800
Event: 228.314 Thread 0x00000203e1b90e80 DEOPT UNPACKING pc=0x00000203c0f31702 sp=0x00000049833f5cf0 mode 0
Event: 228.316 Thread 0x00000203e1b90e80 DEOPT PACKING pc=0x00000203bc07755a sp=0x00000049833f6800
Event: 228.316 Thread 0x00000203e1b90e80 DEOPT UNPACKING pc=0x00000203c0f31702 sp=0x00000049833f5cf0 mode 0
Event: 228.675 Thread 0x00000203e1b90e80 DEOPT PACKING pc=0x00000203bc07706a sp=0x00000049833f68d0
Event: 228.675 Thread 0x00000203e1b90e80 DEOPT UNPACKING pc=0x00000203c0f31702 sp=0x00000049833f5d68 mode 0
Event: 228.702 Thread 0x00000203e1b90e80 DEOPT PACKING pc=0x00000203bc07706a sp=0x00000049833f68d0
Event: 228.702 Thread 0x00000203e1b90e80 DEOPT UNPACKING pc=0x00000203c0f31702 sp=0x00000049833f5d68 mode 0
Event: 229.544 Thread 0x00000203e1b90e80 Uncommon trap: trap_request=0xffffffbe fr.pc=0x00000203c17ab6e4 relative=0x0000000000000ce4
Event: 229.544 Thread 0x00000203e1b90e80 Uncommon trap: reason=profile_predicate action=maybe_recompile pc=0x00000203c17ab6e4 method=java.lang.StringLatin1.replace([BI[BI[BI)Ljava/lang/String; @ 179 c2
Event: 229.544 Thread 0x00000203e1b90e80 DEOPT PACKING pc=0x00000203c17ab6e4 sp=0x00000049833f50c0
Event: 229.544 Thread 0x00000203e1b90e80 DEOPT UNPACKING pc=0x00000203c0ff4682 sp=0x00000049833f5010 mode 2
Event: 251.257 Thread 0x00000203e1b90e80 Uncommon trap: trap_request=0xffffff45 fr.pc=0x00000203c1ee8b58 relative=0x0000000000000058
Event: 251.257 Thread 0x00000203e1b90e80 Uncommon trap: reason=unstable_if action=reinterpret pc=0x00000203c1ee8b58 method=sun.security.util.DerValue.isPrintableStringChar(C)Z @ 39 c2
Event: 251.257 Thread 0x00000203e1b90e80 DEOPT PACKING pc=0x00000203c1ee8b58 sp=0x00000049833f4df0
Event: 251.258 Thread 0x00000203e1b90e80 DEOPT UNPACKING pc=0x00000203c0ff4682 sp=0x00000049833f4d88 mode 2
Event: 251.361 Thread 0x00000203e1b90e80 DEOPT PACKING pc=0x00000203ba2712a4 sp=0x00000049833f7540
Event: 251.361 Thread 0x00000203e1b90e80 DEOPT UNPACKING pc=0x00000203c0f31702 sp=0x00000049833f6ae8 mode 0
Event: 251.365 Thread 0x00000203e1b90e80 DEOPT PACKING pc=0x00000203ba5b2a44 sp=0x00000049833f7aa0
Event: 251.365 Thread 0x00000203e1b90e80 DEOPT UNPACKING pc=0x00000203c0f31702 sp=0x00000049833f6fc8 mode 0

Classes loaded (20 events):
Event: 227.847 Loading class sun/security/ssl/PreSharedKeyExtension$CHPreSharedKeySpec
Event: 227.848 Loading class sun/security/ssl/PreSharedKeyExtension$CHPreSharedKeySpec done
Event: 227.848 Loading class sun/security/ssl/PreSharedKeyExtension$PartialClientHelloMessage
Event: 227.848 Loading class sun/security/ssl/PreSharedKeyExtension$PartialClientHelloMessage done
Event: 227.848 Loading class sun/security/ssl/SSLEngineOutputRecord
Event: 227.849 Loading class sun/security/ssl/SSLEngineOutputRecord done
Event: 227.850 Loading class sun/security/ssl/SSLEngineOutputRecord$HandshakeFragment
Event: 227.851 Loading class sun/security/ssl/SSLEngineOutputRecord$HandshakeFragment done
Event: 227.851 Loading class sun/security/ssl/SSLEngineOutputRecord$HandshakeMemo
Event: 227.851 Loading class sun/security/ssl/SSLEngineOutputRecord$RecordMemo
Event: 227.852 Loading class sun/security/ssl/SSLEngineOutputRecord$RecordMemo done
Event: 227.852 Loading class sun/security/ssl/SSLEngineOutputRecord$HandshakeMemo done
Event: 227.906 Loading class sun/security/ssl/PreSharedKeyExtension$SHPreSharedKeySpec
Event: 227.906 Loading class sun/security/ssl/PreSharedKeyExtension$SHPreSharedKeySpec done
Event: 229.515 Loading class com/sun/crypto/provider/HKDFKeyDerivation$HKDFSHA256
Event: 229.516 Loading class com/sun/crypto/provider/HKDFKeyDerivation$HKDFSHA256 done
Event: 229.516 Loading class com/sun/crypto/provider/HmacCore$HmacSHA256
Event: 229.517 Loading class com/sun/crypto/provider/HmacCore$HmacSHA256 done
Event: 251.262 Loading class sun/security/rsa/MGF1
Event: 251.263 Loading class sun/security/rsa/MGF1 done

Classes unloaded (12 events):
Event: 13.788 Thread 0x00000203d10d9de0 Unloading class 0x000000003b9ec960 '_BuildScript_$_run_closure1$_closure2'
Event: 13.788 Thread 0x00000203d10d9de0 Unloading class 0x000000003b9ec538 '_BuildScript_$_run_closure1'
Event: 13.788 Thread 0x00000203d10d9de0 Unloading class 0x000000003b9ec000 '_BuildScript_'
Event: 16.723 Thread 0x00000203d10d9de0 Unloading class 0x000000003ba38428 '_BuildScript_$_run_closure1$_closure3'
Event: 16.723 Thread 0x00000203d10d9de0 Unloading class 0x000000003ba38000 '_BuildScript_$_run_closure1$_closure2'
Event: 16.723 Thread 0x00000203d10d9de0 Unloading class 0x000000003ba35968 '_BuildScript_$_run_closure1'
Event: 16.723 Thread 0x00000203d10d9de0 Unloading class 0x000000003ba35430 '_BuildScript_'
Event: 16.723 Thread 0x00000203d10d9de0 Unloading class 0x000000003ba35000 'JetGradlePlugin$_apply_closure1$_closure2$_closure3'
Event: 16.723 Thread 0x00000203d10d9de0 Unloading class 0x000000003ba34a20 'JetGradlePlugin$_apply_closure1$_closure2'
Event: 16.723 Thread 0x00000203d10d9de0 Unloading class 0x000000003ba345f0 'JetGradlePlugin$_apply_closure1'
Event: 16.723 Thread 0x00000203d10d9de0 Unloading class 0x000000003ba34310 'JetGradlePlugin'
Event: 16.723 Thread 0x00000203d10d9de0 Unloading class 0x000000003ba34000 'RegistryProcessor'

Classes redefined (0 events):
No events

Internal exceptions (20 events):
Event: 228.967 Thread 0x00000203e1b90e80 Exception <a 'sun/nio/fs/WindowsException'{0x00000007164f4370}> (0x00000007164f4370) 
thrown [s\src\hotspot\share\prims\jni.cpp, line 535]
Event: 228.980 Thread 0x00000203e1b90e80 Exception <a 'sun/nio/fs/WindowsException'{0x000000071654e020}> (0x000000071654e020) 
thrown [s\src\hotspot\share\prims\jni.cpp, line 535]
Event: 232.026 Thread 0x00000203d86ee6a0 Exception <a 'sun/nio/fs/WindowsException'{0x0000000715ef4ba0}> (0x0000000715ef4ba0) 
thrown [s\src\hotspot\share\prims\jni.cpp, line 535]
Event: 242.022 Thread 0x00000203d86ee6a0 Exception <a 'sun/nio/fs/WindowsException'{0x0000000715cd80b8}> (0x0000000715cd80b8) 
thrown [s\src\hotspot\share\prims\jni.cpp, line 535]
Event: 251.129 Thread 0x00000203e1b90e80 Exception <a 'java/net/ConnectException'{0x000000071610aa88}: Connection timed out: getsockopt> (0x000000071610aa88) 
thrown [s\src\hotspot\share\prims\jni.cpp, line 569]
Event: 251.345 Thread 0x00000203e1b90e80 Exception <a 'sun/nio/fs/WindowsException'{0x00000007161ab8a8}> (0x00000007161ab8a8) 
thrown [s\src\hotspot\share\prims\jni.cpp, line 535]
Event: 251.345 Thread 0x00000203e1b90e80 Exception <a 'sun/nio/fs/WindowsException'{0x00000007161ad4f8}> (0x00000007161ad4f8) 
thrown [s\src\hotspot\share\prims\jni.cpp, line 535]
Event: 251.345 Thread 0x00000203e1b90e80 Exception <a 'sun/nio/fs/WindowsException'{0x00000007161af2f0}> (0x00000007161af2f0) 
thrown [s\src\hotspot\share\prims\jni.cpp, line 535]
Event: 251.345 Thread 0x00000203e1b90e80 Exception <a 'sun/nio/fs/WindowsException'{0x00000007161b1098}> (0x00000007161b1098) 
thrown [s\src\hotspot\share\prims\jni.cpp, line 535]
Event: 251.345 Thread 0x00000203e1b90e80 Exception <a 'sun/nio/fs/WindowsException'{0x00000007161b2df8}> (0x00000007161b2df8) 
thrown [s\src\hotspot\share\prims\jni.cpp, line 535]
Event: 251.345 Thread 0x00000203e1b90e80 Exception <a 'sun/nio/fs/WindowsException'{0x00000007161b4df0}> (0x00000007161b4df0) 
thrown [s\src\hotspot\share\prims\jni.cpp, line 535]
Event: 251.346 Thread 0x00000203e1b90e80 Exception <a 'sun/nio/fs/WindowsException'{0x00000007161b7020}> (0x00000007161b7020) 
thrown [s\src\hotspot\share\prims\jni.cpp, line 535]
Event: 251.347 Thread 0x00000203e1b90e80 Exception <a 'sun/nio/fs/WindowsException'{0x00000007161b92b8}> (0x00000007161b92b8) 
thrown [s\src\hotspot\share\prims\jni.cpp, line 535]
Event: 251.348 Thread 0x00000203e1b90e80 Exception <a 'sun/nio/fs/WindowsException'{0x00000007161bc6e0}> (0x00000007161bc6e0) 
thrown [s\src\hotspot\share\prims\jni.cpp, line 535]
Event: 251.348 Thread 0x00000203e1b90e80 Exception <a 'sun/nio/fs/WindowsException'{0x00000007161be380}> (0x00000007161be380) 
thrown [s\src\hotspot\share\prims\jni.cpp, line 535]
Event: 251.348 Thread 0x00000203e1b90e80 Exception <a 'sun/nio/fs/WindowsException'{0x00000007161c00e8}> (0x00000007161c00e8) 
thrown [s\src\hotspot\share\prims\jni.cpp, line 535]
Event: 251.373 Thread 0x00000203e1b90e80 Exception <a 'sun/nio/fs/WindowsException'{0x0000000715a1d868}> (0x0000000715a1d868) 
thrown [s\src\hotspot\share\prims\jni.cpp, line 535]
Event: 251.373 Thread 0x00000203e1b90e80 Exception <a 'sun/nio/fs/WindowsException'{0x0000000715a1f378}> (0x0000000715a1f378) 
thrown [s\src\hotspot\share\prims\jni.cpp, line 535]
Event: 251.608 Thread 0x00000203e1b90e80 Exception <a 'sun/nio/fs/WindowsException'{0x0000000715a46770}> (0x0000000715a46770) 
thrown [s\src\hotspot\share\prims\jni.cpp, line 535]
Event: 252.021 Thread 0x00000203d86ee6a0 Exception <a 'sun/nio/fs/WindowsException'{0x00000007158bd950}> (0x00000007158bd950) 
thrown [s\src\hotspot\share\prims\jni.cpp, line 535]

VM Operations (20 events):
Event: 226.460 Executing non-safepoint VM operation: HandshakeAllThreads (Deoptimize)
Event: 226.460 Executing non-safepoint VM operation: HandshakeAllThreads (Deoptimize) done
Event: 226.533 Executing non-safepoint VM operation: HandshakeAllThreads (Deoptimize)
Event: 226.533 Executing non-safepoint VM operation: HandshakeAllThreads (Deoptimize) done
Event: 240.560 Executing non-safepoint VM operation: HandshakeAllThreads (HandshakeForDeflation)
Event: 240.560 Executing non-safepoint VM operation: HandshakeAllThreads (HandshakeForDeflation) done
Event: 240.560 Executing non-safepoint VM operation: RendezvousGCThreads
Event: 240.560 Executing non-safepoint VM operation: RendezvousGCThreads done
Event: 251.336 Executing non-safepoint VM operation: HandshakeAllThreads (Deoptimize)
Event: 251.336 Executing non-safepoint VM operation: HandshakeAllThreads (Deoptimize) done
Event: 251.340 Executing non-safepoint VM operation: HandshakeAllThreads (Deoptimize)
Event: 251.341 Executing non-safepoint VM operation: HandshakeAllThreads (Deoptimize) done
Event: 251.344 Executing non-safepoint VM operation: HandshakeAllThreads (Deoptimize)
Event: 251.344 Executing non-safepoint VM operation: HandshakeAllThreads (Deoptimize) done
Event: 251.359 Executing non-safepoint VM operation: HandshakeAllThreads (Deoptimize)
Event: 251.359 Executing non-safepoint VM operation: HandshakeAllThreads (Deoptimize) done
Event: 251.364 Executing non-safepoint VM operation: HandshakeAllThreads (Deoptimize)
Event: 251.364 Executing non-safepoint VM operation: HandshakeAllThreads (Deoptimize) done
Event: 251.370 Executing non-safepoint VM operation: HandshakeAllThreads (Deoptimize)
Event: 251.371 Executing non-safepoint VM operation: HandshakeAllThreads (Deoptimize) done

Memory protections (0 events):
No events

Nmethod flushes (20 events):
Event: 221.781 Thread 0x00000203d10d9de0 flushing  nmethod 0x00000203bab6df08
Event: 221.781 Thread 0x00000203d10d9de0 flushing  nmethod 0x00000203bab6e588
Event: 221.781 Thread 0x00000203d10d9de0 flushing  nmethod 0x00000203babf3608
Event: 221.781 Thread 0x00000203d10d9de0 flushing  nmethod 0x00000203bac46888
Event: 221.781 Thread 0x00000203d10d9de0 flushing  nmethod 0x00000203bac46d08
Event: 221.781 Thread 0x00000203d10d9de0 flushing  nmethod 0x00000203bac48988
Event: 221.781 Thread 0x00000203d10d9de0 flushing  nmethod 0x00000203bac9a608
Event: 221.781 Thread 0x00000203d10d9de0 flushing  nmethod 0x00000203bac9cd08
Event: 221.781 Thread 0x00000203d10d9de0 flushing  nmethod 0x00000203bac9da08
Event: 221.781 Thread 0x00000203d10d9de0 flushing  nmethod 0x00000203bac9e188
Event: 221.781 Thread 0x00000203d10d9de0 flushing  nmethod 0x00000203bac9e588
Event: 221.781 Thread 0x00000203d10d9de0 flushing  nmethod 0x00000203baca0188
Event: 221.781 Thread 0x00000203d10d9de0 flushing  nmethod 0x00000203bad0e108
Event: 221.781 Thread 0x00000203d10d9de0 flushing  nmethod 0x00000203bad91808
Event: 221.781 Thread 0x00000203d10d9de0 flushing  nmethod 0x00000203bad92988
Event: 221.781 Thread 0x00000203d10d9de0 flushing  nmethod 0x00000203bad96588
Event: 221.781 Thread 0x00000203d10d9de0 flushing  nmethod 0x00000203bad96908
Event: 221.781 Thread 0x00000203d10d9de0 flushing  nmethod 0x00000203bafb6608
Event: 221.781 Thread 0x00000203d10d9de0 flushing  nmethod 0x00000203bb397408
Event: 221.781 Thread 0x00000203d10d9de0 flushing  nmethod 0x00000203bb533908

Events (20 events):
Event: 222.029 Thread 0x00000203d78ee490 Thread exited: 0x00000203d78ee490
Event: 222.868 Thread 0x00000203d1126ae0 Thread added: 0x00000203d78ee490
Event: 223.342 Thread 0x00000203d78ee490 Thread exited: 0x00000203d78ee490
Event: 226.182 Thread 0x00000203e1b90e80 Thread added: 0x00000203ebb55c40
Event: 226.267 Thread 0x00000203ebb55c40 Thread exited: 0x00000203ebb55c40
Event: 226.322 Thread 0x00000203d1126ae0 Thread added: 0x00000203d78f3d40
Event: 226.388 Thread 0x00000203e1b90e80 Thread added: 0x00000203ebb58350
Event: 226.396 Thread 0x00000203ebb58350 Thread added: 0x00000203ebb57b80
Event: 226.396 Thread 0x00000203ebb58350 Thread added: 0x00000203ebb55c40
Event: 226.396 Thread 0x00000203ebb58350 Thread added: 0x00000203ebb54ca0
Event: 226.423 Thread 0x00000203ebb58350 Thread added: 0x00000203ebb56410
Event: 226.495 Thread 0x00000203e1b90e80 Thread added: 0x00000203da10dbc0
Event: 226.788 Thread 0x00000203d78f3d40 Thread exited: 0x00000203d78f3d40
Event: 226.957 Thread 0x00000203d1126ae0 Thread added: 0x00000203da1208b0
Event: 227.244 Thread 0x00000203da1208b0 Thread exited: 0x00000203da1208b0
Event: 228.270 Thread 0x00000203d1126ae0 Thread added: 0x00000203db27f870
Event: 228.270 Thread 0x00000203d1126ae0 Thread added: 0x00000203db2838f0
Event: 228.555 Thread 0x00000203db2838f0 Thread exited: 0x00000203db2838f0
Event: 228.556 Thread 0x00000203db27f870 Thread exited: 0x00000203db27f870
Event: 251.372 Thread 0x00000203e1b90e80 Thread added: 0x00000203e1f815e0


Dynamic libraries:
0x00007ff613bd0000 - 0x00007ff613bda000 	C:\Program Files\Android\Android Studio\jbr\bin\java.exe
0x00007ff931320000 - 0x00007ff931586000 	C:\WINDOWS\SYSTEM32\ntdll.dll
0x00007ff930f40000 - 0x00007ff931009000 	C:\WINDOWS\System32\KERNEL32.DLL
0x00007ff92e8a0000 - 0x00007ff92ec9e000 	C:\WINDOWS\System32\KERNELBASE.dll
0x00007ff92e740000 - 0x00007ff92e88c000 	C:\WINDOWS\System32\ucrtbase.dll
0x00007ff912c50000 - 0x00007ff912c66000 	C:\Program Files\Android\Android Studio\jbr\bin\jli.dll
0x00007ff91b210000 - 0x00007ff91b22b000 	C:\Program Files\Android\Android Studio\jbr\bin\VCRUNTIME140.dll
0x00007ff930400000 - 0x00007ff9305c7000 	C:\WINDOWS\System32\USER32.dll
0x00007ff92f020000 - 0x00007ff92f047000 	C:\WINDOWS\System32\win32u.dll
0x00007ff930e30000 - 0x00007ff930e5b000 	C:\WINDOWS\System32\GDI32.dll
0x00007ff92ecb0000 - 0x00007ff92edda000 	C:\WINDOWS\System32\gdi32full.dll
0x00007ff9117b0000 - 0x00007ff911a42000 	C:\WINDOWS\WinSxS\amd64_microsoft.windows.common-controls_6595b64144ccf1df_6.0.26100.8875_none_3e0d5d42e32fe9dd\COMCTL32.dll
0x00007ff92e690000 - 0x00007ff92e733000 	C:\WINDOWS\System32\msvcp_win.dll
0x00007ff92f050000 - 0x00007ff92f0f9000 	C:\WINDOWS\System32\msvcrt.dll
0x00007ff931120000 - 0x00007ff931152000 	C:\WINDOWS\System32\IMM32.DLL
0x00007ff928740000 - 0x00007ff92874c000 	C:\Program Files\Android\Android Studio\jbr\bin\vcruntime140_1.dll
0x00007ff9104e0000 - 0x00007ff91056d000 	C:\Program Files\Android\Android Studio\jbr\bin\msvcp140.dll
0x00007ff892870000 - 0x00007ff89374a000 	C:\Program Files\Android\Android Studio\jbr\bin\server\jvm.dll
0x00007ff930d70000 - 0x00007ff930e27000 	C:\WINDOWS\System32\ADVAPI32.dll
0x00007ff92f100000 - 0x00007ff92f1aa000 	C:\WINDOWS\System32\sechost.dll
0x00007ff92fd60000 - 0x00007ff92fe78000 	C:\WINDOWS\System32\RPCRT4.dll
0x00007ff931250000 - 0x00007ff9312d0000 	C:\WINDOWS\System32\WS2_32.dll
0x00007ff928880000 - 0x00007ff9288b6000 	C:\WINDOWS\SYSTEM32\WINMM.dll
0x00007ff92e3a0000 - 0x00007ff92e3fe000 	C:\WINDOWS\SYSTEM32\POWRPROF.dll
0x00007ff911ca0000 - 0x00007ff911cab000 	C:\WINDOWS\SYSTEM32\VERSION.dll
0x00007ff92e380000 - 0x00007ff92e394000 	C:\WINDOWS\SYSTEM32\UMPDC.dll
0x00007ff92d150000 - 0x00007ff92d16b000 	C:\WINDOWS\SYSTEM32\kernel.appcore.dll
0x00007ff927fa0000 - 0x00007ff927faa000 	C:\Program Files\Android\Android Studio\jbr\bin\jimage.dll
0x00007ff92b9d0000 - 0x00007ff92bc12000 	C:\WINDOWS\SYSTEM32\DBGHELP.DLL
0x00007ff92fe80000 - 0x00007ff930203000 	C:\WINDOWS\System32\combase.dll
0x00007ff930320000 - 0x00007ff9303f9000 	C:\WINDOWS\System32\OLEAUT32.dll
0x00007ff9069c0000 - 0x00007ff9069fb000 	C:\WINDOWS\SYSTEM32\dbgcore.DLL
0x00007ff92e5d0000 - 0x00007ff92e67c000 	C:\WINDOWS\System32\bcryptPrimitives.dll
0x00007ff91b230000 - 0x00007ff91b23e000 	C:\Program Files\Android\Android Studio\jbr\bin\instrument.dll
0x00007ff91b190000 - 0x00007ff91b1af000 	C:\Program Files\Android\Android Studio\jbr\bin\java.dll
0x00007ff92f610000 - 0x00007ff92f7a9000 	C:\WINDOWS\System32\ole32.dll
0x00007ff9305d0000 - 0x00007ff930d62000 	C:\WINDOWS\System32\SHELL32.dll
0x00007ff91b170000 - 0x00007ff91b187000 	C:\Program Files\Android\Android Studio\jbr\bin\zip.dll
0x00007ff92bfa0000 - 0x00007ff92c832000 	C:\WINDOWS\SYSTEM32\windows.storage.dll
0x00007ff931020000 - 0x00007ff931117000 	C:\WINDOWS\System32\SHCORE.dll
0x00007ff92f7b0000 - 0x00007ff92f817000 	C:\WINDOWS\System32\shlwapi.dll
0x00007ff92e460000 - 0x00007ff92e489000 	C:\WINDOWS\SYSTEM32\profapi.dll
0x00007ff927df0000 - 0x00007ff927e00000 	C:\Program Files\Android\Android Studio\jbr\bin\net.dll
0x00007ff92d7d0000 - 0x00007ff92d83c000 	C:\WINDOWS\system32\mswsock.dll
0x00007ff91ae40000 - 0x00007ff91ae56000 	C:\Program Files\Android\Android Studio\jbr\bin\nio.dll
0x00007ff912b80000 - 0x00007ff912b90000 	C:\Program Files\Android\Android Studio\jbr\bin\verify.dll
0x00007ff9122f0000 - 0x00007ff912317000 	C:\Users\SIVA\.gradle\native\660c5614fbf4a5f2a75b1949f50a0caf5cd603558e7d8a26e50b933a0cfb79d1\windows-amd64\native-platform.dll
0x00007ff8a37d0000 - 0x00007ff8a3847000 	C:\Users\SIVA\.gradle\native\0.2.8\x86_64-windows-gnu\gradle-fileevents.dll
0x00007ff91b200000 - 0x00007ff91b209000 	C:\Program Files\Android\Android Studio\jbr\bin\management.dll
0x00007ff912da0000 - 0x00007ff912dab000 	C:\Program Files\Android\Android Studio\jbr\bin\management_ext.dll
0x00007ff930310000 - 0x00007ff930318000 	C:\WINDOWS\System32\PSAPI.DLL
0x00007ff92cb90000 - 0x00007ff92cbc3000 	C:\WINDOWS\SYSTEM32\IPHLPAPI.DLL
0x00007ff931240000 - 0x00007ff93124a000 	C:\WINDOWS\System32\NSI.dll
0x00007ff926c30000 - 0x00007ff926c39000 	C:\Program Files\Android\Android Studio\jbr\bin\extnet.dll
0x00007ff92dad0000 - 0x00007ff92daeb000 	C:\WINDOWS\SYSTEM32\CRYPTSP.dll
0x00007ff92d170000 - 0x00007ff92d1a9000 	C:\WINDOWS\system32\rsaenh.dll
0x00007ff92d890000 - 0x00007ff92d8c2000 	C:\WINDOWS\SYSTEM32\USERENV.dll
0x00007ff92e430000 - 0x00007ff92e45a000 	C:\WINDOWS\SYSTEM32\bcrypt.dll
0x00007ff92daf0000 - 0x00007ff92dafc000 	C:\WINDOWS\SYSTEM32\CRYPTBASE.dll
0x00007ff8ebf00000 - 0x00007ff8ebf08000 	C:\WINDOWS\system32\wshunix.dll
0x00007ff92d330000 - 0x00007ff92d366000 	C:\WINDOWS\SYSTEM32\ntmarta.dll
0x00007ff92cc20000 - 0x00007ff92cd76000 	C:\WINDOWS\SYSTEM32\DNSAPI.dll
0x00007ff92d5d0000 - 0x00007ff92d5dd000 	C:\WINDOWS\SYSTEM32\DSPARSE.dll
0x0000000000590000 - 0x00000000005b6000 	C:\Program Files\Bonjour\mdnsNSP.dll
0x00007ff91f160000 - 0x00007ff91f16b000 	C:\Windows\System32\rasadhlp.dll
0x00007ff926d70000 - 0x00007ff926df6000 	C:\WINDOWS\System32\fwpuclnt.dll

JVMTI agents:
C:\Users\SIVA\.gradle\wrapper\dists\gradle-9.3.1-bin\23ovyewtku6u96viwx3xl3oks\gradle-9.3.1\lib\agents\gradle-instrumentation-agent-9.3.1.jar path:C:\Program Files\Android\Android Studio\jbr\bin\instrument.dll, loaded, initialized, instrumentlib options:none

dbghelp: loaded successfully - version: 4.0.5 - missing functions: none
symbol engine: initialized successfully - sym options: 0x614 - pdb path: .;C:\Program Files\Android\Android Studio\jbr\bin;C:\WINDOWS\SYSTEM32;C:\WINDOWS\WinSxS\amd64_microsoft.windows.common-controls_6595b64144ccf1df_6.0.26100.8875_none_3e0d5d42e32fe9dd;C:\Program Files\Android\Android Studio\jbr\bin\server;C:\Users\SIVA\.gradle\native\660c5614fbf4a5f2a75b1949f50a0caf5cd603558e7d8a26e50b933a0cfb79d1\windows-amd64;C:\Users\SIVA\.gradle\native\0.2.8\x86_64-windows-gnu;C:\Program Files\Bonjour

VM Arguments:
jvm_args: --add-opens=java.base/java.lang=ALL-UNNAMED --add-opens=java.base/java.lang.invoke=ALL-UNNAMED --add-opens=java.base/java.util=ALL-UNNAMED --add-opens=java.prefs/java.util.prefs=ALL-UNNAMED --add-exports=jdk.compiler/com.sun.tools.javac.api=ALL-UNNAMED --add-exports=jdk.compiler/com.sun.tools.javac.util=ALL-UNNAMED --add-opens=java.base/java.util=ALL-UNNAMED --add-opens=java.prefs/java.util.prefs=ALL-UNNAMED --add-opens=java.base/java.nio.charset=ALL-UNNAMED --add-opens=java.base/java.net=ALL-UNNAMED --add-opens=java.base/java.util.concurrent=ALL-UNNAMED --add-opens=java.base/java.util.concurrent.atomic=ALL-UNNAMED --add-opens=java.xml/javax.xml.namespace=ALL-UNNAMED --add-opens=java.base/java.time=ALL-UNNAMED --enable-native-access=ALL-UNNAMED -Xmx4g -Dfile.encoding=UTF-8 -Duser.country=IN -Duser.language=en -Duser.variant -javaagent:C:\Users\SIVA\.gradle\wrapper\dists\gradle-9.3.1-bin\23ovyewtku6u96viwx3xl3oks\gradle-9.3.1\lib\agents\gradle-instrumentation-agent-9.3.1.jar 
java_command: org.gradle.launcher.daemon.bootstrap.GradleDaemon 9.3.1
java_class_path (initial): C:\Users\SIVA\.gradle\wrapper\dists\gradle-9.3.1-bin\23ovyewtku6u96viwx3xl3oks\gradle-9.3.1\lib\gradle-daemon-main-9.3.1.jar
Launcher Type: SUN_STANDARD

[Global flags]
     intx CICompilerCount                          = 4                                         {product} {ergonomic}
     uint ConcGCThreads                            = 3                                         {product} {ergonomic}
     uint G1ConcRefinementThreads                  = 10                                        {product} {ergonomic}
   size_t G1HeapRegionSize                         = 2097152                                   {product} {ergonomic}
   size_t InitialHeapSize                          = 264241152                                 {product} {ergonomic}
   size_t MarkStackSize                            = 4194304                                   {product} {ergonomic}
   size_t MarkStackSizeMax                         = 536870912                                 {product} {ergonomic}
   size_t MaxHeapSize                              = 4294967296                                {product} {command line}
   size_t MaxNewSize                               = 2575302656                                {product} {ergonomic}
   size_t MinHeapDeltaBytes                        = 2097152                                   {product} {ergonomic}
   size_t MinHeapSize                              = 8388608                                   {product} {ergonomic}
    uintx NonNMethodCodeHeapSize                   = 5832704                                {pd product} {ergonomic}
    uintx NonProfiledCodeHeapSize                  = 122945536                              {pd product} {ergonomic}
    uintx ProfiledCodeHeapSize                     = 122880000                              {pd product} {ergonomic}
    uintx ReservedCodeCacheSize                    = 251658240                              {pd product} {ergonomic}
     bool SegmentedCodeCache                       = true                                      {product} {ergonomic}
   size_t SoftMaxHeapSize                          = 4294967296                             {manageable} {ergonomic}
     bool UseCompressedOops                        = true                           {product lp64_product} {ergonomic}
     bool UseG1GC                                  = true                                      {product} {ergonomic}
     bool UseLargePagesIndividualAllocation        = false                                  {pd product} {ergonomic}

Logging:
Log output configuration:
 #0: stdout all=warning uptime,level,tags foldmultilines=false
 #1: stderr all=off uptime,level,tags foldmultilines=false

Release file:
JAVA_VERSION="25.0.2" 
MODULES="java.base java.compiler java.datatransfer java.xml java.prefs java.desktop java.instrument java.logging java.management java.security.sasl java.naming java.rmi java.management.rmi java.net.http java.scripting java.security.jgss java.transaction.xa java.sql java.sql.rowset java.xml.crypto java.se java.smartcardio jdk.accessibility jdk.internal.jvmstat jdk.attach jdk.charsets jdk.internal.opt jdk.zipfs jdk.compiler jdk.crypto.cryptoki jdk.crypto.ec jdk.dynalink jdk.hotspot.agent jdk.httpserver jdk.internal.ed jdk.internal.le jdk.internal.md jdk.internal.vm.ci jdk.jartool jdk.javadoc jdk.jcmd jdk.jdeps jdk.jdwp.agent jdk.jdi jdk.jfr jdk.jlink jdk.localedata jdk.management jdk.management.agent jdk.management.jfr jdk.naming.dns jdk.naming.rmi jdk.net jdk.sctp jdk.security.auth jdk.security.jgss jdk.unsupported jdk.unsupported.desktop jdk.xml.dom" 
IMPLEMENTOR="JetBrains s.r.o." 
JAVA_RUNTIME_VERSION="25.0.2+-15348964-b329.117" 
LIBC="default" 
OS_ARCH="x86_64" 
OS_NAME="Windows" 
SOURCE=".:git:3cf398e84a39" 

Environment Variables:
PATH=C:\Program Files\Common Files\Oracle\Java\javapath;C:\WINDOWS\system32;C:\WINDOWS;C:\WINDOWS\System32\Wbem;C:\WINDOWS\System32\WindowsPowerShell\v1.0\;C:\WINDOWS\System32\OpenSSH\;C:\Program Files\dotnet\;C:\Program Files\nodejs\;C:\Program Files\Git\cmd;C:\Program Files\Go\bin;C:\Program Files\Docker\Docker\resources\bin;C:\Users\SIVA\.local\bin;C:\Users\SIVA\anaconda3;C:\Users\SIVA\anaconda3\Library\mingw-w64\bin;C:\Users\SIVA\anaconda3\Library\usr\bin;C:\Users\SIVA\anaconda3\Library\bin;C:\Users\SIVA\anaconda3\Scripts;C:\Users\SIVA\AppData\Local\Programs\Python\Python312\Scripts\;C:\Users\SIVA\AppData\Local\Programs\Python\Python312\;C:\Users\SIVA\AppData\Local\Microsoft\WindowsApps;C:\Users\SIVA\AppData\Local\Programs\Microsoft VS Code\bin;C:\Users\SIVA\AppData\Roaming\npm;C:\Users\SIVA\AppData\Local\Programs\mongosh\;C:\Users\SIVA\AppData\Local\Programs\Antigravity IDE\bin;C:\Users\SIVA\go\bin
USERNAME=SIVA
OS=Windows_NT
PROCESSOR_IDENTIFIER=Intel64 Family 6 Model 186 Stepping 3, GenuineIntel
TMP=C:\Users\SIVA\AppData\Local\Temp
TEMP=C:\Users\SIVA\AppData\Local\Temp




Compilation memory statistics disabled.

Periodic native trim disabled

JNI global refs:
JNI global refs: 26, weak refs: 0

JNI global refs memory usage: 835, weak refs: 201

Process memory usage:
Resident Set Size: 997164K (6% of 16454352K total physical memory with 1326580K free physical memory)

OOME stack traces (most recent first):
Classloader memory used:
Loader org.gradle.internal.classloader.VisitableURLClassLoader                         : 122 M
Loader org.gradle.internal.classloader.VisitableURLClassLoader$InstrumentingVisitableURLClassLoader: 49535 K
Loader bootstrap                                                                       : 33522 K
Loader org.gradle.initialization.MixInLegacyTypesClassLoader                           : 13350 K
Loader jdk.internal.loader.ClassLoaders$AppClassLoader                                 : 8285 K
Loader org.gradle.internal.classloader.VisitableURLClassLoader                         : 2656 K
Loader jdk.internal.loader.ClassLoaders$PlatformClassLoader                            : 608 K
Loader jdk.internal.jrtfs.JrtFileSystemProvider$JrtFsLoader                            : 327 K
Loader org.gradle.groovy.scripts.internal.DefaultScriptCompilationHandler$ScriptClassLoader: 153 K

Classes loaded by more than one classloader:
Class Program                                                                         : loaded 9 times (x 74B)
Class Build_gradle                                                                    : loaded 7 times (x 128B)
Class org.gradle.kotlin.dsl.VersionCatalogAccessorsKt                                 : loaded 6 times (x 73B)
Class com.google.common.collect.Iterators                                             : loaded 5 times (x 73B)
Class com.google.common.collect.Lists$StringAsImmutableList                           : loaded 5 times (x 209B)
Class com.google.common.collect.UnmodifiableIterator                                  : loaded 5 times (x 82B)
Class com.google.common.collect.AbstractIterator                                      : loaded 5 times (x 84B)
Class com.google.common.collect.AbstractIndexedListIterator                           : loaded 5 times (x 98B)
Class com.google.common.collect.ImmutableList                                         : loaded 5 times (x 208B)
Class com.google.common.collect.Multimap                                              : loaded 5 times (x 72B)
Class com.google.common.collect.Iterators$SingletonIterator                           : loaded 5 times (x 83B)
Class com.google.common.collect.Iterators$MergingIterator                             : loaded 5 times (x 83B)
Class com.google.common.collect.Iterators$1                                           : loaded 5 times (x 83B)
Class com.google.common.collect.Iterators$4                                           : loaded 5 times (x 84B)
Class com.google.common.collect.Iterators$5                                           : loaded 5 times (x 84B)
Class com.google.common.collect.UnmodifiableListIterator                              : loaded 5 times (x 97B)
Class com.google.common.collect.ImmutableCollection                                   : loaded 5 times (x 127B)
Class com.google.common.collect.Lists                                                 : loaded 5 times (x 73B)
Class com.google.common.collect.Iterators$9                                           : loaded 5 times (x 83B)
Class com.google.common.collect.Iterators$ArrayItr                                    : loaded 5 times (x 99B)
Class com.google.common.collect.PeekingIterator                                       : loaded 5 times (x 72B)
Class com.google.common.base.Preconditions                                            : loaded 5 times (x 73B)
Class com.google.common.cache.CacheBuilder$2                                          : loaded 4 times (x 81B)
Class com.google.common.collect.RegularImmutableMap$KeySet                            : loaded 4 times (x 154B)
Class com.google.common.cache.LocalCache                                              : loaded 4 times (x 188B)
Class com.google.common.base.CharMatcher$Negated                                      : loaded 4 times (x 115B)
Class com.google.common.base.CharMatcher$Is                                           : loaded 4 times (x 113B)
Class com.google.common.collect.ImmutableMap                                          : loaded 4 times (x 122B)
Class com.google.common.base.Predicate                                                : loaded 4 times (x 72B)
Class com.google.common.cache.CacheBuilder$1                                          : loaded 4 times (x 87B)
Class [Lcom.google.common.cache.LocalCache$Strength;                                  : loaded 4 times (x 71B)
Class [Lcom.google.common.cache.LocalCache$Segment;                                   : loaded 4 times (x 71B)
Class com.google.common.base.PatternCompiler                                          : loaded 4 times (x 72B)
Class com.google.common.base.CharMatcher$FastMatcher                                  : loaded 4 times (x 113B)
Class com.google.common.base.Ticker                                                   : loaded 4 times (x 74B)
Class org.objectweb.asm.Handler                                                       : loaded 4 times (x 74B)
Class com.google.common.collect.Sets                                                  : loaded 4 times (x 73B)
Class com.google.common.base.Strings                                                  : loaded 4 times (x 73B)
Class com.google.common.util.concurrent.AbstractFuture$Failure                        : loaded 4 times (x 74B)
Class com.google.common.base.Supplier                                                 : loaded 4 times (x 72B)
Class org.objectweb.asm.Attribute                                                     : loaded 4 times (x 79B)
Class com.google.common.base.Equivalence$Equals                                       : loaded 4 times (x 84B)
Class com.google.common.base.CharMatcher$Or                                           : loaded 4 times (x 114B)
Class com.google.common.util.concurrent.AbstractFuture$Listener                       : loaded 4 times (x 74B)
Class org.objectweb.asm.RecordComponentWriter                                         : loaded 4 times (x 79B)
Class com.google.common.cache.CacheStats                                              : loaded 4 times (x 73B)
Class org.objectweb.asm.AnnotationWriter                                              : loaded 4 times (x 80B)
Class com.google.common.base.CharMatcher$IsEither                                     : loaded 4 times (x 113B)
Class com.google.common.collect.Hashing                                               : loaded 4 times (x 73B)
Class com.google.common.base.CharMatcher$NegatedFastMatcher                           : loaded 4 times (x 115B)
Class com.google.common.collect.ImmutableSet                                          : loaded 4 times (x 147B)
Class com.google.common.collect.RegularImmutableMap$Values                            : loaded 4 times (x 209B)
Class com.google.common.base.CharMatcher$BitSetMatcher                                : loaded 4 times (x 114B)
Class [Lorg.jetbrains.kotlin.build.report.metrics.GradleBuildTime;                    : loaded 4 times (x 71B)
Class org.objectweb.asm.Symbol                                                        : loaded 4 times (x 75B)
Class org.objectweb.asm.Label                                                         : loaded 4 times (x 75B)
Class [Lcom.google.common.cache.CacheBuilder$NullListener;                            : loaded 4 times (x 71B)
Class org.objectweb.asm.ByteVector                                                    : loaded 4 times (x 81B)
Class com.google.common.math.IntMath$1                                                : loaded 4 times (x 73B)
Class org.objectweb.asm.CurrentFrame                                                  : loaded 4 times (x 75B)
Class org.objectweb.asm.ClassTooLargeException                                        : loaded 4 times (x 84B)
Class org.objectweb.asm.Type                                                          : loaded 4 times (x 74B)
Class org.jetbrains.kotlin.tooling.core.Extras                                        : loaded 4 times (x 72B)
Class com.google.common.collect.ImmutableEnumSet                                      : loaded 4 times (x 148B)
Class com.google.common.cache.LocalCache$StrongValueReference                         : loaded 4 times (x 92B)
Class com.google.common.collect.Sets$SetView                                          : loaded 4 times (x 140B)
Class com.google.common.base.CharMatcher                                              : loaded 4 times (x 113B)
Class com.google.common.collect.Maps$8                                                : loaded 4 times (x 84B)
Class [Lorg.objectweb.asm.AnnotationWriter;                                           : loaded 4 times (x 71B)
Class com.google.common.base.Equivalence$Identity                                     : loaded 4 times (x 84B)
Class com.google.common.base.Platform                                                 : loaded 4 times (x 73B)
Class com.google.common.cache.LocalCache$LoadingValueReference                        : loaded 4 times (x 98B)
Class com.google.common.util.concurrent.ExecutionError                                : loaded 4 times (x 84B)
Class org.objectweb.asm.Frame                                                         : loaded 4 times (x 75B)
Class org.objectweb.asm.MethodVisitor                                                 : loaded 4 times (x 107B)
Class [Lcom.google.common.collect.ImmutableEntry;                                     : loaded 4 times (x 71B)
Class com.google.common.collect.ImmutableList$1                                       : loaded 4 times (x 99B)
Class com.google.common.cache.LocalCache$EntryFactory$1                               : loaded 4 times (x 85B)
Class [Lcom.google.common.cache.RemovalListener;                                      : loaded 4 times (x 71B)
Class com.google.common.collect.Maps                                                  : loaded 4 times (x 73B)
Class com.google.common.util.concurrent.LazyLogger                                    : loaded 4 times (x 74B)
Class com.google.common.base.CharMatcher$1                                            : loaded 4 times (x 115B)
Class com.google.common.base.CharMatcher$NamedFastMatcher                             : loaded 4 times (x 114B)
Class org.jetbrains.kotlin.tooling.core.HasExtras                                     : loaded 4 times (x 72B)
Class com.google.common.util.concurrent.Uninterruptibles                              : loaded 4 times (x 73B)
Class com.google.common.collect.RegularImmutableList                                  : loaded 4 times (x 215B)
Class com.google.common.cache.CacheBuilder$OneWeigher                                 : loaded 4 times (x 84B)
Class com.google.common.collect.ImmutableMapEntry$NonTerminalImmutableMapEntry        : loaded 4 times (x 87B)
Class com.google.common.base.Function                                                 : loaded 4 times (x 72B)
Class com.google.common.base.Equivalence                                              : loaded 4 times (x 84B)
Class com.google.common.collect.ImmutableMapEntry                                     : loaded 4 times (x 87B)
Class org.jetbrains.kotlin.build.report.metrics.BuildTime                             : loaded 4 times (x 72B)
Class org.objectweb.asm.commons.InstructionAdapter                                    : loaded 4 times (x 190B)
Class com.google.common.math.IntMath                                                  : loaded 4 times (x 73B)
Class com.google.common.collect.RegularImmutableMap                                   : loaded 4 times (x 122B)
Class com.google.common.collect.ImmutableMap$MapViewOfValuesAsSingletonSets           : loaded 4 times (x 128B)
Class com.google.common.cache.LocalCache$EntryFactory$2                               : loaded 4 times (x 85B)
Class com.google.common.base.CharMatcher$IsNot                                        : loaded 4 times (x 113B)
Class com.google.common.cache.LocalCache$LocalManualCache                             : loaded 4 times (x 101B)
Class com.google.common.base.CommonPattern                                            : loaded 4 times (x 76B)
Class [Lcom.google.common.cache.LocalCache$EntryFactory;                              : loaded 4 times (x 71B)
Class org.objectweb.asm.ModuleWriter                                                  : loaded 4 times (x 83B)
Class com.google.common.cache.LocalCache$EntryFactory$3                               : loaded 4 times (x 85B)
Class com.google.common.base.Ticker$1                                                 : loaded 4 times (x 74B)
Class com.google.common.cache.CacheLoader$SupplierToCacheLoader                       : loaded 4 times (x 77B)
Class org.objectweb.asm.RecordComponentVisitor                                        : loaded 4 times (x 79B)
Class com.google.common.base.PairwiseEquivalence                                      : loaded 4 times (x 85B)
Class [Lorg.objectweb.asm.Symbol;                                                     : loaded 4 times (x 71B)
Class org.objectweb.asm.ClassVisitor                                                  : loaded 4 times (x 90B)
Class com.google.common.collect.ImmutableMapEntrySet$RegularEntrySet                  : loaded 4 times (x 154B)
Class com.google.common.collect.ImmutableAsList                                       : loaded 4 times (x 211B)
Class com.google.common.cache.LocalCache$ValueReference                               : loaded 4 times (x 72B)
Class com.google.common.base.FunctionalEquivalence                                    : loaded 4 times (x 85B)
Class com.google.common.util.concurrent.AbstractFuture                                : loaded 4 times (x 108B)
Class com.google.common.collect.AbstractMapBasedMultimap                              : loaded 4 times (x 140B)
Class com.google.common.collect.ImmutableSet$Builder                                  : loaded 4 times (x 87B)
Class com.google.common.collect.ImmutableSet$CachingAsList                            : loaded 4 times (x 150B)
Class com.google.common.base.Converter                                                : loaded 4 times (x 92B)
Class com.google.common.cache.ReferenceEntry                                          : loaded 4 times (x 72B)
Class org.jetbrains.kotlin.build.report.metrics.GradleBuildTime$Companion             : loaded 4 times (x 73B)
Class com.google.common.util.concurrent.ListenableFuture                              : loaded 4 times (x 72B)
Class com.google.common.collect.ArrayListMultimap                                     : loaded 4 times (x 173B)
Class com.google.common.cache.CacheBuilder$3                                          : loaded 4 times (x 74B)
Class [Lcom.google.common.collect.AbstractMapEntry;                                   : loaded 4 times (x 71B)
Class com.google.common.base.CharMatcher$AnyOf                                        : loaded 4 times (x 114B)
Class com.google.common.base.CharMatcher$ForPredicate                                 : loaded 4 times (x 114B)
Class com.google.common.cache.LocalCache$LocalManualCache$1                           : loaded 4 times (x 77B)
Class com.google.common.cache.LocalCache$EntryFactory$4                               : loaded 4 times (x 85B)
Class com.google.common.base.CharMatcher$InRange                                      : loaded 4 times (x 113B)
Class com.google.common.collect.ImmutableEntry                                        : loaded 4 times (x 84B)
Class com.google.common.util.concurrent.internal.InternalFutureFailureAccess          : loaded 4 times (x 74B)
Class com.google.common.collect.ImmutableSet$JdkBackedSetBuilderImpl                  : loaded 4 times (x 78B)
Class com.google.common.base.Platform$JdkPatternCompiler                              : loaded 4 times (x 77B)
Class com.google.common.collect.ImmutableBiMap                                        : loaded 4 times (x 145B)
Class com.google.common.collect.RegularImmutableBiMap                                 : loaded 4 times (x 150B)
Class com.google.common.cache.CacheLoader                                             : loaded 4 times (x 76B)
Class org.objectweb.asm.MethodTooLargeException                                       : loaded 4 times (x 84B)
Class [Lorg.objectweb.asm.SymbolTable$Entry;                                          : loaded 4 times (x 71B)
Class com.google.common.collect.AbstractListMultimap                                  : loaded 4 times (x 173B)
Class com.google.common.cache.LocalCache$Segment                                      : loaded 4 times (x 155B)
Class [Lcom.google.common.cache.Weigher;                                              : loaded 4 times (x 71B)
Class com.google.common.collect.ImmutableMap$IteratorBasedImmutableMap                : loaded 4 times (x 128B)
Class com.google.common.collect.SingletonImmutableSet                                 : loaded 4 times (x 148B)
Class com.google.common.cache.LocalCache$ComputingValueReference                      : loaded 4 times (x 98B)
Class com.google.common.cache.LocalCache$EntryFactory$5                               : loaded 4 times (x 85B)
Class com.google.common.collect.CollectPreconditions                                  : loaded 4 times (x 73B)
Class [Lcom.google.common.cache.CacheBuilder$OneWeigher;                              : loaded 4 times (x 71B)
Class com.google.common.base.Suppliers                                                : loaded 4 times (x 73B)
Class com.google.common.base.Suppliers$SupplierOfInstance                             : loaded 4 times (x 81B)
Class org.objectweb.asm.Edge                                                          : loaded 4 times (x 74B)
Class com.google.common.collect.SortedMapDifference                                   : loaded 4 times (x 72B)
Class org.objectweb.asm.SymbolTable$Entry                                             : loaded 4 times (x 75B)
Class com.google.common.collect.ImmutableList$ReverseImmutableList                    : loaded 4 times (x 211B)
Class com.google.common.base.JdkPattern                                               : loaded 4 times (x 77B)
Class com.google.common.cache.LocalCache$EntryFactory$6                               : loaded 4 times (x 85B)
Class com.google.common.collect.SingletonImmutableList                                : loaded 4 times (x 209B)
Class com.google.common.cache.CacheBuilder                                            : loaded 4 times (x 74B)
Class com.google.common.cache.LocalCache$EntryFactory                                 : loaded 4 times (x 85B)
Class com.google.common.collect.ImmutableSet$EmptySetBuilderImpl                      : loaded 4 times (x 78B)
Class com.google.common.cache.LocalCache$AbstractReferenceEntry                       : loaded 4 times (x 109B)
Class com.google.common.primitives.IntsMethodsForWeb                                  : loaded 4 times (x 73B)
Class com.google.common.cache.RemovalListener                                         : loaded 4 times (x 72B)
Class com.google.common.cache.LocalCache$EntryFactory$7                               : loaded 4 times (x 85B)
Class com.google.common.collect.ImmutableMap$Builder                                  : loaded 4 times (x 84B)
Class com.google.common.util.concurrent.AbstractFuture$Cancellation                   : loaded 4 times (x 74B)
Class org.jetbrains.kotlin.tooling.core.HasMutableExtras                              : loaded 4 times (x 72B)
Class com.google.common.cache.Cache                                                   : loaded 4 times (x 72B)
Class com.google.common.cache.LocalCache$Strength                                     : loaded 4 times (x 83B)
Class com.google.common.base.Stopwatch                                                : loaded 4 times (x 74B)
Class com.google.common.cache.Weigher                                                 : loaded 4 times (x 72B)
Class com.google.common.collect.ImmutableMapEntrySet                                  : loaded 4 times (x 154B)
Class org.objectweb.asm.SymbolTable                                                   : loaded 4 times (x 74B)
Class com.google.common.collect.ArrayListMultimapGwtSerializationDependencies         : loaded 4 times (x 173B)
Class com.google.common.collect.Multiset                                              : loaded 4 times (x 72B)
Class com.google.common.math.MathPreconditions                                        : loaded 4 times (x 73B)
Class com.google.common.cache.LocalCache$EntryFactory$8                               : loaded 4 times (x 85B)
Class com.google.common.cache.CacheLoader$InvalidCacheLoadException                   : loaded 4 times (x 84B)
Class com.google.common.primitives.Ints                                               : loaded 4 times (x 73B)
Class com.google.common.collect.ImmutableSet$SetBuilderImpl                           : loaded 4 times (x 78B)
Class com.google.common.collect.BiMap                                                 : loaded 4 times (x 72B)
Class com.google.common.collect.ImmutableMap$1                                        : loaded 4 times (x 83B)
Class com.google.common.collect.IndexedImmutableSet                                   : loaded 4 times (x 154B)
Class org.objectweb.asm.FieldVisitor                                                  : loaded 4 times (x 79B)
Class com.google.common.base.CharMatcher$And                                          : loaded 4 times (x 114B)
Class com.google.common.cache.CacheLoader$UnsupportedLoadingOperationException        : loaded 4 times (x 84B)
Class org.objectweb.asm.ClassWriter                                                   : loaded 4 times (x 107B)
Class com.google.common.collect.ImmutableSet$RegularSetBuilderImpl                    : loaded 4 times (x 78B)
Class com.google.common.util.concurrent.UncheckedExecutionException                   : loaded 4 times (x 84B)
Class [Lorg.jetbrains.kotlin.build.report.metrics.BuildTime;                          : loaded 4 times (x 71B)
Class com.google.common.cache.LocalCache$StrongEntry                                  : loaded 4 times (x 110B)
Class com.google.common.cache.CacheLoader$1                                           : loaded 4 times (x 77B)
Class com.google.common.util.concurrent.AbstractFuture$TrustedFuture                  : loaded 4 times (x 116B)
Class com.google.common.util.concurrent.AbstractFuture$Trusted                        : loaded 4 times (x 72B)
Class com.google.common.collect.ImmutableList$SubList                                 : loaded 4 times (x 211B)
Class com.google.common.collect.RegularImmutableAsList                                : loaded 4 times (x 219B)
Class com.google.common.cache.LocalCache$2                                            : loaded 4 times (x 144B)
Class com.google.common.collect.AbstractMultimap                                      : loaded 4 times (x 125B)
Class com.google.common.collect.AbstractMapEntry                                      : loaded 4 times (x 83B)
Class com.google.common.cache.LoadingCache                                            : loaded 4 times (x 72B)
Class [Lcom.google.common.collect.ImmutableMapEntry;                                  : loaded 4 times (x 71B)
Class com.google.common.cache.LocalCache$1                                            : loaded 4 times (x 91B)
Class com.google.common.collect.SingletonImmutableBiMap                               : loaded 4 times (x 145B)
Class com.google.common.base.Ascii                                                    : loaded 4 times (x 73B)
Class com.google.common.cache.AbstractCache$StatsCounter                              : loaded 4 times (x 72B)
Class org.objectweb.asm.MethodWriter                                                  : loaded 4 times (x 107B)
Class org.jetbrains.kotlin.build.report.metrics.GradleBuildTime                       : loaded 4 times (x 88B)
Class [Lorg.objectweb.asm.Type;                                                       : loaded 4 times (x 71B)
Class com.google.common.collect.Platform                                              : loaded 4 times (x 73B)
Class com.google.common.base.MoreObjects                                              : loaded 4 times (x 73B)
Class com.google.common.collect.ImmutableCollection$Builder                           : loaded 4 times (x 78B)
Class com.google.common.collect.ListMultimap                                          : loaded 4 times (x 72B)
Class com.google.common.collect.Maps$BiMapConverter                                   : loaded 4 times (x 92B)
Class com.google.common.cache.CacheLoader$FunctionToCacheLoader                       : loaded 4 times (x 77B)
Class com.google.common.cache.CacheBuilder$NullListener                               : loaded 4 times (x 84B)
Class org.objectweb.asm.FieldWriter                                                   : loaded 4 times (x 79B)
Class com.google.common.collect.MapDifference                                         : loaded 4 times (x 72B)
Class com.google.common.cache.LocalCache$Strength$3                                   : loaded 4 times (x 83B)
Class com.google.common.collect.ImmutableEnumMap                                      : loaded 4 times (x 128B)
Class com.google.common.cache.LocalCache$Strength$2                                   : loaded 4 times (x 83B)
Class com.google.common.util.concurrent.SettableFuture                                : loaded 4 times (x 116B)
Class com.google.common.collect.RegularImmutableMap$BucketOverflowException           : loaded 4 times (x 84B)
Class com.google.common.collect.RegularImmutableSet                                   : loaded 4 times (x 150B)
Class com.google.common.cache.LocalCache$Strength$1                                   : loaded 4 times (x 83B)
Class org.objectweb.asm.ModuleVisitor                                                 : loaded 4 times (x 83B)
Class com.google.common.collect.Sets$4                                                : loaded 4 times (x 141B)
Class com.google.common.cache.LocalCache$LocalLoadingCache                            : loaded 4 times (x 136B)
Class com.google.common.collect.Sets$3                                                : loaded 4 times (x 141B)
Class [Lorg.objectweb.asm.AnnotationVisitor;                                          : loaded 4 times (x 71B)
Class com.google.common.collect.Sets$2                                                : loaded 4 times (x 141B)
Class org.objectweb.asm.AnnotationVisitor                                             : loaded 4 times (x 80B)
Class com.google.common.collect.Sets$1                                                : loaded 4 times (x 141B)
Class com.android.build.gradle.internal.dsl.OptimizationImpl$AgpDecorated_Decorated   : loaded 3 times (x 139B)
Class com.android.ide.common.gradle.Numeric                                           : loaded 3 times (x 79B)
Class org.jetbrains.kotlin.gradle.utils.ProviderApiUtilsKt$mapOrNull$1                : loaded 3 times (x 77B)
Class org.jetbrains.kotlin.gradle.targets.native.toolchain.KotlinNativeBundleBuildService$Companion$registerIfAbsent$1: loaded 3 times (x 77B)
Class org.jetbrains.kotlin.gradle.plugin.PropertiesProvider$kotlinExperimentalTryNext$1: loaded 3 times (x 77B)
Class org.jetbrains.kotlin.gradle.fus.BuildUidService$Companion                       : loaded 3 times (x 73B)
Class org.jetbrains.kotlin.gradle.plugin.VariantImplementationFactoriesConfigurator$Companion$getProvider$1: loaded 3 times (x 76B)
Class com.google.gson.internal.bind.TypeAdapters                                      : loaded 3 times (x 73B)
Class com.google.gson.FormattingStyle                                                 : loaded 3 times (x 80B)
Class com.google.gson.FieldNamingPolicy                                               : loaded 3 times (x 85B)
Class com.android.build.gradle.internal.services.BaseServicesImpl                     : loaded 3 times (x 85B)
Class com.android.build.gradle.internal.dsl.CommonExtensionImpl                       : loaded 3 times (x 210B)
Class org.gradle.accessors.dm.LibrariesForLibsInPluginsBlock$PlayServicesLibraryAccessors: loaded 3 times (x 79B)
Class org.jetbrains.kotlin.gradle.tasks.KotlinJavaToolchain                           : loaded 3 times (x 72B)
Class com.android.build.api.dsl.VariantDimension                                      : loaded 3 times (x 72B)
Class com.android.build.api.dsl.LibraryBuildType                                      : loaded 3 times (x 72B)
Class com.android.build.gradle.internal.TaskManager$Companion$createTasksBeforeEvaluate$6: loaded 3 times (x 76B)
Class com.android.build.gradle.internal.tasks.factory.TaskFactoryUtils                : loaded 3 times (x 73B)
Class com.android.build.gradle.internal.api.artifact.SourceArtifactType$ASSETS        : loaded 3 times (x 76B)
Class com.android.build.gradle.internal.api.artifact.SourceArtifactType$JAVA_SOURCES  : loaded 3 times (x 76B)
Class com.android.build.gradle.internal.dsl.KeepRulesImpl$AgpDecorated_Decorated      : loaded 3 times (x 143B)
Class com.android.build.api.variant.LintLifecycleExtension                            : loaded 3 times (x 72B)
Class com.google.common.base.CaseFormat$1                                             : loaded 3 times (x 85B)
Class org.jetbrains.kotlin.gradle.plugin.VariantImplementationFactories$Companion$getProvider$2$1: loaded 3 times (x 81B)
Class com.android.tools.analytics.HostDataKt                                          : loaded 3 times (x 73B)
Class com.google.protobuf.AbstractMessage                                             : loaded 3 times (x 166B)
Class com.android.build.gradle.internal.lint.AndroidLintInputs                        : loaded 3 times (x 73B)
Class com.google.gson.JsonArray                                                       : loaded 3 times (x 102B)
Class com.google.gson.FieldNamingStrategy                                             : loaded 3 times (x 72B)
Class com.android.build.gradle.internal.component.ApplicationCreationConfig           : loaded 3 times (x 72B)
Class com.android.build.gradle.internal.errors.SyncIssueReporterImpl                  : loaded 3 times (x 79B)
Class com.android.build.gradle.internal.dsl.ApplicationExtensionImpl                  : loaded 3 times (x 389B)
Class com.android.build.api.variant.DslLifecycle                                      : loaded 3 times (x 72B)
Class org.gradle.accessors.dm.LibrariesForLibs$BundleAccessors                        : loaded 3 times (x 75B)
Class com.android.build.api.dsl.TestBaseFlavor                                        : loaded 3 times (x 72B)
Class com.android.build.gradle.internal.dsl.decorator.SupportedPropertyType$Var$File  : loaded 3 times (x 76B)
Class com.android.build.gradle.tasks.JavaCompileUtils                                 : loaded 3 times (x 73B)
Class com.android.build.api.dsl.BundleAiModelVersion                                  : loaded 3 times (x 72B)
Class com.android.build.api.dsl.NdkBuild                                              : loaded 3 times (x 72B)
Class com.android.build.api.variant.DslExtension                                      : loaded 3 times (x 74B)
Class com.android.build.api.artifact.impl.InternalScopedArtifacts$InternalScope       : loaded 3 times (x 81B)
Class com.android.build.gradle.internal.dsl.BundleOptionsTexture$AgpDecorated_Decorated: loaded 3 times (x 132B)
Class com.android.build.api.dsl.ManagedDevices                                        : loaded 3 times (x 72B)
Class [Lcom.android.repository.Revision$Precision;                                    : loaded 3 times (x 71B)
Class com.android.build.gradle.internal.dsl.ApplicationExtensionImpl$AgpDecorated     : loaded 3 times (x 390B)
Class com.android.build.gradle.internal.tasks.factory.GlobalTaskCreationConfigImpl$versionedNdkHandler$2: loaded 3 times (x 81B)
Class com.google.common.base.CaseFormat$2                                             : loaded 3 times (x 85B)
Class com.google.common.util.concurrent.AbstractFuture$SafeAtomicHelper               : loaded 3 times (x 81B)
Class com.android.build.api.dsl.ConsumerKeepRules                                     : loaded 3 times (x 72B)
Class com.android.build.gradle.internal.dsl.decorator.LockableSet                     : loaded 3 times (x 147B)
Class com.android.builder.model.SigningConfig                                         : loaded 3 times (x 72B)
Class com.android.build.gradle.api.AndroidSourceSet                                   : loaded 3 times (x 72B)
Class [Lcom.android.builder.core.ComponentTypeImpl;                                   : loaded 3 times (x 71B)
Class org.jetbrains.kotlin.build.report.metrics.GradleBuildPerformanceMetric          : loaded 3 times (x 94B)
Class org.jetbrains.kotlin.gradle.internal.properties.PropertiesBuildService$NullableBooleanGradleProperty: loaded 3 times (x 78B)
Class com.google.wireless.android.sdk.stats.GarbageCollectionStats$1                  : loaded 3 times (x 153B)
Class com.android.build.gradle.internal.TaskManager$Companion$createTasksBeforeEvaluate$5: loaded 3 times (x 76B)
Class [Lcom.android.build.gradle.options.StringOption;                                : loaded 3 times (x 71B)
Class com.android.build.gradle.options.ApiStage                                       : loaded 3 times (x 74B)
Class com.android.build.gradle.internal.plugins.AndroidPluginBaseServices$projectServices$2$1: loaded 3 times (x 81B)
Class com.android.build.api.variant.HasUnitTest                                       : loaded 3 times (x 72B)
Class com.android.build.gradle.internal.component.ConsumableCreationConfig            : loaded 3 times (x 72B)
Class com.android.build.gradle.internal.TaskManager$Companion                         : loaded 3 times (x 73B)
Class com.android.build.gradle.internal.TaskManager$Companion$createCoreLibraryDesugaringConfig$1: loaded 3 times (x 76B)
Class org.gradle.accessors.dm.LibrariesForLibs$AndroidxActivityLibraryAccessors       : loaded 3 times (x 79B)
Class com.android.build.gradle.internal.VariantTaskManager                            : loaded 3 times (x 87B)
Class com.android.build.gradle.internal.plugins.BasePlugin$ExtensionData              : loaded 3 times (x 74B)
Class com.google.protobuf.ProtocolMessageEnum                                         : loaded 3 times (x 72B)
Class com.android.build.gradle.internal.TaskManager$Companion$createTasksBeforeEvaluate$8: loaded 3 times (x 76B)
Class com.google.wireless.android.sdk.stats.GradleBuildVariant                        : loaded 3 times (x 283B)
Class com.android.build.gradle.internal.dsl.decorator.LockableSet$LockableIterator    : loaded 3 times (x 83B)
Class com.android.builder.model.TestOptions$Execution                                 : loaded 3 times (x 81B)
Class com.android.build.api.dsl.AdbOptions                                            : loaded 3 times (x 72B)
Class com.android.build.gradle.internal.api.DefaultAndroidSourceDirectorySet          : loaded 3 times (x 121B)
Class org.jetbrains.kotlin.gradle.plugin.internal.CompatibilityConventionRegistrar    : loaded 3 times (x 72B)
Class com.android.build.gradle.internal.dsl.ExternalNativeNdkBuildOptions_Decorated   : loaded 3 times (x 154B)
Class com.google.common.base.CaseFormat$3                                             : loaded 3 times (x 85B)
Class org.objectweb.asm.commons.GeneratorAdapter                                      : loaded 3 times (x 188B)
Class org.jetbrains.kotlin.gradle.plugin.AndroidGradlePluginVersion                   : loaded 3 times (x 77B)
Class com.android.build.api.dsl.LibraryKeepRules                                      : loaded 3 times (x 72B)
Class org.jetbrains.kotlin.gradle.targets.android.internal.InternalKotlinTargetPreset : loaded 3 times (x 72B)
Class org.jetbrains.kotlin.gradle.dsl.KotlinSingleTargetExtension                     : loaded 3 times (x 126B)
Class org.jetbrains.kotlin.gradle.internal.properties.NativePropertiesLoader$kotlinNativeVersion$1: loaded 3 times (x 77B)
Class org.jetbrains.kotlin.gradle.plugin.mpp.AbstractKotlinTarget                     : loaded 3 times (x 152B)
Class com.android.build.gradle.internal.AvdComponentsBuildService$Parameters          : loaded 3 times (x 72B)
Class org.gradle.accessors.dm.LibrariesForLibs                                        : loaded 3 times (x 96B)
Class com.android.build.gradle.internal.profile.AnalyticsResourceManager              : loaded 3 times (x 74B)
Class com.google.wireless.android.sdk.stats.GradleBuildProjectOrBuilder               : loaded 3 times (x 72B)
Class com.android.tools.analytics.AnalyticsSettingsData                               : loaded 3 times (x 74B)
Class com.android.build.gradle.internal.errors.DeprecationReporterImpl$Companion      : loaded 3 times (x 73B)
Class com.android.ide.common.blame.MessageReceiver                                    : loaded 3 times (x 72B)
Class [Lcom.android.build.gradle.options.Option;                                      : loaded 3 times (x 71B)
Class com.google.common.annotations.VisibleForTesting                                 : loaded 3 times (x 72B)
Class com.android.build.api.dsl.Lint                                                  : loaded 3 times (x 72B)
Class com.android.build.gradle.internal.variant.LegacyVariantInputManager             : loaded 3 times (x 99B)
Class org.gradle.accessors.dm.LibrariesForLibs$AndroidxCredentialsLibraryAccessors    : loaded 3 times (x 85B)
Class com.google.gms.googleservices.GoogleServicesPlugin$MissingGoogleServicesStrategy: loaded 3 times (x 81B)
Class com.android.build.gradle.internal.plugins.AppPlugin                             : loaded 3 times (x 99B)
Class com.google.gson.Gson$3                                                          : loaded 3 times (x 77B)
Class com.android.build.gradle.internal.TaskManager$Companion$createTasksBeforeEvaluate$9: loaded 3 times (x 76B)
Class com.android.build.api.extension.impl.VariantSelectorImpl                        : loaded 3 times (x 94B)
Class com.android.build.api.dsl.TestFixtures                                          : loaded 3 times (x 72B)
Class com.android.build.gradle.internal.VariantDimensionData                          : loaded 3 times (x 74B)
Class com.google.common.base.CaseFormat$4                                             : loaded 3 times (x 85B)
Class com.android.build.api.dsl.Shaders                                               : loaded 3 times (x 72B)
Class com.android.build.gradle.internal.plugins.BasePlugin$managedDeviceRegistry$2    : loaded 3 times (x 81B)
Class com.android.build.gradle.options.FutureStage                                    : loaded 3 times (x 74B)
Class com.google.protobuf.ExtensionRegistry                                           : loaded 3 times (x 89B)
Class com.android.build.gradle.internal.profile.AnalyticsConfiguratorService          : loaded 3 times (x 84B)
Class com.android.build.gradle.internal.services.RunOnceBuildServiceImpl              : loaded 3 times (x 84B)
Class org.gradle.accessors.dm.LibrariesForLibs$RoborazziLibraryAccessors              : loaded 3 times (x 86B)
Class com.android.ide.common.blame.Message                                            : loaded 3 times (x 74B)
Class com.google.gson.internal.bind.ReflectiveTypeAdapterFactory$BoundField           : loaded 3 times (x 77B)
Class com.google.protobuf.AbstractMessage$Builder                                     : loaded 3 times (x 259B)
Class com.android.build.gradle.internal.tasks.factory.TaskConfigurationActions        : loaded 3 times (x 77B)
Class com.android.build.gradle.internal.VariantManager$Companion                      : loaded 3 times (x 73B)
Class com.android.build.gradle.internal.tasks.factory.BootClasspathConfigImpl$mockableJarArtifact$2: loaded 3 times (x 81B)
Class com.android.build.gradle.internal.packaging.PackagingOptionsUtilsKt             : loaded 3 times (x 73B)
Class com.google.common.base.CaseFormat$5                                             : loaded 3 times (x 85B)
Class com.android.builder.model.ClassField                                            : loaded 3 times (x 72B)
Class com.android.build.api.dsl.DataBinding                                           : loaded 3 times (x 72B)
Class org.jetbrains.kotlin.gradle.plugin.mpp.KotlinUsages$KotlinCinteropDisambiguation: loaded 3 times (x 78B)
Class org.jetbrains.kotlin.gradle.report.BuildReportType$Companion                    : loaded 3 times (x 73B)
Class org.jetbrains.kotlin.gradle.plugin.KotlinPluginInMultipleProjectsHolder         : loaded 3 times (x 74B)
Class com.android.build.gradle.internal.plugins.BasePlugin$sdkComponentsBuildService$2$1: loaded 3 times (x 81B)
Class com.google.protobuf.InvalidProtocolBufferException$InvalidWireTypeException     : loaded 3 times (x 89B)
Class com.google.gson.internal.bind.TypeAdapters$34                                   : loaded 3 times (x 78B)
Class com.google.protobuf.Internal$FloatList                                          : loaded 3 times (x 72B)
Class com.google.protobuf.Internal$BooleanList                                        : loaded 3 times (x 72B)
Class com.google.protobuf.MessageLiteOrBuilder                                        : loaded 3 times (x 72B)
Class com.google.protobuf.Internal                                                    : loaded 3 times (x 73B)
Class org.gradle.accessors.dm.LibrariesForLibs$AndroidxComposeLibraryAccessors        : loaded 3 times (x 82B)
Class com.google.protobuf.ExtensionRegistryFactory                                    : loaded 3 times (x 73B)
Class org.jetbrains.kotlin.gradle.utils.StoredProperty                                : loaded 3 times (x 72B)
Class com.android.build.gradle.internal.dsl.ComposeOptionsImpl                        : loaded 3 times (x 84B)
Class com.android.build.api.dsl.TestCoverage                                          : loaded 3 times (x 72B)
Class org.jetbrains.kotlin.gradle.plugin.sources.DefaultKotlinSourceSetFactory        : loaded 3 times (x 82B)
Class com.android.build.gradle.internal.dsl.AaptOptions                               : loaded 3 times (x 117B)
Class com.android.build.api.dsl.BaselineProfile                                       : loaded 3 times (x 72B)
Class org.bouncycastle.jcajce.provider.config.ConfigurableProvider                    : loaded 3 times (x 72B)
Class com.android.build.api.dsl.DynamicFeatureBaseFlavor                              : loaded 3 times (x 72B)
Class com.android.builder.core.ComponentTypeImpl                                      : loaded 3 times (x 106B)
Class [Lorg.jetbrains.kotlin.gradle.dsl.JvmTarget;                                    : loaded 3 times (x 71B)
Class org.jetbrains.kotlin.gradle.plugin.mpp.KotlinUsages$KotlinMetadataCompatibility : loaded 3 times (x 78B)
Class org.jetbrains.kotlin.gradle.internal.properties.PropertiesBuildService$property$1$1: loaded 3 times (x 77B)
Class org.jetbrains.kotlin.gradle.utils.ConfigurationsKt$maybeCreateResolvable$1      : loaded 3 times (x 80B)
Class org.jetbrains.kotlin.tooling.core.Extras$Type                                   : loaded 3 times (x 74B)
Class org.jetbrains.kotlin.gradle.plugin.mpp.AbstractKotlinCompilationToRunnableFiles : loaded 3 times (x 198B)
Class com.android.build.gradle.internal.plugins.BasePlugin$versionedSdkLoaderService$2$1$1: loaded 3 times (x 81B)
Class com.android.build.gradle.internal.services.Aapt2DaemonBuildService$Parameters_Decorated: loaded 3 times (x 129B)
Class com.android.build.api.dsl.LibraryAndroidResources                               : loaded 3 times (x 72B)
Class com.android.build.gradle.internal.res.Aapt2FromMaven$Companion$Aapt2Extractor   : loaded 3 times (x 80B)
Class com.google.gson.LongSerializationPolicy                                         : loaded 3 times (x 82B)
Class com.android.build.gradle.internal.plugins.AndroidPluginBaseServices$syncIssueReporter$2$1: loaded 3 times (x 81B)
Class com.android.build.gradle.internal.plugins.BasePlugin$extensionData$2            : loaded 3 times (x 81B)
Class com.android.build.api.variant.HasAndroidTestBuilder                             : loaded 3 times (x 72B)
Class org.gradle.accessors.dm.LibrariesForLibs$RoborazziJunitLibraryAccessors         : loaded 3 times (x 79B)
Class org.jetbrains.kotlin.gradle.plugin.KotlinGradleBuildServices$Companion$registerIfAbsent$1: loaded 3 times (x 77B)
Class org.jetbrains.kotlin.gradle.plugin.internal.ProjectIsolationStartParameterAccessor: loaded 3 times (x 72B)
Class org.jetbrains.kotlin.gradle.internal.ClassLoadersCachingBuildService$Parameters : loaded 3 times (x 72B)
Class org.jetbrains.kotlin.tooling.core.MutableExtrasImpl$Companion                   : loaded 3 times (x 73B)
Class com.android.build.gradle.internal.dsl.CompileSdkSpecImpl$AgpDecorated           : loaded 3 times (x 91B)
Class com.android.build.gradle.internal.dsl.DefaultConfig$AgpDecorated                : loaded 3 times (x 444B)
Class com.android.build.gradle.internal.dsl.SigningConfigImpl$AgpDecorated            : loaded 3 times (x 103B)
Class com.android.build.gradle.internal.dsl.SigningConfigImpl$AgpDecorated_Decorated  : loaded 3 times (x 152B)
Class com.android.build.gradle.internal.tasks.UsesAnalytics                           : loaded 3 times (x 72B)
Class com.android.build.gradle.internal.tasks.SigningConfigUtils                      : loaded 3 times (x 73B)
Class com.android.build.gradle.internal.dsl.BundleOptionsDeviceTier$AgpDecorated      : loaded 3 times (x 87B)
Class com.android.build.gradle.internal.dsl.EmulatorControl$AgpDecorated_Decorated    : loaded 3 times (x 135B)
Class com.android.build.gradle.internal.dsl.CommonExtensionImpl$compileSdkDelegate$1  : loaded 3 times (x 81B)
Class com.android.build.gradle.internal.dsl.BaselineProfileImpl$AgpDecorated          : loaded 3 times (x 86B)
Class com.android.build.gradle.internal.dsl.decorator.DslDecorator$CollectingInfoVisitor: loaded 3 times (x 77B)
Class com.android.build.gradle.internal.dsl.decorator.DslDecorator$Companion          : loaded 3 times (x 73B)
Class com.android.build.api.dsl.AnnotationProcessorOptions                            : loaded 3 times (x 72B)
Class com.android.builder.model.BuildType                                             : loaded 3 times (x 72B)
Class org.jetbrains.kotlin.gradle.plugin.statistics.BuildFusServiceKt                 : loaded 3 times (x 73B)
Class org.jetbrains.kotlin.gradle.plugin.BuildFinishedListenerService$Companion       : loaded 3 times (x 73B)
Class org.jetbrains.kotlin.gradle.plugin.BuildFinishedListenerService                 : loaded 3 times (x 82B)
Class org.jetbrains.kotlin.gradle.plugin.KotlinBaseApiPlugin$kotlinExtension$2        : loaded 3 times (x 81B)
Class com.android.build.gradle.internal.plugins.BasePlugin$versionedSdkLoaderService$2$1$2: loaded 3 times (x 81B)
Class com.android.build.gradle.internal.AvdComponentsBuildService$Parameters_Decorated: loaded 3 times (x 159B)
Class com.android.build.gradle.internal.plugins.BasePlugin$configureProject$1         : loaded 3 times (x 77B)
Class com.android.build.gradle.internal.services.StringCachingBuildService$RegistrationAction: loaded 3 times (x 76B)
Class com.android.build.gradle.internal.dsl.decorator.DslDecorator$Companion$classLoaderDefineClass$2: loaded 3 times (x 80B)
Class com.google.protobuf.AbstractParser                                              : loaded 3 times (x 152B)
Class com.google.common.collect.AbstractBiMap$Inverse                                 : loaded 3 times (x 164B)
Class com.android.build.api.dsl.ExternalNativeBuildFlags                              : loaded 3 times (x 72B)
Class com.android.build.gradle.options.IntegerOption                                  : loaded 3 times (x 87B)
Class com.android.build.gradle.internal.dsl.BundleOptions$AgpDecorated                : loaded 3 times (x 141B)
Class com.android.build.gradle.internal.core.dsl.ComponentDslInfo                     : loaded 3 times (x 72B)
Class com.android.build.api.variant.AndroidComponents                                 : loaded 3 times (x 72B)
Class com.android.build.gradle.internal.plugins.BasePlugin                            : loaded 3 times (x 95B)
Class org.gradle.accessors.dm.LibrariesForLibs$MoshiKotlinLibraryAccessors            : loaded 3 times (x 85B)
Class org.gradle.accessors.dm.LibrariesForLibs$AndroidxLifecycleRuntimeLibraryAccessors: loaded 3 times (x 80B)
Class com.android.build.gradle.internal.tasks.factory.TaskInformation                 : loaded 3 times (x 72B)
Class com.android.build.gradle.internal.tasks.AndroidGlobalTask                       : loaded 3 times (x 320B)
Class com.android.build.gradle.internal.scope.InternalArtifactType$DEFAULT_PROGUARD_FILES: loaded 3 times (x 76B)
Class com.android.build.gradle.TestPlugin                                             : loaded 3 times (x 78B)
Class com.google.gson.Gson$2                                                          : loaded 3 times (x 78B)
Class com.android.ide.common.blame.SourceFilePositionJsonSerializer                   : loaded 3 times (x 79B)
Class com.android.build.gradle.internal.services.VariantServices                      : loaded 3 times (x 72B)
Class com.android.build.gradle.internal.CompileOptions$Companion                      : loaded 3 times (x 73B)
Class com.android.build.gradle.internal.dsl.decorator.ApplicationInstallationImpl$AgpDecorated: loaded 3 times (x 101B)
Class com.android.build.gradle.internal.dsl.CommonExtensionImpl$compileSdkDelegate$2  : loaded 3 times (x 81B)
Class com.android.builder.core.DefaultVectorDrawablesOptions                          : loaded 3 times (x 82B)
Class com.android.build.gradle.internal.dsl.BaselineProfileImpl                       : loaded 3 times (x 81B)
Class com.android.build.gradle.internal.dsl.ExternalNativeBuild                       : loaded 3 times (x 93B)
Class com.android.build.gradle.internal.dsl.decorator.LockableMap                     : loaded 3 times (x 129B)
Class com.android.build.gradle.internal.dsl.BuildType                                 : loaded 3 times (x 366B)
Class org.jetbrains.kotlin.gradle.plugin.KotlinSourceSetTree                          : loaded 3 times (x 74B)
Class org.jetbrains.kotlin.gradle.plugin.sources.KotlinSourceSetFactory               : loaded 3 times (x 82B)
Class org.jetbrains.kotlin.gradle.targets.native.toolchain.KotlinNativeBundleBuildService$Parameters_Decorated: loaded 3 times (x 141B)
Class org.jetbrains.kotlin.gradle.internal.ClassLoadersCachingBuildService$Companion  : loaded 3 times (x 73B)
Class org.jetbrains.kotlin.gradle.internal.IdeaKt$isInIdeaSync$1                      : loaded 3 times (x 76B)
Class com.android.build.gradle.internal.plugins.BasePlugin$configureProject$2         : loaded 3 times (x 77B)
Class com.google.wireless.android.sdk.stats.JavaProcessStats$1                        : loaded 3 times (x 153B)
Class com.google.wireless.android.sdk.stats.ProjectApiUse                             : loaded 3 times (x 199B)
Class com.google.protobuf.GeneratedMessage$GeneratedExtension                         : loaded 3 times (x 89B)
Class com.android.build.gradle.internal.profile.AnalyticsConfiguratorService$Params_Decorated: loaded 3 times (x 132B)
Class com.google.gson.internal.bind.DefaultDateTypeAdapter                            : loaded 3 times (x 76B)
Class com.google.gson.JsonSerializer                                                  : loaded 3 times (x 72B)
Class [Lcom.android.ide.common.blame.Message$Kind;                                    : loaded 3 times (x 71B)
Class com.google.gson.GsonBuilder                                                     : loaded 3 times (x 74B)
Class com.android.build.gradle.internal.errors.MessageReceiverImpl                    : loaded 3 times (x 77B)
Class com.android.build.gradle.internal.variant.VariantInputModel                     : loaded 3 times (x 72B)
Class org.gradle.accessors.dm.LibrariesForLibs$AndroidxRoomLibraryAccessors           : loaded 3 times (x 81B)
Class org.gradle.accessors.dm.LibrariesForLibs$AndroidxComposeMaterialLibraryAccessors: loaded 3 times (x 79B)
Class org.gradle.accessors.dm.LibrariesForLibs$PlayLibraryAccessors                   : loaded 3 times (x 79B)
Class com.android.tools.analytics.Environment$SystemProperty                          : loaded 3 times (x 81B)
Class com.android.tools.analytics.Environment$Companion                               : loaded 3 times (x 73B)
Class com.android.build.gradle.options.SigningOptions                                 : loaded 3 times (x 74B)
Class com.android.build.gradle.internal.dsl.MinSdkProperties                          : loaded 3 times (x 72B)
Class com.android.build.gradle.internal.dsl.decorator.DslDecorator$Companion$lookupDefineClassMethod$2: loaded 3 times (x 80B)
Class com.android.build.gradle.internal.services.TaskCreationServicesImpl             : loaded 3 times (x 104B)
Class com.android.build.gradle.internal.TaskManager$Companion$createTasksBeforeEvaluate$4: loaded 3 times (x 77B)
Class org.jetbrains.kotlin.gradle.utils.IsolatedKotlinClasspathClassCastException     : loaded 3 times (x 84B)
Class com.android.build.gradle.internal.plugins.BasePlugin$configureProject$3         : loaded 3 times (x 79B)
Class com.android.build.gradle.internal.ide.dependencies.MavenCoordinatesCacheBuildService: loaded 3 times (x 82B)
Class com.android.builder.profile.AnalyticsProfileWriter                              : loaded 3 times (x 74B)
Class com.android.build.gradle.internal.utils.AnalyticsEnabledValueSource             : loaded 3 times (x 80B)
Class com.google.gson.stream.JsonWriter                                               : loaded 3 times (x 100B)
Class com.android.prefs.AndroidLocationsException                                     : loaded 3 times (x 84B)
Class com.android.build.gradle.internal.plugins.BasePlugin$buildOutputs$2             : loaded 3 times (x 81B)
Class com.android.build.gradle.internal.plugins.AndroidPluginBaseServices$androidProblemReporterProviderService$2: loaded 3 times (x 81B)
Class com.android.build.gradle.internal.component.ApkCreationConfig                   : loaded 3 times (x 72B)
Class com.android.build.gradle.internal.services.RunOnceBuildServiceImpl$RegistrationAction: loaded 3 times (x 75B)
Class com.android.tools.analytics.Environment$Companion$SYSTEM$1                      : loaded 3 times (x 75B)
Class com.android.build.gradle.internal.profile.NoOpAnalyticsConfiguratorService$RegistrationAction: loaded 3 times (x 76B)
Class com.google.protobuf.Message                                                     : loaded 3 times (x 72B)
Class com.google.protobuf.CodedInputStream                                            : loaded 3 times (x 121B)
Class com.google.wireless.android.sdk.stats.JavaProcessStats                          : loaded 3 times (x 208B)
Class com.android.prefs.PathLocator$WhenMappings                                      : loaded 3 times (x 73B)
Class org.jetbrains.kotlin.gradle.plugin.mpp.AbstractKotlinCompilation                : loaded 3 times (x 193B)
Class com.android.build.api.artifact.impl.ArtifactNamingContext                       : loaded 3 times (x 74B)
Class com.google.wireless.android.sdk.stats.GradleBuildProfileSpan                    : loaded 3 times (x 217B)
Class com.android.build.api.dsl.ExternalNativeBuild                                   : loaded 3 times (x 72B)
Class com.android.build.gradle.internal.dsl.BundleOptionsDensity                      : loaded 3 times (x 79B)
Class com.android.build.api.dsl.Bundle                                                : loaded 3 times (x 72B)
Class com.android.build.gradle.internal.dsl.decorator.SupportedPropertyType$Collection$List: loaded 3 times (x 76B)
Class com.android.build.api.dsl.LibraryProductFlavor                                  : loaded 3 times (x 72B)
Class com.android.build.gradle.internal.plugins.BasePlugin$configureProject$4         : loaded 3 times (x 76B)
Class org.gradle.accessors.dm.LibrariesForLibsInPluginsBlock$PluginAccessors          : loaded 3 times (x 80B)
Class com.android.repository.Revision                                                 : loaded 3 times (x 89B)
Class [Lcom.android.ide.common.repository.AgpVersion$PreviewKind;                     : loaded 3 times (x 71B)
Class com.android.build.gradle.internal.res.Aapt2FromMaven$Companion$create$aapt2Directory$1: loaded 3 times (x 76B)
Class com.google.gson.internal.bind.TypeAdapterRuntimeTypeWrapper                     : loaded 3 times (x 76B)
Class com.android.ide.common.blame.Message$Kind$Companion                             : loaded 3 times (x 73B)
Class com.android.build.gradle.options.SyncOptions$EvaluationMode                     : loaded 3 times (x 81B)
Class com.google.gson.internal.bind.TypeAdapters$33                                   : loaded 3 times (x 78B)
Class com.android.build.gradle.internal.core.dsl.ConsumableComponentDslInfo           : loaded 3 times (x 72B)
Class com.android.build.gradle.internal.tasks.factory.GlobalTaskCreationConfigImpl    : loaded 3 times (x 137B)
Class com.android.build.gradle.internal.variant.AbstractVariantInputManager           : loaded 3 times (x 99B)
Class com.android.build.gradle.AbstractAppExtension                                   : loaded 3 times (x 217B)
Class com.android.build.gradle.BasePlugin                                             : loaded 3 times (x 78B)
Class org.jetbrains.kotlin.gradle.utils.Future                                        : loaded 3 times (x 72B)
Class com.android.build.gradle.internal.services.BuiltInKotlinServices$Companion      : loaded 3 times (x 73B)
Class com.android.build.gradle.internal.utils.KgpUtils                                : loaded 3 times (x 73B)
Class com.android.build.api.dsl.DependenciesInfo                                      : loaded 3 times (x 72B)
Class com.android.utils.StringHelper                                                  : loaded 3 times (x 73B)
Class com.google.common.util.concurrent.AbstractFuture$SetFuture                      : loaded 3 times (x 77B)
Class com.google.common.base.Converter$IdentityConverter                              : loaded 3 times (x 92B)
Class com.android.resources.ResourceEnum                                              : loaded 3 times (x 72B)
Class com.android.build.gradle.internal.CompileOptions$AgpDecorated_Decorated         : loaded 3 times (x 147B)
Class [Lcom.android.build.gradle.ProguardFiles$ProguardFile;                          : loaded 3 times (x 71B)
Class com.android.build.gradle.internal.ide.v2.NativeModelBuilder$scopes$2            : loaded 3 times (x 81B)
Class com.android.build.api.dsl.SingleVariant                                         : loaded 3 times (x 72B)
Class com.android.build.gradle.internal.dsl.BundleOptionsLanguage$AgpDecorated        : loaded 3 times (x 83B)
Class com.google.gson.internal.bind.ObjectTypeAdapter                                 : loaded 3 times (x 76B)
Class org.jetbrains.kotlin.gradle.plugin.KotlinTargetPreset                           : loaded 3 times (x 72B)
Class org.jetbrains.kotlin.gradle.utils.FileUtilsKt$localProperties$1                 : loaded 3 times (x 77B)
Class org.jetbrains.kotlin.gradle.dsl.HasConfigurableKotlinCompilerOptions            : loaded 3 times (x 72B)
Class com.android.build.gradle.internal.plugins.BasePlugin$configureProject$5         : loaded 3 times (x 76B)
Class com.android.build.gradle.internal.lint.LintFixBuildService                      : loaded 3 times (x 77B)
Class com.google.protobuf.UnknownFieldSet                                             : loaded 3 times (x 89B)
Class com.google.wireless.android.sdk.stats.GradleBuildProject                        : loaded 3 times (x 261B)
Class com.google.wireless.android.sdk.stats.GradleBuildProfileSpan$ExecutionType      : loaded 3 times (x 89B)
Class com.android.build.gradle.internal.errors.SyncIssueReporterImpl$GlobalSyncIssueService: loaded 3 times (x 84B)
Class com.android.build.gradle.internal.errors.DeprecationReporterImpl                : loaded 3 times (x 85B)
Class com.android.build.gradle.internal.errors.AndroidProblemReporterProvider$RegistrationAction: loaded 3 times (x 76B)
Class com.android.build.gradle.options.ProjectOptions                                 : loaded 3 times (x 74B)
Class com.android.build.gradle.internal.services.RunOnceBuildServiceImpl$ActionName   : loaded 3 times (x 74B)
Class [Lcom.android.tools.lint.model.LintModelSeverity;                               : loaded 3 times (x 71B)
Class com.android.build.gradle.api.TestVariant                                        : loaded 3 times (x 72B)
Class com.android.build.gradle.internal.tasks.factory.TaskProviderCallback            : loaded 3 times (x 72B)
Class com.android.build.gradle.internal.services.FakeDependencyJarBuildService$FakeDependencyJarCreator$Params_Decorated: loaded 3 times (x 134B)
Class com.android.build.gradle.internal.services.FakeDependencyJarBuildService$FakeDependencyJarCreator: loaded 3 times (x 82B)
Class com.android.build.gradle.internal.tasks.factory.BootClasspathConfigImpl$filteredBootClasspath$2: loaded 3 times (x 81B)
Class com.android.build.gradle.internal.dsl.BundleOptionsAiModelVersion$AgpDecorated  : loaded 3 times (x 87B)
Class com.android.build.gradle.internal.dsl.decorator.ApplicationInstallationImpl$AgpDecorated_Decorated: loaded 3 times (x 145B)
Class [Lcom.android.resources.Density;                                                : loaded 3 times (x 71B)
Class com.android.build.gradle.internal.dsl.ExternalNativeBuildOptions_Decorated      : loaded 3 times (x 140B)
Class com.google.common.util.concurrent.AbstractFuture$UnsafeAtomicHelper$1           : loaded 3 times (x 78B)
Class com.android.build.gradle.internal.variant.BaseVariantFactory$Companion          : loaded 3 times (x 73B)
Class org.jetbrains.kotlin.gradle.targets.native.toolchain.UsesKotlinNativeBundleBuildService: loaded 3 times (x 72B)
Class org.jetbrains.kotlin.build.report.metrics.ValueType                             : loaded 3 times (x 81B)
Class org.jetbrains.kotlin.gradle.plugin.KotlinCompilerArgumentsProducer              : loaded 3 times (x 72B)
Class org.jetbrains.kotlin.gradle.dsl.KotlinCommonOptions                             : loaded 3 times (x 72B)
Class com.android.build.gradle.internal.ide.dependencies.LibraryDependencyCacheBuildService$RegistrationAction: loaded 3 times (x 76B)
Class com.android.utils.DateProvider$1                                                : loaded 3 times (x 77B)
Class com.google.gson.internal.bind.MapTypeAdapterFactory$Adapter                     : loaded 3 times (x 76B)
Class com.google.gson.internal.sql.SqlTimeTypeAdapter$1                               : loaded 3 times (x 77B)
Class com.google.wireless.android.sdk.stats.GradleBuildProfile$Builder                : loaded 3 times (x 349B)
Class com.android.build.gradle.internal.variant.BaseVariantFactory                    : loaded 3 times (x 108B)
Class com.android.build.api.artifact.impl.StorageProviderImpl$directory$1             : loaded 3 times (x 80B)
Class org.gradle.accessors.dm.LibrariesForLibsInPluginsBlock$AndroidxRoomLibraryAccessors: loaded 3 times (x 81B)
Class com.android.build.api.extension.impl.ApplicationAndroidComponentsExtensionImpl  : loaded 3 times (x 116B)
Class org.jetbrains.kotlin.tooling.core.TypeUtils                                     : loaded 3 times (x 73B)
Class com.android.build.gradle.internal.services.VariantBuilderServices               : loaded 3 times (x 72B)
Class com.android.build.api.extension.impl.OperationsRegistrar                        : loaded 3 times (x 74B)
Class com.android.tools.lint.model.LintModelSeverity                                  : loaded 3 times (x 81B)
Class com.android.build.gradle.internal.dsl.BundleOptionsAbi$AgpDecorated             : loaded 3 times (x 83B)
Class com.android.build.gradle.internal.dsl.ApplicationAndroidResourcesImpl$AgpDecorated: loaded 3 times (x 131B)
Class com.android.builder.core.AbstractProductFlavor$DimensionRequest                 : loaded 3 times (x 74B)
Class org.jetbrains.kotlin.gradle.plugin.AndroidGradlePluginVersionKt                 : loaded 3 times (x 73B)
Class com.android.build.gradle.internal.dsl.LintImpl                                  : loaded 3 times (x 214B)
Class com.android.build.api.dsl.SigningConfig                                         : loaded 3 times (x 72B)
Class org.jetbrains.kotlin.gradle.dsl.DefaultToolchainSupport_Decorated               : loaded 3 times (x 122B)
Class org.jetbrains.kotlin.gradle.internal.properties.NativePropertiesLoader$jvmArgs$1: loaded 3 times (x 77B)
Class org.jetbrains.kotlin.gradle.report.BuildMetricsService$Companion                : loaded 3 times (x 73B)
Class org.jetbrains.kotlin.gradle.plugin.VariantImplementationFactories$Parameters_Decorated: loaded 3 times (x 132B)
Class org.jetbrains.kotlin.gradle.plugin.PropertiesProvider$PropertyNames             : loaded 3 times (x 73B)
Class org.jetbrains.kotlin.gradle.tasks.KotlinCompileTool                             : loaded 3 times (x 72B)
Class org.jetbrains.kotlin.gradle.utils.SingleAction$PerformedActions                 : loaded 3 times (x 74B)
Class org.jetbrains.kotlin.gradle.utils.GradleUtilsKt                                 : loaded 3 times (x 73B)
Class org.jetbrains.kotlin.gradle.plugin.HasProject                                   : loaded 3 times (x 72B)
Class com.android.io.CancellableFileIo                                                : loaded 3 times (x 73B)
Class com.google.protobuf.Descriptors$FieldDescriptor                                 : loaded 3 times (x 90B)
Class com.android.build.gradle.internal.errors.SyncIssueReporterImpl$GlobalSyncIssueService$Parameters: loaded 3 times (x 72B)
Class org.jetbrains.kotlin.gradle.report.ConfigureReporingKt                          : loaded 3 times (x 73B)
Class com.android.build.api.variant.ComponentIdentity                                 : loaded 3 times (x 72B)
Class com.android.build.gradle.internal.testing.ManagedDeviceRegistry                 : loaded 3 times (x 77B)
Class com.android.build.gradle.internal.tasks.ApplicationTaskManager                  : loaded 3 times (x 88B)
Class com.android.build.gradle.internal.dsl.BaseAppModuleExtension                    : loaded 3 times (x 461B)
Class com.android.build.gradle.AndroidConfig                                          : loaded 3 times (x 72B)
Class com.google.gson.Gson$1                                                          : loaded 3 times (x 78B)
Class com.google.common.collect.ForwardingObject                                      : loaded 3 times (x 74B)
Class com.android.builder.profile.Recorder$VoidBlock                                  : loaded 3 times (x 72B)
Class org.jetbrains.kotlin.gradle.report.ReportingSettings$Companion                  : loaded 3 times (x 73B)
Class com.android.build.gradle.internal.ide.v2.GlobalSyncService$Parameters           : loaded 3 times (x 72B)
Class com.android.build.gradle.internal.services.SymbolTableBuildService              : loaded 3 times (x 81B)
Class com.android.build.gradle.internal.lint.AndroidLintGlobalTask$GlobalCreationAction$Companion: loaded 3 times (x 73B)
Class com.android.build.gradle.internal.tasks.LintCompile$CreationAction              : loaded 3 times (x 93B)
Class com.android.build.gradle.internal.dsl.AndroidTestImpl$AgpDecorated              : loaded 3 times (x 82B)
Class com.android.build.gradle.internal.tasks.factory.GlobalTaskCreationConfigImpl$testOptionExecutionEnum$2: loaded 3 times (x 81B)
Class com.android.build.gradle.internal.tasks.factory.BootClasspathConfigImpl$androidJar$2: loaded 3 times (x 81B)
Class com.android.build.gradle.internal.dsl.BundleOptionsCodeTransparency$AgpDecorated_Decorated: loaded 3 times (x 127B)
Class com.android.build.gradle.internal.dsl.ApplicationExtensionImpl$lintOptions$2    : loaded 3 times (x 81B)
Class com.android.build.gradle.internal.dsl.ManagedDevices$localDevices$1$1           : loaded 3 times (x 77B)
Class com.android.build.gradle.internal.dsl.AarMetadataImpl$AgpDecorated              : loaded 3 times (x 93B)
Class com.android.build.gradle.internal.dsl.AnnotationProcessorOptions$AgpDecorated_Decorated: loaded 3 times (x 151B)
Class com.android.resources.Density                                                   : loaded 3 times (x 94B)
Class org.jetbrains.kotlin.gradle.plugin.mpp.KotlinTargetComponentWithPublication     : loaded 3 times (x 72B)
Class com.android.build.gradle.internal.dsl.decorator.SupportedPropertyType           : loaded 3 times (x 75B)
Class com.android.build.gradle.internal.dsl.InternalSigningConfig                     : loaded 3 times (x 72B)
Class org.jetbrains.kotlin.gradle.plugin.mpp.KotlinAndroidTarget_Decorated            : loaded 3 times (x 214B)
Class org.jetbrains.kotlin.gradle.ExperimentalKotlinGradlePluginApi                   : loaded 3 times (x 72B)
Class org.jetbrains.kotlin.gradle.dsl.KotlinAndroidProjectExtension                   : loaded 3 times (x 141B)
Class org.jetbrains.kotlin.gradle.internal.properties.NativePropertiesLoader          : loaded 3 times (x 88B)
Class org.jetbrains.kotlin.gradle.plugin.mpp.KotlinAndroidTargetVariantDslImpl        : loaded 3 times (x 77B)
Class org.jetbrains.kotlin.gradle.plugin.KotlinGradleBuildServices$Parameters$Inject_ : loaded 3 times (x 108B)
Class org.jetbrains.kotlin.gradle.plugin.statistics.BuildFusService                   : loaded 3 times (x 86B)
Class com.android.build.gradle.internal.dependency.JacocoInstrumentationService       : loaded 3 times (x 83B)
Class com.android.build.gradle.internal.ide.v2.GlobalSyncService$Parameters_Decorated : loaded 3 times (x 132B)
Class com.android.tools.analytics.StubbableLazy                                       : loaded 3 times (x 78B)
Class com.android.build.gradle.internal.variant.AbstractVariantInputManager$Companion : loaded 3 times (x 73B)
Class com.android.build.gradle.internal.profile.TaskMetadata                          : loaded 3 times (x 74B)
Class com.android.build.gradle.internal.scope.ProjectInfo$Companion                   : loaded 3 times (x 73B)
Class com.google.gson.internal.bind.DefaultDateTypeAdapter$DateType                   : loaded 3 times (x 75B)
Class com.google.protobuf.Internal$EnumLite                                           : loaded 3 times (x 72B)
Class com.android.build.gradle.internal.AbstractAppTaskManager                        : loaded 3 times (x 88B)
Class com.android.build.gradle.internal.plugins.VersionCheckPlugin                    : loaded 3 times (x 76B)
Class com.android.build.gradle.internal.dsl.decorator.SupportedPropertyType$Collection$Map: loaded 3 times (x 76B)
Class org.jetbrains.kotlin.gradle.plugin.KotlinCompilation                            : loaded 3 times (x 72B)
Class org.jetbrains.kotlin.tooling.core.Extras$Type$Companion                         : loaded 3 times (x 73B)
Class org.jetbrains.kotlin.gradle.targets.native.internal.PlatformLibrariesGenerator  : loaded 3 times (x 74B)
Class com.android.build.gradle.internal.dsl.VcsInfoImpl$AgpDecorated_Decorated        : loaded 3 times (x 127B)
Class com.android.build.gradle.internal.dsl.BuildType$AgpDecorated                    : loaded 3 times (x 370B)
Class com.android.build.gradle.internal.dsl.ManagedDevices$localDevices$1$2           : loaded 3 times (x 77B)
Class com.android.build.gradle.internal.dsl.decorator.DslDecorator$ClassInfoVisitor   : loaded 3 times (x 72B)
Class com.android.build.api.dsl.DependencySelection                                   : loaded 3 times (x 72B)
Class com.android.build.gradle.api.JavaCompileOptions                                 : loaded 3 times (x 72B)
Class org.bouncycastle.jce.provider.BouncyCastleProvider                              : loaded 3 times (x 171B)
Class com.android.build.api.dsl.DynamicFeatureBuildType                               : loaded 3 times (x 72B)
Class org.jetbrains.kotlin.gradle.utils.FutureImpl                                    : loaded 3 times (x 82B)
Class org.jetbrains.kotlin.gradle.internal.properties.NativePropertiesLoader$isToolchainEnabled$1: loaded 3 times (x 77B)
Class org.jetbrains.kotlin.gradle.plugin.mpp.KotlinJvmAndroidCompilation              : loaded 3 times (x 200B)
Class com.google.wireless.android.sdk.stats.GradleBuildMemorySampleOrBuilder          : loaded 3 times (x 72B)
Class com.google.gson.internal.bind.ReflectiveTypeAdapterFactory$1                    : loaded 3 times (x 76B)
Class org.gradle.accessors.dm.LibrariesForLibsInPluginsBlock$AndroidxLifecycleLibraryAccessors: loaded 3 times (x 80B)
Class org.gradle.accessors.dm.LibrariesForLibs$AndroidxCredentialsPlayLibraryAccessors: loaded 3 times (x 79B)
Class org.gradle.accessors.dm.LibrariesForLibs_Decorated                              : loaded 3 times (x 139B)
Class org.gradle.accessors.dm.LibrariesForLibs$CoilLibraryAccessors                   : loaded 3 times (x 79B)
Class com.android.builder.core.AbstractProductFlavor                                  : loaded 3 times (x 196B)
Class com.android.build.api.dsl.BundleDeviceTier                                      : loaded 3 times (x 72B)
Class com.android.build.api.dsl.BundleCountrySet                                      : loaded 3 times (x 72B)
Class com.android.build.api.dsl.BundleLanguage                                        : loaded 3 times (x 72B)
Class com.android.build.gradle.internal.dsl.JniLibsPackagingImpl                      : loaded 3 times (x 91B)
Class com.android.build.api.dsl.TargetSdkSpec                                         : loaded 3 times (x 72B)
Class com.android.build.gradle.internal.dsl.Splits$AgpDecorated                       : loaded 3 times (x 87B)
Class com.android.build.gradle.internal.dsl.decorator.DslDecorator$findAbstractProperties$1$2: loaded 3 times (x 80B)
Class com.android.build.gradle.internal.dsl.SplitOptions                              : loaded 3 times (x 90B)
Class com.android.build.api.dsl.BundleDensity                                         : loaded 3 times (x 72B)
Class com.android.builder.internal.BaseConfigImpl                                     : loaded 3 times (x 117B)
Class com.android.build.api.dsl.AndroidSourceSet                                      : loaded 3 times (x 72B)
Class com.android.ide.common.gradle.Separator                                         : loaded 3 times (x 81B)
Class org.jetbrains.kotlin.gradle.tasks.DefaultKotlinJavaToolchain$Companion$wireJvmTargetToToolchain$1: loaded 3 times (x 77B)
Class org.jetbrains.kotlin.gradle.plugin.KotlinPlatformType                           : loaded 3 times (x 84B)
Class org.jetbrains.kotlin.gradle.internal.properties.PropertiesBuildServiceKt        : loaded 3 times (x 73B)
Class org.jetbrains.kotlin.gradle.plugin.KotlinGradleBuildServices$Companion          : loaded 3 times (x 73B)
Class com.android.build.gradle.internal.SdkComponentsBuildService                     : loaded 3 times (x 82B)
Class [Lcom.android.prefs.VariableValue;                                              : loaded 3 times (x 71B)
Class com.android.build.gradle.internal.utils.EnvironmentProviderImpl                 : loaded 3 times (x 80B)
Class com.android.build.gradle.internal.services.Aapt2ThreadPoolBuildService          : loaded 3 times (x 82B)
Class com.google.wireless.android.sdk.stats.GradleBuildProfileSpan$ExecutionType$1    : loaded 3 times (x 78B)
Class com.android.build.gradle.internal.dsl.LibraryPublishingImpl                     : loaded 3 times (x 88B)
Class com.google.protobuf.Extension$ExtensionType                                     : loaded 3 times (x 81B)
Class com.google.protobuf.AbstractMessageLite$Builder$LimitedInputStream              : loaded 3 times (x 94B)
Class com.android.build.gradle.internal.dsl.ConfigurableFilesImpl                     : loaded 3 times (x 82B)
Class com.google.gson.internal.bind.ReflectiveTypeAdapterFactory$2                    : loaded 3 times (x 80B)
Class com.android.build.gradle.options.StringOption                                   : loaded 3 times (x 87B)
Class com.google.common.util.concurrent.ListeningExecutorService                      : loaded 3 times (x 72B)
Class org.gradle.accessors.dm.LibrariesForLibsInPluginsBlock$FirebaseAppcheckLibraryAccessors: loaded 3 times (x 79B)
Class com.android.build.gradle.internal.dsl.ApplicationAndroidResourcesImpl           : loaded 3 times (x 126B)
Class com.google.wireless.android.sdk.stats.GradleBuildProjectMetrics                 : loaded 3 times (x 201B)
Class com.android.build.gradle.internal.tasks.DeviceSerialTestTask                    : loaded 3 times (x 315B)
Class org.gradle.accessors.dm.LibrariesForLibsInPluginsBlock$AndroidxCredentialsPlayLibraryAccessors: loaded 3 times (x 79B)
Class com.android.build.gradle.internal.VariantManager                                : loaded 3 times (x 74B)
Class com.google.wireless.android.sdk.stats.GradlePluginDataOrBuilder                 : loaded 3 times (x 72B)
Class com.android.build.gradle.internal.dsl.decorator.DslDecorator$findAbstractProperties$1$3: loaded 3 times (x 80B)
Class com.google.common.base.Enums$StringConverter                                    : loaded 3 times (x 92B)
Class com.android.build.gradle.internal.dsl.DependencySelectionImpl                   : loaded 3 times (x 80B)
Class com.android.build.api.dsl.BundleDeviceGroup                                     : loaded 3 times (x 72B)
Class com.android.build.gradle.api.AnnotationProcessorOptions                         : loaded 3 times (x 72B)
Class com.android.build.api.dsl.ApplicationBaseFlavor                                 : loaded 3 times (x 72B)
Class com.android.build.gradle.internal.dsl.CoreBuildType                             : loaded 3 times (x 72B)
Class org.jetbrains.kotlin.gradle.tasks.DefaultKotlinJavaToolchain$Companion$wireJvmTargetToToolchain$2: loaded 3 times (x 77B)
Class org.jetbrains.kotlin.gradle.plugin.ProjectLocalConfigurations$ProjectLocalDisambiguation: loaded 3 times (x 78B)
Class org.jetbrains.kotlin.gradle.internal.properties.PropertiesBuildService$NullableStringGradleProperty: loaded 3 times (x 78B)
Class org.jetbrains.kotlin.gradle.targets.native.KonanPropertiesBuildService          : loaded 3 times (x 78B)
Class org.jetbrains.kotlin.gradle.plugin.KotlinGradleBuildServices$detectKotlinPluginLoadedInMultipleProjects$onRegister$1$1: loaded 3 times (x 77B)
Class org.jetbrains.kotlin.gradle.internal.properties.PropertiesBuildService$Inject_  : loaded 3 times (x 98B)
Class org.jetbrains.kotlin.gradle.plugin.internal.ConfigurationCacheStartParameterAccessor$Factory: loaded 3 times (x 72B)
Class com.android.build.gradle.internal.services.FakeDependencyJarBuildService$Params_Decorated: loaded 3 times (x 132B)
Class com.google.gson.ToNumberStrategy                                                : loaded 3 times (x 72B)
Class com.google.gson.TypeAdapter                                                     : loaded 3 times (x 75B)
Class com.android.build.gradle.internal.api.DefaultAndroidSourceSet_Decorated         : loaded 3 times (x 274B)
Class com.android.builder.model.LintOptions                                           : loaded 3 times (x 72B)
Class com.android.build.gradle.internal.dsl.BundleOptionsStoreArchive$AgpDecorated_Decorated: loaded 3 times (x 127B)
Class com.android.build.gradle.api.KotlinMultiplatformAndroidPlugin                   : loaded 3 times (x 78B)
Class com.android.build.api.variant.HasDeviceTests                                    : loaded 3 times (x 72B)
Class org.gradle.accessors.dm.LibrariesForLibsInPluginsBlock$AndroidxLifecycleViewmodelLibraryAccessors: loaded 3 times (x 79B)
Class com.android.build.gradle.internal.plugins.AndroidPluginBaseServices$projectServices$2: loaded 3 times (x 81B)
Class com.android.build.gradle.LintLifecycleExtensionImpl_Decorated                   : loaded 3 times (x 126B)
Class com.google.gson.Gson                                                            : loaded 3 times (x 74B)
Class com.android.build.gradle.internal.PropertiesValueSource                         : loaded 3 times (x 80B)
Class com.google.gson.internal.sql.SqlTypesSupport                                    : loaded 3 times (x 73B)
Class com.android.build.gradle.internal.core.Abi                                      : loaded 3 times (x 81B)
Class com.android.build.gradle.internal.dsl.DataBindingOptions$AgpDecorated_Decorated : loaded 3 times (x 164B)
Class com.android.build.gradle.internal.api.artifact.SourceArtifactType$ML_MODELS     : loaded 3 times (x 76B)
Class com.android.builder.model.v2.CustomSourceDirectory                              : loaded 3 times (x 72B)
Class com.android.build.gradle.internal.TaskManager$Companion$createTasksBeforeEvaluate$3: loaded 3 times (x 76B)
Class com.android.build.gradle.internal.dsl.AgpTestSuiteImpl                          : loaded 3 times (x 104B)
Class com.android.build.gradle.internal.dsl.BundleOptionsAbi                          : loaded 3 times (x 79B)
Class org.jetbrains.kotlin.tooling.core.ExtrasUtilsKt                                 : loaded 3 times (x 73B)
Class org.jetbrains.kotlin.buildtools.api.ExperimentalBuildToolsApi                   : loaded 3 times (x 72B)
Class org.jetbrains.kotlin.gradle.targets.native.KonanPropertiesBuildService$Companion$registerIfAbsent$2$1$1: loaded 3 times (x 77B)
Class org.jetbrains.kotlin.gradle.utils.ResourceUtilsKt                               : loaded 3 times (x 73B)
Class org.jetbrains.kotlin.gradle.plugin.KotlinPluginWrapperKt$kotlinPluginVersionFromResources$1: loaded 3 times (x 80B)
Class com.android.build.gradle.internal.services.VersionedSdkLoaderService$versionedSdkLoader$2: loaded 3 times (x 81B)
Class com.android.build.gradle.internal.services.ClassesHierarchyBuildService$RegistrationAction: loaded 3 times (x 76B)
Class com.android.build.gradle.internal.services.AndroidLocationsBuildService$AndroidLocations: loaded 3 times (x 84B)
Class com.google.protobuf.CodedInputStream$IterableDirectByteBufferDecoder            : loaded 3 times (x 121B)
Class com.google.protobuf.Internal$DoubleList                                         : loaded 3 times (x 72B)
Class com.android.build.gradle.internal.tasks.factory.GlobalTaskCreationAction        : loaded 3 times (x 91B)
Class com.android.ide.common.repository.AgpVersion                                    : loaded 3 times (x 77B)
Class com.android.build.gradle.internal.plugins.BasePlugin$globalConfig$2             : loaded 3 times (x 81B)
Class com.android.build.gradle.internal.plugins.BasePlugin$variantApiOperations$2     : loaded 3 times (x 81B)
Class com.android.build.gradle.internal.plugins.AndroidPluginBaseServices$configuratorService$2: loaded 3 times (x 81B)
Class com.android.build.api.variant.GeneratesApk                                      : loaded 3 times (x 72B)
Class com.android.build.gradle.internal.dsl.TestedExtensionImpl                       : loaded 3 times (x 224B)
Class com.android.build.gradle.LibraryPlugin                                          : loaded 3 times (x 78B)
Class com.android.build.gradle.internal.services.BuildServicesKt                      : loaded 3 times (x 73B)
Class org.gradle.accessors.dm.LibrariesForLibsInPluginsBlock$AndroidxCoreLibraryAccessors: loaded 3 times (x 85B)
Class com.android.build.gradle.internal.errors.SyncIssueReporterImpl$GlobalSyncIssueService$Parameters_Decorated: loaded 3 times (x 141B)
Class com.google.protobuf.ProtocolStringList                                          : loaded 3 times (x 72B)
Class com.google.protobuf.MessageLite                                                 : loaded 3 times (x 72B)
Class com.android.builder.profile.AnalyticsProfileWriter$Companion                    : loaded 3 times (x 73B)
Class com.android.build.gradle.internal.tasks.factory.TaskCreationAction              : loaded 3 times (x 91B)
Class com.android.build.gradle.internal.core.ExecutionProfileOptions                  : loaded 3 times (x 74B)
Class com.android.build.gradle.internal.res.Aapt2FromMaven$Companion$DefaultAapt2Version$BUILD_NUMBER$2: loaded 3 times (x 80B)
Class com.android.build.gradle.internal.dsl.BundleOptionsDeviceTier$AgpDecorated_Decorated: loaded 3 times (x 132B)
Class com.android.build.gradle.internal.dsl.decorator.ApplicationInstallationImpl     : loaded 3 times (x 96B)
Class com.google.gson.internal.bind.DefaultDateTypeAdapter$1                          : loaded 3 times (x 77B)
Class com.google.gson.Gson$4                                                          : loaded 3 times (x 78B)
Class com.android.build.gradle.internal.dsl.decorator.DslDecorator                    : loaded 3 times (x 74B)
Class com.android.build.api.dsl.AndroidTest                                           : loaded 3 times (x 72B)
Class com.android.builder.model.DimensionAware                                        : loaded 3 times (x 72B)
Class org.jetbrains.kotlin.gradle.targets.native.KonanPropertiesBuildService$Parameters_Decorated: loaded 3 times (x 132B)
Class org.jetbrains.kotlin.gradle.plugin.KotlinPluginWrapperKt$kotlinPluginVersionFromResources$1$1: loaded 3 times (x 73B)
Class com.android.build.gradle.internal.res.Aapt2FromMaven$Companion$Aapt2Extractor$Inject_1: loaded 3 times (x 111B)
Class com.android.build.gradle.internal.plugins.AbstractAppPlugin                     : loaded 3 times (x 95B)
Class io.github.takahirom.roborazzi.RoborazziPlugin                                   : loaded 3 times (x 78B)
Class org.jetbrains.kotlin.gradle.dsl.KaptExtensionConfig                             : loaded 3 times (x 72B)
Class org.jetbrains.kotlin.gradle.plugin.internal.ProjectIsolationStartParameterAccessorKt: loaded 3 times (x 73B)
Class org.jetbrains.kotlin.gradle.plugin.internal.DefaultProjectIsolationStartParameterAccessor_Decorated: loaded 3 times (x 123B)
Class com.android.build.api.dsl.DefaultConfig                                         : loaded 3 times (x 72B)
Class com.android.build.gradle.internal.api.LazyAndroidSourceSet                      : loaded 3 times (x 74B)
Class com.android.build.api.dsl.ApplicationAndroidResources                           : loaded 3 times (x 72B)
Class com.android.build.gradle.internal.api.artifact.SourceArtifactType$BASELINE_PROFILES: loaded 3 times (x 76B)
Class com.android.build.api.dsl.AaptOptions                                           : loaded 3 times (x 72B)
Class com.android.build.api.dsl.LibraryBaseFlavor                                     : loaded 3 times (x 72B)
Class org.jetbrains.kotlin.gradle.dsl.KotlinJvmCompilerOptionsDefault_Decorated       : loaded 3 times (x 168B)
Class org.jetbrains.kotlin.gradle.internal.ClassLoadersCachingBuildService$Parameters_Decorated: loaded 3 times (x 132B)
Class org.jetbrains.kotlin.gradle.targets.native.toolchain.KotlinNativeBundleBuildService$Companion: loaded 3 times (x 73B)
Class org.jetbrains.kotlin.gradle.plugin.VariantImplementationFactoriesConfigurator   : loaded 3 times (x 78B)
Class org.jetbrains.kotlin.gradle.plugin.HasKotlinDependencies                        : loaded 3 times (x 72B)
Class org.jetbrains.kotlin.gradle.internal.Kapt3GradleSubplugin$Kapt3SubpluginContext : loaded 3 times (x 74B)
Class com.android.build.gradle.internal.services.Aapt2ThreadPoolBuildService$Params   : loaded 3 times (x 72B)
Class com.google.protobuf.Internal$ProtobufList                                       : loaded 3 times (x 72B)
Class com.android.build.gradle.internal.DependencyResolutionChecksKt                  : loaded 3 times (x 73B)
Class com.android.build.gradle.internal.lint.LintFromMaven$Companion                  : loaded 3 times (x 73B)
Class com.google.gson.internal.ObjectConstructor                                      : loaded 3 times (x 72B)
Class com.android.ide.common.blame.SourceFile                                         : loaded 3 times (x 74B)
Class com.android.build.gradle.options.BooleanOption                                  : loaded 3 times (x 90B)
Class com.android.build.gradle.internal.plugins.BasePlugin$newExtension$2             : loaded 3 times (x 81B)
Class com.android.build.gradle.internal.services.VersionedSdkLoaderService            : loaded 3 times (x 74B)
Class org.gradle.accessors.dm.LibrariesForLibsInPluginsBlock$KotlinxCoroutinesLibraryAccessors: loaded 3 times (x 81B)
Class org.gradle.accessors.dm.LibrariesForLibs$PluginAccessors                        : loaded 3 times (x 80B)
Class com.android.build.api.dsl.JacocoOptions                                         : loaded 3 times (x 72B)
Class com.google.wireless.android.sdk.stats.GradlePluginData                          : loaded 3 times (x 201B)
Class com.android.build.api.artifact.impl.StorageProviderImpl$fileStorage$1           : loaded 3 times (x 80B)
Class com.android.build.gradle.internal.cxx.gradle.generator.CxxMetadataGenerator     : loaded 3 times (x 72B)
Class com.android.build.gradle.internal.crash.CrashReporting$afterEvaluate$1          : loaded 3 times (x 77B)
Class com.android.build.gradle.internal.dsl.MinSdkSpecImpl                            : loaded 3 times (x 83B)
Class com.android.build.api.dsl.Packaging                                             : loaded 3 times (x 72B)
Class com.android.build.gradle.internal.dsl.ProductFlavor                             : loaded 3 times (x 471B)
Class org.jetbrains.kotlin.gradle.plugin.KotlinGradleFinishBuildHandler$Companion     : loaded 3 times (x 73B)
Class org.jetbrains.kotlin.gradle.internal.IsInIdeaSyncValueSource                    : loaded 3 times (x 80B)
Class com.android.build.gradle.internal.SdkComponentsBuildService$RegistrationAction  : loaded 3 times (x 76B)
Class com.android.build.gradle.internal.ide.dependencies.LibraryDependencyCacheBuildService: loaded 3 times (x 82B)
Class com.google.wireless.android.sdk.stats.GarbageCollectionStats                    : loaded 3 times (x 202B)
Class [Lcom.android.build.gradle.options.IntegerOption;                               : loaded 3 times (x 71B)
Class com.google.protobuf.ExtensionRegistry$ExtensionInfo                             : loaded 3 times (x 74B)
Class com.android.build.gradle.options.Option$Status$Removed                          : loaded 3 times (x 74B)
Class com.android.build.gradle.internal.plugins.AndroidPluginBaseServices$syncIssueReporter$2: loaded 3 times (x 81B)
Class com.android.build.api.variant.CanMinifyCode                                     : loaded 3 times (x 72B)
Class com.android.build.gradle.options.ProjectOptionService                           : loaded 3 times (x 79B)
Class org.gradle.accessors.dm.LibrariesForLibsInPluginsBlock$MoshiKotlinLibraryAccessors: loaded 3 times (x 85B)
Class org.gradle.accessors.dm.LibrariesForLibsInPluginsBlock$VersionAccessors         : loaded 3 times (x 118B)
Class com.android.build.gradle.internal.tasks.GlobalTask                              : loaded 3 times (x 72B)
Class com.android.build.api.artifact.impl.TypedStorageProvider$getArtifact$1$1        : loaded 3 times (x 81B)
Class com.google.devtools.ksp.gradle.KspGradleSubplugin                               : loaded 3 times (x 85B)
Class com.android.build.gradle.internal.plugins.TestPlugin                            : loaded 3 times (x 98B)
Class com.android.build.gradle.internal.dsl.LintImpl$SeverityOverrideSet              : loaded 3 times (x 145B)
Class com.android.builder.model.AdbOptions                                            : loaded 3 times (x 72B)
Class com.android.build.api.dsl.MinSdkVersion                                         : loaded 3 times (x 72B)
Class com.google.gson.internal.bind.TypeAdapters$32                                   : loaded 3 times (x 78B)
Class com.android.build.api.dsl.CompileSdkSpec                                        : loaded 3 times (x 72B)
Class com.android.builder.model.DataBindingOptions                                    : loaded 3 times (x 72B)
Class org.jetbrains.kotlin.gradle.plugin.mpp.KotlinUsageContext                       : loaded 3 times (x 72B)
Class org.jetbrains.kotlin.gradle.utils.ConfigurationsKt                              : loaded 3 times (x 73B)
Class org.jetbrains.kotlin.gradle.plugin.diagnostics.DefaultProblemsReporter$Factory  : loaded 3 times (x 78B)
Class com.android.prefs.VariableValue                                                 : loaded 3 times (x 84B)
Class com.android.prefs.AbstractAndroidLocations$Companion                            : loaded 3 times (x 73B)
Class com.android.build.gradle.internal.profile.AnalyticsService                      : loaded 3 times (x 112B)
Class com.google.wireless.android.sdk.stats.GarbageCollectionStatsOrBuilder           : loaded 3 times (x 72B)
Class com.google.gson.stream.JsonReader$1                                             : loaded 3 times (x 74B)
Class com.android.ide.common.blame.SourcePositionJsonTypeAdapter                      : loaded 3 times (x 77B)
Class com.android.build.gradle.options.FeatureStage$Removed                           : loaded 3 times (x 74B)
Class com.android.build.gradle.options.Stage                                          : loaded 3 times (x 74B)
Class org.gradle.accessors.dm.LibrariesForLibs$PlayServicesLibraryAccessors           : loaded 3 times (x 79B)
Class com.android.build.gradle.options.Option$Status$Deprecated                       : loaded 3 times (x 74B)
Class com.android.utils.EnvironmentProvider$DirectEnvironmentProvider                 : loaded 3 times (x 82B)
Class com.google.gson.ToNumberPolicy$4                                                : loaded 3 times (x 85B)
Class com.android.build.gradle.internal.LoggerWrapper                                 : loaded 3 times (x 88B)
Class com.android.build.gradle.internal.lint.LintTaskManager                          : loaded 3 times (x 74B)
Class com.android.build.gradle.internal.tasks.ExtractProguardFiles                    : loaded 3 times (x 323B)
Class com.android.build.gradle.internal.tasks.factory.GlobalTaskCreationConfigImpl$platformAttrs$2: loaded 3 times (x 81B)
Class com.android.build.api.variant.ScopedArtifacts                                   : loaded 3 times (x 72B)
Class com.android.build.gradle.internal.services.FakeDependencyJarBuildService$Params$Inject_: loaded 3 times (x 108B)
Class com.google.common.base.Converter$ConverterComposition                           : loaded 3 times (x 92B)
Class org.jetbrains.kotlin.gradle.report.BuildMetricsService                          : loaded 3 times (x 88B)
Class com.android.build.gradle.internal.dsl.decorator.SupportedPropertyType$Block     : loaded 3 times (x 76B)
Class com.android.build.api.dsl.CompileSdkVersion                                     : loaded 3 times (x 72B)
Class com.android.build.api.dsl.ApplicationDefaultConfig                              : loaded 3 times (x 72B)
Class org.jetbrains.kotlin.gradle.dsl.KotlinGradlePluginPublicDsl                     : loaded 3 times (x 72B)
Class org.jetbrains.kotlin.gradle.internal.properties.NativeProperties                : loaded 3 times (x 72B)
Class org.jetbrains.kotlin.gradle.plugin.internal.ConfigurationCacheStartParameterAccessor: loaded 3 times (x 72B)
Class org.jetbrains.kotlin.gradle.internal.diagnostics.GradleCompatibilityCheck$DefaultCurrentGradleVersionProvider: loaded 3 times (x 76B)
Class org.jetbrains.kotlin.gradle.dsl.KotlinBaseExtension                             : loaded 3 times (x 72B)
Class com.android.build.gradle.internal.plugins.AndroidPluginBaseServices$applyBaseServices$2: loaded 3 times (x 77B)
Class com.android.build.gradle.internal.profile.ProjectData                           : loaded 3 times (x 74B)
Class org.jetbrains.kotlin.gradle.plugin.PropertiesProvider$classLoaderCacheTimeoutInSeconds$1: loaded 3 times (x 77B)
Class com.android.build.gradle.internal.core.dsl.MultiVariantComponentDslInfo         : loaded 3 times (x 72B)
Class org.gradle.accessors.dm.LibrariesForLibsInPluginsBlock$AndroidPluginAccessors   : loaded 3 times (x 76B)
Class com.android.build.gradle.internal.dsl.BaseFlavor                                : loaded 3 times (x 429B)
Class com.android.tools.analytics.HostData                                            : loaded 3 times (x 73B)
Class com.android.tools.analytics.HostData$osBean$2                                   : loaded 3 times (x 80B)
Class com.android.build.gradle.internal.PropertiesValueSource$Params$Inject_          : loaded 3 times (x 108B)
Class com.google.protobuf.CodedInputStream$ArrayDecoder                               : loaded 3 times (x 121B)
Class com.android.build.gradle.internal.tasks.factory.PreConfigAction                 : loaded 3 times (x 72B)
Class com.android.build.gradle.internal.plugins.BasePlugin$createVariantModel$1       : loaded 3 times (x 81B)
Class com.android.build.gradle.api.VersionedVariant                                   : loaded 3 times (x 72B)
Class com.android.build.gradle.internal.dsl.ManagedDevices$allDevices$1$1             : loaded 3 times (x 77B)
Class com.android.build.OutputFile                                                    : loaded 3 times (x 72B)
Class com.android.build.gradle.internal.dsl.OptimizationImpl$AgpDecorated             : loaded 3 times (x 91B)
Class org.objectweb.asm.commons.Method                                                : loaded 3 times (x 78B)
Class org.bouncycastle.operator.OperatorException                                     : loaded 3 times (x 84B)
Class com.android.build.gradle.internal.plugins.AndroidPluginBaseServices$applyBaseServices$3: loaded 3 times (x 77B)
Class org.jetbrains.kotlin.gradle.tasks.DefaultKotlinJavaToolchain$Companion$wireJvmTargetToJvm$1: loaded 3 times (x 77B)
Class org.jetbrains.kotlin.gradle.plugin.PropertiesProvider$booleanProvider$1         : loaded 3 times (x 76B)
Class org.jetbrains.kotlin.gradle.dsl.KotlinCommonToolOptions                         : loaded 3 times (x 72B)
Class com.android.build.gradle.internal.services.BuildServicesKt$getBuildService$1    : loaded 3 times (x 77B)
Class com.google.wireless.android.sdk.stats.GarbageCollectionStats$Builder            : loaded 3 times (x 302B)
Class com.android.build.gradle.internal.dsl.SigningConfigFactory                      : loaded 3 times (x 79B)
Class [Lcom.google.gson.ToNumberPolicy;                                               : loaded 3 times (x 71B)
Class com.google.gson.ToNumberPolicy                                                  : loaded 3 times (x 85B)
Class com.android.build.gradle.internal.services.R8D8ThreadPoolBuildService           : loaded 3 times (x 82B)
Class [Lcom.android.build.gradle.options.Version;                                     : loaded 3 times (x 71B)
Class com.android.build.api.variant.HasTestSuitesBuilder                              : loaded 3 times (x 72B)
Class com.google.wireless.android.sdk.stats.GradleBuildProject$PluginType             : loaded 3 times (x 89B)
Class com.android.build.gradle.internal.services.BaseServices                         : loaded 3 times (x 72B)
Class com.android.build.api.dsl.TestedExtension                                       : loaded 3 times (x 72B)
Class com.android.build.gradle.internal.BadPluginException                            : loaded 3 times (x 84B)
Class org.gradle.accessors.dm.LibrariesForLibsInPluginsBlock$MoshiLibraryAccessors    : loaded 3 times (x 79B)
Class [Lcom.google.protobuf.Internal$EnumLite;                                        : loaded 3 times (x 71B)
Class org.jetbrains.kotlin.gradle.plugin.KotlinJvmFactory                             : loaded 3 times (x 72B)
Class org.jetbrains.kotlin.gradle.plugin.mpp.InternalKotlinCompilation                : loaded 3 times (x 72B)
Class com.android.build.gradle.internal.plugins.AndroidPluginBaseServices$applyBaseServices$4: loaded 3 times (x 77B)
Class com.android.build.gradle.internal.plugins.BasePlugin$createVariantModel$2       : loaded 3 times (x 81B)
Class com.android.build.gradle.internal.dsl.DexPackagingImpl$AgpDecorated_Decorated   : loaded 3 times (x 129B)
Class com.android.build.gradle.internal.dsl.ManagedDevices$allDevices$1$2             : loaded 3 times (x 77B)
Class com.android.build.gradle.internal.dsl.ApplicationAndroidResourcesImpl$AgpDecorated_Decorated: loaded 3 times (x 181B)
Class com.android.build.gradle.internal.dependency.SourceSetManager$createConfigurationsForSourceSet$2: loaded 3 times (x 77B)
Class com.android.build.gradle.internal.dsl.ShaderOptions                             : loaded 3 times (x 89B)
Class com.android.build.gradle.internal.cxx.model.CxxAbiModel                         : loaded 3 times (x 74B)
Class com.android.build.gradle.internal.dsl.LibraryKeepRulesImpl                      : loaded 3 times (x 90B)
Class com.android.build.gradle.internal.dsl.BundleOptionsCodeTransparency             : loaded 3 times (x 79B)
Class org.jetbrains.kotlin.gradle.plugin.diagnostics.ProblemsReporter                 : loaded 3 times (x 72B)
Class org.jetbrains.kotlin.gradle.plugin.VariantImplementationFactories$Parameters    : loaded 3 times (x 72B)
Class org.jetbrains.kotlin.gradle.utils.ConfigurationsKt$sam$org_gradle_api_Action$0  : loaded 3 times (x 77B)
Class org.jetbrains.kotlin.gradle.plugin.internal.JavaExecTaskParametersCompatibility$Factory: loaded 3 times (x 72B)
Class com.android.prefs.PathLocator$singlePathOf$values$1                             : loaded 3 times (x 81B)
Class com.android.tools.analytics.AnalyticsSettings$optedIn$1                         : loaded 3 times (x 80B)
Class com.android.sdklib.AndroidApiLevel                                              : loaded 3 times (x 76B)
Class com.android.build.gradle.options.Option$Status$EXPERIMENTAL                     : loaded 3 times (x 73B)
Class com.android.build.gradle.internal.services.ServiceRegistrationAction            : loaded 3 times (x 76B)
Class com.android.build.gradle.internal.component.TargetSdkAwareConfig                : loaded 3 times (x 72B)
Class org.gradle.accessors.dm.LibrariesForLibsInPluginsBlock$GooglePluginAccessors    : loaded 3 times (x 77B)
Class org.jetbrains.kotlin.gradle.plugin.KotlinPluginWrapperKt                        : loaded 3 times (x 73B)
Class org.jetbrains.kotlin.gradle.fus.BuildUidService                                 : loaded 3 times (x 82B)
Class org.jetbrains.kotlin.gradle.plugin.internal.MavenPublicationComponentAccessor   : loaded 3 times (x 72B)
Class org.jetbrains.kotlin.gradle.plugin.AbstractKotlinJsPluginWrapper                : loaded 3 times (x 88B)
Class com.android.build.api.dsl.KeepRules                                             : loaded 3 times (x 72B)
Class com.android.build.gradle.internal.dsl.ExternalNativeBuildOptions                : loaded 3 times (x 95B)
Class com.android.build.gradle.internal.TaskManager$Companion$createTasksBeforeEvaluate$2: loaded 3 times (x 76B)
Class com.google.wireless.android.sdk.stats.GradleBuildProjectMetricsOrBuilder        : loaded 3 times (x 72B)
Class com.android.build.gradle.internal.ide.v2.NativeModelBuilder_Decorated           : loaded 3 times (x 132B)
Class com.android.build.gradle.internal.plugins.BasePlugin$createVariantModel$3       : loaded 3 times (x 81B)
Class com.android.build.api.variant.impl.DeferredActionManager                        : loaded 3 times (x 74B)
Class com.android.build.gradle.internal.dsl.DataBindingOptions$AgpDecorated           : loaded 3 times (x 113B)
Class com.android.build.gradle.internal.DefaultConfigData                             : loaded 3 times (x 74B)
Class com.android.build.gradle.internal.dsl.VectorDrawablesOptions_Decorated          : loaded 3 times (x 133B)
Class com.android.build.gradle.internal.dsl.decorator.annotation.WithLazyInitialization: loaded 3 times (x 72B)
Class com.android.build.api.dsl.ResourcesPackaging                                    : loaded 3 times (x 72B)
Class com.android.build.gradle.internal.model.CoreNdkBuildOptions                     : loaded 3 times (x 72B)
Class com.android.build.gradle.internal.utils.KgpVersion                              : loaded 3 times (x 77B)
Class org.jetbrains.kotlin.gradle.dsl.KotlinCommonCompilerOptionsDefault              : loaded 3 times (x 98B)
Class org.jetbrains.kotlin.gradle.dsl.KotlinCommonCompilerToolOptionsDefault          : loaded 3 times (x 86B)
Class org.jetbrains.kotlin.gradle.internal.properties.NativePropertiesLoader$isUseXcodeMessageStyleEnabled$1: loaded 3 times (x 77B)
Class org.jetbrains.kotlin.gradle.internal.ClassLoadersCachingBuildService$Companion$registerIfAbsent$2$1: loaded 3 times (x 81B)
Class org.jetbrains.kotlin.gradle.report.BuildReportMode$Companion                    : loaded 3 times (x 73B)
Class org.jetbrains.kotlin.gradle.plugin.VariantImplementationFactories$VariantImplementationFactory: loaded 3 times (x 72B)
Class com.android.prefs.PathLocator$singlePathOf$values$2                             : loaded 3 times (x 80B)
Class com.android.build.gradle.internal.services.StringCachingBuildService            : loaded 3 times (x 86B)
Class com.android.build.gradle.internal.errors.AndroidProblemReporterProvider$reporter$1: loaded 3 times (x 76B)
Class com.android.build.gradle.internal.component.ComponentCreationConfig             : loaded 3 times (x 72B)
Class com.android.build.gradle.internal.variant.VariantModel                          : loaded 3 times (x 72B)
Class com.android.build.gradle.internal.services.VariantServicesImpl                  : loaded 3 times (x 116B)
Class com.android.build.api.artifact.impl.SingleArtifactContainer$initArtifactContainer$1: loaded 3 times (x 81B)
Class org.gradle.accessors.dm.LibrariesForLibs$FirebaseLibraryAccessors               : loaded 3 times (x 83B)
Class org.gradle.accessors.dm.LibrariesForLibsInPluginsBlock$BundleAccessors          : loaded 3 times (x 75B)
Class com.google.gson.internal.ConstructorConstructor                                 : loaded 3 times (x 74B)
Class com.android.build.gradle.internal.dsl.InternalCommonExtension                   : loaded 3 times (x 72B)
Class com.android.builder.model.v2.AndroidModel                                       : loaded 3 times (x 72B)
Class com.android.build.gradle.internal.plugins.BasePlugin$createVariantModel$4       : loaded 3 times (x 81B)
Class com.android.build.api.variant.VariantFilter                                     : loaded 3 times (x 72B)
Class com.android.build.gradle.internal.tasks.factory.BootClasspathConfigImpl$bootClasspath$2: loaded 3 times (x 81B)
Class com.android.build.gradle.internal.dsl.ExternalNativeBuild$AgpDecorated          : loaded 3 times (x 98B)
Class com.android.build.gradle.internal.dsl.ResourcesPackagingImpl$AgpDecorated       : loaded 3 times (x 88B)
Class [Lcom.android.builder.model.TestOptions$Execution;                              : loaded 3 times (x 71B)
Class com.android.build.gradle.internal.dsl.LintOptions                               : loaded 3 times (x 203B)
Class com.android.build.gradle.internal.api.DefaultAndroidSourceDirectorySet$directories$1: loaded 3 times (x 145B)
Class com.android.build.api.dsl.Cmake                                                 : loaded 3 times (x 72B)
Class com.android.build.api.dsl.AarMetadata                                           : loaded 3 times (x 72B)
Class com.android.build.gradle.internal.services.BuiltInKotlinServices                : loaded 3 times (x 74B)
Class org.jetbrains.kotlin.gradle.dsl.ExplicitApiMode                                 : loaded 3 times (x 81B)
Class org.jetbrains.kotlin.gradle.plugin.mpp.KotlinUsages$KotlinCinteropCompatibility : loaded 3 times (x 79B)
Class org.jetbrains.kotlin.gradle.plugin.mpp.KotlinUsages$KotlinUsagesCompatibility   : loaded 3 times (x 78B)
Class org.jetbrains.kotlin.gradle.plugin.VariantImplementationFactories$Parameters$Inject_: loaded 3 times (x 108B)
Class org.jetbrains.kotlin.gradle.plugin.VariantImplementationFactories$Companion     : loaded 3 times (x 73B)
Class org.jetbrains.kotlin.gradle.plugin.internal.CustomPropertiesFileValueSource$Parameters_Decorated: loaded 3 times (x 132B)
Class org.jetbrains.kotlin.gradle.dsl.KotlinTopLevelExtensionConfig                   : loaded 3 times (x 72B)
Class org.gradle.accessors.dm.LibrariesForLibsInPluginsBlock$AndroidxComposeUiTestLibraryAccessors: loaded 3 times (x 80B)
Class com.google.protobuf.UnknownFieldSet$Parser                                      : loaded 3 times (x 152B)
Class com.android.build.gradle.internal.dependency.GenericTransformParameters_Decorated: loaded 3 times (x 132B)
Class com.google.gson.internal.bind.ArrayTypeAdapter$1                                : loaded 3 times (x 77B)
Class com.google.common.collect.AbstractBiMap                                         : loaded 3 times (x 161B)
Class com.google.gson.internal.bind.JsonTreeWriter                                    : loaded 3 times (x 100B)
Class org.gradle.accessors.dm.LibrariesForLibsInPluginsBlock$FirebaseLibraryAccessors : loaded 3 times (x 83B)
Class [Lcom.android.build.gradle.options.SyncOptions$ErrorFormatMode;                 : loaded 3 times (x 71B)
Class [Lcom.android.build.gradle.options.HasFutureStage;                              : loaded 3 times (x 71B)
Class com.android.build.gradle.internal.utils.GradlePluginUtils                       : loaded 3 times (x 73B)
Class com.google.gson.ToNumberPolicy$3                                                : loaded 3 times (x 85B)
Class com.android.build.gradle.internal.plugins.AndroidPluginBaseServices$configuratorService$2$1: loaded 3 times (x 81B)
Class com.android.build.api.variant.HasDeviceTestsBuilder                             : loaded 3 times (x 72B)
Class com.android.build.gradle.internal.services.SymbolTableBuildService$RegistrationAction: loaded 3 times (x 76B)
Class com.android.build.gradle.options.Option$Status$STABLE                           : loaded 3 times (x 73B)
Class org.jetbrains.kotlin.gradle.plugin.KotlinBaseApiPlugin                          : loaded 3 times (x 120B)
Class com.android.build.gradle.internal.plugins.BasePlugin$createVariantModel$5       : loaded 3 times (x 81B)
Class com.android.build.gradle.internal.dsl.decorator.LockableList                    : loaded 3 times (x 210B)
Class com.android.build.gradle.internal.dsl.decorator.SupportedPropertyType$Var$Int   : loaded 3 times (x 76B)
Class com.android.build.gradle.internal.dsl.decorator.SupportedPropertyType$Var$NullableBoolean: loaded 3 times (x 76B)
Class com.android.builder.model.ProductFlavor                                         : loaded 3 times (x 72B)
Class org.jetbrains.kotlin.gradle.dsl.KotlinJvmCompilerOptionsDefault                 : loaded 3 times (x 110B)
Class org.jetbrains.kotlin.gradle.internal.UsesClassLoadersCachingBuildService        : loaded 3 times (x 72B)
Class com.android.build.gradle.internal.services.ConfigPhaseFileCreator$Params        : loaded 3 times (x 72B)
Class com.android.tools.analytics.HostData$classLoadingBean$2                         : loaded 3 times (x 80B)
Class com.google.gson.JsonSyntaxException                                             : loaded 3 times (x 84B)
Class com.android.build.gradle.internal.core.dsl.PublishableComponentDslInfo          : loaded 3 times (x 72B)
Class com.android.build.gradle.TestedAndroidConfig                                    : loaded 3 times (x 72B)
Class org.jetbrains.kotlin.gradle.dsl.KotlinPublishingDsl                             : loaded 3 times (x 72B)
Class org.jetbrains.kotlin.gradle.plugin.UsesBuildFinishedListenerService             : loaded 3 times (x 72B)
Class com.android.build.gradle.internal.dsl.CompileSdkVersionImpl                     : loaded 3 times (x 82B)
Class org.jetbrains.kotlin.gradle.plugin.internal.CustomPropertiesFileValueSource$Parameters: loaded 3 times (x 72B)
Class org.jetbrains.kotlin.gradle.utils.GradleConfigurationUtilsKt                    : loaded 3 times (x 73B)
Class com.android.ide.common.signing.KeystoreHelper                                   : loaded 3 times (x 73B)
Class com.android.build.gradle.internal.tasks.factory.GlobalTaskNames                 : loaded 3 times (x 72B)
Class com.android.build.api.artifact.impl.ArtifactsImpl$2$1                           : loaded 3 times (x 82B)
Class com.android.build.api.dsl.PublishingOptions                                     : loaded 3 times (x 72B)
Class com.android.build.gradle.internal.dsl.ExternalNativeCmakeOptions                : loaded 3 times (x 110B)
Class com.google.gson.internal.bind.TypeAdapters$31                                   : loaded 3 times (x 78B)
Class com.google.common.util.concurrent.AbstractFuture$AtomicHelper                   : loaded 3 times (x 80B)
Class com.android.build.gradle.internal.dsl.NdkBuildOptions                           : loaded 3 times (x 94B)
Class com.android.build.gradle.internal.dsl.DataBindingOptions                        : loaded 3 times (x 110B)
Class org.jetbrains.kotlin.gradle.plugin.mpp.HierarchyAttributeContainer              : loaded 3 times (x 89B)
Class org.jetbrains.kotlin.gradle.tasks.UsesKotlinJavaToolchain                       : loaded 3 times (x 72B)
Class org.jetbrains.kotlin.gradle.plugin.DefaultKotlinBasePlugin$apply$1              : loaded 3 times (x 77B)
Class org.jetbrains.kotlin.gradle.internal.properties.PropertiesBuildService$Params_Decorated: loaded 3 times (x 132B)
Class com.android.build.gradle.internal.services.AndroidLocationsBuildService$AndroidDirectoryCreator: loaded 3 times (x 82B)
Class com.google.gson.internal.JsonReaderInternalAccess                               : loaded 3 times (x 74B)
Class com.android.build.gradle.internal.res.Aapt2FromMaven$Companion$create$1         : loaded 3 times (x 77B)
Class com.android.sdklib.AndroidApiLevel$Companion                                    : loaded 3 times (x 73B)
Class com.android.build.gradle.options.Option$Status                                  : loaded 3 times (x 73B)
Class com.android.prefs.AndroidLocationsProvider                                      : loaded 3 times (x 72B)
Class com.android.build.api.variant.ApplicationVariant                                : loaded 3 times (x 72B)
Class com.android.build.gradle.internal.dsl.SigningConfigImpl                         : loaded 3 times (x 99B)
Class com.android.build.gradle.internal.dsl.MinSdkDelegate                            : loaded 3 times (x 86B)
Class com.google.common.base.Converter$ReverseConverter                               : loaded 3 times (x 92B)
Class com.google.wireless.android.sdk.stats.ProjectApiUseOrBuilder                    : loaded 3 times (x 72B)
Class com.android.build.gradle.api.UnitTestVariant                                    : loaded 3 times (x 72B)
Class com.android.build.gradle.internal.BuildTypeData                                 : loaded 3 times (x 74B)
Class com.android.build.api.artifact.impl.SingleInitialProviderRequestImpl            : loaded 3 times (x 74B)
Class com.google.gson.internal.bind.JsonAdapterAnnotationTypeAdapterFactory$DummyTypeAdapterFactory: loaded 3 times (x 77B)
Class com.android.build.api.dsl.Device                                                : loaded 3 times (x 72B)
Class [Lcom.google.common.base.CaseFormat;                                            : loaded 3 times (x 71B)
Class com.google.protobuf.GeneratedMessageV3$BuilderParent                            : loaded 3 times (x 72B)
Class com.android.build.gradle.internal.dsl.VectorDrawablesOptions                    : loaded 3 times (x 89B)
Class org.jetbrains.kotlin.gradle.utils.CompilerOptionsKt$configureExperimentalTryNext$1$1: loaded 3 times (x 80B)
Class org.jetbrains.kotlin.gradle.utils.CompilerOptionsKt                             : loaded 3 times (x 73B)
Class org.jetbrains.kotlin.gradle.plugin.PropertiesProvider$Companion                 : loaded 3 times (x 73B)
Class org.jetbrains.kotlin.gradle.utils.SingleAction                                  : loaded 3 times (x 75B)
Class com.google.wireless.android.sdk.stats.JavaProcessStats$Builder                  : loaded 3 times (x 308B)
Class com.google.protobuf.Internal$IntList                                            : loaded 3 times (x 72B)
Class com.google.wireless.android.sdk.stats.GradleBuildVariant$Builder                : loaded 3 times (x 383B)
Class com.android.build.gradle.internal.profile.NoOpAnalyticsService$RegistrationAction: loaded 3 times (x 76B)
Class com.google.gson.internal.bind.ReflectiveTypeAdapterFactory                      : loaded 3 times (x 77B)
Class com.google.gson.internal.sql.SqlTimestampTypeAdapter                            : loaded 3 times (x 78B)
Class com.android.build.gradle.internal.errors.AndroidProblemReporterProvider         : loaded 3 times (x 78B)
Class org.jetbrains.kotlin.gradle.plugin.KotlinGradleBuildServices                    : loaded 3 times (x 82B)
Class com.android.build.gradle.internal.tasks.factory.BootClasspathConfigImpl         : loaded 3 times (x 81B)
Class com.android.build.gradle.internal.tasks.factory.GlobalTaskCreationConfig        : loaded 3 times (x 72B)
Class com.android.build.gradle.internal.tasks.factory.BootClasspathConfig             : loaded 3 times (x 72B)
Class org.gradle.accessors.dm.LibrariesForLibs$AndroidxDatastoreLibraryAccessors      : loaded 3 times (x 79B)
Class org.gradle.accessors.dm.LibrariesForLibs$KotlinxCoroutinesLibraryAccessors      : loaded 3 times (x 81B)
Class org.gradle.accessors.dm.LibrariesForLibsInPluginsBlock$AndroidxComposeMaterialLibraryAccessors: loaded 3 times (x 79B)
Class com.android.build.api.extension.impl.DslLifecycleComponentsOperationsRegistrar  : loaded 3 times (x 74B)
Class com.android.build.gradle.internal.plugins.BasePlugin$registeredExtension$2      : loaded 3 times (x 81B)
Class com.google.gson.ToNumberPolicy$2                                                : loaded 3 times (x 85B)
Class com.android.tools.analytics.AnalyticsPaths                                      : loaded 3 times (x 73B)
Class com.android.builder.profile.NameAnonymizer$ProjectCacheLoader                   : loaded 3 times (x 78B)
Class org.jetbrains.kotlin.gradle.internal.properties.PropertiesBuildService$MemoizedCallable$value$2: loaded 3 times (x 81B)
Class com.android.build.gradle.internal.tasks.SigningConfigUtils$Companion            : loaded 3 times (x 73B)
Class com.android.build.gradle.api.AndroidSourceDirectorySet                          : loaded 3 times (x 72B)
Class com.android.build.gradle.internal.dsl.BaseFlavor$minSdkDelegate$1               : loaded 3 times (x 81B)
Class com.android.build.gradle.internal.dsl.NdkOptions                                : loaded 3 times (x 118B)
Class com.android.build.api.dsl.CompileOptions                                        : loaded 3 times (x 72B)
Class org.jetbrains.kotlin.gradle.targets.native.toolchain.KotlinNativeBundleBuildService: loaded 3 times (x 79B)
Class com.google.protobuf.GeneratedMessageV3                                          : loaded 3 times (x 180B)
Class com.google.gson.internal.sql.SqlDateTypeAdapter$1                               : loaded 3 times (x 77B)
Class org.jetbrains.kotlin.gradle.targets.native.toolchain.KotlinNativeBundleBuildService$Parameters: loaded 3 times (x 72B)
Class com.android.build.gradle.options.OptionParsers                                  : loaded 3 times (x 73B)
Class org.jetbrains.kotlin.gradle.tasks.DefaultKotlinJavaToolchain                    : loaded 3 times (x 79B)
Class com.android.build.gradle.options.FeatureStage$Deprecated                        : loaded 3 times (x 74B)
Class com.android.build.gradle.internal.services.AndroidLocationsBuildService         : loaded 3 times (x 92B)
Class com.android.build.api.variant.Variant                                           : loaded 3 times (x 72B)
Class com.android.build.api.dsl.ApplicationExtension                                  : loaded 3 times (x 72B)
Class com.android.build.gradle.internal.lint.LintFixBuildService$RegistrationAction   : loaded 3 times (x 76B)
Class com.android.build.gradle.internal.PropertiesValueSource$Inject_                 : loaded 3 times (x 111B)
Class org.jetbrains.kotlin.gradle.plugin.mpp.DecoratedKotlinCompilation               : loaded 3 times (x 193B)
Class org.jetbrains.kotlin.gradle.internal.diagnostics.GradleCompatibilityCheck$CurrentGradleVersionProvider: loaded 3 times (x 72B)
Class org.jetbrains.kotlin.gradle.tasks.DefaultKotlinJavaToolchain$Companion          : loaded 3 times (x 73B)
Class com.android.build.gradle.internal.dsl.BuildType$Companion                       : loaded 3 times (x 73B)
Class com.android.build.api.artifact.Artifacts                                        : loaded 3 times (x 72B)
Class com.android.build.gradle.internal.services.FakeDependencyJarBuildService$lazyCachedFakeJar$1: loaded 3 times (x 77B)
Class com.android.build.gradle.internal.dsl.SdkComponentsImpl$aapt2$2                 : loaded 3 times (x 81B)
Class com.android.build.gradle.internal.dsl.JavaCompileOptions$AgpDecorated_Decorated : loaded 3 times (x 132B)
Class com.android.build.gradle.internal.dsl.BaseFlavor$minSdkDelegate$2               : loaded 3 times (x 81B)
Class com.android.build.gradle.internal.dsl.BundleOptionsLanguage                     : loaded 3 times (x 79B)
Class com.android.build.gradle.internal.dsl.BundleOptionsCountrySet                   : loaded 3 times (x 83B)
Class com.android.build.api.dsl.DynamicFeatureProductFlavor                           : loaded 3 times (x 72B)
Class com.android.builder.model.Named                                                 : loaded 3 times (x 72B)
Class org.jetbrains.kotlin.tooling.core.AbstractExtras                                : loaded 3 times (x 143B)
Class org.jetbrains.kotlin.gradle.internal.properties.NativePropertiesLoader$shouldUseEmbeddableCompilerJar$1: loaded 3 times (x 77B)
Class org.jetbrains.kotlin.gradle.fus.BuildUidService$Companion$registerIfAbsent$1    : loaded 3 times (x 76B)
Class org.jetbrains.kotlin.gradle.internal.diagnostics.AgpCompatibilityCheck$AndroidGradlePluginVersionProvider: loaded 3 times (x 72B)
Class com.android.build.gradle.internal.dsl.BuildTypeFactory                          : loaded 3 times (x 79B)
Class com.google.protobuf.MessageLite$Builder                                         : loaded 3 times (x 72B)
Class com.android.build.gradle.options.ApiStage$Experimental                          : loaded 3 times (x 74B)
Class com.android.build.gradle.internal.core.dsl.ApkProducingComponentDslInfo         : loaded 3 times (x 72B)
Class com.android.build.api.extension.impl.AndroidComponentsExtensionImpl             : loaded 3 times (x 114B)
Class org.jetbrains.kotlin.gradle.plugin.BuildFinishedListenerService$Companion$registerIfAbsent$1$1: loaded 3 times (x 81B)
Class [Lorg.jetbrains.kotlin.gradle.plugin.KotlinPlatformType;                        : loaded 3 times (x 71B)
Class [Lcom.android.builder.core.ComponentType;                                       : loaded 3 times (x 71B)
Class com.android.build.api.dsl.DynamicFeatureDefaultConfig                           : loaded 3 times (x 72B)
Class com.android.builder.model.PackagingOptions                                      : loaded 3 times (x 72B)
Class com.android.build.gradle.internal.dsl.CommonExtensionImpl$sdkComponents$2       : loaded 3 times (x 81B)
Class com.android.build.gradle.internal.dsl.NdkBuildOptions$AgpDecorated              : loaded 3 times (x 97B)
Class com.android.build.gradle.internal.dsl.NdkBuildOptions$AgpDecorated_Decorated    : loaded 3 times (x 141B)
Class com.android.builder.model.v2.models.ndk.NativeModule                            : loaded 3 times (x 72B)
Class com.google.wireless.android.sdk.stats.GradleBuildSplitsOrBuilder                : loaded 3 times (x 72B)
Class com.android.build.gradle.internal.tasks.factory.BootClasspathConfigImpl$fullBootClasspathProvider$2: loaded 3 times (x 81B)
Class com.android.tools.lint.model.LintModelSeverity$Companion                        : loaded 3 times (x 73B)
Class com.android.build.gradle.internal.dsl.ApplicationExtensionImpl$dataBinding$1    : loaded 3 times (x 77B)
Class com.android.build.api.artifact.Artifact                                         : loaded 3 times (x 76B)
Class com.android.build.gradle.internal.api.LazyAndroidSourceSet$sourceSet$1          : loaded 3 times (x 81B)
Class com.android.build.api.dsl.AssetPackBundleExtension                              : loaded 3 times (x 72B)
Class com.android.build.gradle.internal.dsl.ExternalNativeCmakeOptions_Decorated      : loaded 3 times (x 153B)
Class com.android.build.api.dsl.JniLibsPackaging                                      : loaded 3 times (x 72B)
Class com.android.build.api.dsl.MaxSdkSpec                                            : loaded 3 times (x 72B)
Class com.android.builder.core.AbstractBuildType                                      : loaded 3 times (x 155B)
Class org.jetbrains.kotlin.gradle.targets.native.KonanPropertiesBuildService$Companion: loaded 3 times (x 73B)
Class org.jetbrains.kotlin.gradle.plugin.PropertiesProvider$propertyWithDeprecatedValues$1: loaded 3 times (x 77B)
Class org.jetbrains.kotlin.gradle.utils.GradleUtilsKt$registerClassLoaderScopedBuildService$1: loaded 3 times (x 76B)
Class org.jetbrains.kotlin.gradle.internal.diagnostics.AgpCompatibilityCheck$AndroidGradlePluginVersionProvider$Default: loaded 3 times (x 76B)
Class com.android.builder.profile.Recorder                                            : loaded 3 times (x 72B)
Class com.android.build.gradle.internal.TaskManager$Companion$createTasksBeforeEvaluate$1: loaded 3 times (x 76B)
Class com.google.wireless.android.sdk.stats.GradleBuildProfileSpanOrBuilder           : loaded 3 times (x 72B)
Class com.google.protobuf.Parser                                                      : loaded 3 times (x 72B)
Class com.google.gson.internal.bind.ReflectiveTypeAdapterFactory$Adapter              : loaded 3 times (x 79B)
Class com.google.gson.internal.bind.TypeAdapters$10                                   : loaded 3 times (x 77B)
Class com.android.build.api.artifact.impl.ArtifactContainer                           : loaded 3 times (x 77B)
Class com.android.build.api.artifact.impl.SingleArtifactContainer                     : loaded 3 times (x 77B)
Class com.google.common.util.concurrent.DirectExecutor                                : loaded 3 times (x 84B)
Class org.jetbrains.kotlin.compose.compiler.gradle.ComposeCompilerGradleSubplugin     : loaded 3 times (x 85B)
Class org.gradle.accessors.dm.LibrariesForLibsInPluginsBlock$LoggingLibraryAccessors  : loaded 3 times (x 79B)
Class org.gradle.accessors.dm.LibrariesForLibs$AndroidxComposeUiToolingLibraryAccessors: loaded 3 times (x 85B)
Class org.gradle.accessors.dm.LibrariesForLibs$AndroidxNavigationLibraryAccessors     : loaded 3 times (x 79B)
Class org.gradle.accessors.dm.LibrariesForLibsInPluginsBlock$CoilLibraryAccessors     : loaded 3 times (x 79B)
Class com.google.gson.internal.Excluder                                               : loaded 3 times (x 77B)
Class [Lcom.google.gson.FieldNamingStrategy;                                          : loaded 3 times (x 71B)
Class com.google.gson.ToNumberPolicy$1                                                : loaded 3 times (x 85B)
Class [Lcom.android.build.api.artifact.impl.InternalScopedArtifacts$InternalScope;    : loaded 3 times (x 71B)
Class com.android.build.gradle.internal.services.FakeDependencyJarBuildService$FakeDependencyJarCreator$Inject_: loaded 3 times (x 113B)
Class com.android.build.gradle.internal.tasks.factory.TaskFactoryImpl                 : loaded 3 times (x 85B)
Class com.android.build.gradle.internal.dsl.ComposeOptionsImpl_Decorated              : loaded 3 times (x 129B)
Class com.android.build.gradle.internal.tasks.factory.GlobalTaskCreationConfigImpl$localCustomLintChecks$2: loaded 3 times (x 81B)
Class com.android.build.gradle.internal.dsl.decorator.DslDecorator$cache$1            : loaded 3 times (x 77B)
Class com.android.build.api.dsl.AndroidResources                                      : loaded 3 times (x 72B)
Class com.google.wireless.android.sdk.stats.GradleBuildVariant$VariantType            : loaded 3 times (x 89B)
Class org.jetbrains.kotlin.gradle.dsl.KotlinAndroidProjectExtension_Decorated         : loaded 3 times (x 186B)
Class org.jetbrains.kotlin.gradle.plugin.mpp.KotlinUsages                             : loaded 3 times (x 73B)
Class org.jetbrains.kotlin.gradle.internal.properties.NativePropertiesLoader$Companion: loaded 3 times (x 73B)
Class [Lorg.jetbrains.kotlin.build.report.metrics.GradleBuildPerformanceMetric;       : loaded 3 times (x 71B)
Class org.jetbrains.kotlin.gradle.plugin.statistics.BuildFusService$Companion         : loaded 3 times (x 73B)
Class com.android.ProgressManagerAdapter                                              : loaded 3 times (x 75B)
Class com.google.protobuf.Descriptors$GenericDescriptor                               : loaded 3 times (x 77B)
Class com.google.gson.internal.bind.TypeAdapters$11                                   : loaded 3 times (x 77B)
Class com.android.ide.common.blame.MessageJsonSerializer                              : loaded 3 times (x 78B)
Class [Lcom.google.gson.FieldNamingPolicy;                                            : loaded 3 times (x 71B)
Class com.android.build.api.artifact.impl.ArtifactsImpl$3$1                           : loaded 3 times (x 82B)
Class com.android.ide.common.repository.AgpVersion$PreviewKind$Companion              : loaded 3 times (x 73B)
Class com.android.build.gradle.internal.plugins.FusedLibraryPlugin                    : loaded 3 times (x 83B)
Class com.android.build.gradle.internal.services.RunOnceBuildServiceImpl$Inject_      : loaded 3 times (x 104B)
Class com.google.android.libraries.mapsplatform.secrets_gradle_plugin.SecretsPlugin   : loaded 3 times (x 77B)
Class org.gradle.accessors.dm.LibrariesForLibs$FirebaseAppcheckLibraryAccessors       : loaded 3 times (x 79B)
Class com.android.ide.common.blame.SourceFilePosition                                 : loaded 3 times (x 74B)
Class com.android.tools.analytics.AnalyticsSettings                                   : loaded 3 times (x 73B)
Class [Lcom.android.tools.analytics.Environment$SystemProperty;                       : loaded 3 times (x 71B)
Class org.gradle.accessors.dm.LibrariesForLibs$KotlinxLibraryAccessors                : loaded 3 times (x 79B)
Class com.google.wireless.android.sdk.stats.InstantRunStatusOrBuilder                 : loaded 3 times (x 72B)
Class com.google.protobuf.Descriptors$Descriptor                                      : loaded 3 times (x 78B)
Class com.google.gms.googleservices.GoogleServicesPlugin$Companion                    : loaded 3 times (x 73B)
Class org.jetbrains.kotlin.gradle.internal.diagnostics.GradleCompatibilityCheck       : loaded 3 times (x 73B)
Class com.android.build.api.artifact.Artifact$Replaceable                             : loaded 3 times (x 72B)
Class com.android.build.gradle.internal.services.TaskCreationServices                 : loaded 3 times (x 72B)
Class com.android.builder.model.SourceProvider                                        : loaded 3 times (x 72B)
Class com.android.utils.HelpfulEnumConverter                                          : loaded 3 times (x 94B)
Class com.google.common.util.concurrent.AbstractFuture$UnsafeAtomicHelper             : loaded 3 times (x 80B)
Class com.android.build.api.dsl.ProductFlavor                                         : loaded 3 times (x 72B)
Class com.android.build.api.dsl.BaseFlavor                                            : loaded 3 times (x 72B)
Class org.jetbrains.kotlin.gradle.plugin.mpp.DefaultKotlinUsageContext                : loaded 3 times (x 95B)
Class org.jetbrains.kotlin.gradle.internal.properties.PropertiesBuildService$Companion: loaded 3 times (x 73B)
Class org.jetbrains.kotlin.gradle.dsl.KotlinJvmExtension                              : loaded 3 times (x 72B)
Class org.jetbrains.kotlin.gradle.plugin.KotlinMultiplatformPluginWrapper             : loaded 3 times (x 88B)
Class com.android.build.gradle.internal.services.AndroidLocationsBuildService$AndroidDirectoryCreator$Params: loaded 3 times (x 72B)
Class com.android.build.gradle.internal.services.Aapt2DaemonBuildService$RegistrationAction: loaded 3 times (x 76B)
Class com.android.build.gradle.internal.ide.dependencies.LibraryDependencyCacheBuildService$Parameters_Decorated: loaded 3 times (x 132B)
Class com.android.build.gradle.internal.tasks.factory.TaskManagerConfig               : loaded 3 times (x 72B)
Class com.google.protobuf.AbstractMessageLite                                         : loaded 3 times (x 103B)
Class com.android.build.gradle.options.Option                                         : loaded 3 times (x 72B)
Class com.google.gson.internal.bind.TypeAdapters$12                                   : loaded 3 times (x 77B)
Class [Lcom.google.gson.ToNumberStrategy;                                             : loaded 3 times (x 71B)
Class com.android.build.gradle.options.ReplacedOption                                 : loaded 3 times (x 87B)
Class [Lcom.android.build.gradle.options.OptionalBooleanOption;                       : loaded 3 times (x 71B)
Class com.android.build.api.variant.CanMinifyAndroidResourcesBuilder                  : loaded 3 times (x 72B)
Class com.android.build.gradle.internal.dsl.Lockable                                  : loaded 3 times (x 72B)
Class org.jetbrains.kotlin.gradle.internal.properties.PropertiesBuildService$Params   : loaded 3 times (x 72B)
Class org.jetbrains.kotlin.gradle.internal.tasks.TaskWithLocalState                   : loaded 3 times (x 72B)
Class org.jetbrains.kotlin.gradle.utils.PersistentCachesKt                            : loaded 3 times (x 73B)
Class org.jetbrains.kotlin.gradle.internal.properties.NativePropertiesLoader$forceDisableRunningInProcess$1: loaded 3 times (x 77B)
Class com.android.build.gradle.internal.dsl.CompileSdkProperties                      : loaded 3 times (x 72B)
Class com.android.build.gradle.internal.dsl.decorator.DslDecorator$Companion$privateLookupInMethod$2: loaded 3 times (x 80B)
Class com.android.build.gradle.internal.dsl.TestOptions                               : loaded 3 times (x 120B)
Class com.android.build.gradle.internal.CompileOptions                                : loaded 3 times (x 96B)
Class com.android.build.gradle.internal.dsl.BundleOptionsDeviceTier                   : loaded 3 times (x 83B)
Class org.jetbrains.kotlin.gradle.plugin.sources.KotlinSourceSetFactory$Companion     : loaded 3 times (x 73B)
Class [Lcom.android.prefs.Global;                                                     : loaded 3 times (x 71B)
Class com.android.build.gradle.internal.services.ConfigPhaseFileCreator               : loaded 3 times (x 72B)
Class com.android.build.gradle.internal.services.Aapt2ThreadPoolBuildService$Params_Decorated: loaded 3 times (x 132B)
Class com.google.wireless.android.sdk.stats.GradleBuildProfile$1                      : loaded 3 times (x 153B)
Class com.android.build.gradle.options.SyncOptions                                    : loaded 3 times (x 73B)
Class com.google.gson.internal.bind.TypeAdapters$13                                   : loaded 3 times (x 77B)
Class com.google.gson.TypeAdapterFactory                                              : loaded 3 times (x 72B)
Class com.android.build.api.variant.HasTestFixtures                                   : loaded 3 times (x 72B)
Class org.gradle.accessors.dm.LibrariesForLibsInPluginsBlock$AndroidxCameraLibraryAccessors: loaded 3 times (x 82B)
Class org.jetbrains.kotlin.gradle.targets.native.UsesKonanPropertiesBuildService      : loaded 3 times (x 72B)
Class org.jetbrains.kotlin.gradle.utils.ProviderApiUtilsKt                            : loaded 3 times (x 73B)
Class org.jetbrains.kotlin.gradle.plugin.mpp.InternalKotlinTargetComponent            : loaded 3 times (x 95B)
Class org.jetbrains.kotlin.gradle.plugin.mpp.KotlinAndroidTarget$kotlinComponents$2   : loaded 3 times (x 81B)
Class com.android.build.gradle.internal.dsl.ApplicationBuildFeaturesImpl              : loaded 3 times (x 122B)
Class [Lcom.android.build.api.artifact.Artifact$Category;                             : loaded 3 times (x 71B)
Class com.android.build.gradle.internal.dsl.KeepRulesImpl$AgpDecorated                : loaded 3 times (x 97B)
Class com.google.gson.internal.bind.JsonTreeReader                                    : loaded 3 times (x 99B)
Class com.google.gson.internal.bind.TypeAdapters$30                                   : loaded 3 times (x 78B)
Class com.android.build.api.dsl.ApplicationPublishing                                 : loaded 3 times (x 72B)
Class com.android.utils.ILogger                                                       : loaded 3 times (x 72B)
Class org.jetbrains.kotlin.gradle.plugin.AndroidGradlePluginVersion$Companion         : loaded 3 times (x 73B)
Class com.android.utils.NullLogger                                                    : loaded 3 times (x 87B)
Class com.google.gson.internal.bind.NumberTypeAdapter$1                               : loaded 3 times (x 78B)
Class com.google.gson.internal.bind.TypeAdapters$1                                    : loaded 3 times (x 77B)
Class com.google.gson.internal.bind.TypeAdapters$14                                   : loaded 3 times (x 77B)
Class org.jetbrains.kotlin.gradle.dsl.KotlinProjectExtension                          : loaded 3 times (x 124B)
Class org.jetbrains.kotlin.gradle.internal.properties.PropertiesBuildService$BooleanGradleProperty: loaded 3 times (x 78B)
Class com.android.builder.errors.IssueReporter                                        : loaded 3 times (x 75B)
Class org.gradle.accessors.dm.LibrariesForLibsInPluginsBlock$AndroidxEspressoLibraryAccessors: loaded 3 times (x 79B)
Class org.gradle.accessors.dm.LibrariesForLibs$AndroidxComposeUiLibraryAccessors      : loaded 3 times (x 87B)
Class com.android.build.gradle.internal.api.artifact.SourceArtifactType$ANDROID_RESOURCES: loaded 3 times (x 76B)
Class org.jetbrains.kotlin.gradle.plugin.VariantImplementationFactories$Companion$getProvider$1: loaded 3 times (x 77B)
Class com.android.build.api.AndroidPluginVersion                                      : loaded 3 times (x 77B)
Class io.github.takahirom.roborazzi.RoborazziPlugin$RoborazziTask                     : loaded 3 times (x 315B)
Class com.android.build.api.variant.ApplicationAndroidComponentsExtension             : loaded 3 times (x 72B)
Class com.android.build.api.extension.impl.VariantApiOperationsRegistrar              : loaded 3 times (x 74B)
Class com.android.build.gradle.internal.PropertiesValueSource$Params_Decorated        : loaded 3 times (x 132B)
Class com.android.build.gradle.internal.dsl.CompileSdkDelegate$compileSdk$2$1         : loaded 3 times (x 81B)
Class com.android.build.gradle.internal.services.FakeDependencyJarBuildService$FakeDependencyJarCreator$Params$Inject_: loaded 3 times (x 110B)
Class com.android.build.gradle.internal.dsl.SdkComponentsImpl$sdkDirectory$1          : loaded 3 times (x 77B)
Class com.android.build.gradle.api.AndroidArtifactVariant                             : loaded 3 times (x 72B)
Class com.android.build.gradle.internal.dsl.TestFixturesImpl                          : loaded 3 times (x 83B)
Class com.android.build.api.dsl.Installation                                          : loaded 3 times (x 72B)
Class org.jetbrains.kotlin.gradle.plugin.KotlinTargetComponent                        : loaded 3 times (x 72B)
Class com.android.build.gradle.internal.dsl.InternalBuildType                         : loaded 3 times (x 72B)
Class org.jetbrains.kotlin.gradle.plugin.internal.DefaultCompatibilityConventionRegistrar: loaded 3 times (x 76B)
Class org.jetbrains.kotlin.gradle.plugin.PropertiesProvider                           : loaded 3 times (x 75B)
Class org.jetbrains.kotlin.gradle.plugin.DefaultKotlinBasePlugin$addKotlinCompilerConfiguration$1: loaded 3 times (x 77B)
Class org.jetbrains.kotlin.gradle.plugin.mpp.KotlinAndroidTarget                      : loaded 3 times (x 161B)
Class com.android.build.gradle.internal.services.Aapt2DaemonBuildService$Parameters   : loaded 3 times (x 74B)
Class com.android.build.gradle.internal.dsl.SigningConfig                             : loaded 3 times (x 149B)
Class com.google.gson.Strictness                                                      : loaded 3 times (x 81B)
Class com.google.gson.internal.sql.SqlTypesSupport$1                                  : loaded 3 times (x 76B)
Class com.google.gson.internal.bind.TypeAdapters$2                                    : loaded 3 times (x 77B)
Class com.google.gson.internal.bind.TypeAdapters$15                                   : loaded 3 times (x 77B)
Class com.android.ide.common.signing.KeytoolException                                 : loaded 3 times (x 86B)
Class com.android.build.api.dsl.TestDefaultConfig                                     : loaded 3 times (x 72B)
Class com.android.build.gradle.internal.plugins.AndroidPluginBaseServices$androidProblemReporterProviderService$2$1: loaded 3 times (x 81B)
Class com.android.build.gradle.BaseExtension                                          : loaded 3 times (x 197B)
Class com.android.build.gradle.internal.plugins.VersionCheckPlugin$Companion          : loaded 3 times (x 73B)
Class org.gradle.accessors.dm.LibrariesForLibs$AndroidxComposeMaterialIconsLibraryAccessors: loaded 3 times (x 80B)
Class com.android.build.gradle.internal.dsl.decorator.SupportedPropertyType$Var$NullableInt: loaded 3 times (x 76B)
Class [Lcom.android.build.gradle.options.SyncOptions$EvaluationMode;                  : loaded 3 times (x 71B)
Class com.android.build.gradle.internal.dsl.BaselineProfileImpl$AgpDecorated_Decorated: loaded 3 times (x 130B)
Class com.google.common.base.CaseFormat$StringConverter                               : loaded 3 times (x 92B)
Class com.android.build.gradle.internal.core.dsl.features.DeviceTestOptionsDslInfo    : loaded 3 times (x 72B)
Class com.android.build.gradle.internal.dsl.AbstractPublishing                        : loaded 3 times (x 75B)
Class org.jetbrains.kotlin.gradle.plugin.mpp.KotlinAndroidTargetKt                    : loaded 3 times (x 73B)
Class org.jetbrains.kotlin.gradle.plugin.ProjectLocalConfigurations$setupAttributesMatchingStrategy$1$1: loaded 3 times (x 76B)
Class org.jetbrains.kotlin.gradle.targets.native.toolchain.KotlinNativeBundleBuildService$Companion$registerIfAbsent$2$1$1: loaded 3 times (x 77B)
Class org.jetbrains.kotlin.gradle.plugin.diagnostics.ProblemsReporter$Factory         : loaded 3 times (x 72B)
Class org.jetbrains.kotlin.gradle.plugin.KotlinCompilationToRunnableFiles             : loaded 3 times (x 72B)
Class com.android.build.gradle.internal.dsl.DependenciesInfoImpl$AgpDecorated_Decorated: loaded 3 times (x 132B)
Class com.google.wireless.android.sdk.stats.GradleBuildProfileOrBuilder               : loaded 3 times (x 72B)
Class com.android.build.gradle.internal.profile.NoOpAnalyticsService                  : loaded 3 times (x 112B)
Class com.android.build.gradle.internal.profile.AnalyticsServiceApi                   : loaded 3 times (x 72B)
Class com.google.gson.internal.sql.SqlTypesSupport$2                                  : loaded 3 times (x 76B)
Class com.google.gson.internal.bind.TypeAdapters$16                                   : loaded 3 times (x 77B)
Class com.google.gson.internal.bind.TypeAdapters$3                                    : loaded 3 times (x 77B)
Class com.android.build.api.variant.HasAndroidTest                                    : loaded 3 times (x 72B)
Class com.google.gms.googleservices.GoogleServicesPlugin                              : loaded 3 times (x 76B)
Class org.gradle.accessors.dm.LibrariesForLibsInPluginsBlock$AndroidxComposeLibraryAccessors: loaded 3 times (x 82B)
Class com.google.gson.internal.bind.NumberTypeAdapter                                 : loaded 3 times (x 76B)
Class com.android.build.gradle.internal.profile.NoOpAnalyticsConfiguratorService$Inject_: loaded 3 times (x 104B)
Class com.android.build.gradle.internal.dsl.DependenciesInfoImpl$AgpDecorated         : loaded 3 times (x 86B)
Class com.android.build.gradle.internal.coverage.JacocoOptions_Decorated              : loaded 3 times (x 132B)
Class com.android.prefs.Global                                                        : loaded 3 times (x 81B)
Class org.jetbrains.kotlin.gradle.utils.StoredLazyProperty                            : loaded 3 times (x 77B)
Class com.android.build.gradle.internal.dsl.BundleOptionsDeviceGroup$AgpDecorated_Decorated: loaded 3 times (x 132B)
Class com.android.build.gradle.internal.dsl.TestOptions$UnitTestOptions_Decorated     : loaded 3 times (x 132B)
Class com.android.build.gradle.internal.api.artifact.SourceArtifactType$KOTLIN_SOURCES: loaded 3 times (x 76B)
Class com.android.build.api.dsl.LibraryPublishing                                     : loaded 3 times (x 72B)
Class com.android.build.api.dsl.ApplicationBuildType                                  : loaded 3 times (x 72B)
Class org.jetbrains.kotlin.gradle.internal.ClassLoadersCachingBuildService$Companion$registerIfAbsent$1: loaded 3 times (x 77B)
Class org.jetbrains.kotlin.gradle.plugin.UsesKotlinGradleBuildServices                : loaded 3 times (x 72B)
Class org.jetbrains.kotlin.gradle.plugin.KotlinGradleBuildServices$Parameters_Decorated: loaded 3 times (x 132B)
Class org.jetbrains.kotlin.gradle.plugin.DefaultKotlinBasePlugin$addKotlinCompilerConfiguration$3: loaded 3 times (x 77B)
Class org.jetbrains.kotlin.gradle.internal.IdeaKt                                     : loaded 3 times (x 73B)
Class com.android.build.gradle.internal.SdkComponentsBuildService$Parameters_Decorated: loaded 3 times (x 153B)
Class com.google.protobuf.IterableByteBufferInputStream                               : loaded 3 times (x 94B)
Class com.google.gson.internal.bind.TypeAdapters$17                                   : loaded 3 times (x 77B)
Class com.google.gson.internal.bind.TypeAdapters$4                                    : loaded 3 times (x 77B)
Class com.google.common.collect.Maps$EntryTransformer                                 : loaded 3 times (x 72B)
Class com.android.build.gradle.internal.component.TaskCreationConfig                  : loaded 3 times (x 72B)
Class com.android.build.gradle.internal.services.DslServicesImpl                      : loaded 3 times (x 101B)
Class org.gradle.accessors.dm.LibrariesForLibs$AndroidxCoreLibraryAccessors           : loaded 3 times (x 85B)
Class org.jetbrains.kotlin.gradle.internal.CompilerArgumentAware                      : loaded 3 times (x 72B)
Class com.android.build.api.dsl.TestBuildType                                         : loaded 3 times (x 72B)
Class com.android.build.api.dsl.DexPackaging                                          : loaded 3 times (x 72B)
Class com.android.build.gradle.internal.dsl.TargetSdkSpecImpl                         : loaded 3 times (x 83B)
Class com.android.build.gradle.internal.api.artifact.SourceArtifactType$SHADERS       : loaded 3 times (x 76B)
Class com.android.build.gradle.internal.dsl.SigningConfig$AgpDecorated_Decorated      : loaded 3 times (x 202B)
Class com.android.build.gradle.internal.dsl.CompileSdkReleaseSpecImpl$AgpDecorated    : loaded 3 times (x 87B)
Class org.gradle.accessors.dm.LibrariesForLibs$AndroidxCameraLibraryAccessors         : loaded 3 times (x 82B)
Class com.android.build.gradle.internal.dsl.CompileSdkReleaseSpecImpl$AgpDecorated_Decorated: loaded 3 times (x 132B)
Class org.gradle.accessors.dm.LibrariesForLibsInPluginsBlock$AndroidxLibraryAccessors : loaded 3 times (x 90B)
Class com.android.build.gradle.internal.plugins.AppPlugin$ApplicationAndroidComponentsExtensionImplCompat: loaded 3 times (x 116B)
Class com.android.build.gradle.internal.plugins.BasePlugin$taskManagerConfig$2        : loaded 3 times (x 81B)
Class com.android.build.gradle.internal.dsl.DexOptions_Decorated                      : loaded 3 times (x 157B)
Class com.android.build.api.dsl.LintOptions                                           : loaded 3 times (x 72B)
Class com.android.build.api.dsl.BuildFeatures                                         : loaded 3 times (x 72B)
Class com.android.build.gradle.api.BaseVariantOutput                                  : loaded 3 times (x 72B)
Class com.android.build.api.dsl.AndroidSourceDirectorySet                             : loaded 3 times (x 72B)
Class [Lcom.android.resources.ResourceEnum;                                           : loaded 3 times (x 71B)
Class com.android.builder.model.ApiVersion                                            : loaded 3 times (x 72B)
Class org.jetbrains.kotlin.gradle.plugin.mpp.KotlinUsageContext$MavenScope            : loaded 3 times (x 81B)
Class com.android.build.gradle.internal.plugins.BasePlugin$dslServices$2$1            : loaded 3 times (x 81B)
Class com.android.builder.core.AbstractProductFlavor$Companion                        : loaded 3 times (x 73B)
Class com.google.protobuf.FieldSet$FieldDescriptorLite                                : loaded 3 times (x 72B)
Class com.google.protobuf.ExtensionLite                                               : loaded 3 times (x 79B)
Class com.google.gson.internal.bind.SerializationDelegatingTypeAdapter                : loaded 3 times (x 76B)
Class com.google.gson.internal.bind.TypeAdapters$18                                   : loaded 3 times (x 77B)
Class com.google.gson.internal.bind.TypeAdapters$5                                    : loaded 3 times (x 77B)
Class com.android.build.api.variant.HasTestSuites                                     : loaded 3 times (x 72B)
Class com.android.build.api.variant.HasTestFixturesBuilder                            : loaded 3 times (x 72B)
Class com.android.build.gradle.internal.core.SettingsOptions                          : loaded 3 times (x 74B)
Class org.jetbrains.kotlin.compose.compiler.gradle.ComposeCompilerGradleSubplugin$Companion: loaded 3 times (x 73B)
Class com.android.build.gradle.options.ProjectOptionService$Inject_                   : loaded 3 times (x 99B)
Class com.android.build.gradle.options.HasFutureStage                                 : loaded 3 times (x 72B)
Class com.google.gson.internal.bind.JsonAdapterAnnotationTypeAdapterFactory           : loaded 3 times (x 77B)
Class com.android.build.gradle.internal.dependency.GenericTransformParameters         : loaded 3 times (x 72B)
Class com.android.build.gradle.internal.utils.AnalyticsEnabledValueSource$Params_Decorated: loaded 3 times (x 132B)
Class com.android.build.gradle.internal.utils.AnalyticsEnabledValueSource$Inject_     : loaded 3 times (x 111B)
Class com.android.build.gradle.internal.PropertiesValueSource$Params                  : loaded 3 times (x 72B)
Class com.android.build.api.dsl.VcsInfo                                               : loaded 3 times (x 72B)
Class com.android.build.gradle.internal.tasks.factory.GlobalTaskCreationConfigImpl$buildToolsRevision$2: loaded 3 times (x 81B)
Class com.google.wireless.android.sdk.stats.GradleBuildProject$CompileOptions         : loaded 3 times (x 201B)
Class com.google.wireless.android.sdk.stats.GradleProjectOptionsSettingsOrBuilder     : loaded 3 times (x 72B)
Class com.android.build.gradle.internal.dsl.LintImpl$severities$2                     : loaded 3 times (x 81B)
Class com.android.build.gradle.internal.api.artifact.SourceArtifactType$AIDL          : loaded 3 times (x 76B)
Class com.android.build.gradle.internal.api.DefaultAndroidSourceFile                  : loaded 3 times (x 90B)
Class com.android.build.api.dsl.CmakeFlags                                            : loaded 3 times (x 72B)
Class com.android.build.gradle.internal.dsl.KeepRulesImpl                             : loaded 3 times (x 92B)
Class org.jetbrains.kotlin.gradle.internal.properties.NativePropertiesLoader$nativeCacheKind$1: loaded 3 times (x 77B)
Class [Lorg.jetbrains.kotlin.build.report.metrics.ValueType;                          : loaded 3 times (x 71B)
Class org.jetbrains.kotlin.gradle.internal.diagnostics.AgpCompatibilityCheck          : loaded 3 times (x 73B)
Class org.gradle.accessors.dm.LibrariesForLibsInPluginsBlock$RoborazziLibraryAccessors: loaded 3 times (x 86B)
Class com.android.build.gradle.internal.services.GlobalServiceRegistrationAction$execute$globalService$1: loaded 3 times (x 77B)
Class com.android.build.gradle.internal.errors.SyncIssueReporterImpl$GlobalSyncIssueService$RegistrationAction: loaded 3 times (x 76B)
Class com.android.build.gradle.internal.utils.AnalyticsSettingsUtils                  : loaded 3 times (x 73B)
Class com.google.gson.internal.bind.ReflectiveTypeAdapterFactory$FieldReflectionAdapter: loaded 3 times (x 79B)
Class com.google.gson.internal.bind.TypeAdapters$19                                   : loaded 3 times (x 77B)
Class com.google.gson.internal.bind.TypeAdapters$6                                    : loaded 3 times (x 77B)
Class com.android.ide.common.blame.Message$Kind                                       : loaded 3 times (x 81B)
Class com.android.build.gradle.internal.plugins.KotlinMultiplatformAndroidPlugin      : loaded 3 times (x 83B)
Class com.android.build.gradle.internal.plugins.BasePlugin$lintDslLifecycleRegistrar$2: loaded 3 times (x 81B)
Class com.android.build.api.variant.HasHostTestsBuilder                               : loaded 3 times (x 72B)
Class com.android.build.api.variant.ComponentBuilder                                  : loaded 3 times (x 72B)
Class com.android.build.api.dsl.SettingsExtension                                     : loaded 3 times (x 72B)
Class com.android.build.api.dsl.CommonExtension                                       : loaded 3 times (x 72B)
Class org.gradle.accessors.dm.LibrariesForLibs$MoshiLibraryAccessors                  : loaded 3 times (x 79B)
Class com.android.build.gradle.internal.profile.AnalyticsService$Params               : loaded 3 times (x 72B)
Class com.android.build.gradle.options.FeatureStage$Enforced                          : loaded 3 times (x 74B)
Class com.android.build.gradle.internal.ide.dependencies.MavenCoordinatesCacheBuildService$Parameters_Decorated: loaded 3 times (x 132B)
Class org.jetbrains.kotlin.gradle.plugin.sources.android.AndroidVariantType           : loaded 3 times (x 81B)
Class org.jetbrains.kotlin.gradle.internal.diagnostics.KotlinCompilerEmbeddableCheck  : loaded 3 times (x 73B)
Class org.jetbrains.kotlin.gradle.plugin.VariantImplementationFactories               : loaded 3 times (x 77B)
Class com.google.gson.stream.MalformedJsonException                                   : loaded 3 times (x 84B)
Class com.android.build.gradle.internal.dsl.CoreExternalNativeBuildOptions            : loaded 3 times (x 72B)
Class org.jetbrains.kotlin.gradle.targets.native.KonanPropertiesBuildService$Parameters: loaded 3 times (x 72B)
Class org.jetbrains.kotlin.gradle.internal.IsInIdeaSyncValueSource$Inject_            : loaded 3 times (x 111B)
Class org.jetbrains.kotlin.gradle.plugin.internal.CompatibilityConventionRegistrar$Factory: loaded 3 times (x 72B)
Class com.android.utils.DateProvider                                                  : loaded 3 times (x 72B)
Class com.android.build.gradle.internal.utils.AnalyticsEnabledValueSource$Params      : loaded 3 times (x 72B)
Class com.google.gson.internal.bind.TypeAdapters$7                                    : loaded 3 times (x 77B)
Class com.google.gson.internal.$Gson$Preconditions                                    : loaded 3 times (x 73B)
Class com.android.build.api.variant.HasHostTests                                      : loaded 3 times (x 72B)
Class org.gradle.accessors.dm.LibrariesForLibs$GooglePluginAccessors                  : loaded 3 times (x 77B)
Class org.jetbrains.kotlin.gradle.utils.WhenPluginEnabledKt                           : loaded 3 times (x 73B)
Class org.jetbrains.kotlin.gradle.plugin.mpp.KotlinVariant                            : loaded 3 times (x 103B)
Class org.jetbrains.kotlin.gradle.plugin.mpp.KotlinTargetSoftwareComponent            : loaded 3 times (x 91B)
Class com.android.build.gradle.internal.scope.InternalArtifactType                    : loaded 3 times (x 76B)
Class com.android.build.gradle.internal.dsl.SdkComponentsImpl$adb$1                   : loaded 3 times (x 77B)
Class com.android.build.gradle.internal.dsl.ManagedVirtualDeviceFactory               : loaded 3 times (x 77B)
Class com.android.build.gradle.internal.dsl.ManagedVirtualDevice                      : loaded 3 times (x 123B)
Class com.android.build.gradle.internal.api.AndroidSourceSetName                      : loaded 3 times (x 74B)
Class com.android.build.gradle.internal.res.Aapt2FromMaven                            : loaded 3 times (x 74B)
Class com.android.build.api.dsl.BundleAbi                                             : loaded 3 times (x 72B)
Class org.jetbrains.kotlin.gradle.dsl.KotlinGradlePluginDsl                           : loaded 3 times (x 72B)
Class org.jetbrains.kotlin.tooling.core.MutableExtras                                 : loaded 3 times (x 72B)
Class com.android.build.gradle.internal.res.Aapt2FromMaven$Companion                  : loaded 3 times (x 73B)
Class org.jetbrains.kotlin.gradle.plugin.KotlinGradleBuildServices$detectKotlinPluginLoadedInMultipleProjects$onRegister$1: loaded 3 times (x 81B)
Class com.android.build.gradle.internal.services.BuiltInKotlinServicesKt$failIfIncompatiblePluginsArePresent$1: loaded 3 times (x 76B)
Class com.android.build.gradle.internal.services.LintClassLoaderBuildService          : loaded 3 times (x 82B)
Class com.google.gson.internal.bind.CollectionTypeAdapterFactory$Adapter              : loaded 3 times (x 76B)
Class com.google.gson.internal.bind.TypeAdapters$8                                    : loaded 3 times (x 77B)
Class com.google.wireless.android.sdk.stats.GradleBuildMemorySample$Builder           : loaded 3 times (x 304B)
Class com.android.build.gradle.options.ProjectOptionService$RegistrationAction        : loaded 3 times (x 76B)
Class com.android.build.api.variant.ApplicationVariantBuilder                         : loaded 3 times (x 72B)
Class com.android.build.gradle.internal.services.DslServices                          : loaded 3 times (x 72B)
Class com.android.build.api.dsl.ApplicationVariantDimension                           : loaded 3 times (x 72B)
Class com.android.build.api.dsl.TestVariantDimension                                  : loaded 3 times (x 72B)
Class com.android.build.gradle.internal.dsl.ProductFlavorFactory                      : loaded 3 times (x 79B)
Class com.android.build.gradle.internal.dsl.BundleOptionsDeviceGroup                  : loaded 3 times (x 83B)
Class com.android.build.gradle.internal.dsl.Splits                                    : loaded 3 times (x 83B)
Class com.android.build.api.dsl.ApplicationBuildFeatures                              : loaded 3 times (x 72B)
Class com.android.builder.signing.DefaultSigningConfig$DebugSigningConfig             : loaded 3 times (x 74B)
Class com.android.build.gradle.internal.core.dsl.impl.features.DeviceTestOptionsDslInfoImpl: loaded 3 times (x 86B)
Class com.android.build.gradle.internal.core.dsl.features.TestOptionsDslInfo          : loaded 3 times (x 72B)
Class com.android.build.gradle.internal.dsl.DexPackagingImpl$AgpDecorated             : loaded 3 times (x 85B)
Class com.android.build.gradle.internal.dsl.BundleOptionsDensity$AgpDecorated         : loaded 3 times (x 83B)
Class com.android.build.VariantOutput                                                 : loaded 3 times (x 72B)
Class com.android.build.api.artifact.Artifact$Single                                  : loaded 3 times (x 76B)
Class com.android.build.api.dsl.Optimization                                          : loaded 3 times (x 72B)
Class com.android.build.gradle.internal.dsl.DependenciesInfoImpl                      : loaded 3 times (x 83B)
Class com.android.build.api.dsl.TestProductFlavor                                     : loaded 3 times (x 72B)
Class com.android.build.gradle.internal.services.BuiltInKotlinServicesKt$initBuiltInKaptSupportIfRequired$1: loaded 3 times (x 77B)
Class org.jetbrains.kotlin.gradle.plugin.KotlinPluginLifecycle$IllegalLifecycleException: loaded 3 times (x 84B)
Class org.jetbrains.kotlin.gradle.internal.properties.NativePropertiesLoader$userProvidedNativeHome$1: loaded 3 times (x 77B)
Class [Lorg.jetbrains.kotlin.build.report.metrics.BuildPerformanceMetric;             : loaded 3 times (x 71B)
Class org.jetbrains.kotlin.gradle.plugin.KotlinGradleFinishBuildHandler               : loaded 3 times (x 74B)
Class org.jetbrains.kotlin.gradle.dsl.KotlinTopLevelExtension                         : loaded 3 times (x 72B)
Class com.android.build.gradle.internal.services.BuiltInKotlinServicesKt$failIfIncompatiblePluginsArePresent$2: loaded 3 times (x 76B)
Class com.android.build.gradle.internal.services.AndroidLocationsBuildService$AndroidDirectoryCreator$Params$Inject_: loaded 3 times (x 110B)
Class com.android.prefs.LocationValue                                                 : loaded 3 times (x 72B)
Class com.android.tools.analytics.HostData$threadBean$2                               : loaded 3 times (x 80B)
Class com.android.sdklib.AndroidVersion$PreviewType                                   : loaded 3 times (x 81B)
Class com.android.build.gradle.internal.res.Aapt2FromMaven$Companion$DefaultAapt2Version: loaded 3 times (x 73B)
Class com.google.gson.internal.bind.TypeAdapters$9                                    : loaded 3 times (x 77B)
Class org.jetbrains.kotlin.gradle.plugin.KotlinBaseApiPlugin$kaptExtension$2          : loaded 3 times (x 81B)
Class org.jetbrains.kotlin.gradle.internal.properties.PropertiesBuildService$IntGradleProperty: loaded 3 times (x 78B)
Class com.android.build.gradle.internal.plugins.DynamicFeaturePlugin                  : loaded 3 times (x 98B)
Class com.android.build.api.artifact.impl.ArtifactsImpl$1                             : loaded 3 times (x 80B)
Class com.android.build.gradle.internal.dsl.BuildType$AgpDecorated_Decorated          : loaded 3 times (x 441B)
Class com.android.build.gradle.internal.tasks.BaseTask                                : loaded 3 times (x 320B)
Class com.android.build.gradle.internal.core.SettingsOptionsKt                        : loaded 3 times (x 73B)
Class com.android.build.gradle.internal.dsl.BundleOptionsCodeTransparency$AgpDecorated: loaded 3 times (x 83B)
Class com.android.build.gradle.internal.api.artifact.SourceArtifactType$JAVA_RESOURCES: loaded 3 times (x 76B)
Class com.android.build.gradle.api.AndroidSourceFile                                  : loaded 3 times (x 72B)
Class org.objectweb.asm.commons.LocalVariablesSorter                                  : loaded 3 times (x 111B)
Class com.android.build.api.dsl.ViewBinding                                           : loaded 3 times (x 72B)
Class com.android.build.gradle.internal.dsl.DexPackagingImpl                          : loaded 3 times (x 72B)
Class com.android.build.gradle.internal.dsl.AssetPackBundleExtensionImpl              : loaded 3 times (x 72B)
Class com.android.build.gradle.internal.dsl.decorator.SupportedPropertyType$Var$String: loaded 3 times (x 76B)
Class org.jetbrains.kotlin.gradle.plugin.PropertiesProvider$localProperties$2         : loaded 3 times (x 81B)
Class com.android.build.gradle.internal.services.BuiltInKotlinServicesKt$failIfIncompatiblePluginsArePresent$3: loaded 3 times (x 76B)
Class com.android.build.gradle.internal.services.BuiltInKotlinServices$AvailabilityReason: loaded 3 times (x 72B)
Class com.android.prefs.PathLocator                                                   : loaded 3 times (x 75B)
Class org.jetbrains.kotlin.gradle.plugin.mpp.KotlinUsages$KotlinMetadataDisambiguation: loaded 3 times (x 78B)
Class com.android.build.gradle.internal.profile.NoOpAnalyticsConfiguratorService      : loaded 3 times (x 84B)
Class com.android.tools.analytics.AnalyticsSettingsData$DataTypeAdapter               : loaded 3 times (x 75B)
Class com.google.gson.JsonParseException                                              : loaded 3 times (x 84B)
Class org.jetbrains.kotlin.gradle.plugin.mpp.KotlinAndroidTargetVariantDsl            : loaded 3 times (x 72B)
Class com.android.build.gradle.internal.plugins.BasePlugin$createTasks$2              : loaded 3 times (x 79B)
Class com.android.build.gradle.internal.dsl.BaseAppModuleExtensionInternal            : loaded 3 times (x 461B)
Class com.android.build.gradle.internal.lint.LintTaskManager$createBeforeEvaluateLintTasks$1: loaded 3 times (x 77B)
Class com.android.build.gradle.internal.lint.LintTaskManager$Companion                : loaded 3 times (x 73B)
Class com.android.build.gradle.internal.crash.ExternalApiUsageException               : loaded 3 times (x 84B)
Class [Lcom.android.build.api.variant.ScopedArtifacts$Scope;                          : loaded 3 times (x 71B)
Class com.android.build.gradle.api.ApplicationVariant                                 : loaded 3 times (x 72B)
Class com.android.build.gradle.internal.dsl.BundleOptionsCountrySet$AgpDecorated      : loaded 3 times (x 87B)
Class com.android.build.gradle.internal.dsl.EmulatorControl$AgpDecorated              : loaded 3 times (x 90B)
Class com.android.build.api.dsl.MinSdkSpec                                            : loaded 3 times (x 72B)
Class com.android.build.gradle.internal.dsl.JUnitEngineSpecImpl                       : loaded 3 times (x 86B)
Class com.android.build.gradle.internal.dsl.ApplicationPublishingImpl                 : loaded 3 times (x 83B)
Class org.jetbrains.kotlin.gradle.utils.WhenPluginEnabledKt$whenPluginsEnabled$1      : loaded 3 times (x 77B)
Class [Lorg.jetbrains.kotlin.gradle.report.BuildReportType;                           : loaded 3 times (x 71B)
Class org.jetbrains.kotlin.gradle.internal.properties.PropertiesBuildService$localProperties$2: loaded 3 times (x 81B)
Class org.jetbrains.kotlin.gradle.tasks.AbstractKotlinCompileTool                     : loaded 3 times (x 365B)
Class com.android.build.gradle.internal.errors.IncompatibleProjectOptionsReporter     : loaded 3 times (x 73B)
Class com.google.wireless.android.sdk.stats.GradleBuildVariantOrBuilder               : loaded 3 times (x 72B)
Class com.android.build.gradle.internal.profile.AnalyticsService$Params_Decorated     : loaded 3 times (x 153B)
Class com.android.sdklib.AndroidVersion                                               : loaded 3 times (x 77B)
Class com.android.build.api.variant.GeneratesApkBuilder                               : loaded 3 times (x 72B)
Class com.android.Version                                                             : loaded 3 times (x 73B)
Class com.android.build.gradle.internal.component.PublishableCreationConfig           : loaded 3 times (x 72B)
Class com.android.build.gradle.internal.plugins.BasePlugin$variantFactory$2           : loaded 3 times (x 81B)
Class com.android.build.gradle.options.FeatureStage                                   : loaded 3 times (x 74B)
Class com.android.ide.common.repository.AgpVersion$PreviewKind                        : loaded 3 times (x 81B)
Class com.android.build.gradle.internal.dsl.ApplicationPublishingImpl$AgpDecorated_Decorated: loaded 3 times (x 132B)
Class com.google.common.base.Charsets                                                 : loaded 3 times (x 73B)
Class com.android.build.api.dsl.ComposeOptions                                        : loaded 3 times (x 72B)
Class com.android.build.gradle.internal.dsl.NdkOptions$DebugSymbolLevel               : loaded 3 times (x 81B)
Class com.android.build.gradle.internal.dsl.AgpExperimentalApiOptInRequiredException  : loaded 3 times (x 84B)
Class com.android.build.api.dsl.VectorDrawables                                       : loaded 3 times (x 72B)
Class com.android.build.gradle.internal.dsl.ViewBindingOptionsImpl                    : loaded 3 times (x 86B)
Class com.android.build.gradle.internal.dsl.ResourcesPackagingImpl                    : loaded 3 times (x 84B)
Class com.android.build.gradle.internal.dsl.BundleOptions                             : loaded 3 times (x 137B)
Class com.android.build.gradle.internal.services.BuiltInKotlinServicesKt$initBuiltInKotlinSupportIfRequired$3: loaded 3 times (x 77B)
Class org.jetbrains.kotlin.gradle.dsl.JvmTarget$Companion                             : loaded 3 times (x 73B)
Class org.jetbrains.kotlin.gradle.internal.properties.NativePropertiesLoader$downloadFromMaven$1: loaded 3 times (x 77B)
Class [Lcom.android.build.gradle.internal.core.Abi;                                   : loaded 3 times (x 71B)
Class com.android.build.gradle.internal.SdkComponentsBuildService$Parameters          : loaded 3 times (x 72B)
Class com.android.build.gradle.internal.services.AndroidLocationsBuildService$androidLocations$1$1: loaded 3 times (x 77B)
Class com.android.build.gradle.options.FeatureStage$Supported                         : loaded 3 times (x 74B)
Class com.google.common.util.concurrent.MoreExecutors                                 : loaded 3 times (x 73B)
Class com.android.builder.model.v2.ide.ProjectType                                    : loaded 3 times (x 81B)
Class com.android.build.gradle.internal.model.CoreCmakeOptions                        : loaded 3 times (x 72B)
Class com.android.build.gradle.internal.dsl.decorator.SupportedPropertyType$Collection: loaded 3 times (x 76B)
Class com.android.build.gradle.internal.profile.AnalyticsConfiguratorService$Params$Inject_: loaded 3 times (x 108B)
Class com.android.build.gradle.internal.TaskManager$ConfigAttrTask                    : loaded 3 times (x 314B)
Class com.android.builder.core.AbstractBuildType$Companion                            : loaded 3 times (x 73B)
Class com.android.builder.testing.api.TestServer                                      : loaded 3 times (x 76B)
Class com.android.build.gradle.internal.dsl.ShaderOptions_Decorated                   : loaded 3 times (x 132B)
Class com.android.builder.core.ComponentType                                          : loaded 3 times (x 72B)
Class com.android.build.api.dsl.KmpOptimization                                       : loaded 3 times (x 72B)
Class com.android.build.gradle.internal.dsl.decorator.SupportedPropertyType$Var       : loaded 3 times (x 76B)
Class com.android.builder.signing.DefaultSigningConfig                                : loaded 3 times (x 111B)
Class org.jetbrains.kotlin.gradle.plugin.internal.DefaultProjectIsolationStartParameterAccessor: loaded 3 times (x 79B)
Class org.jetbrains.kotlin.gradle.utils.GradleConfigurationUtilsKt$addGradlePluginMetadataAttributes$1: loaded 3 times (x 77B)
Class org.jetbrains.kotlin.gradle.dsl.KotlinAndroidExtension                          : loaded 3 times (x 72B)
Class org.jetbrains.kotlin.gradle.plugin.KaptExtension                                : loaded 3 times (x 138B)
Class org.jetbrains.kotlin.gradle.plugin.AbstractKotlinMultiplatformPluginWrapper     : loaded 3 times (x 88B)
Class com.android.build.gradle.internal.services.LintClassLoaderBuildService$RegistrationAction: loaded 3 times (x 76B)
Class com.android.build.gradle.internal.utils.GradleEnvironmentProvider               : loaded 3 times (x 72B)
Class [Lcom.google.wireless.android.sdk.stats.GradleBuildProfileSpan$ExecutionType;   : loaded 3 times (x 71B)
Class com.android.tools.analytics.HostData$garbageCollectorBeans$2                    : loaded 3 times (x 80B)
Class com.android.build.gradle.internal.utils.AnalyticsSettingsUtils$analyticsEnabledProvider$1: loaded 3 times (x 76B)
Class com.android.ide.common.gradle.Part                                              : loaded 3 times (x 79B)
Class com.android.utils.Environment$Companion$SYSTEM$1                                : loaded 3 times (x 76B)
Class com.android.build.gradle.internal.TaskManager                                   : loaded 3 times (x 84B)
Class com.android.build.gradle.AppPluginKt                                            : loaded 3 times (x 73B)
Class org.gradle.accessors.dm.LibrariesForLibsInPluginsBlock$AndroidxLifecycleRuntimeLibraryAccessors: loaded 3 times (x 80B)
Class org.gradle.accessors.dm.LibrariesForLibsInPluginsBlock$AndroidxCredentialsLibraryAccessors: loaded 3 times (x 85B)
Class com.android.builder.errors.EvalIssueException                                   : loaded 3 times (x 84B)
Class com.android.tools.analytics.CommonMetricsData                                   : loaded 3 times (x 73B)
Class org.jetbrains.kotlin.gradle.targets.native.internal.PlatformLibrariesGenerator$Companion: loaded 3 times (x 73B)
Class org.jetbrains.kotlin.gradle.plugin.DefaultKotlinBasePlugin$setupAttributeMatchingStrategy$1$2: loaded 3 times (x 81B)
Class com.android.ide.common.gradle.Version$Companion$ParseState$NUMERIC              : loaded 3 times (x 76B)
Class com.android.build.gradle.internal.dsl.MultiDexConfigImpl                        : loaded 3 times (x 82B)
Class com.android.build.gradle.internal.tasks.factory.TaskConfigAction                : loaded 3 times (x 72B)
Class com.android.build.gradle.internal.dsl.AndroidTestImpl$AgpDecorated_Decorated    : loaded 3 times (x 127B)
Class com.android.build.gradle.internal.ide.v2.NativeModelBuilder$configurationModels$2: loaded 3 times (x 81B)
Class com.android.build.api.artifact.impl.ScopedArtifactsImpl                         : loaded 3 times (x 77B)
Class com.android.build.api.artifact.impl.ArtifactsImpl                               : loaded 3 times (x 83B)
Class com.android.build.gradle.internal.core.ToolExecutionOptions                     : loaded 3 times (x 74B)
Class com.android.build.gradle.LintLifecycleExtensionImpl                             : loaded 3 times (x 82B)
Class com.android.build.gradle.internal.api.artifact.SourceArtifactType$JNI_LIBS      : loaded 3 times (x 76B)
Class com.android.build.gradle.internal.dsl.CoreShaderOptions                         : loaded 3 times (x 72B)
Class com.android.build.gradle.internal.dsl.decorator.SupportedPropertyType$Var$Custom: loaded 3 times (x 76B)
Class com.android.build.gradle.internal.dsl.AgpDslLockedException                     : loaded 3 times (x 84B)
Class com.android.build.gradle.internal.plugins.BasePlugin$variantInputModel$2$1      : loaded 3 times (x 81B)
Class org.jetbrains.kotlin.gradle.targets.native.toolchain.KotlinNativeBundleBuildService$Companion$registerIfAbsent$2$1: loaded 3 times (x 81B)
Class org.jetbrains.kotlin.build.report.metrics.GradleBuildPerformanceMetric$Companion: loaded 3 times (x 73B)
Class org.jetbrains.kotlin.gradle.plugin.internal.MavenPublicationComponentAccessor$Factory: loaded 3 times (x 72B)
Class com.android.build.gradle.internal.services.Aapt2DaemonBuildService              : loaded 3 times (x 82B)
Class com.android.build.gradle.internal.ide.v2.GlobalSyncService                      : loaded 3 times (x 82B)
Class [Lcom.google.protobuf.ProtocolMessageEnum;                                      : loaded 3 times (x 71B)
Class com.google.protobuf.LazyStringArrayList                                         : loaded 3 times (x 316B)
Class com.android.build.gradle.internal.scope.ProjectInfo                             : loaded 3 times (x 74B)
Class com.google.gson.internal.sql.SqlDateTypeAdapter                                 : loaded 3 times (x 76B)
Class com.google.gson.JsonObject                                                      : loaded 3 times (x 95B)
Class com.android.build.api.variant.HasAndroidResources                               : loaded 3 times (x 72B)
Class com.android.build.gradle.internal.component.VariantCreationConfig               : loaded 3 times (x 72B)
Class com.android.build.api.variant.VariantBuilder                                    : loaded 3 times (x 72B)
Class com.android.build.gradle.internal.dsl.InternalApplicationExtension              : loaded 3 times (x 72B)
Class com.android.build.gradle.internal.dsl.InternalFusedLibraryExtension             : loaded 3 times (x 72B)
Class com.android.ide.common.blame.SourcePosition                                     : loaded 3 times (x 73B)
Class com.android.builder.errors.IssueReporter$Type                                   : loaded 3 times (x 81B)
Class com.android.build.gradle.internal.utils.AnalyticsEnabledValueSource$Params$Inject_: loaded 3 times (x 108B)
Class com.android.build.gradle.internal.dsl.AnnotationProcessorOptions$AgpDecorated   : loaded 3 times (x 108B)
Class com.android.build.gradle.internal.plugins.BasePlugin$buildOutputs$2$1           : loaded 3 times (x 80B)
Class com.android.build.gradle.api.AndroidBasePlugin                                  : loaded 3 times (x 76B)
Class com.android.build.gradle.internal.plugins.AppPlugin$ApplicationAndroidComponentsExtensionImplCompat_Decorated: loaded 3 times (x 163B)
Class com.android.build.gradle.internal.dsl.AbiSplitOptions$AgpDecorated              : loaded 3 times (x 100B)
Class com.android.build.api.artifact.Artifact$Category                                : loaded 3 times (x 81B)
Class com.android.build.gradle.internal.dsl.FusedLibraryExtensionImpl                 : loaded 3 times (x 106B)
Class com.android.build.gradle.internal.dsl.BundleOptionsAiModelVersion               : loaded 3 times (x 83B)
Class com.android.build.api.dsl.Publishing                                            : loaded 3 times (x 72B)
Class com.android.build.api.dsl.TargetSdkVersion                                      : loaded 3 times (x 72B)
Class org.jetbrains.kotlin.gradle.utils.CompletableFuture                             : loaded 3 times (x 72B)
Class org.jetbrains.kotlin.build.report.metrics.BuildPerformanceMetric                : loaded 3 times (x 72B)
Class org.jetbrains.kotlin.gradle.plugin.internal.JavaExecTaskParametersCompatibility : loaded 3 times (x 72B)
Class [Lcom.android.build.gradle.internal.profile.AnalyticsConfiguratorService$State; : loaded 3 times (x 71B)
Class com.google.protobuf.CodedInputStream$StreamDecoder                              : loaded 3 times (x 121B)
Class com.google.protobuf.UninitializedMessageException                               : loaded 3 times (x 86B)
Class org.gradle.accessors.dm.LibrariesForLibsInPluginsBlock$GoogleDevtoolsPluginAccessors: loaded 3 times (x 76B)
Class com.android.build.gradle.internal.plugins.BasePlugin$createTasks$1              : loaded 3 times (x 77B)
Class com.android.build.gradle.internal.services.Aapt2ThreadPoolBuildService$RegistrationAction: loaded 3 times (x 76B)
Class com.android.build.gradle.internal.plugins.BasePlugin$createTasks$2$1            : loaded 3 times (x 77B)
Class com.android.build.gradle.internal.tasks.NonIncrementalGlobalTask                : loaded 3 times (x 321B)
Class com.android.build.gradle.internal.ide.v2.NativeModelBuilder                     : loaded 3 times (x 89B)
Class com.google.wireless.android.sdk.stats.GradleBuildProject$1                      : loaded 3 times (x 78B)
Class com.android.build.gradle.internal.dsl.TestOptions$UnitTestOptions               : loaded 3 times (x 86B)
Class com.android.build.api.dsl.MultiDexConfig                                        : loaded 3 times (x 72B)
Class com.android.build.gradle.internal.dsl.AbiSplitOptions                           : loaded 3 times (x 97B)
Class org.jetbrains.kotlin.gradle.plugin.AndroidProjectHandler                        : loaded 3 times (x 74B)
Class com.android.build.gradle.api.BaseVariant                                        : loaded 3 times (x 72B)
Class org.jetbrains.kotlin.gradle.plugin.KotlinTarget                                 : loaded 3 times (x 72B)
Class com.android.build.gradle.internal.services.BuiltInKotlinServicesKt              : loaded 3 times (x 73B)
Class com.android.build.gradle.internal.profile.AnalyticsConfiguratorService$Params   : loaded 3 times (x 72B)
Class com.android.build.gradle.internal.lint.LintFromMaven                            : loaded 3 times (x 74B)
Class com.google.gson.internal.bind.ReflectiveTypeAdapterFactory$RecordAdapter        : loaded 3 times (x 79B)
Class org.gradle.accessors.dm.LibrariesForLibs$AccompanistLibraryAccessors            : loaded 3 times (x 79B)
Class org.gradle.accessors.dm.LibrariesForLibs$AndroidxLifecycleLibraryAccessors      : loaded 3 times (x 80B)
Class org.gradle.accessors.dm.LibrariesForLibsInPluginsBlock_Decorated                : loaded 3 times (x 139B)
Class com.android.build.gradle.internal.plugins.BasePlugin$variantManager$2           : loaded 3 times (x 81B)
Class com.android.build.gradle.api.FusedLibraryPlugin                                 : loaded 3 times (x 76B)
Class com.android.build.gradle.options.FeatureStage$SoftlyEnforced                    : loaded 3 times (x 74B)
Class com.android.build.gradle.internal.AvdComponentsBuildService                     : loaded 3 times (x 78B)
Class com.google.gson.stream.JsonReader                                               : loaded 3 times (x 99B)
Class com.android.build.gradle.internal.ide.v2.ModelBuilder                           : loaded 3 times (x 82B)
Class com.google.wireless.android.sdk.stats.GradleBuildProject$2                      : loaded 3 times (x 153B)
Class com.android.build.gradle.internal.services.FakeDependencyJarBuildService$Params : loaded 3 times (x 72B)
Class com.android.build.gradle.internal.dsl.JniLibsPackagingImpl$AgpDecorated         : loaded 3 times (x 95B)
Class com.android.build.api.artifact.ArtifactKind$FILE                                : loaded 3 times (x 74B)
Class com.android.build.gradle.internal.dsl.AnnotationProcessorOptions                : loaded 3 times (x 104B)
Class com.android.build.gradle.internal.dsl.AarMetadataImpl                           : loaded 3 times (x 72B)
Class com.android.build.gradle.internal.dsl.decorator.SupportedPropertyType$Var$Boolean: loaded 3 times (x 76B)
Class com.android.build.gradle.internal.dsl.VariantDimensionBinaryCompatibilityFix    : loaded 3 times (x 72B)
Class org.jetbrains.kotlin.gradle.plugin.ProjectLocalConfigurations                   : loaded 3 times (x 73B)
Class org.jetbrains.kotlin.gradle.plugin.mpp.KotlinUsages$KotlinUsagesDisambiguation  : loaded 3 times (x 78B)
Class org.jetbrains.kotlin.tooling.core.Extras$Key$Companion                          : loaded 3 times (x 73B)
Class org.jetbrains.kotlin.tooling.core.Extras$Key                                    : loaded 3 times (x 74B)
Class com.android.build.gradle.internal.utils.GradleEnvironmentProviderImpl           : loaded 3 times (x 78B)
Class com.google.protobuf.Internal$LongList                                           : loaded 3 times (x 72B)
Class com.google.gson.internal.$Gson$Types                                            : loaded 3 times (x 73B)
Class com.google.gson.JsonDeserializer                                                : loaded 3 times (x 72B)
Class com.google.gson.JsonIOException                                                 : loaded 3 times (x 84B)
Class org.jetbrains.kotlin.gradle.plugin.internal.CustomPropertiesFileValueSource$Parameters$Inject_: loaded 3 times (x 108B)
Class com.android.build.gradle.options.OptionalBooleanOption                          : loaded 3 times (x 87B)
Class com.android.build.gradle.internal.plugins.BasePlugin$variantInputModel$2        : loaded 3 times (x 81B)
Class com.android.build.gradle.internal.variant.ApplicationVariantFactory             : loaded 3 times (x 108B)
Class org.gradle.accessors.dm.LibrariesForLibsInPluginsBlock                          : loaded 3 times (x 96B)
Class com.android.build.gradle.internal.plugins.AndroidPluginBaseServices$projectServices$2$1$3: loaded 3 times (x 81B)
Class org.jetbrains.kotlin.gradle.report.BuildReportType                              : loaded 3 times (x 81B)
Class com.android.build.gradle.internal.profile.AnalyticsConfiguratorService$State    : loaded 3 times (x 81B)
Class com.google.wireless.android.sdk.stats.InstantRunStatus                          : loaded 3 times (x 206B)
Class com.google.protobuf.PrimitiveNonBoxingCollection                                : loaded 3 times (x 72B)
Class com.android.build.gradle.internal.services.AndroidLocationsBuildService$Inject_ : loaded 3 times (x 112B)
Class com.android.build.gradle.internal.ManagedDeviceUtilsKt$getManagedDeviceAvdFolder$1: loaded 3 times (x 77B)
Class org.jetbrains.kotlin.gradle.internal.properties.PropertiesBuildService$property$1: loaded 3 times (x 81B)
Class com.android.build.gradle.internal.utils.SdkUtilsKt                              : loaded 3 times (x 73B)
Class com.android.build.gradle.internal.lint.AndroidLintGlobalTask$GlobalCreationAction: loaded 3 times (x 93B)
Class com.android.build.gradle.internal.api.VariantFilter                             : loaded 3 times (x 82B)
Class com.android.build.gradle.internal.dsl.BundleOptionsTexture$AgpDecorated         : loaded 3 times (x 87B)
Class com.android.build.api.dsl.ManagedVirtualDevice                                  : loaded 3 times (x 72B)
Class com.android.build.gradle.internal.dsl.TestFixturesImpl_Decorated                : loaded 3 times (x 129B)
Class com.android.build.api.dsl.SdkComponents                                         : loaded 3 times (x 72B)
Class com.android.build.gradle.internal.coverage.JacocoOptions                        : loaded 3 times (x 87B)
Class com.android.build.api.artifact.ArtifactKind$DIRECTORY                           : loaded 3 times (x 74B)
Class org.jetbrains.kotlin.gradle.targets.native.KonanPropertiesBuildService$Companion$registerIfAbsent$2$1: loaded 3 times (x 81B)
Class com.android.build.api.dsl.JUnitEngineSpec                                       : loaded 3 times (x 72B)
Class com.google.common.util.concurrent.AbstractFuture$SynchronizedHelper             : loaded 3 times (x 80B)
Class com.android.build.api.dsl.TestOptions                                           : loaded 3 times (x 72B)
Class com.android.build.api.dsl.AbiSplit                                              : loaded 3 times (x 72B)
Class com.android.build.api.dsl.LibraryVariantDimension                               : loaded 3 times (x 72B)
Class org.jetbrains.kotlin.gradle.plugin.mpp.HierarchyAttributeContainer$1            : loaded 3 times (x 80B)
Class org.jetbrains.kotlin.gradle.dsl.ToolchainSupport                                : loaded 3 times (x 72B)
Class com.android.build.gradle.internal.dsl.ApplicationBuildFeaturesImpl_Decorated    : loaded 3 times (x 171B)
Class org.jetbrains.kotlin.gradle.plugin.KotlinJsPluginWrapper                        : loaded 3 times (x 88B)
Class org.jetbrains.kotlin.gradle.plugin.mpp.InternalKotlinTarget                     : loaded 3 times (x 72B)
Class org.jetbrains.kotlin.gradle.dsl.KotlinJvmOptions                                : loaded 3 times (x 72B)
Class com.android.build.gradle.internal.services.FakeDependencyJarBuildService$RegistrationAction: loaded 3 times (x 76B)
Class com.android.utils.EnvironmentProvider                                           : loaded 3 times (x 72B)
Class com.google.protobuf.InvalidProtocolBufferException                              : loaded 3 times (x 89B)
Class com.google.common.collect.EnumHashBiMap                                         : loaded 3 times (x 161B)
Class org.jetbrains.kotlin.gradle.plugin.DefaultKotlinBasePlugin$setupAttributeMatchingStrategy$1$1: loaded 3 times (x 81B)
Class com.android.build.gradle.internal.dsl.AndroidTestImpl                           : loaded 3 times (x 79B)
Class com.android.build.api.variant.ScopedArtifacts$Scope                             : loaded 3 times (x 81B)
Class com.android.build.gradle.internal.dsl.AbiSplitOptions$AgpDecorated_Decorated    : loaded 3 times (x 146B)
Class com.android.build.gradle.internal.CompileOptions$AgpDecorated                   : loaded 3 times (x 99B)
Class com.android.build.gradle.internal.dsl.BundleOptions$AgpDecorated_Decorated      : loaded 3 times (x 196B)
Class com.android.build.gradle.internal.dsl.BuildFeaturesImpl                         : loaded 3 times (x 112B)
Class com.android.build.gradle.internal.dsl.ExternalNativeNdkBuildOptions             : loaded 3 times (x 111B)
Class com.android.build.gradle.internal.dsl.CmakeOptions                              : loaded 3 times (x 100B)
Class com.android.build.gradle.internal.dsl.JniLibsPackagingImpl$AgpDecorated_Decorated: loaded 3 times (x 139B)
Class com.google.wireless.android.sdk.stats.GradleBuildVariant$VariantType$1          : loaded 3 times (x 78B)
Class org.jetbrains.kotlin.gradle.internal.properties.PropertiesBuildService$property$1$valueFromGradleAndLocalProperties$1: loaded 3 times (x 77B)
Class org.jetbrains.kotlin.gradle.plugin.KotlinPluginWrapperKt$kotlinToolingVersion$2 : loaded 3 times (x 80B)
Class com.android.build.gradle.internal.errors.OptionInfo                             : loaded 3 times (x 74B)
Class com.android.build.gradle.internal.services.AndroidLocationsBuildService$AndroidDirectoryCreator$Params_Decorated: loaded 3 times (x 134B)
Class com.android.build.gradle.internal.ide.v2.GlobalSyncService$RegistrationAction   : loaded 3 times (x 76B)
Class com.android.build.gradle.internal.ide.dependencies.MavenCoordinatesCacheBuildService$Parameters: loaded 3 times (x 72B)
Class com.google.protobuf.Extension                                                   : loaded 3 times (x 87B)
Class com.google.wireless.android.sdk.stats.GradleBuildProfile                        : loaded 3 times (x 249B)
Class com.google.protobuf.MessageOrBuilder                                            : loaded 3 times (x 72B)
Class com.google.gson.LongSerializationPolicy$1                                       : loaded 3 times (x 82B)
Class com.android.build.api.dsl.FusedLibraryExtension                                 : loaded 3 times (x 72B)
Class com.android.build.gradle.internal.dsl.DexOptions                                : loaded 3 times (x 105B)
Class com.android.build.api.artifact.impl.StorageProviderImpl                         : loaded 3 times (x 74B)
Class com.android.build.gradle.internal.tasks.ExtractProguardFiles$CreationAction     : loaded 3 times (x 92B)
Class com.android.build.gradle.internal.tasks.LintCompile                             : loaded 3 times (x 322B)
Class com.android.build.gradle.internal.dsl.BundleOptionsAiModelVersion$AgpDecorated_Decorated: loaded 3 times (x 132B)
Class com.android.build.gradle.internal.variant.LegacyVariantInputManager$1           : loaded 3 times (x 77B)
Class com.android.builder.internal.BaseConfigImpl$Companion                           : loaded 3 times (x 73B)
Class org.jetbrains.kotlin.gradle.dsl.ToolchainSupport$Companion                      : loaded 3 times (x 73B)
Class com.android.ide.common.gradle.DEV                                               : loaded 3 times (x 79B)
Class org.jetbrains.kotlin.gradle.plugin.KotlinSourceSetTree$Companion                : loaded 3 times (x 73B)
Class org.jetbrains.kotlin.gradle.plugin.KotlinGradleBuildServices$Parameters         : loaded 3 times (x 72B)
Class org.jetbrains.kotlin.gradle.plugin.KotlinSourceSet                              : loaded 3 times (x 72B)
Class com.google.gson.LongSerializationPolicy$2                                       : loaded 3 times (x 82B)
Class com.android.build.gradle.internal.errors.DeprecationReporter$DeprecationTarget  : loaded 3 times (x 81B)
Class com.android.build.gradle.internal.plugins.BasePlugin$sdkComponentsBuildService$2: loaded 3 times (x 81B)
Class com.android.build.gradle.internal.core.dsl.TestedVariantDslInfo                 : loaded 3 times (x 72B)
Class com.android.build.gradle.internal.variant.AbstractAppVariantFactory             : loaded 3 times (x 108B)
Class org.gradle.accessors.dm.LibrariesForLibsInPluginsBlock$RoborazziJunitLibraryAccessors: loaded 3 times (x 79B)
Class com.google.protobuf.MapFieldReflectionAccessor                                  : loaded 3 times (x 76B)
Class com.android.build.api.artifact.Artifact$Companion                               : loaded 3 times (x 73B)
Class com.android.build.gradle.internal.dsl.BundleOptionsAbi$AgpDecorated_Decorated   : loaded 3 times (x 127B)
Class com.android.builder.signing.DefaultSigningConfig$Companion                      : loaded 3 times (x 73B)
Class com.android.build.gradle.internal.lint.AndroidLintGlobalTask$UpdateBaselineCreationAction$Companion: loaded 3 times (x 73B)
Class com.android.build.gradle.AppPlugin                                              : loaded 3 times (x 78B)
Class com.android.build.gradle.internal.tasks.factory.GlobalTaskNamesImpl             : loaded 3 times (x 83B)
Class com.android.build.gradle.internal.services.FakeDependencyJarBuildService$Inject_: loaded 3 times (x 104B)
Class com.android.build.gradle.internal.variant.LegacyVariantInputManager$2           : loaded 3 times (x 76B)
Class com.google.wireless.android.sdk.stats.GradleBuildProject$Builder                : loaded 3 times (x 361B)
Class com.android.build.api.dsl.Splits                                                : loaded 3 times (x 72B)
Class com.android.build.gradle.internal.dsl.BundleOptionsStoreArchive                 : loaded 3 times (x 79B)
Class org.jetbrains.kotlin.gradle.dsl.DefaultToolchainSupport$wireToolchainToTasks$1  : loaded 3 times (x 77B)
Class com.google.protobuf.AbstractMessageLite$Builder                                 : loaded 3 times (x 128B)
Class org.jetbrains.kotlin.gradle.internal.properties.PropertiesBuildService$MemoizedCallable: loaded 3 times (x 77B)
Class org.jetbrains.kotlin.gradle.plugin.internal.DefaultMavenPublicationComponentAccessorFactory: loaded 3 times (x 78B)
Class org.jetbrains.kotlin.gradle.tasks.KotlinTasksProvider                           : loaded 3 times (x 74B)
Class org.jetbrains.kotlin.gradle.dsl.KotlinCommonCompilerOptions                     : loaded 3 times (x 72B)
Class com.google.protobuf.Reader                                                      : loaded 3 times (x 72B)
Class com.google.common.collect.Maps$UnmodifiableBiMap                                : loaded 3 times (x 155B)
Class org.gradle.accessors.dm.LibrariesForLibsInPluginsBlock$KotlinPluginAccessors    : loaded 3 times (x 76B)
Class com.android.build.gradle.DynamicFeaturePlugin                                   : loaded 3 times (x 78B)
Class com.android.build.gradle.AppExtension                                           : loaded 3 times (x 217B)
Class com.android.build.gradle.internal.plugins.DslContainerProvider                  : loaded 3 times (x 72B)
Class com.android.build.gradle.internal.plugins.BasePlugin$extension$2                : loaded 3 times (x 81B)
Class com.android.build.api.artifact.impl.ArtifactsImpl$lookupProjectScopedArtifactsContainer$1: loaded 3 times (x 81B)
Class com.android.build.gradle.internal.dsl.PackagingOptions$AgpDecorated             : loaded 3 times (x 117B)
Class com.android.build.api.dsl.EmulatorControl                                       : loaded 3 times (x 72B)
Class com.android.build.gradle.internal.dsl.CompileSdkDelegate                        : loaded 3 times (x 91B)
Class com.android.build.gradle.internal.variant.LegacyVariantInputManager$3           : loaded 3 times (x 77B)
Class com.android.build.gradle.internal.dsl.AarMetadataImpl$AgpDecorated_Decorated    : loaded 3 times (x 139B)
Class com.android.build.gradle.internal.dsl.CoreNdkOptions                            : loaded 3 times (x 72B)
Class com.android.build.gradle.internal.dsl.decorator.AndroidPluginDslDecoratorKt     : loaded 3 times (x 73B)
Class com.android.build.gradle.internal.utils.KgpVersion$Companion                    : loaded 3 times (x 73B)
Class org.jetbrains.kotlin.konan.util.Named                                           : loaded 3 times (x 72B)
Class [Lorg.jetbrains.kotlin.gradle.report.BuildReportMode;                           : loaded 3 times (x 71B)
Class org.jetbrains.kotlin.gradle.plugin.AbstractKotlinAndroidPluginWrapper           : loaded 3 times (x 88B)
Class com.android.build.gradle.internal.services.BuiltInKotlinServices$AvailabilityReason$BuiltInKotlinBooleanOptionEnabled: loaded 3 times (x 73B)
Class com.google.protobuf.AbstractMessage$BuilderParent                               : loaded 3 times (x 72B)
Class com.google.common.base.CharMatcher$Ascii                                        : loaded 3 times (x 114B)
Class com.android.build.gradle.internal.plugins.AndroidPluginBaseServices             : loaded 3 times (x 80B)
Class [Lcom.google.gson.Strictness;                                                   : loaded 3 times (x 71B)
Class com.google.gson.reflect.TypeToken                                               : loaded 3 times (x 77B)
Class com.android.build.gradle.internal.ClasspathVerifier                             : loaded 3 times (x 73B)
Class com.android.build.gradle.internal.plugins.BasePlugin$dslServices$2              : loaded 3 times (x 81B)
Class com.android.build.gradle.internal.plugins.BasePlugin$bootClasspathConfig$2      : loaded 3 times (x 81B)
Class com.android.build.gradle.internal.plugins.AndroidPluginBaseServices$settingsExtension$2: loaded 3 times (x 81B)
Class com.android.build.gradle.internal.errors.AndroidProblemReporterProvider$Parameters$Inject_: loaded 3 times (x 108B)
Class com.android.build.gradle.internal.errors.AndroidProblemReporterProvider$Inject_ : loaded 3 times (x 98B)
Class com.android.build.gradle.internal.plugins.BasePlugin$createAndroidTasks$1       : loaded 3 times (x 79B)
Class com.android.build.gradle.internal.lint.AndroidLintGlobalTask$LintFixCreationAction: loaded 3 times (x 93B)
Class com.android.build.gradle.internal.lint.AndroidLintGlobalTask$BaseGlobalCreationAction: loaded 3 times (x 93B)
Class com.android.build.gradle.ProguardFiles                                          : loaded 3 times (x 73B)
Class com.android.builder.core.DefaultDexOptions                                      : loaded 3 times (x 101B)
Class com.android.build.gradle.api.ApkVariant                                         : loaded 3 times (x 72B)
Class com.android.build.gradle.internal.dsl.ResourcesPackagingImpl$AgpDecorated_Decorated: loaded 3 times (x 131B)
Class com.android.build.gradle.internal.variant.LegacyVariantInputManager$4           : loaded 3 times (x 76B)
Class com.android.build.gradle.internal.api.artifact.SourceArtifactType$KEEP_RULES    : loaded 3 times (x 76B)
Class com.android.build.gradle.internal.api.artifact.SourceArtifactType$RENDERSCRIPT  : loaded 3 times (x 76B)
Class com.android.build.gradle.internal.dsl.NdkOptions_Decorated                      : loaded 3 times (x 167B)
Class com.android.build.gradle.internal.dsl.decorator.DslDecorator$ManagedProperty    : loaded 3 times (x 74B)
Class com.google.protobuf.MapField                                                    : loaded 3 times (x 91B)
Class org.jetbrains.kotlin.gradle.internal.properties.PropertiesBuildService$GradleProperty: loaded 3 times (x 72B)
Class org.jetbrains.kotlin.gradle.utils.StoredPropertyKt$projectStoredProperty$1      : loaded 3 times (x 80B)
Class org.jetbrains.kotlin.gradle.internal.Kapt3GradleSubplugin$Companion             : loaded 3 times (x 73B)
Class com.android.prefs.VariableType                                                  : loaded 3 times (x 81B)
Class com.android.builder.profile.NameAnonymizer                                      : loaded 3 times (x 74B)
Class com.android.tools.analytics.Environment                                         : loaded 3 times (x 75B)
Class com.android.build.gradle.internal.errors.DeprecationReporter                    : loaded 3 times (x 72B)
Class com.google.gson.internal.sql.SqlTimestampTypeAdapter$1                          : loaded 3 times (x 77B)
Class com.google.gson.JsonPrimitive                                                   : loaded 3 times (x 95B)
Class com.android.build.gradle.options.ApiStage$Stable                                : loaded 3 times (x 74B)
Class com.android.build.gradle.internal.crash.CrashReporting                          : loaded 3 times (x 73B)
Class com.android.build.api.variant.Component                                         : loaded 3 times (x 72B)
Class org.gradle.accessors.dm.LibrariesForLibsInPluginsBlock$AndroidxNavigationLibraryAccessors: loaded 3 times (x 79B)
Class org.gradle.accessors.dm.LibrariesForLibs$AndroidxEspressoLibraryAccessors       : loaded 3 times (x 79B)
Class org.gradle.accessors.dm.LibrariesForLibs$VersionAccessors                       : loaded 3 times (x 118B)
Class com.google.gson.internal.LazilyParsedNumber                                     : loaded 3 times (x 80B)
Class com.android.build.gradle.internal.plugins.AndroidPluginBaseServices$projectServices$2$1$2: loaded 3 times (x 81B)
Class com.android.build.api.variant.Aidl                                              : loaded 3 times (x 72B)
Class com.google.protobuf.Internal$ListAdapter$Converter                              : loaded 3 times (x 72B)
Class com.android.build.gradle.internal.tasks.factory.BootClasspathConfigImpl$fullBootClasspath$2: loaded 3 times (x 81B)
Class com.android.build.gradle.internal.dsl.BundleOptionsDeviceGroup$AgpDecorated     : loaded 3 times (x 87B)
Class com.android.build.gradle.internal.dsl.EmulatorControl                           : loaded 3 times (x 85B)
Class com.android.build.gradle.internal.dsl.TestOptions_Decorated                     : loaded 3 times (x 172B)
Class com.android.build.gradle.internal.variant.LegacyVariantInputManager$5           : loaded 3 times (x 77B)
Class com.google.protobuf.CodedInputStream$UnsafeDirectNioDecoder                     : loaded 3 times (x 121B)
Class org.jetbrains.kotlin.gradle.plugin.KotlinPlatformType$Companion                 : loaded 3 times (x 73B)
Class com.android.build.gradle.api.ViewBindingOptions                                 : loaded 3 times (x 72B)
Class com.android.build.api.dsl.Split                                                 : loaded 3 times (x 72B)
Class com.android.build.api.dsl.LibraryDefaultConfig                                  : loaded 3 times (x 72B)
Class org.jetbrains.kotlin.gradle.dsl.JvmTarget                                       : loaded 3 times (x 81B)
Class org.jetbrains.kotlin.gradle.internal.ClassLoadersCachingBuildService            : loaded 3 times (x 78B)
Class org.jetbrains.kotlin.gradle.plugin.internal.DefaultJavaExecTaskParametersCompatibility$Factory: loaded 3 times (x 78B)
Class org.jetbrains.kotlin.gradle.plugin.VariantImplementationFactoriesConfigurator$Companion: loaded 3 times (x 73B)
Class [Lcom.android.builder.model.v2.ide.ProjectType;                                 : loaded 3 times (x 71B)
Class com.android.tools.analytics.CommonMetricsData$GarbageCollectionStatsDiffs       : loaded 3 times (x 73B)
Class org.jetbrains.kotlin.gradle.plugin.KotlinPlatformType$DisambiguationRule        : loaded 3 times (x 78B)
Class com.google.gson.JsonElement                                                     : loaded 3 times (x 94B)
Class com.android.build.gradle.options.Version                                        : loaded 3 times (x 81B)
Class com.android.build.gradle.internal.plugins.BasePlugin$versionedSdkLoaderService$2: loaded 3 times (x 81B)
Class com.android.build.gradle.internal.plugins.AppPlugin$1                           : loaded 3 times (x 88B)
Class com.android.build.api.dsl.DynamicFeatureVariantDimension                        : loaded 3 times (x 72B)
Class com.android.build.gradle.internal.ide.dependencies.MavenCoordinatesCacheBuildService$RegistrationAction: loaded 3 times (x 76B)
Class com.android.build.gradle.internal.AvdComponentsBuildService$RegistrationAction  : loaded 3 times (x 76B)
Class com.android.build.gradle.internal.lint.AndroidLintGlobalTask$UpdateBaselineCreationAction: loaded 3 times (x 93B)
Class com.android.build.gradle.internal.ide.v2.ModelBuilder$Companion                 : loaded 3 times (x 73B)
Class com.android.build.gradle.internal.api.TestedVariant                             : loaded 3 times (x 72B)
Class com.google.wireless.android.sdk.stats.GradleBuildSplits                         : loaded 3 times (x 220B)
Class com.android.build.gradle.internal.variant.LegacyVariantInputManager$6           : loaded 3 times (x 76B)
Class com.android.build.gradle.internal.dsl.decorator.SupportedPropertyType$Collection$Set: loaded 3 times (x 76B)
Class com.android.ide.common.gradle.Version$Companion$ParseState                      : loaded 3 times (x 72B)
Class org.jetbrains.kotlin.gradle.utils.StoredPropertyStorage                         : loaded 3 times (x 74B)
Class org.jetbrains.kotlin.gradle.plugin.KotlinSourceSetContainer                     : loaded 3 times (x 72B)
Class com.android.build.gradle.internal.services.Aapt2ThreadPoolBuildServiceKt        : loaded 3 times (x 73B)
Class com.android.tools.analytics.HostData$memoryBean$2                               : loaded 3 times (x 80B)
Class com.android.build.gradle.internal.dsl.ConsumerKeepRulesImpl                     : loaded 3 times (x 94B)
Class com.google.gson.internal.bind.CollectionTypeAdapterFactory                      : loaded 3 times (x 77B)
Class com.android.build.gradle.options.SyncOptions$ErrorFormatMode                    : loaded 3 times (x 81B)
Class com.android.build.gradle.internal.errors.SyncIssueReporter                      : loaded 3 times (x 78B)
Class com.android.build.gradle.internal.plugins.AppPlugin$2                           : loaded 3 times (x 88B)
Class com.android.build.gradle.internal.dsl.InternalTestedExtension                   : loaded 3 times (x 72B)
Class org.jetbrains.kotlin.gradle.plugin.KotlinAndroidPluginWrapper                   : loaded 3 times (x 88B)
Class org.jetbrains.kotlin.gradle.logging.GradleLoggingUtilsKt                        : loaded 3 times (x 73B)
Class org.jetbrains.kotlin.gradle.targets.native.internal.PlatformLibrariesGenerator$GeneratedPlatformLibrariesService: loaded 3 times (x 78B)
Class org.jetbrains.kotlin.gradle.utils.FutureKt                                      : loaded 3 times (x 73B)
Class com.android.build.gradle.internal.dsl.VcsInfoImpl                               : loaded 3 times (x 79B)
Class com.android.build.gradle.internal.api.AndroidSourceSetName$Companion            : loaded 3 times (x 73B)
Class com.android.build.gradle.internal.tasks.factory.TaskFactory                     : loaded 3 times (x 72B)
Class com.android.builder.core.DexOptions                                             : loaded 3 times (x 72B)
Class com.android.build.gradle.internal.dsl.LintImpl$AgpDecorated                     : loaded 3 times (x 224B)
Class com.android.build.gradle.internal.api.DefaultAndroidSourceSet                   : loaded 3 times (x 229B)
Class com.google.common.base.Converter$FunctionBasedConverter                         : loaded 3 times (x 92B)
Class com.google.common.util.concurrent.AbstractFuture$Waiter                         : loaded 3 times (x 74B)
Class com.android.build.gradle.internal.dependency.SourceSetManager                   : loaded 3 times (x 74B)
Class org.jetbrains.kotlin.gradle.dsl.DefaultToolchainSupport$wireToolchainToTasks$1$1: loaded 3 times (x 77B)
Class org.jetbrains.kotlin.gradle.utils.SingleActionPerProject                        : loaded 3 times (x 75B)
Class org.jetbrains.kotlin.gradle.plugin.DefaultKotlinBasePlugin                      : loaded 3 times (x 84B)
Class com.android.prefs.AbstractAndroidLocations                                      : loaded 3 times (x 84B)
Class com.google.protobuf.ExtensionRegistryLite                                       : loaded 3 times (x 76B)
Class com.android.ide.common.repository.AgpVersion$Companion                          : loaded 3 times (x 73B)
Class com.android.build.gradle.internal.plugins.AndroidPluginBaseServices$optionService$2: loaded 3 times (x 81B)
Class com.android.build.gradle.internal.plugins.AppPlugin$3                           : loaded 3 times (x 88B)
Class com.android.build.api.variant.AndroidComponentsExtension                        : loaded 3 times (x 72B)
Class org.gradle.accessors.dm.LibrariesForLibsInPluginsBlock$ConverterLibraryAccessors: loaded 3 times (x 79B)
Class com.android.build.gradle.internal.dsl.ManagedDevices_Decorated                  : loaded 3 times (x 125B)
Class com.android.build.gradle.internal.dsl.ApplicationPublishingImpl$AgpDecorated    : loaded 3 times (x 87B)
Class com.android.build.gradle.internal.tasks.factory.BootClasspathConfigImpl$2       : loaded 3 times (x 81B)
Class org.gradle.internal.Cast                                                        : loaded 3 times (x 73B)
Class org.gradle.api.Action                                                           : loaded 3 times (x 72B)
Class com.android.build.gradle.internal.dsl.SdkComponentsImpl                         : loaded 3 times (x 88B)
Class com.android.build.api.variant.Aapt2                                             : loaded 3 times (x 72B)
Class com.android.build.gradle.internal.dsl.CompileSdkSpecImpl                        : loaded 3 times (x 88B)
Class [Lcom.android.builder.errors.IssueReporter$Type;                                : loaded 3 times (x 71B)
Class com.android.build.gradle.internal.dsl.CompileSdkReleaseSpecImpl                 : loaded 3 times (x 83B)
Class com.android.build.gradle.internal.dsl.SigningConfig$AgpDecorated                : loaded 3 times (x 152B)
Class com.android.build.api.artifact.impl.PropertyAdapter                             : loaded 3 times (x 72B)
Class com.android.build.gradle.ProguardFiles$ProguardFile                             : loaded 3 times (x 81B)
Class com.android.build.gradle.internal.cxx.configure.NativeModelBuilderOutcomeOrBuilder: loaded 3 times (x 72B)
Class com.android.builder.testing.api.DeviceProvider                                  : loaded 3 times (x 79B)
Class com.android.build.gradle.internal.dsl.ExternalNativeBuild$AgpDecorated_Decorated: loaded 3 times (x 146B)
Class com.android.build.gradle.internal.dsl.DeviceGroupFactory                        : loaded 3 times (x 77B)
Class com.android.build.gradle.internal.dsl.CoreExternalNativeCmakeOptions            : loaded 3 times (x 72B)
Class com.android.build.api.dsl.AndroidSourceFile                                     : loaded 3 times (x 72B)
Class com.android.build.api.dsl.Ndk                                                   : loaded 3 times (x 72B)
Class com.android.build.api.dsl.BundleStoreArchive                                    : loaded 3 times (x 72B)
Class com.android.build.api.dsl.BundleCodeTransparency                                : loaded 3 times (x 72B)
Class com.android.ide.common.gradle.Version$Companion                                 : loaded 3 times (x 73B)
Class org.jetbrains.kotlin.gradle.plugin.GradleUtilsKt                                : loaded 3 times (x 73B)
Class org.jetbrains.kotlin.gradle.internal.properties.PropertiesBuildService$Params$Inject_: loaded 3 times (x 108B)
Class org.jetbrains.kotlin.gradle.internal.properties.PropertiesBuildService          : loaded 3 times (x 78B)
Class org.jetbrains.kotlin.gradle.plugin.BuildFinishedListenerService$Companion$registerIfAbsent$1$1$1: loaded 3 times (x 77B)
Class com.android.builder.profile.ThreadRecorder                                      : loaded 3 times (x 78B)
Class com.android.build.gradle.internal.dsl.ManagedDevices                            : loaded 3 times (x 82B)
Class com.android.build.gradle.internal.dsl.CmakeOptions$AgpDecorated_Decorated       : loaded 3 times (x 148B)
Class com.android.tools.analytics.AnalyticsSettingsData$Companion                     : loaded 3 times (x 73B)
Class com.google.gson.internal.bind.TreeTypeAdapter                                   : loaded 3 times (x 77B)
Class com.google.gson.internal.sql.SqlTimeTypeAdapter                                 : loaded 3 times (x 76B)
Class com.google.gson.InstanceCreator                                                 : loaded 3 times (x 72B)
Class com.android.build.gradle.internal.plugins.AndroidPluginBaseServices$optionService$2$1: loaded 3 times (x 80B)
Class com.android.build.gradle.internal.core.dsl.ApplicationVariantDslInfo            : loaded 3 times (x 72B)
Class com.android.build.gradle.internal.variant.DimensionCombination                  : loaded 3 times (x 72B)
Class com.android.build.gradle.internal.core.dsl.VariantDslInfo                       : loaded 3 times (x 72B)
Class com.android.build.gradle.internal.variant.VariantFactory                        : loaded 3 times (x 72B)
Class org.gradle.accessors.dm.LibrariesForLibs$LoggingLibraryAccessors                : loaded 3 times (x 79B)
Class com.android.build.gradle.internal.dsl.SdkComponentsImpl_Decorated               : loaded 3 times (x 131B)
Class org.gradle.accessors.dm.LibrariesForLibs$KotlinPluginAccessors                  : loaded 3 times (x 76B)
Class org.gradle.accessors.dm.LibrariesForLibsInPluginsBlock$AndroidxComposeUiLibraryAccessors: loaded 3 times (x 87B)
Class org.gradle.accessors.dm.LibrariesForLibsInPluginsBlock$AndroidxComposeUiToolingLibraryAccessors: loaded 3 times (x 85B)
Class com.android.builder.model.v2.models.ndk.NativeModelBuilderParameter             : loaded 3 times (x 72B)
Class com.google.wireless.android.sdk.stats.GradleProjectOptionsSettings              : loaded 3 times (x 221B)
Class com.android.build.gradle.internal.api.artifact.SourceArtifactType               : loaded 3 times (x 76B)
Class com.android.build.gradle.internal.dsl.decorator.annotation.RuntimeGuardedExperimentalApi: loaded 3 times (x 72B)
Class com.android.build.api.dsl.AgpTestSuite                                          : loaded 3 times (x 72B)
Class com.android.build.api.dsl.MaxSdkVersion                                         : loaded 3 times (x 72B)
Class [Lcom.android.build.gradle.internal.dsl.decorator.SupportedPropertyType;        : loaded 3 times (x 71B)
Class org.jetbrains.kotlin.tooling.core.MutableExtrasImpl                             : loaded 3 times (x 167B)
Class org.jetbrains.kotlin.gradle.utils.FileUtilsKt                                   : loaded 3 times (x 73B)
Class com.android.build.gradle.internal.services.FakeDependencyJarBuildService$FakeDependencyJarCreator$Params: loaded 3 times (x 72B)
Class com.android.build.gradle.internal.tasks.SigningConfigUtils$Companion$gson$2     : loaded 3 times (x 80B)
Class com.android.build.api.artifact.impl.SingleInitialProviderRequestImpl$on$2       : loaded 3 times (x 77B)
Class com.google.gson.Gson$5                                                          : loaded 3 times (x 78B)
Class [Lcom.android.tools.analytics.Environment$EnvironmentVariable;                  : loaded 3 times (x 71B)
Class com.android.SdkConstants                                                        : loaded 3 times (x 73B)
Class com.google.gson.internal.bind.TypeAdapters$20                                   : loaded 3 times (x 77B)
Class com.android.build.gradle.internal.services.R8D8ThreadPoolBuildService$Companion : loaded 3 times (x 73B)
Class com.android.build.gradle.internal.errors.AndroidProblemsReporter                : loaded 3 times (x 72B)
Class com.android.build.api.instrumentation.manageddevice.ManagedDeviceRegistry       : loaded 3 times (x 72B)
Class com.android.build.gradle.internal.services.GlobalServiceRegistrationAction$execute$1: loaded 3 times (x 77B)
Class com.android.build.gradle.internal.services.RunOnceBuildService                  : loaded 3 times (x 72B)
Class com.google.devtools.ksp.gradle.KspGradleSubplugin$Companion                     : loaded 3 times (x 73B)
Class org.gradle.accessors.dm.LibrariesForLibsInPluginsBlock$AndroidxComposeMaterialIconsLibraryAccessors: loaded 3 times (x 80B)
Class org.jetbrains.kotlin.gradle.plugin.KotlinCompilerPluginSupportPlugin            : loaded 3 times (x 72B)
Class com.android.build.gradle.internal.plugins.BasePlugin$Companion                  : loaded 3 times (x 73B)
Class [Lcom.android.build.gradle.options.ReplacedOption;                              : loaded 3 times (x 71B)
Class com.google.gson.internal.bind.DefaultDateTypeAdapter$DateType$1                 : loaded 3 times (x 75B)
Class com.android.build.gradle.internal.plugins.AndroidPluginBaseServices$projectServices$2$1$1: loaded 3 times (x 127B)
Class com.android.build.gradle.internal.services.AndroidLocationsBuildService$RegistrationAction: loaded 3 times (x 76B)
Class com.android.build.api.dsl.CompileSdkReleaseSpec                                 : loaded 3 times (x 72B)
Class com.android.build.api.variant.HasUnitTestBuilder                                : loaded 3 times (x 72B)
Class com.android.build.gradle.internal.core.InternalBaseVariant                      : loaded 3 times (x 72B)
Class com.android.build.gradle.internal.scope.DelayedActionsExecutor                  : loaded 3 times (x 74B)
Class org.jetbrains.kotlin.gradle.internal.properties.PropertiesBuildService$Companion$registerIfAbsent$1: loaded 3 times (x 77B)
Class org.jetbrains.kotlin.gradle.plugin.internal.DefaultConfigurationCacheStartParameterAccessorVariantFactory: loaded 3 times (x 78B)
Class org.jetbrains.kotlin.gradle.dsl.KotlinCommonCompilerToolOptions                 : loaded 3 times (x 72B)
Class com.android.build.gradle.internal.plugins.BasePlugin$Companion$createAndroidJdkImageConfiguration$1: loaded 3 times (x 76B)
Class [Lcom.android.prefs.LocationValue;                                              : loaded 3 times (x 71B)
Class com.android.build.gradle.options.ApiStage$Deprecated                            : loaded 3 times (x 74B)
Class com.android.ide.common.blame.SourceFileJsonTypeAdapter                          : loaded 3 times (x 77B)
Class com.google.gson.internal.bind.ObjectTypeAdapter$1                               : loaded 3 times (x 78B)
Class com.google.gson.internal.bind.TypeAdapters$21                                   : loaded 3 times (x 77B)
Class com.google.gson.FieldNamingPolicy$1                                             : loaded 3 times (x 85B)
Class com.android.utils.Environment                                                   : loaded 3 times (x 76B)
Class com.android.build.gradle.internal.plugins.LibraryPlugin                         : loaded 3 times (x 99B)
Class com.android.build.gradle.AssetPackPluginKt                                      : loaded 3 times (x 73B)
Class org.gradle.accessors.dm.LibrariesForLibsInPluginsBlock$KotlinxLibraryAccessors  : loaded 3 times (x 79B)
Class org.gradle.accessors.dm.LibrariesForLibs$GoogleDevtoolsPluginAccessors          : loaded 3 times (x 76B)
Class com.google.wireless.android.sdk.stats.JavaProcessStatsOrBuilder                 : loaded 3 times (x 72B)
Class com.android.build.gradle.internal.dsl.BundleOptionsStoreArchive$AgpDecorated    : loaded 3 times (x 83B)
Class com.android.build.gradle.internal.dsl.ApplicationExtensionImpl$AgpDecorated_Decorated: loaded 3 times (x 469B)
Class com.android.prefs.AndroidPathLocator                                            : loaded 3 times (x 75B)
Class org.jetbrains.kotlin.gradle.report.ReportingSettings                            : loaded 3 times (x 74B)
Class org.jetbrains.kotlin.gradle.plugin.KotlinBasePluginWrapper                      : loaded 3 times (x 88B)
Class com.android.build.gradle.internal.plugins.BasePlugin$Companion$createAndroidJdkImageConfiguration$2: loaded 3 times (x 76B)
Class com.android.build.gradle.internal.ManagedDeviceUtilsKt                          : loaded 3 times (x 73B)
Class com.android.build.gradle.internal.services.ClassesHierarchyBuildService         : loaded 3 times (x 82B)
Class com.google.gson.internal.bind.TypeAdapters$22                                   : loaded 3 times (x 77B)
Class com.google.gson.TypeAdapter$1                                                   : loaded 3 times (x 76B)
Class com.google.gson.FieldNamingPolicy$2                                             : loaded 3 times (x 85B)
Class com.google.gson.internal.Excluder$1                                             : loaded 3 times (x 76B)
Class org.jetbrains.kotlin.gradle.plugin.internal.CustomPropertiesFileValueSource$Inject_: loaded 3 times (x 115B)
Class org.jetbrains.kotlin.gradle.plugin.PropertiesProvider$booleanPropertyWithDeprecatedValues$1: loaded 3 times (x 80B)
Class com.android.build.gradle.internal.services.GlobalServiceRegistrationAction      : loaded 3 times (x 75B)
Class org.gradle.accessors.dm.LibrariesForLibsInPluginsBlock$AndroidxActivityLibraryAccessors: loaded 3 times (x 79B)
Class com.android.build.gradle.internal.dependency.JacocoInstrumentationService$RegistrationAction: loaded 3 times (x 76B)
Class com.android.build.gradle.internal.services.FakeDependencyJarBuildService        : loaded 3 times (x 84B)
Class org.jetbrains.kotlin.gradle.internal.ClassLoadersCachingBuildService$Companion$registerIfAbsent$2$1$1: loaded 3 times (x 77B)
Class org.jetbrains.kotlin.gradle.plugin.KotlinBasePlugin                             : loaded 3 times (x 72B)
Class org.gradle.api.GradleException                                                  : loaded 3 times (x 84B)
Class org.jetbrains.kotlin.gradle.plugin.KotlinBaseApiPlugin_Decorated                : loaded 3 times (x 164B)
Class org.jetbrains.kotlin.gradle.utils.AndroidPluginIdsKt                            : loaded 3 times (x 73B)
Class org.jetbrains.kotlin.gradle.internal.diagnostics.AgpCompatibilityCheck$runAgpCompatibilityCheckIfAgpIsApplied$1$1: loaded 3 times (x 77B)
Class org.jetbrains.kotlin.gradle.plugin.PropertiesProvider$preciseCompilationResultsBackup$1: loaded 3 times (x 81B)
Class com.android.build.gradle.internal.lint.AndroidLintGlobalTask$LintFixCreationAction$Companion: loaded 3 times (x 73B)
Class com.android.build.api.artifact.impl.SinglePropertyAdapter                       : loaded 3 times (x 80B)
Class com.android.build.api.artifact.impl.TypedStorageProvider                        : loaded 3 times (x 74B)
Class com.android.build.gradle.internal.plugins.BasePlugin$globalConfig$2$1           : loaded 3 times (x 81B)
Class com.android.build.gradle.internal.dsl.TestOptions$suites$2                      : loaded 3 times (x 81B)
Class com.android.build.gradle.internal.dsl.VariantDimensionBinaryCompatibilityFixParent: loaded 3 times (x 72B)
Class com.android.ide.common.gradle.Version                                           : loaded 3 times (x 77B)
Class org.jetbrains.kotlin.gradle.dsl.JvmDefaultMode                                  : loaded 3 times (x 81B)
Class org.jetbrains.kotlin.gradle.plugin.ProjectLocalConfigurations$ProjectLocalCompatibility: loaded 3 times (x 78B)
Class org.jetbrains.kotlin.gradle.plugin.internal.DefaultMavenPublicationComponentAccessor: loaded 3 times (x 77B)
Class org.jetbrains.kotlin.gradle.plugin.internal.DefaultProjectIsolationStartParameterAccessor$Factory: loaded 3 times (x 78B)
Class org.jetbrains.kotlin.gradle.dsl.KotlinJvmCompilerOptions                        : loaded 3 times (x 72B)
Class com.android.build.gradle.internal.services.VersionedSdkLoaderService$versionedSdkLoader$2$1: loaded 3 times (x 77B)
Class com.android.build.gradle.internal.ide.dependencies.LibraryDependencyCacheBuildService$Parameters: loaded 3 times (x 72B)
Class com.google.wireless.android.sdk.stats.GradleBuildMemorySample                   : loaded 3 times (x 204B)
Class com.android.build.gradle.internal.res.Aapt2FromMaven$Companion$create$aapt2Directory$1$1: loaded 3 times (x 76B)
Class com.google.gson.internal.bind.TypeAdapters$23                                   : loaded 3 times (x 77B)
Class com.google.common.collect.ForwardingMap                                         : loaded 3 times (x 134B)
Class com.google.gson.FieldNamingPolicy$3                                             : loaded 3 times (x 85B)
Class org.jetbrains.kotlin.gradle.targets.native.KonanPropertiesBuildService$Companion$registerIfAbsent$1: loaded 3 times (x 77B)
Class com.android.build.gradle.options.ProjectOptions$OptionValue                     : loaded 3 times (x 74B)
Class com.android.build.api.dsl.ApkExtension                                          : loaded 3 times (x 72B)
Class org.gradle.accessors.dm.LibrariesForLibs$AndroidxComposeUiTestLibraryAccessors  : loaded 3 times (x 80B)
Class org.jetbrains.kotlin.gradle.plugin.KotlinGradleBuildServices$Companion$registerIfAbsent$2$1$1: loaded 3 times (x 77B)
Class org.jetbrains.kotlin.gradle.plugin.mpp.KotlinUsages$setupAttributesMatchingStrategy$1: loaded 3 times (x 76B)
Class org.jetbrains.kotlin.gradle.plugin.mpp.AbstractKotlinTarget$components$2        : loaded 3 times (x 81B)
Class com.android.build.api.dsl.ApkSigningConfig                                      : loaded 3 times (x 72B)
Class com.android.build.api.dsl.BundleTexture                                         : loaded 3 times (x 72B)
Class com.android.build.gradle.internal.tasks.ExtractProguardFiles$CreationAction$handleProvider$1: loaded 3 times (x 129B)
Class com.android.build.gradle.internal.dsl.SdkComponentsImpl$ndkDirectory$2          : loaded 3 times (x 81B)
Class com.google.wireless.android.sdk.stats.GradleBuildProject$CompileOptionsOrBuilder: loaded 3 times (x 72B)
Class com.android.build.gradle.internal.dsl.Splits$AgpDecorated_Decorated             : loaded 3 times (x 131B)
Class com.android.repository.Revision$Precision                                       : loaded 3 times (x 81B)
Class com.android.build.api.dsl.ApplicationInstallation                               : loaded 3 times (x 72B)
Class com.android.build.api.dsl.ConfigurableFiles                                     : loaded 3 times (x 72B)
Class org.jetbrains.kotlin.gradle.utils.Completable                                   : loaded 3 times (x 74B)
Class org.jetbrains.kotlin.gradle.plugin.DefaultKotlinBasePlugin$addKotlinCompilerConfiguration$2$1: loaded 3 times (x 77B)
Class org.jetbrains.kotlin.gradle.plugin.internal.DefaultCompatibilityConventionRegistrar$Factory: loaded 3 times (x 78B)
Class com.android.builder.internal.StringCachingService                               : loaded 3 times (x 72B)
Class com.google.protobuf.Internal$EnumLiteMap                                        : loaded 3 times (x 72B)
Class com.google.wireless.android.sdk.stats.GradleBuildMemorySample$1                 : loaded 3 times (x 153B)
Class com.google.gson.internal.bind.TypeAdapters$34$1                                 : loaded 3 times (x 76B)
Class com.google.gson.internal.bind.TypeAdapters$24                                   : loaded 3 times (x 77B)
Class com.google.gson.FieldNamingPolicy$4                                             : loaded 3 times (x 85B)
Class com.android.build.gradle.internal.packaging.GradleKeystoreHelper                : loaded 3 times (x 73B)
Class com.android.build.gradle.options.FeatureStage$Experimental                      : loaded 3 times (x 74B)
Class [Lcom.android.build.gradle.internal.errors.DeprecationReporter$DeprecationTarget;: loaded 3 times (x 71B)
Class com.android.build.gradle.internal.services.ProjectServices                      : loaded 3 times (x 74B)
Class org.gradle.accessors.dm.LibrariesForLibsInPluginsBlock$AndroidxDatastoreLibraryAccessors: loaded 3 times (x 79B)
Class com.android.build.gradle.internal.dsl.KmpOptimizationImpl                       : loaded 3 times (x 85B)
Class com.android.build.gradle.internal.SdkLocationSourceSet                          : loaded 3 times (x 74B)
Class com.android.build.gradle.internal.api.DefaultAndroidSourceSet$AndroidSourceDirectorySetFactory: loaded 3 times (x 77B)
Class com.android.build.gradle.internal.services.VariantBuilderServicesImpl           : loaded 3 times (x 90B)
Class com.android.build.gradle.internal.dsl.BundleOptionsDensity$AgpDecorated_Decorated: loaded 3 times (x 127B)
Class com.android.build.gradle.internal.dsl.AdbOptions                                : loaded 3 times (x 89B)
Class com.android.build.api.artifact.ArtifactKind                                     : loaded 3 times (x 74B)
Class com.android.build.gradle.internal.dsl.PackagingOptions                          : loaded 3 times (x 113B)
Class com.android.build.api.dsl.JavaCompileOptions                                    : loaded 3 times (x 72B)
Class com.android.build.gradle.internal.dsl.BundleOptionsTexture                      : loaded 3 times (x 83B)
Class org.bouncycastle.operator.OperatorCreationException                             : loaded 3 times (x 84B)
Class org.jetbrains.kotlin.gradle.dsl.DefaultToolchainSupport                         : loaded 3 times (x 78B)
Class org.jetbrains.kotlin.gradle.plugin.VariantImplementationFactories$Inject_       : loaded 3 times (x 108B)
Class org.jetbrains.kotlin.gradle.plugin.internal.CustomPropertiesFileValueSource     : loaded 3 times (x 84B)
Class org.jetbrains.kotlin.gradle.InternalKotlinGradlePluginApi                       : loaded 3 times (x 72B)
Class com.android.build.gradle.internal.plugins.BasePlugin$versionedSdkLoaderService$2$1: loaded 3 times (x 81B)
Class [Lcom.android.prefs.VariableType;                                               : loaded 3 times (x 71B)
Class com.android.build.gradle.internal.dsl.JavaCompileOptions                        : loaded 3 times (x 84B)
Class com.google.protobuf.LazyStringList                                              : loaded 3 times (x 72B)
Class com.google.gson.internal.bind.TypeAdapters$25                                   : loaded 3 times (x 77B)
Class com.google.gson.FieldNamingPolicy$5                                             : loaded 3 times (x 85B)
Class com.android.utils.Environment$Companion                                         : loaded 3 times (x 73B)
Class com.android.build.gradle.internal.plugins.VersionCheckPlugin$apply$1            : loaded 3 times (x 81B)
Class org.gradle.accessors.dm.LibrariesForLibs$AndroidPluginAccessors                 : loaded 3 times (x 76B)
Class com.android.build.gradle.internal.tasks.factory.BootClasspathConfigImpl$1       : loaded 3 times (x 81B)
Class org.gradle.accessors.dm.LibrariesForLibsInPluginsBlock$PlayLibraryAccessors     : loaded 3 times (x 79B)
Class com.android.build.gradle.internal.errors.AndroidProblemReporterProvider$Parameters: loaded 3 times (x 72B)
Class com.android.build.gradle.internal.errors.AndroidProblemReporterProvider$Parameters_Decorated: loaded 3 times (x 132B)
Class com.android.tools.analytics.Environment$EnvironmentVariable                     : loaded 3 times (x 81B)
Class com.android.build.gradle.internal.plugins.BasePlugin$variantManager$2$1         : loaded 3 times (x 81B)
Class com.android.build.gradle.internal.tasks.factory.GlobalTaskCreationConfigImpl$Companion: loaded 3 times (x 73B)
Class com.android.build.api.dsl.UnitTestOptions                                       : loaded 3 times (x 72B)
Class com.android.builder.core.ToolsRevisionUtils                                     : loaded 3 times (x 73B)
Class com.android.build.gradle.internal.dsl.OptimizationImpl                          : loaded 3 times (x 88B)
Class com.android.builder.model.BaseConfig                                            : loaded 3 times (x 72B)
Class com.android.build.gradle.internal.dsl.AndroidSourceSetFactory                   : loaded 3 times (x 79B)
Class [Lcom.google.wireless.android.sdk.stats.GradleBuildVariant$VariantType;         : loaded 3 times (x 71B)
Class [Lcom.android.ide.common.gradle.Separator;                                      : loaded 3 times (x 71B)
Class org.jetbrains.kotlin.gradle.internal.properties.NativePropertiesLoader$konanDataDirProperty$1: loaded 3 times (x 77B)
Class org.jetbrains.kotlin.gradle.plugin.KotlinGradleBuildServices$Inject_            : loaded 3 times (x 102B)
Class org.jetbrains.kotlin.gradle.plugin.KotlinGradleBuildServices$Companion$registerIfAbsent$2$1: loaded 3 times (x 81B)
Class org.jetbrains.kotlin.gradle.plugin.PropertiesProvider$keepIncrementalCompilationCachesInMemory$1: loaded 3 times (x 81B)
Class org.jetbrains.kotlin.gradle.plugin.VariantImplementationFactoriesConfigurator$Inject_: loaded 3 times (x 98B)
Class com.android.build.gradle.internal.dsl.decorator.annotation.NonNullableSetter    : loaded 3 times (x 72B)
Class com.android.prefs.QueryResult                                                   : loaded 3 times (x 84B)
Class com.android.tools.analytics.HostData$runtimeBean$2                              : loaded 3 times (x 80B)
Class com.google.protobuf.MutabilityOracle                                            : loaded 3 times (x 72B)
Class com.google.protobuf.GeneratedMessageV3$Builder                                  : loaded 3 times (x 280B)
Class com.google.gson.internal.bind.ArrayTypeAdapter                                  : loaded 3 times (x 76B)
Class com.google.gson.internal.bind.TypeAdapters$26                                   : loaded 3 times (x 77B)
Class com.google.gson.FieldNamingPolicy$6                                             : loaded 3 times (x 85B)
Class com.android.build.gradle.options.ApiStage$Removed                               : loaded 3 times (x 74B)
Class com.android.build.gradle.internal.plugins.BasePlugin$apply$1                    : loaded 3 times (x 77B)
Class io.github.takahirom.roborazzi.RoborazziPlugin$RestoreOutputDirRoborazziTask     : loaded 3 times (x 314B)
Class org.gradle.accessors.dm.LibrariesForLibsInPluginsBlock$AccompanistLibraryAccessors: loaded 3 times (x 79B)
Class com.google.protobuf.Message$Builder                                             : loaded 3 times (x 72B)
Class org.gradle.internal.IoActions                                                   : loaded 3 times (x 73B)
Class com.android.tools.analytics.HostData$graphicsEnvironment$2                      : loaded 3 times (x 80B)
Class com.android.build.gradle.internal.api.ReadOnlyObjectProvider                    : loaded 3 times (x 78B)
Class com.android.builder.core.LibraryRequest                                         : loaded 3 times (x 74B)
Class com.google.common.base.Enums                                                    : loaded 3 times (x 73B)
Class com.android.builder.model.VectorDrawablesOptions                                : loaded 3 times (x 72B)
Class com.android.build.api.dsl.DeviceGroup                                           : loaded 3 times (x 72B)
Class com.android.build.gradle.internal.dsl.MaxSdkSpecImpl                            : loaded 3 times (x 81B)
Class com.android.build.gradle.internal.dsl.DefaultConfig                             : loaded 3 times (x 439B)
Class org.jetbrains.kotlin.gradle.plugin.UsesVariantImplementationFactories           : loaded 3 times (x 72B)
Class org.jetbrains.kotlin.gradle.internal.Kapt3GradleSubplugin                       : loaded 3 times (x 85B)
Class com.android.build.gradle.internal.services.AndroidLocationsBuildService$AndroidDirectoryCreator$Inject_: loaded 3 times (x 113B)
Class com.android.build.gradle.internal.dsl.BundleOptionsLanguage$AgpDecorated_Decorated: loaded 3 times (x 127B)
Class com.google.gson.internal.bind.TypeAdapters$27                                   : loaded 3 times (x 77B)
Class com.google.gson.FieldNamingPolicy$7                                             : loaded 3 times (x 85B)
Class com.android.build.gradle.internal.dsl.BundleOptionsCountrySet$AgpDecorated_Decorated: loaded 3 times (x 132B)
Class [Lcom.android.build.gradle.options.BooleanOption;                               : loaded 3 times (x 71B)
Class com.android.build.gradle.internal.services.ServiceRegistrationAction$execute$1  : loaded 3 times (x 77B)
Class [Lcom.google.common.util.concurrent.DirectExecutor;                             : loaded 3 times (x 71B)
Class com.google.gms.googleservices.GoogleServicesPlugin$GoogleServicesPluginConfig   : loaded 3 times (x 74B)
Class org.gradle.accessors.dm.LibrariesForLibs$AndroidxLifecycleViewmodelLibraryAccessors: loaded 3 times (x 79B)
Class org.jetbrains.kotlin.gradle.plugin.internal.ProjectIsolationStartParameterAccessor$Factory: loaded 3 times (x 72B)
Class org.jetbrains.kotlin.gradle.plugin.VariantImplementationFactories$Companion$getProvider$2$1$1: loaded 3 times (x 77B)
Class org.jetbrains.kotlin.gradle.report.BuildReportMode                              : loaded 3 times (x 81B)
Class org.jetbrains.kotlin.gradle.internal.properties.NativePropertiesLoader$actualNativeHomeDirectory$3: loaded 3 times (x 77B)
Class com.android.ide.common.gradle.Version$Companion$ParseState$EMPTY                : loaded 3 times (x 76B)
Class com.android.build.api.dsl.BuildType                                             : loaded 3 times (x 72B)
Class com.android.build.gradle.internal.dsl.SdkComponentsImpl$aidl$2                  : loaded 3 times (x 81B)
Class com.android.build.gradle.internal.dsl.CmakeOptions$AgpDecorated                 : loaded 3 times (x 103B)
Class com.android.build.gradle.internal.dependency.SourceSetManager$createConfigurationsForSourceSet$createKaptConfiguration$1: loaded 3 times (x 81B)
Class com.android.build.gradle.internal.dsl.JavaCompileOptions$AgpDecorated           : loaded 3 times (x 88B)
Class com.android.build.gradle.internal.dsl.CoreExternalNativeNdkBuildOptions         : loaded 3 times (x 72B)
Class com.android.build.api.dsl.NdkBuildFlags                                         : loaded 3 times (x 72B)
Class com.google.common.base.CaseFormat                                               : loaded 3 times (x 85B)
Class com.android.build.gradle.internal.dsl.DefaultConfig$AgpDecorated_Decorated      : loaded 3 times (x 518B)
Class com.android.build.gradle.internal.dsl.VcsInfoImpl$AgpDecorated                  : loaded 3 times (x 83B)
Class com.android.build.api.artifact.impl.SingleInitialProviderRequestImpl$on$1       : loaded 3 times (x 77B)
Class org.jetbrains.kotlin.gradle.plugin.mpp.AbstractKotlinTarget$kotlinComponents$2  : loaded 3 times (x 81B)
Class org.jetbrains.kotlin.gradle.plugin.KotlinPlatformType$CompatibilityRule         : loaded 3 times (x 78B)
Class org.jetbrains.kotlin.gradle.internal.properties.NativePropertiesLoader$actualNativeHomeDirectory$1: loaded 3 times (x 77B)
Class org.jetbrains.kotlin.gradle.internal.properties.NativePropertiesKt              : loaded 3 times (x 73B)
Class com.android.build.api.variant.CanMinifyAndroidResources                         : loaded 3 times (x 72B)
Class com.google.gson.internal.bind.TypeAdapters$EnumTypeAdapter                      : loaded 3 times (x 76B)
Class com.google.gson.internal.bind.TypeAdapters$28                                   : loaded 3 times (x 77B)
Class [Lcom.google.gson.LongSerializationPolicy;                                      : loaded 3 times (x 71B)
Class com.android.build.api.variant.CanMinifyCodeBuilder                              : loaded 3 times (x 72B)
Class org.gradle.accessors.dm.LibrariesForLibs$ConverterLibraryAccessors              : loaded 3 times (x 79B)
Class com.android.build.gradle.internal.dsl.CoreProductFlavor                         : loaded 3 times (x 72B)
Class com.android.build.gradle.internal.dsl.PackagingOptions$AgpDecorated_Decorated   : loaded 3 times (x 163B)
Class com.android.build.gradle.internal.dsl.LintImpl$AgpDecorated_Decorated           : loaded 3 times (x 304B)
Class com.android.build.gradle.api.InstallableVariant                                 : loaded 3 times (x 72B)
Class com.android.build.api.variant.VariantSelector                                   : loaded 3 times (x 72B)
Class com.android.build.gradle.internal.dsl.BaseAppModuleExtension_Decorated          : loaded 3 times (x 541B)
Class com.android.build.gradle.internal.api.artifact.SourceArtifactType$JNI           : loaded 3 times (x 76B)
Class com.android.build.gradle.TestedExtension                                        : loaded 3 times (x 217B)
Class com.android.build.gradle.internal.dsl.LibraryAndroidResourcesImpl               : loaded 3 times (x 123B)
Class com.android.build.gradle.internal.model.CoreExternalNativeBuild                 : loaded 3 times (x 72B)
Class com.android.build.api.dsl.ApplicationProductFlavor                              : loaded 3 times (x 72B)
Class org.jetbrains.kotlin.gradle.dsl.KotlinVersion                                   : loaded 3 times (x 81B)
Class org.jetbrains.kotlin.gradle.internal.properties.NativePropertiesLoader$actualNativeHomeDirectory$2: loaded 3 times (x 76B)
Class org.jetbrains.kotlin.gradle.utils.StoredPropertyKt                              : loaded 3 times (x 73B)
Class com.android.build.gradle.internal.lint.AndroidLintGlobalTask                    : loaded 3 times (x 320B)
Class com.google.protobuf.AbstractProtobufList                                        : loaded 3 times (x 231B)
Class com.google.gson.internal.bind.MapTypeAdapterFactory                             : loaded 3 times (x 77B)
Class com.google.gson.internal.bind.TypeAdapters$29                                   : loaded 3 times (x 77B)
Class com.google.gson.JsonNull                                                        : loaded 3 times (x 94B)
Class com.android.build.gradle.internal.dsl.CompileSdkSpecImpl$AgpDecorated_Decorated : loaded 3 times (x 137B)
Class com.google.common.util.concurrent.ListeningScheduledExecutorService             : loaded 3 times (x 72B)
Class org.gradle.accessors.dm.LibrariesForLibs$AndroidxLibraryAccessors               : loaded 3 times (x 90B)
Class com.android.build.gradle.internal.variant.VariantModelImpl                      : loaded 3 times (x 89B)
Class com.android.build.gradle.internal.cxx.configure.NativeModelBuilderOutcome$Builder: loaded 3 times (x 323B)
Class jdk.internal.jrtfs.JrtFileSystem                                                : loaded 2 times (x 104B)
Class io.opentelemetry.api.trace.Span                                                 : loaded 2 times (x 72B)
Class com.intellij.gradle.toolingExtension.impl.model.projectModel.GradleExternalProjectSerializationService$ReadContext: loaded 2 times (x 75B)
Class com.intellij.gradle.toolingExtension.impl.model.dependencyModel.DependencyWriteContext: loaded 2 times (x 74B)
Class kotlin.collections.CollectionsKt__IterablesKt                                   : loaded 2 times (x 73B)
Class org.gradle.tooling.model.ProjectModel                                           : loaded 2 times (x 72B)
Class com.android.build.api.extension.impl.AndroidComponentsExtensionImpl$addSourceSetConfigurations$1: loaded 2 times (x 77B)
Class com.android.build.gradle.internal.GradleLocalPropertiesFactory$get$propertiesContent$1: loaded 2 times (x 77B)
Class sync_studio_tooling7_7p09gpzrtrc6k7nc98o7ojqk8                                  : loaded 2 times (x 173B)
Class org.jetbrains.kotlin.gradle.plugin.SubpluginArtifact                            : loaded 2 times (x 74B)
Class kotlin.jvm.internal.Intrinsics                                                  : loaded 2 times (x 73B)
Class org.gradle.internal.time.CountdownTimer                                         : loaded 2 times (x 72B)
Class org.gradle.internal.exceptions.MultiCauseException                              : loaded 2 times (x 72B)
Class com.android.build.gradle.internal.EnvironmentVariablesPropertiesFactory         : loaded 2 times (x 73B)
Class org.gradle.internal.classloader.SystemClassLoaderSpec                           : loaded 2 times (x 73B)
Class gnu.trove.TObjectCanonicalHashingStrategy                                       : loaded 2 times (x 80B)
Class org.jetbrains.plugins.gradle.model.GradleProperty                               : loaded 2 times (x 72B)
Class com.intellij.gradle.toolingExtension.model.repositoryModel.ProjectRepositoriesModel: loaded 2 times (x 72B)
Class io.opentelemetry.context.propagation.NoopTextMapPropagator                      : loaded 2 times (x 78B)
Class com.android.build.gradle.internal.ide.SyncIssueImpl                             : loaded 2 times (x 81B)
Class kotlin.enums.EnumEntriesKt                                                      : loaded 2 times (x 73B)
Class kotlin.collections.CollectionsKt__MutableCollectionsJVMKt                       : loaded 2 times (x 73B)
Class com.google.devtools.ksp.gradle.KspConfigurations$3                              : loaded 2 times (x 81B)
Class io.github.takahirom.roborazzi.RoborazziCompareExtension                         : loaded 2 times (x 74B)
Class org.gradle.tooling.internal.adapter.ProtocolToModelAdapter$ReflectionMethodInvoker: loaded 2 times (x 78B)
Class gnu.trove.TObjectHashingStrategy                                                : loaded 2 times (x 72B)
Class sync_studio_tooling2_4hh384y1jt3fqf3moiyw347yj$_run_closure1                    : loaded 2 times (x 140B)
Class jdk.internal.jimage.decompressor.CompressedResourceHeader                       : loaded 2 times (x 73B)
Class kotlin.KotlinNullPointerException                                               : loaded 2 times (x 84B)
Class com.google.gms.googleservices.GoogleServicesPlugin$GoogleServicesPluginConfig_Decorated: loaded 2 times (x 119B)
Class com.android.ide.common.repository.AgpVersion$Companion$WhenMappings             : loaded 2 times (x 73B)
Class com.android.build.gradle.internal.SystemPropertiesFactory                       : loaded 2 times (x 73B)
Class com.google.devtools.ksp.gradle.KspConfigurations$2                              : loaded 2 times (x 81B)
Class io.opentelemetry.context.LazyStorage                                            : loaded 2 times (x 73B)
Class com.google.devtools.ksp.gradle.KspConfigurations$1                              : loaded 2 times (x 81B)
Class gnu.trove.Equality                                                              : loaded 2 times (x 72B)
Class org.jetbrains.plugins.gradle.model.AnnotationProcessingConfig                   : loaded 2 times (x 72B)
Class io.opentelemetry.api.trace.TraceState                                           : loaded 2 times (x 72B)
Class jdk.internal.jimage.ImageStrings                                                : loaded 2 times (x 72B)
Class com.android.build.api.variant.LibraryAndroidComponentsExtension                 : loaded 2 times (x 72B)
Class org.gradle.tooling.internal.adapter.ViewBuilder                                 : loaded 2 times (x 72B)
Class org.gradle.tooling.model.idea.IdeaModuleDependency                              : loaded 2 times (x 72B)
Class org.gradle.internal.exceptions.NonGradleCauseExceptionsHolder                   : loaded 2 times (x 72B)
Class kotlin.collections.CollectionsKt___CollectionsKt                                : loaded 2 times (x 73B)
Class org.jetbrains.plugins.gradle.tooling.util.ObjectCollector$Processor             : loaded 2 times (x 72B)
Class gnu.trove.TObjectHash                                                           : loaded 2 times (x 96B)
Class io.opentelemetry.api.trace.AutoValue_ArrayBasedTraceState                       : loaded 2 times (x 89B)
Class io.opentelemetry.api.trace.TracerProvider                                       : loaded 2 times (x 72B)
Class com.google.devtools.ksp.gradle.AndroidPluginIntegration$forEachAndroidSourceSet$1: loaded 2 times (x 81B)
Class org.gradle.internal.classpath.DefaultClassPath$ImmutableUniqueList$Builder      : loaded 2 times (x 77B)
Class org.jetbrains.plugins.gradle.model.GradleSourceSetModel                         : loaded 2 times (x 72B)
Class com.intellij.gradle.toolingExtension.impl.model.sourceSetDependencyModel.GradleSourceSetDependencySerialisationService: loaded 2 times (x 79B)
Class org.jetbrains.plugins.gradle.tooling.serialization.internal.IdeaProjectSerializationService$WriteContext: loaded 2 times (x 74B)
Class io.opentelemetry.api.trace.ArrayBasedTraceStateBuilder                          : loaded 2 times (x 79B)
Class com.android.build.gradle.internal.errors.SyncIssueReporterImpl$WhenMappings     : loaded 2 times (x 73B)
Class com.android.build.api.extension.impl.AndroidComponentsExtensionImpl$onVariants$1: loaded 2 times (x 77B)
Class com.google.gms.googleservices.GoogleServicesPlugin$apply$2$1                    : loaded 2 times (x 81B)
Class jdk.internal.jimage.decompressor.ZipDecompressor                                : loaded 2 times (x 77B)
Class [Lcom.android.build.gradle.internal.SdkLocator$PropertyLocation;                : loaded 2 times (x 71B)
Class io.opentelemetry.api.OpenTelemetry                                              : loaded 2 times (x 72B)
Class org.jetbrains.plugins.gradle.model.tests.ExternalTestsModel                     : loaded 2 times (x 72B)
Class org.gradle.internal.exceptions.DefaultMultiCauseException                       : loaded 2 times (x 97B)
Class com.android.build.gradle.internal.dsl.CompileSdkDelegate$parseAndSetCompileSdkVersion$3$1: loaded 2 times (x 81B)
Class com.android.build.api.extension.impl.AndroidComponentsExtensionImpl$registerConfigurations$1: loaded 2 times (x 77B)
Class org.jetbrains.kotlin.gradle.dsl.KotlinTargetContainerWithWasmPresetFunctions    : loaded 2 times (x 72B)
Class org.gradle.tooling.model.idea.IdeaDependency                                    : loaded 2 times (x 72B)
Class org.jetbrains.plugins.gradle.tooling.serialization.ExternalTestsSerializationService$ReadContext: loaded 2 times (x 74B)
Class Settings_gradle                                                                 : loaded 2 times (x 126B)
Class com.android.build.gradle.internal.SdkLocator$SdkLocationSource$TEST_SDK_DIRECTORY: loaded 2 times (x 82B)
Class org.gradle.internal.classloader.VisitableURLClassLoader                         : loaded 2 times (x 118B)
Class io.opentelemetry.context.propagation.TextMapSetter                              : loaded 2 times (x 72B)
Class io.opentelemetry.context.ContextKey                                             : loaded 2 times (x 72B)
Class io.opentelemetry.api.trace.ArrayBasedTraceState                                 : loaded 2 times (x 88B)
Class [Lcom.android.build.gradle.internal.SdkType;                                    : loaded 2 times (x 71B)
Class [Lcom.android.build.gradle.internal.SdkLocator$SdkLocationSource;               : loaded 2 times (x 71B)
Class com.google.gms.googleservices.GoogleServicesPlugin$apply$2$1$1                  : loaded 2 times (x 81B)
Class io.opentelemetry.api.trace.Tracer                                               : loaded 2 times (x 72B)
Class Settings_gradle$1$1                                                             : loaded 2 times (x 76B)
Class com.android.build.api.AndroidPluginVersion$WhenMappings                         : loaded 2 times (x 73B)
Class kotlin.collections.CollectionsKt___CollectionsJvmKt                             : loaded 2 times (x 73B)
Class org.gradle.internal.classloader.ClassLoaderSpec                                 : loaded 2 times (x 73B)
Class [Lio.opentelemetry.context.ThreadLocalContextStorage;                           : loaded 2 times (x 71B)
Class org.gradle.util.internal.DefaultGradleVersion                                   : loaded 2 times (x 84B)
Class kotlin.Result$Companion                                                         : loaded 2 times (x 73B)
Class org.jetbrains.plugins.gradle.model.GradleBuildScriptClasspathModel              : loaded 2 times (x 72B)
Class jdk.internal.jimage.decompressor.ZipDecompressorFactory                         : loaded 2 times (x 76B)
Class io.github.takahirom.roborazzi.AndroidRoborazziConfigurator$configureComponents$1: loaded 2 times (x 77B)
Class io.opentelemetry.api.trace.PropagatedSpan                                       : loaded 2 times (x 114B)
Class com.intellij.gradle.toolingExtension.impl.model.projectModel.GradleExternalProjectSerializationService: loaded 2 times (x 79B)
Class org.gradle.tooling.model.HierarchicalElement                                    : loaded 2 times (x 72B)
Class com.google.common.base.Joiner$1                                                 : loaded 2 times (x 82B)
Class org.jetbrains.kotlin.gradle.plugin.KotlinJsCompilerTypeHolder                   : loaded 2 times (x 72B)
Class org.gradle.internal.classpath.DefaultClassPath                                  : loaded 2 times (x 92B)
Class org.gradle.internal.classloader.VisitableURLClassLoader$Spec                    : loaded 2 times (x 76B)
Class io.opentelemetry.api.trace.SpanId                                               : loaded 2 times (x 73B)
Class org.jetbrains.kotlin.gradle.tasks.FailedCompilationException                    : loaded 2 times (x 84B)
Class org.jetbrains.kotlin.gradle.testing.KotlinTaskTestRun                           : loaded 2 times (x 99B)
Class org.gradle.internal.classloader.VisitableURLClassLoader$InstrumentingVisitableURLClassLoader: loaded 2 times (x 124B)
Class org.jetbrains.plugins.gradle.tooling.util.IntObjectMap$1                        : loaded 2 times (x 79B)
Class com.intellij.gradle.toolingExtension.impl.model.taskModel.GradleTaskSerialisationService: loaded 2 times (x 78B)
Class io.opentelemetry.context.ArrayBasedContext                                      : loaded 2 times (x 102B)
Class kotlin.collections.AbstractCollection                                           : loaded 2 times (x 119B)
Class kotlin.collections.AbstractList                                                 : loaded 2 times (x 199B)
Class org.gradle.tooling.model.Element                                                : loaded 2 times (x 72B)
Class org.gradle.tooling.internal.adapter.ProtocolToModelAdapter$NoOpDecoration       : loaded 2 times (x 81B)
Class org.gradle.tooling.internal.adapter.TypeInspector                               : loaded 2 times (x 75B)
Class org.jetbrains.plugins.gradle.model.GradleSourceSetDependencyModel               : loaded 2 times (x 72B)
Class io.opentelemetry.context.propagation.TextMapPropagator                          : loaded 2 times (x 72B)
Class jdk.internal.jimage.ImageReader$Directory                                       : loaded 2 times (x 86B)
Class io.github.takahirom.roborazzi.RoborazziExtension                                : loaded 2 times (x 74B)
Class org.gradle.internal.time.Clock                                                  : loaded 2 times (x 72B)
Class com.intellij.gradle.toolingExtension.impl.model.utilDummyModel.DummyModel       : loaded 2 times (x 72B)
Class io.opentelemetry.api.DefaultOpenTelemetry                                       : loaded 2 times (x 91B)
Class io.opentelemetry.api.trace.SpanBuilder                                          : loaded 2 times (x 72B)
Class org.jetbrains.plugins.gradle.model.FileCollectionDependency                     : loaded 2 times (x 72B)
Class jdk.internal.jimage.decompressor.ResourceDecompressorRepository                 : loaded 2 times (x 73B)
Class org.jetbrains.kotlin.compilerRunner.GradleCompilerRunner$Companion              : loaded 2 times (x 73B)
Class io.opentelemetry.api.trace.TraceFlags                                           : loaded 2 times (x 72B)
Class org.jetbrains.plugins.gradle.tooling.serialization.ExternalTestsSerializationService: loaded 2 times (x 79B)
Class org.gradle.internal.time.Time                                                   : loaded 2 times (x 73B)
Class com.google.common.base.Joiner$2                                                 : loaded 2 times (x 81B)
Class org.jetbrains.kotlin.compose.compiler.gradle.ComposeCompilerGradlePluginExtension: loaded 2 times (x 78B)
Class com.android.build.api.extension.impl.OperationsRegistrar$Operation              : loaded 2 times (x 74B)
Class com.intellij.gradle.toolingExtension.impl.model.buildScriptClasspathModel.GradleBuildScriptClasspathSerializationService: loaded 2 times (x 79B)
Class com.google.devtools.ksp.gradle.KspConfigurations$Companion                      : loaded 2 times (x 73B)
Class com.google.android.libraries.mapsplatform.secrets_gradle_plugin.SecretsPluginExtension: loaded 2 times (x 74B)
Class com.google.android.libraries.mapsplatform.secrets_gradle_plugin.ExtensionsKt    : loaded 2 times (x 73B)
Class io.opentelemetry.context.ThreadLocalContextStorage$ScopeImpl                    : loaded 2 times (x 81B)
Class jdk.internal.jimage.ImageReader$SharedImageReader$LocationVisitor               : loaded 2 times (x 72B)
Class [Lcom.android.build.api.variant.AndroidComponentsExtension;                     : loaded 2 times (x 71B)
Class org.gradle.api.specs.Spec                                                       : loaded 2 times (x 72B)
Class kotlin.jvm.internal.DefaultConstructorMarker                                    : loaded 2 times (x 73B)
Class org.gradle.internal.time.TimeSource$1                                           : loaded 2 times (x 79B)
Class io.opentelemetry.context.propagation.TextMapGetter                              : loaded 2 times (x 72B)
Class sync_studio_tooling2_4hh384y1jt3fqf3moiyw347yj                                  : loaded 2 times (x 173B)
Class com.android.builder.model.SyncIssue                                             : loaded 2 times (x 72B)
Class com.google.android.gms.dependencies.DependencyAnalyzer                          : loaded 2 times (x 77B)
Class com.intellij.gradle.toolingExtension.impl.model.sourceSetModel.GradleSourceSetSerialisationService: loaded 2 times (x 79B)
Class com.android.build.gradle.internal.GradleLocalPropertiesFactory                  : loaded 2 times (x 73B)
Class org.gradle.internal.classloader.ClasspathUtil                                   : loaded 2 times (x 73B)
Class org.gradle.tooling.model.ProjectIdentifier                                      : loaded 2 times (x 72B)
Class jdk.internal.jrtfs.JrtPath                                                      : loaded 2 times (x 124B)
Class jdk.internal.jimage.ImageBufferCache                                            : loaded 2 times (x 73B)
Class org.gradle.internal.exceptions.ResolutionProvider                               : loaded 2 times (x 72B)
Class sync_studio_tooling7_7p09gpzrtrc6k7nc98o7ojqk8$_run_closure1                    : loaded 2 times (x 140B)
Class org.jetbrains.plugins.gradle.tooling.serialization.AnnotationProcessingModelSerializationService: loaded 2 times (x 79B)
Class org.jetbrains.plugins.gradle.tooling.serialization.internal.adapter.Supplier    : loaded 2 times (x 72B)
Class kotlin.enums.EnumEntries                                                        : loaded 2 times (x 72B)
Class org.gradle.tooling.internal.gradle.GradleBuildIdentity                          : loaded 2 times (x 72B)
Class org.jetbrains.plugins.gradle.tooling.serialization.SerializationService         : loaded 2 times (x 72B)
Class com.android.build.gradle.internal.tasks.BuildAnalyzer                           : loaded 2 times (x 72B)
Class org.gradle.tooling.model.kotlin.dsl.KotlinDslScriptsModel                       : loaded 2 times (x 72B)
Class org.gradle.internal.time.TimeSource                                             : loaded 2 times (x 72B)
Class gnu.trove.TObjectIntProcedure                                                   : loaded 2 times (x 72B)
Class org.jetbrains.plugins.gradle.tooling.serialization.internal.IdeaProjectSerializationService$WriteContext$8: loaded 2 times (x 85B)
Class com.android.build.gradle.internal.SdkLocation                                   : loaded 2 times (x 74B)
Class com.google.devtools.ksp.gradle.KspConfigurations$configurationNameOf$1          : loaded 2 times (x 80B)
Class org.jetbrains.plugins.gradle.tooling.serialization.internal.IdeaProjectSerializationService$WriteContext$7: loaded 2 times (x 85B)
Class org.jetbrains.plugins.gradle.model.RepositoryModels                             : loaded 2 times (x 72B)
Class com.google.devtools.ksp.gradle.KspExtension                                     : loaded 2 times (x 87B)
Class [Lcom.android.buildanalyzer.common.TaskCategory;                                : loaded 2 times (x 71B)
Class com.google.common.collect.AbstractMapBasedMultimap$KeySet                       : loaded 2 times (x 139B)
Class org.gradle.internal.service.CachingServiceLocator                               : loaded 2 times (x 84B)
Class org.jetbrains.plugins.gradle.tooling.util.IntObjectMap                          : loaded 2 times (x 75B)
Class org.jetbrains.plugins.gradle.tooling.serialization.internal.IdeaProjectSerializationService$WriteContext$6: loaded 2 times (x 85B)
Class org.gradle.internal.classloader.ClassLoaderFactory                              : loaded 2 times (x 72B)
Class com.intellij.gradle.toolingExtension.impl.model.sourceSetDependencyModel.GradleSourceSetDependencySerialisationService$SourceSetDependencyModelWriteContext: loaded 2 times (x 74B)
Class org.jetbrains.plugins.gradle.tooling.serialization.internal.IdeaProjectSerializationService$WriteContext$5: loaded 2 times (x 85B)
Class io.opentelemetry.context.ContextStorage                                         : loaded 2 times (x 72B)
Class com.intellij.gradle.toolingExtension.util.GradleVersionSpecificsUtil            : loaded 2 times (x 73B)
Class jdk.internal.jrtfs.JrtFileAttributes                                            : loaded 2 times (x 85B)
Class com.android.build.api.AndroidPluginVersion$Companion                            : loaded 2 times (x 73B)
Class org.jetbrains.kotlin.gradle.targets.jvm.KotlinJvmTestRun                        : loaded 2 times (x 109B)
Class org.gradle.internal.service.ServiceLookupException                              : loaded 2 times (x 84B)
Class org.jetbrains.plugins.gradle.model.DependencyAccessorsModel                     : loaded 2 times (x 72B)
Class [Lcom.intellij.openapi.externalSystem.model.project.dependencies.ResolutionState;: loaded 2 times (x 71B)
Class gnu.trove.TObjectIntHashMap                                                     : loaded 2 times (x 111B)
Class org.gradle.api.internal.classpath.GlobalCacheRootsProvider                      : loaded 2 times (x 72B)
Class org.gradle.internal.time.MonotonicClock                                         : loaded 2 times (x 79B)
Class com.intellij.gradle.toolingExtension.impl.model.sourceSetDependencyModel.GradleSourceSetDependencySerialisationService$Companion: loaded 2 times (x 73B)
Class org.jetbrains.kotlin.gradle.targets.native.KotlinNativeBinaryTestRun            : loaded 2 times (x 72B)
Class org.jetbrains.kotlin.gradle.plugin.KotlinTestRun                                : loaded 2 times (x 72B)
Class com.google.devtools.ksp.gradle.model.builder.KspModelBuilder                    : loaded 2 times (x 77B)
Class org.jetbrains.plugins.gradle.tooling.serialization.internal.IdeaProjectSerializationService$WriteContext$4: loaded 2 times (x 85B)
Class com.intellij.gradle.toolingExtension.impl.telemetry.GradleOpenTelemetry         : loaded 2 times (x 74B)
Class jdk.internal.jimage.ImageReader$Resource                                        : loaded 2 times (x 86B)
Class jdk.internal.jimage.decompressor.Decompressor                                   : loaded 2 times (x 74B)
Class com.android.build.gradle.internal.SdkLocator$SdkLocationSource$LOCAL_ANDROID_DIR: loaded 2 times (x 82B)
Class [Lcom.android.builder.errors.IssueReporter$Severity;                            : loaded 2 times (x 71B)
Class org.jetbrains.kotlin.gradle.dsl.KotlinProjectExtensionKt                        : loaded 2 times (x 73B)
Class com.google.gms.googleservices.GoogleServicesPlugin$apply$1$1$1                  : loaded 2 times (x 127B)
Class gnu.trove.TObjectHash$NULL                                                      : loaded 2 times (x 73B)
Class org.jetbrains.plugins.gradle.tooling.serialization.internal.IdeaProjectSerializationService$WriteContext$3: loaded 2 times (x 85B)
Class org.jetbrains.plugins.gradle.tooling.serialization.AnnotationProcessingModelSerializationService$ReadContext: loaded 2 times (x 74B)
Class [Lio.opentelemetry.context.Scope;                                               : loaded 2 times (x 71B)
Class org.jetbrains.kotlin.gradle.plugin.KotlinExecution                              : loaded 2 times (x 72B)
Class org.jetbrains.plugins.gradle.tooling.serialization.internal.IdeaProjectSerializationService$WriteContext$2: loaded 2 times (x 85B)
Class com.android.builder.errors.IssueReporter$Severity                               : loaded 2 times (x 81B)
Class kotlin.collections.CollectionsKt__IteratorsKt                                   : loaded 2 times (x 73B)
Class org.jetbrains.plugins.gradle.model.ExternalProject                              : loaded 2 times (x 72B)
Class org.jetbrains.plugins.gradle.tooling.serialization.internal.IdeaProjectSerializationService$WriteContext$1: loaded 2 times (x 85B)
Class org.jetbrains.kotlin.idea.gradleTooling.KotlinMPPGradleModel                    : loaded 2 times (x 72B)
Class io.opentelemetry.context.propagation.ContextPropagators                         : loaded 2 times (x 72B)
Class com.intellij.gradle.toolingExtension.impl.model.dependencyDownloadPolicyModel.GradleDependencyDownloadPolicy: loaded 2 times (x 72B)
Class org.gradle.tooling.model.BuildIdentifier                                        : loaded 2 times (x 72B)
Class kotlin.NoWhenBranchMatchedException                                             : loaded 2 times (x 84B)
Class com.google.devtools.ksp.gradle.utils.AgpUtilsKt                                 : loaded 2 times (x 73B)
Class jdk.internal.jimage.BasicImageReader$1                                          : loaded 2 times (x 79B)
Class com.android.build.gradle.internal.errors.SyncIssueKey                           : loaded 2 times (x 74B)
Class org.jetbrains.kotlin.gradle.plugin.internal.state.TaskExecutionResults          : loaded 2 times (x 73B)
Class org.gradle.api.internal.classpath.DefaultModuleRegistry                         : loaded 2 times (x 88B)
Class kotlin.collections.CollectionsKt__CollectionsJVMKt                              : loaded 2 times (x 73B)
Class com.intellij.gradle.toolingExtension.impl.model.sourceSetArtifactIndex.GradleSourceSetArtifactBuildRequest: loaded 2 times (x 72B)
Class jdk.internal.jimage.ImageReader$Node                                            : loaded 2 times (x 86B)
Class org.jetbrains.kotlin.gradle.dsl.KotlinMultiplatformSourceSetConventions         : loaded 2 times (x 72B)
Class com.intellij.gradle.toolingExtension.impl.model.warmUp.GradleTaskWarmUpRequest  : loaded 2 times (x 72B)
Class org.jetbrains.plugins.gradle.model.ExternalSourceSet                            : loaded 2 times (x 72B)
Class com.android.build.gradle.internal.plugins.BasePlugin$findHighestSdkInstalled$folder$1: loaded 2 times (x 81B)
Class com.google.devtools.ksp.gradle.KspExtension_Decorated                           : loaded 2 times (x 138B)
Class io.github.takahirom.roborazzi.GenerateComposePreviewRobolectricTestsExtension   : loaded 2 times (x 74B)
Class org.gradle.tooling.internal.adapter.ObjectGraphAdapter                          : loaded 2 times (x 72B)
Class sync_studio_tooling1_735wvgfwukgl2oh2n1toj5s2d                                  : loaded 2 times (x 173B)
Class com.intellij.gradle.toolingExtension.impl.model.dependencyModel.DependencyReadContext: loaded 2 times (x 74B)
Class com.intellij.gradle.toolingExtension.impl.model.sourceSetDependencyModel.GradleSourceSetDependencySerialisationService$SourceSetDependencyModelReadContext: loaded 2 times (x 74B)
Class org.jetbrains.plugins.gradle.model.VersionCatalogsModel                         : loaded 2 times (x 72B)
Class jdk.internal.jimage.decompressor.ResourceDecompressorFactory                    : loaded 2 times (x 76B)
Class org.gradle.internal.installation.GradleInstallation$1                           : loaded 2 times (x 77B)
Class org.gradle.api.internal.classpath.ModuleRegistry                                : loaded 2 times (x 72B)
Class com.intellij.util.containers.IntObjectHashMap                                   : loaded 2 times (x 74B)
Class org.jetbrains.plugins.gradle.model.ExternalDependency                           : loaded 2 times (x 72B)
Class jdk.internal.jimage.ImageReader$SharedImageReader                               : loaded 2 times (x 97B)
Class org.jetbrains.kotlin.compilerRunner.GradleCompilerRunner                        : loaded 2 times (x 75B)
Class org.jetbrains.kotlin.idea.gradleTooling.PrepareKotlinIdeImportTaskModel         : loaded 2 times (x 72B)
Class com.google.devtools.ksp.gradle.KspGradleSubplugin$apply$2$1                     : loaded 2 times (x 81B)
Class org.jetbrains.kotlin.gradle.plugin.ExecutionTaskHolder                          : loaded 2 times (x 72B)
Class io.github.takahirom.roborazzi.RoborazziExtension_Decorated                      : loaded 2 times (x 119B)
Class com.google.gms.googleservices.GoogleServicesPlugin$apply$4                      : loaded 2 times (x 81B)
Class org.gradle.tooling.internal.adapter.ProtocolToModelAdapter$MethodInvocationCache: loaded 2 times (x 75B)
Class org.jetbrains.plugins.gradle.model.IntelliJProjectSettings                      : loaded 2 times (x 72B)
Class io.opentelemetry.context.Context                                                : loaded 2 times (x 72B)
Class jdk.internal.jimage.ImageReader                                                 : loaded 2 times (x 77B)
Class com.android.build.api.AndroidPluginVersion$Companion$comparator$5               : loaded 2 times (x 76B)
Class com.google.gms.googleservices.GoogleServicesPlugin$apply$3                      : loaded 2 times (x 81B)
Class kotlin.UninitializedPropertyAccessException                                     : loaded 2 times (x 84B)
Class com.android.build.api.AndroidPluginVersion$Companion$comparator$4               : loaded 2 times (x 76B)
Class com.android.ide.common.repository.AgpVersion$PreviewKind$WhenMappings           : loaded 2 times (x 73B)
Class io.github.takahirom.roborazzi.AndroidGeneratePreviewTestsConfiguratorKt         : loaded 2 times (x 73B)
Class [Lcom.android.build.api.variant.AndroidComponents;                              : loaded 2 times (x 71B)
Class com.google.gms.googleservices.GoogleServicesPlugin$apply$2                      : loaded 2 times (x 81B)
Class org.gradle.tooling.model.Model                                                  : loaded 2 times (x 72B)
Class io.opentelemetry.context.ThreadLocalContextStorage                              : loaded 2 times (x 87B)
Class jdk.internal.jimage.ImageStringsReader                                          : loaded 2 times (x 82B)
Class com.android.sdklib.AndroidTargetHash                                            : loaded 2 times (x 73B)
Class com.android.build.api.AndroidPluginVersion$Companion$comparator$3               : loaded 2 times (x 76B)
Class org.jetbrains.kotlin.gradle.dsl.KotlinTargetContainerWithPresetFunctions        : loaded 2 times (x 72B)
Class io.github.takahirom.roborazzi.GenerateComposePreviewRobolectricTestsExtension$Companion: loaded 2 times (x 73B)
Class com.google.gms.googleservices.GoogleServicesPlugin$apply$1                      : loaded 2 times (x 81B)
Class org.jetbrains.plugins.gradle.tooling.serialization.ExternalTestsSerializationService$WriteContext: loaded 2 times (x 74B)
Class com.intellij.platform.diagnostic.telemetry.rt.context.TelemetryContext          : loaded 2 times (x 135B)
Class [Lio.opentelemetry.context.ContextStorage;                                      : loaded 2 times (x 71B)
Class [Lio.opentelemetry.api.trace.TraceFlags;                                        : loaded 2 times (x 71B)
Class org.jetbrains.kotlin.idea.gradleTooling.KotlinGradleModel                       : loaded 2 times (x 72B)
Class com.android.build.gradle.internal.SdkType                                       : loaded 2 times (x 81B)
Class com.google.devtools.ksp.gradle.KspConfigurations$createAndroidSourceSetConfigurations$1: loaded 2 times (x 81B)
Class com.android.build.api.AndroidPluginVersion$Companion$comparator$2               : loaded 2 times (x 76B)
Class org.jetbrains.kotlin.gradle.plugin.AbstractKotlinPluginWrapper                  : loaded 2 times (x 88B)
Class org.jetbrains.plugins.gradle.tooling.serialization.KotlinDslScriptsModelSerializationService: loaded 2 times (x 83B)
Class com.android.build.gradle.internal.dsl.CompileSdkDelegate$parseAndSetCompileSdkVersion$3$1$1: loaded 2 times (x 81B)
Class com.android.build.api.AndroidPluginVersion$Companion$comparator$1               : loaded 2 times (x 76B)
Class org.gradle.internal.classpath.ClassPath                                         : loaded 2 times (x 72B)
Class io.opentelemetry.api.trace.ImmutableTraceFlags                                  : loaded 2 times (x 79B)
Class Settings_gradle$1                                                               : loaded 2 times (x 76B)
Class com.android.build.gradle.internal.SdkLocator$ValidationResult                   : loaded 2 times (x 74B)
Class [Lcom.android.build.api.variant.DslLifecycle;                                   : loaded 2 times (x 71B)
Class com.intellij.gradle.toolingExtension.impl.model.projectModel.GradleExternalProjectSerializationService$WriteContext: loaded 2 times (x 75B)
Class jdk.internal.jimage.decompressor.ResourceDecompressor                           : loaded 2 times (x 72B)
Class com.android.build.gradle.internal.SdkLocator$SdkLocationSource                  : loaded 2 times (x 82B)
Class org.gradle.internal.time.Timer                                                  : loaded 2 times (x 72B)
Class kotlin.jvm.internal.markers.KMappedMarker                                       : loaded 2 times (x 72B)
Class org.gradle.internal.installation.CurrentGradleInstallationLocator               : loaded 2 times (x 73B)
Class com.google.common.collect.Maps$KeySet                                           : loaded 2 times (x 139B)
Class com.android.build.api.extension.impl.AndroidComponentsExtensionImpl$getOperationCallback$callback$1: loaded 2 times (x 81B)
Class com.android.build.gradle.internal.SdkLocator$SdkLocationSource$getSdkLocation$1$1: loaded 2 times (x 81B)
Class org.jetbrains.kotlin.gradle.plugin.internal.state.TaskLoggers                   : loaded 2 times (x 73B)
Class com.google.devtools.ksp.gradle.AndroidPluginIntegration                         : loaded 2 times (x 73B)
Class com.google.devtools.ksp.gradle.AndroidPluginIntegration$decorateAndroidExtension$1: loaded 2 times (x 81B)
Class io.github.takahirom.roborazzi.RoborazziCompareExtension_Decorated               : loaded 2 times (x 118B)
Class com.google.android.gms.dependencies.ArtifactDependencyManager                   : loaded 2 times (x 74B)
Class org.gradle.internal.classpath.DefaultClassPath$ImmutableUniqueList              : loaded 2 times (x 201B)
Class org.gradle.api.internal.ClassPathRegistry                                       : loaded 2 times (x 72B)
Class org.jetbrains.plugins.gradle.tooling.serialization.RepositoriesModelSerializationService$ReadContext: loaded 2 times (x 74B)
Class io.opentelemetry.api.internal.AutoValue_ImmutableSpanContext                    : loaded 2 times (x 94B)
Class com.android.build.gradle.internal.SdkLocator                                    : loaded 2 times (x 73B)
Class org.gradle.api.internal.DefaultClassPathRegistry                                : loaded 2 times (x 78B)
Class org.gradle.tooling.internal.gradle.GradleProjectIdentity                        : loaded 2 times (x 72B)
Class org.jetbrains.plugins.gradle.tooling.serialization.RepositoriesModelSerializationService: loaded 2 times (x 84B)
Class org.jetbrains.kotlin.gradle.plugin.SubpluginOption                              : loaded 2 times (x 74B)
Class org.jetbrains.kotlin.gradle.dsl.KotlinMultiplatformExtension                    : loaded 2 times (x 605B)
Class ijInit2_82ws0dxlo1em3ph6qhr1ya4ap                                               : loaded 2 times (x 173B)
Class com.android.build.gradle.internal.SdkLocator$PropertyLocation                   : loaded 2 times (x 81B)
Class org.jetbrains.plugins.gradle.tooling.serialization.ProjectDependenciesSerializationService$ReadContext: loaded 2 times (x 74B)
Class com.intellij.openapi.externalSystem.model.project.dependencies.ProjectDependencies: loaded 2 times (x 72B)
Class io.opentelemetry.api.trace.TraceStateBuilder                                    : loaded 2 times (x 72B)
Class jdk.internal.jimage.ImageHeader                                                 : loaded 2 times (x 73B)
Class com.android.build.api.extension.impl.AndroidComponentsExtensionImpl$sam$java_util_function_Function$0: loaded 2 times (x 81B)
Class org.jetbrains.kotlin.gradle.plugin.KotlinTargetsContainer                       : loaded 2 times (x 72B)
Class org.gradle.tooling.model.idea.IdeaProject                                       : loaded 2 times (x 72B)
Class org.gradle.tooling.model.DomainObjectSet                                        : loaded 2 times (x 72B)
Class org.gradle.internal.service.DefaultServiceLocator                               : loaded 2 times (x 85B)
Class org.jetbrains.kotlin.util.capitalizeDecapitalize.CapitalizeDecapitalizeKt       : loaded 2 times (x 73B)
Class [Lcom.google.gms.googleservices.GoogleServicesPlugin$MissingGoogleServicesStrategy;: loaded 2 times (x 71B)
Class org.gradle.api.internal.classpath.UnknownModuleException                        : loaded 2 times (x 84B)
Class com.intellij.openapi.externalSystem.model.project.IExternalSystemSourceType     : loaded 2 times (x 72B)
Class org.gradle.api.internal.classpath.Module                                        : loaded 2 times (x 72B)
Class org.gradle.tooling.internal.gradle.DefaultBuildIdentifier                       : loaded 2 times (x 81B)
Class org.jetbrains.plugins.gradle.tooling.util.ObjectCollector                       : loaded 2 times (x 74B)
Class org.jetbrains.plugins.gradle.model.GradleTaskModel                              : loaded 2 times (x 72B)
Class org.gradle.internal.time.DefaultCountdownTimer                                  : loaded 2 times (x 90B)
Class kotlin.Result$Failure                                                           : loaded 2 times (x 74B)
Class io.opentelemetry.api.GlobalOpenTelemetry$ObfuscatedOpenTelemetry                : loaded 2 times (x 94B)
Class io.opentelemetry.api.internal.IncubatingUtil                                    : loaded 2 times (x 73B)
Class org.jetbrains.plugins.gradle.model.ExternalTask                                 : loaded 2 times (x 72B)
Class com.android.build.api.extension.impl.AndroidComponentsExtensionImpl$addKspConfigurations$1: loaded 2 times (x 80B)
Class org.jetbrains.kotlin.gradle.plugin.KotlinTargetTestRun                          : loaded 2 times (x 72B)
Class com.google.common.collect.ObjectArrays                                          : loaded 2 times (x 73B)
Class io.opentelemetry.context.DefaultContextKey                                      : loaded 2 times (x 74B)
Class org.jetbrains.kotlin.gradle.plugin.KotlinTargetExecution                        : loaded 2 times (x 72B)
Class org.gradle.api.internal.classpath.DefaultModuleRegistry$DefaultModule           : loaded 2 times (x 88B)
Class io.opentelemetry.context.ImplicitContextKeyed                                   : loaded 2 times (x 72B)
Class jdk.internal.jimage.ImageBufferCache$2                                          : loaded 2 times (x 93B)
Class org.gradle.internal.classloader.ClasspathUtil$1                                 : loaded 2 times (x 78B)
Class org.gradle.internal.time.DefaultTimer                                           : loaded 2 times (x 82B)
Class jdk.internal.jrtfs.JrtDirectoryStream                                           : loaded 2 times (x 91B)
Class io.opentelemetry.api.trace.SpanContextKey                                       : loaded 2 times (x 73B)
Class org.gradle.util.GradleVersion                                                   : loaded 2 times (x 83B)
Class org.gradle.internal.installation.CurrentGradleInstallation                      : loaded 2 times (x 75B)
Class org.jetbrains.kotlin.gradle.plugin.KotlinTargetConfiguratorKt                   : loaded 2 times (x 73B)
Class io.opentelemetry.context.ThreadLocalContextStorage$NoopScope                    : loaded 2 times (x 87B)
Class [Lio.opentelemetry.context.ThreadLocalContextStorage$NoopScope;                 : loaded 2 times (x 71B)
Class jdk.internal.jimage.ImageBufferCache$1                                          : loaded 2 times (x 84B)
Class com.google.common.collect.AbstractMapBasedMultimap$KeySet$1                     : loaded 2 times (x 84B)
Class org.gradle.tooling.internal.adapter.ProtocolToModelAdapter                      : loaded 2 times (x 82B)
Class sync_studio_tooling1_735wvgfwukgl2oh2n1toj5s2d$_run_closure1                    : loaded 2 times (x 140B)
Class com.intellij.gradle.toolingExtension.impl.model.buildScriptClasspathModel.GradleBuildScriptClasspathSerializationService$WriteContext: loaded 2 times (x 74B)
Class gnu.trove.THash                                                                 : loaded 2 times (x 83B)
Class com.android.build.gradle.internal.plugins.BasePlugin$findHighestSdkInstalled$1  : loaded 2 times (x 80B)
Class io.opentelemetry.api.trace.DefaultTracerProvider                                : loaded 2 times (x 81B)
Class jdk.internal.jrtfs.JrtDirectoryStream$1                                         : loaded 2 times (x 85B)
Class jdk.internal.jimage.ImageLocation                                               : loaded 2 times (x 92B)
Class org.jetbrains.kotlin.compose.compiler.gradle.ComposeCompilerGradlePluginExtension_Decorated: loaded 2 times (x 133B)
Class com.google.android.libraries.mapsplatform.secrets_gradle_plugin.SecretsPlugin$apply$1$1: loaded 2 times (x 81B)
Class org.gradle.tooling.internal.adapter.CollectionMapper                            : loaded 2 times (x 75B)
Class org.jetbrains.plugins.gradle.tooling.serialization.ProjectDependenciesSerializationService: loaded 2 times (x 79B)
Class org.jetbrains.plugins.gradle.tooling.serialization.ProjectDependenciesSerializationService$WriteContext: loaded 2 times (x 74B)
Class com.intellij.compose.ide.plugin.gradleTooling.rt.ComposeResourcesModel          : loaded 2 times (x 72B)
Class [Lcom.android.build.api.AndroidPluginVersion$PreviewType;                       : loaded 2 times (x 71B)
Class org.jetbrains.plugins.gradle.tooling.serialization.AnnotationProcessingModelSerializationService$WriteContext: loaded 2 times (x 74B)
Class io.opentelemetry.api.trace.DefaultTracer$NoopSpanBuilder                        : loaded 2 times (x 93B)
Class org.jetbrains.plugins.gradle.javaModel.JavaGradleManifestModel                  : loaded 2 times (x 72B)
Class org.jetbrains.plugins.gradle.tooling.serialization.GradleExtensionsSerializationService$WriteContext: loaded 2 times (x 74B)
Class com.intellij.gradle.toolingExtension.impl.model.taskModel.GradleTaskSerialisationService$Companion: loaded 2 times (x 73B)
Class org.gradle.util.internal.GUtil                                                  : loaded 2 times (x 73B)
Class io.opentelemetry.api.trace.SpanContext                                          : loaded 2 times (x 72B)
Class com.google.devtools.ksp.gradle.KspGradleSubplugin$apply$2                       : loaded 2 times (x 81B)
Class kotlin.collections.CollectionsKt__MutableCollectionsKt                          : loaded 2 times (x 73B)
Class org.jetbrains.kotlin.compose.compiler.gradle.model.builder.ComposeCompilerModelBuilder: loaded 2 times (x 77B)
Class com.google.devtools.ksp.gradle.KspConfigurations                                : loaded 2 times (x 74B)
Class com.google.devtools.ksp.gradle.KspGradleSubplugin$apply$1                       : loaded 2 times (x 80B)
Class com.google.android.libraries.mapsplatform.secrets_gradle_plugin.SecretsPluginExtension_Decorated: loaded 2 times (x 119B)
Class com.google.common.collect.ImmutableList$Builder                                 : loaded 2 times (x 79B)
Class com.google.common.collect.Sets$ImprovedAbstractSet                              : loaded 2 times (x 137B)
Class org.gradle.tooling.model.UnsupportedMethodException                             : loaded 2 times (x 84B)
Class com.intellij.gradle.toolingExtension.util.GradleVersionUtil                     : loaded 2 times (x 73B)
Class jdk.internal.jrtfs.JrtFileSystemProvider                                        : loaded 2 times (x 103B)
Class com.google.android.gms.dependencies.DependencyInspector                         : loaded 2 times (x 80B)
Class org.gradle.internal.service.ServiceLocator                                      : loaded 2 times (x 72B)
Class kotlin.Result                                                                   : loaded 2 times (x 74B)
Class org.jetbrains.plugins.gradle.model.IntelliJSettings                             : loaded 2 times (x 72B)
Class io.opentelemetry.context.propagation.DefaultContextPropagators                  : loaded 2 times (x 77B)
Class io.opentelemetry.context.ContextStorageWrappers                                 : loaded 2 times (x 73B)
Class org.jetbrains.kotlin.idea.gradleTooling.KotlinSourceSetContainer                : loaded 2 times (x 72B)
Class kotlin.collections.CollectionsKt__IteratorsJVMKt                                : loaded 2 times (x 73B)
Class jdk.internal.jrtfs.SystemImage$2                                                : loaded 2 times (x 78B)
Class com.android.build.api.extension.impl.CurrentAndroidGradlePluginVersion          : loaded 2 times (x 73B)
Class org.jetbrains.kotlin.gradle.plugin.ClasspathTestRunSourceSupport                : loaded 2 times (x 72B)
Class com.google.common.base.Joiner                                                   : loaded 2 times (x 81B)
Class io.opentelemetry.api.trace.TraceId                                              : loaded 2 times (x 73B)
Class com.intellij.gradle.toolingExtension.impl.model.utilTurnOffDefaultTasksModel.TurnOffDefaultTasks: loaded 2 times (x 72B)
Class com.intellij.gradle.toolingExtension.impl.model.sourceSetModel.GradleSourceSetSerialisationService$SourceSetModelReadContext: loaded 2 times (x 74B)
Class kotlin.collections.CollectionsKt                                                : loaded 2 times (x 73B)
Class io.github.takahirom.roborazzi.AndroidRoborazziConfigurator                      : loaded 2 times (x 73B)
Class kotlin.enums.EnumEntriesList                                                    : loaded 2 times (x 225B)
Class jdk.internal.jrtfs.SystemImage$1                                                : loaded 2 times (x 80B)
Class com.android.build.gradle.internal.SdkLocator$SdkLocationSource$LOCAL_SDK_DIR    : loaded 2 times (x 82B)
Class org.jetbrains.kotlin.gradle.plugin.CompilationExecutionSourceSupport            : loaded 2 times (x 72B)
Class io.github.takahirom.roborazzi.RoborazziPlugin_Decorated                         : loaded 2 times (x 132B)
Class com.android.buildanalyzer.common.TaskCategory                                   : loaded 2 times (x 81B)
Class org.gradle.internal.classloader.InstrumentingClassLoader                        : loaded 2 times (x 72B)
Class org.gradle.internal.classpath.TransformedClassPath                              : loaded 2 times (x 98B)
Class jdk.internal.jimage.ImageReader$LinkNode                                        : loaded 2 times (x 86B)
Class com.android.build.gradle.internal.SdkLocator$SdkLocationSource$INJECTED_SDK_HOME: loaded 2 times (x 82B)
Class kotlin.collections.CollectionsKt__CollectionsKt                                 : loaded 2 times (x 73B)
Class com.intellij.openapi.externalSystem.model.project.dependencies.ResolutionState  : loaded 2 times (x 81B)
Class org.gradle.tooling.model.Dependency                                             : loaded 2 times (x 72B)
Class org.jetbrains.plugins.gradle.tooling.serialization.GradleExtensionsSerializationService: loaded 2 times (x 79B)
Class com.intellij.platform.diagnostic.telemetry.rt.context.TelemetryContextGetter    : loaded 2 times (x 77B)
Class com.android.build.api.extension.impl.VariantSelectorImpl_Decorated              : loaded 2 times (x 148B)
Class org.jetbrains.plugins.gradle.model.ClasspathEntryModel                          : loaded 2 times (x 72B)
Class org.jetbrains.kotlin.idea.gradleTooling.KotlinDslScriptAdditionalTask           : loaded 2 times (x 72B)
Class org.jetbrains.kotlin.compose.compiler.gradle.ComposeCompilerGradlePluginExtension$featureFlags$2: loaded 2 times (x 78B)
Class io.github.takahirom.roborazzi.GenerateComposePreviewRobolectricTestsExtension_Decorated: loaded 2 times (x 124B)
Class org.jetbrains.kotlin.gradle.plugin.KotlinPluginWrapper                          : loaded 2 times (x 88B)
Class com.google.gms.googleservices.GoogleServicesPlugin$apply$1$1                    : loaded 2 times (x 81B)
Class io.opentelemetry.api.internal.ImmutableSpanContext                              : loaded 2 times (x 93B)
Class com.intellij.gradle.toolingExtension.impl.model.sourceSetModel.GradleSourceSetSerialisationService$SourceSetModelWriteContext: loaded 2 times (x 74B)
Class org.gradle.tooling.internal.adapter.ProtocolToModelAdapter$1                    : loaded 2 times (x 77B)
Class org.gradle.tooling.internal.adapter.ProtocolToModelAdapter$ViewDecoration       : loaded 2 times (x 72B)
Class org.gradle.internal.installation.GradleInstallation                             : loaded 2 times (x 77B)
Class com.google.common.collect.Iterables                                             : loaded 2 times (x 73B)
Class org.gradle.internal.service.UnknownServiceException                             : loaded 2 times (x 85B)
Class jdk.internal.jrtfs.SystemImage                                                  : loaded 2 times (x 76B)
Class org.jetbrains.kotlin.compose.compiler.gradle.ComposeCompilerGradlePluginExtension$featureFlags$1: loaded 2 times (x 78B)
Class com.android.build.api.variant.AndroidComponentsExtension$DefaultImpls           : loaded 2 times (x 73B)
Class org.gradle.api.internal.ClassPathProvider                                       : loaded 2 times (x 72B)
Class [Lorg.gradle.api.internal.ClassPathProvider;                                    : loaded 2 times (x 71B)
Class com.github.takahirom.roborazzi.CaptureResults                                   : loaded 2 times (x 74B)
Class org.gradle.api.internal.DefaultClassPathProvider                                : loaded 2 times (x 78B)
Class com.intellij.gradle.toolingExtension.impl.model.buildScriptClasspathModel.GradleBuildScriptClasspathSerializationService$ReadContext: loaded 2 times (x 74B)
Class org.jetbrains.kotlin.buildtools.api.jvm.ClassSnapshotGranularity                : loaded 2 times (x 81B)
Class org.gradle.tooling.internal.gradle.DefaultProjectIdentifier                     : loaded 2 times (x 88B)
Class org.gradle.api.internal.classpath.EffectiveClassPath                            : loaded 2 times (x 92B)
Class org.jetbrains.plugins.gradle.tooling.serialization.internal.IdeaProjectSerializationService: loaded 2 times (x 79B)
Class com.android.sdklib.SdkVersionInfo                                               : loaded 2 times (x 73B)
Class org.jetbrains.kotlin.gradle.dsl.KotlinTargetContainerWithJsPresetFunctions      : loaded 2 times (x 72B)
Class org.gradle.internal.classloader.ClassLoaderVisitor                              : loaded 2 times (x 78B)
Class kotlin.collections.AbstractList$Companion                                       : loaded 2 times (x 73B)
Class io.opentelemetry.context.Scope                                                  : loaded 2 times (x 72B)
Class org.gradle.internal.classloader.DefaultClassLoaderFactory                       : loaded 2 times (x 84B)
Class com.intellij.util.containers.IntObjectHashMap$ArrayProducer                     : loaded 2 times (x 72B)
Class io.opentelemetry.api.GlobalOpenTelemetry                                        : loaded 2 times (x 73B)
Class jdk.internal.jimage.decompressor.ResourceDecompressor$StringsProvider           : loaded 2 times (x 72B)
Class io.opentelemetry.api.trace.DefaultTracer                                        : loaded 2 times (x 76B)
Class org.jetbrains.plugins.gradle.tooling.serialization.GradleExtensionsSerializationService$ReadContext: loaded 2 times (x 74B)
Class org.gradle.tooling.internal.adapter.MethodInvoker                               : loaded 2 times (x 72B)
Class org.gradle.internal.operations.MultipleBuildOperationFailures                   : loaded 2 times (x 97B)
Class io.opentelemetry.api.internal.OtelEncodingUtils                                 : loaded 2 times (x 73B)
Class jdk.internal.jimage.decompressor.StringSharingDecompressorFactory               : loaded 2 times (x 76B)
Class com.android.build.api.AndroidPluginVersion$PreviewType                          : loaded 2 times (x 81B)
Class org.gradle.tooling.internal.adapter.TargetTypeProvider                          : loaded 2 times (x 72B)
Class org.jetbrains.plugins.gradle.model.GradleExtensions                             : loaded 2 times (x 72B)
Class org.jetbrains.plugins.gradle.model.AnnotationProcessingModel                    : loaded 2 times (x 72B)
Class io.opentelemetry.context.ContextStorageProvider                                 : loaded 2 times (x 72B)
Class com.android.build.gradle.internal.SdkComponentsKt                               : loaded 2 times (x 73B)
Class org.jetbrains.kotlin.compose.compiler.gradle.ComposeFeatureFlag                 : loaded 2 times (x 72B)
Class org.gradle.api.internal.classpath.ManifestUtil                                  : loaded 2 times (x 73B)
Class org.jetbrains.plugins.gradle.tooling.util.IntObjectMap$ObjectFactory            : loaded 2 times (x 72B)
Class [Lio.opentelemetry.api.trace.ImmutableTraceFlags;                               : loaded 2 times (x 71B)
Class org.jetbrains.kotlin.gradle.dsl.KotlinHierarchyDsl                              : loaded 2 times (x 72B)
Class org.gradle.internal.classloader.ClassLoaderHierarchy                            : loaded 2 times (x 72B)
Class kotlin.collections.CollectionsKt__ReversedViewsKt                               : loaded 2 times (x 73B)
Class com.intellij.gradle.toolingExtension.impl.model.sourceSetModel.GradleSourceSetSerialisationService$Companion: loaded 2 times (x 73B)
Class jdk.internal.jimage.BasicImageReader                                            : loaded 2 times (x 97B)
Class org.gradle.internal.classloader.FilteringClassLoader                            : loaded 2 times (x 106B)
Class kotlin.NotImplementedError                                                      : loaded 2 times (x 84B)
Class org.jetbrains.plugins.gradle.tooling.serialization.internal.IdeaProjectSerializationService$ReadContext: loaded 2 times (x 74B)
Class io.github.takahirom.roborazzi.RoborazziPlugin$apply$1$1                         : loaded 2 times (x 82B)
Class com.google.android.libraries.mapsplatform.secrets_gradle_plugin.SecretsPluginExtension$Companion: loaded 2 times (x 73B)
Class ijInit2_82ws0dxlo1em3ph6qhr1ya4ap$_run_closure1                                 : loaded 2 times (x 141B)
Class com.android.build.gradle.internal.errors.SyncIssueReporterImplKt                : loaded 2 times (x 73B)
Class org.jetbrains.plugins.gradle.tooling.serialization.RepositoriesModelSerializationService$WriteContext: loaded 2 times (x 74B)

---------------  S Y S T E M  ---------------

OS:
 Windows 11 , 64 bit Build 26100 (10.0.26100.8875)
OS uptime: 0 days 8:10 hours
Hyper-V role detected

CPU: total 12 (initial active 12) (6 cores per cpu, 2 threads per core) family 6 model 186 stepping 3 microcode 0x6134, cx8, cmov, fxsr, ht, mmx, 3dnowpref, sse, sse2, sse3, ssse3, sse4.1, sse4.2, popcnt, lzcnt, tsc, tscinvbit, avx, avx2, aes, erms, clmul, bmi1, bmi2, adx, sha, fma, vzeroupper, clflush, clflushopt, clwb, hv, serialize, rdtscp, rdpid, fsrm, gfni, f16c, cet_ibt, cet_ss
Processor Information for the first 12 processors :
  Max Mhz: 1300, Current Mhz: 1300, Mhz Limit: 1300

Memory: 4k page, system-wide physical 16068M (1294M free)
TotalPageFile size 20164M (AvailPageFile size 18M)
current process WorkingSet (physical memory assigned to process): 973M, peak: 974M
current process commit charge ("private bytes"): 1004M, peak: 1016M

vm_info: OpenJDK 64-Bit Server VM (25.0.2+-15348964-b329.117) for windows-amd64 JRE (25.0.2+-15348964-b329.117), built on 2026-05-05T18:25:19Z with MS VC++ 16.10 / 16.11 (VS2019)

END.
