#
# There is insufficient memory for the Java Runtime Environment to continue.
# Native memory allocation (malloc) failed to allocate 17370520 bytes. Error detail: Chunk::new
# Possible reasons:
#   The system is out of physical RAM or swap space
#   This process is running with CompressedOops enabled, and the Java Heap may be blocking the growth of the native heap
# Possible solutions:
#   Reduce memory load on the system
#   Increase physical memory or swap space
#   Check if swap backing store is full
#   Decrease Java heap size (-Xmx/-Xms)
#   Decrease number of Java threads
#   Decrease Java thread stack sizes (-Xss)
#   Set larger code cache with -XX:ReservedCodeCacheSize=
#   JVM is running with Zero Based Compressed Oops mode in which the Java heap is
#     placed in the first 32GB address space. The Java Heap base address is the
#     maximum limit for the native heap growth. Please use -XX:HeapBaseMinAddress
#     to set the Java Heap base and to place the Java Heap above 32GB virtual address.
# This output file may be truncated or incomplete.
#
#  Out of Memory Error (arena.cpp:186), pid=25264, tid=23928
#
# JRE version: Java(TM) SE Runtime Environment (25.0+37) (build 25+37-LTS-3491)
# Java VM: Java HotSpot(TM) 64-Bit Server VM (25+37-LTS-3491, mixed mode, sharing, tiered, compressed oops, compressed class ptrs, g1 gc, windows-amd64)
# No core dump will be written. Minidumps are not enabled by default on client versions of Windows
#

---------------  S U M M A R Y ------------

Command Line: --add-opens=java.base/java.lang=ALL-UNNAMED --add-opens=java.base/java.lang.invoke=ALL-UNNAMED --add-opens=java.base/java.util=ALL-UNNAMED --add-opens=java.prefs/java.util.prefs=ALL-UNNAMED --add-exports=jdk.compiler/com.sun.tools.javac.api=ALL-UNNAMED --add-exports=jdk.compiler/com.sun.tools.javac.util=ALL-UNNAMED --add-opens=java.base/java.util=ALL-UNNAMED --add-opens=java.prefs/java.util.prefs=ALL-UNNAMED --add-opens=java.base/java.nio.charset=ALL-UNNAMED --add-opens=java.base/java.net=ALL-UNNAMED --add-opens=java.base/java.util.concurrent=ALL-UNNAMED --add-opens=java.base/java.util.concurrent.atomic=ALL-UNNAMED --add-opens=java.xml/javax.xml.namespace=ALL-UNNAMED --add-opens=java.base/java.time=ALL-UNNAMED --enable-native-access=ALL-UNNAMED -Xmx4g -Dfile.encoding=UTF-8 -Duser.country=IN -Duser.language=en -Duser.variant -javaagent:C:\Users\SIVA\.gradle\wrapper\dists\gradle-9.3.1-bin\23ovyewtku6u96viwx3xl3oks\gradle-9.3.1\lib\agents\gradle-instrumentation-agent-9.3.1.jar org.gradle.launcher.daemon.bootstrap.GradleDaemon 9.3.1

Host: 13th Gen Intel(R) Core(TM) i5-1334U, 12 cores, 15G,  Windows 11 , 64 bit Build 26100 (10.0.26100.8875)
Time: Tue Aug 11 10:55:16 2026 India Standard Time elapsed time: 79.333872 seconds (0d 0h 1m 19s)

---------------  T H R E A D  ---------------

Current thread (0x000001f27b06ed10):  JavaThread "C2 CompilerThread1" daemon [_thread_in_native, id=23928, stack(0x000000b0d4e00000,0x000000b0d4f00000) (1024K)]


Current CompileTask:
C2:79334 52000       4       org.gradle.internal.time.ExponentialBackoff::retryUntil (65 bytes)

Stack: [0x000000b0d4e00000,0x000000b0d4f00000]
Native frames: (J=compiled Java code, j=interpreted, Vv=VM code, C=native code)
V  [jvm.dll+0x7a6a39]  (no source info available)
V  [jvm.dll+0x7727ed]  (no source info available)
V  [jvm.dll+0x965f33]  (no source info available)
V  [jvm.dll+0x968531]  (no source info available)
V  [jvm.dll+0x968c33]  (no source info available)
V  [jvm.dll+0x2fc756]  (no source info available)
V  [jvm.dll+0x111b26]  (no source info available)
V  [jvm.dll+0x111e4e]  (no source info available)
V  [jvm.dll+0x1a0a22]  (no source info available)
V  [jvm.dll+0x3b53c2]  (no source info available)
V  [jvm.dll+0x7ac3cf]  (no source info available)
V  [jvm.dll+0x2c0ac7]  (no source info available)
V  [jvm.dll+0x2bfa8f]  (no source info available)
V  [jvm.dll+0x237b60]  (no source info available)
V  [jvm.dll+0x2cfb56]  (no source info available)
V  [jvm.dll+0x2cddd5]  (no source info available)
V  [jvm.dll+0x48e671]  (no source info available)
V  [jvm.dll+0x90681d]  (no source info available)
V  [jvm.dll+0x7a5015]  (no source info available)
C  [ucrtbase.dll+0x2cd30]  (no source info available)
C  [KERNEL32.DLL+0x2e957]  (no source info available)
C  [ntdll.dll+0xaad6c]  (no source info available)

Lock stack of current Java thread (top to bottom):


---------------  P R O C E S S  ---------------

Threads class SMR info:
_java_thread_list=0x000001f20fbf5120, length=102, elements={
0x000001f22eb6ad50, 0x000001f2507f8570, 0x000001f2507f8e80, 0x000001f2507fb110,
0x000001f2507fd380, 0x000001f2507feaf0, 0x000001f250801ad0, 0x000001f2506b1980,
0x000001f2506b0960, 0x000001f250bb0d90, 0x000001f250cce7b0, 0x000001f256687780,
0x000001f25691acf0, 0x000001f256953d80, 0x000001f2568f9b80, 0x000001f255e3e610,
0x000001f255e3ede0, 0x000001f255e45b40, 0x000001f255e44ba0, 0x000001f255e45370,
0x000001f256c20150, 0x000001f256c218c0, 0x000001f256c1f1b0, 0x000001f256c22860,
0x000001f25975ca50, 0x000001f25975ab10, 0x000001f25975c280, 0x000001f2597610a0,
0x000001f259761870, 0x000001f259760100, 0x000001f256c23fd0, 0x000001f258dd9640,
0x000001f258ddec30, 0x000001f258dde460, 0x000001f258ddfbd0, 0x000001f250e71760,
0x000001f258ddadb0, 0x000001f258ddd4c0, 0x000001f2583d4e60, 0x000001f2583d4690,
0x000001f2583d5e00, 0x000001f2583d8510, 0x000001f2583d9c80, 0x000001f2583d6da0,
0x000001f2583d8ce0, 0x000001f25c374ce0, 0x000001f25c374510, 0x000001f258571310,
0x000001f2585722b0, 0x000001f258572a80, 0x000001f2585741f0, 0x000001f258573250,
0x000001f258e24d40, 0x000001f256c247a0, 0x000001f25b5ed050, 0x000001f25b5edff0,
0x000001f25b5ed820, 0x000001f25b5eb110, 0x000001f25b5eb8e0, 0x000001f25b5f2e10,
0x000001f25b5eff30, 0x000001f25b5f0700, 0x000001f25b5f5cf0, 0x000001f25b5f3db0,
0x000001f25b5f8400, 0x000001f25b5f5520, 0x000001f25922df30, 0x000001f25c2f9260,
0x000001f25c2fe080, 0x000001f25c2fd0e0, 0x000001f25c2ff020, 0x000001f25c2fb970,
0x000001f25c301730, 0x000001f25c301f00, 0x000001f25c302ea0, 0x000001f25c307cc0,
0x000001f25c305d80, 0x000001f25c306550, 0x000001f25c306d20, 0x000001f25922bff0,
0x000001f25922c7c0, 0x000001f25922eed0, 0x000001f259236bd0, 0x000001f259238b10,
0x000001f25c2fb1a0, 0x000001f259234c90, 0x000001f250e74e10, 0x000001f258570b40,
0x000001f27ba9dd10, 0x000001f27ba9a660, 0x000001f27ba9e4e0, 0x000001f27b06ed10,
0x000001f27baa1b90, 0x000001f27baa0420, 0x000001f259232d50, 0x000001f205d15f50,
0x000001f205d16ef0, 0x000001f205d21ad0, 0x000001f205d21300, 0x000001f205d1ad70,
0x000001f205d1d480, 0x000001f27bbd06b0
}

Java Threads: ( => current thread )
  0x000001f22eb6ad50 JavaThread "main"                              [_thread_blocked, id=9992, stack(0x000000b0cf500000,0x000000b0cf600000) (1024K)]
  0x000001f2507f8570 JavaThread "Reference Handler"          daemon [_thread_blocked, id=28260, stack(0x000000b0cfd00000,0x000000b0cfe00000) (1024K)]
  0x000001f2507f8e80 JavaThread "Finalizer"                  daemon [_thread_blocked, id=29360, stack(0x000000b0cfe00000,0x000000b0cff00000) (1024K)]
  0x000001f2507fb110 JavaThread "Signal Dispatcher"          daemon [_thread_blocked, id=23844, stack(0x000000b0cff00000,0x000000b0d0000000) (1024K)]
  0x000001f2507fd380 JavaThread "Attach Listener"            daemon [_thread_blocked, id=15468, stack(0x000000b0d0000000,0x000000b0d0100000) (1024K)]
  0x000001f2507feaf0 JavaThread "Service Thread"             daemon [_thread_blocked, id=28788, stack(0x000000b0d0100000,0x000000b0d0200000) (1024K)]
  0x000001f250801ad0 JavaThread "Monitor Deflation Thread"   daemon [_thread_blocked, id=20400, stack(0x000000b0d0200000,0x000000b0d0300000) (1024K)]
  0x000001f2506b1980 JavaThread "C2 CompilerThread0"         daemon [_thread_in_native, id=13512, stack(0x000000b0d0300000,0x000000b0d0400000) (1024K)]
  0x000001f2506b0960 JavaThread "C1 CompilerThread0"         daemon [_thread_blocked, id=17788, stack(0x000000b0d0400000,0x000000b0d0500000) (1024K)]
  0x000001f250bb0d90 JavaThread "Common-Cleaner"             daemon [_thread_blocked, id=7344, stack(0x000000b0d0500000,0x000000b0d0600000) (1024K)]
  0x000001f250cce7b0 JavaThread "Notification Thread"        daemon [_thread_blocked, id=20600, stack(0x000000b0d0600000,0x000000b0d0700000) (1024K)]
  0x000001f256687780 JavaThread "Daemon health stats"               [_thread_blocked, id=6844, stack(0x000000b0d0e00000,0x000000b0d0f00000) (1024K)]
  0x000001f25691acf0 JavaThread "Incoming local TCP Connector on port 8642"        [_thread_in_native, id=11716, stack(0x000000b0d0f00000,0x000000b0d1000000) (1024K)]
  0x000001f256953d80 JavaThread "Daemon periodic checks"            [_thread_blocked, id=6956, stack(0x000000b0d1000000,0x000000b0d1100000) (1024K)]
  0x000001f2568f9b80 JavaThread "Daemon"                            [_thread_blocked, id=1212, stack(0x000000b0d1100000,0x000000b0d1200000) (1024K)]
  0x000001f255e3e610 JavaThread "Handler for socket connection from /127.0.0.1:8642 to /127.0.0.1:8643"        [_thread_in_native, id=27936, stack(0x000000b0d1200000,0x000000b0d1300000) (1024K)]
  0x000001f255e3ede0 JavaThread "Cancel handler"                    [_thread_blocked, id=21988, stack(0x000000b0d1300000,0x000000b0d1400000) (1024K)]
  0x000001f255e45b40 JavaThread "Daemon worker"                     [_thread_blocked, id=26220, stack(0x000000b0d1400000,0x000000b0d1500000) (1024K)]
  0x000001f255e44ba0 JavaThread "Asynchronous log dispatcher for DefaultDaemonConnection: socket connection from /127.0.0.1:8642 to /127.0.0.1:8643"        [_thread_blocked, id=22680, stack(0x000000b0d1500000,0x000000b0d1600000) (1024K)]
  0x000001f255e45370 JavaThread "Stdin handler"                     [_thread_blocked, id=1900, stack(0x000000b0d1600000,0x000000b0d1700000) (1024K)]
  0x000001f256c20150 JavaThread "Daemon client event forwarder"        [_thread_blocked, id=12976, stack(0x000000b0d1700000,0x000000b0d1800000) (1024K)]
  0x000001f256c218c0 JavaThread "Cache worker for journal cache (C:\Users\SIVA\.gradle\caches\journal-1)"        [_thread_blocked, id=23380, stack(0x000000b0d1a00000,0x000000b0d1b00000) (1024K)]
  0x000001f256c1f1b0 JavaThread "File lock request listener"        [_thread_in_native, id=19884, stack(0x000000b0d1b00000,0x000000b0d1c00000) (1024K)]
  0x000001f256c22860 JavaThread "Cache worker for file hash cache (C:\Users\SIVA\.gradle\caches\9.3.1\fileHashes)"        [_thread_blocked, id=15008, stack(0x000000b0d1c00000,0x000000b0d1d00000) (1024K)]
  0x000001f25975ca50 JavaThread "Cache worker for file hash cache (C:\Users\SIVA\Downloads\palm\.gradle\9.3.1\fileHashes)"        [_thread_blocked, id=4968, stack(0x000000b0d2100000,0x000000b0d2200000) (1024K)]
  0x000001f25975ab10 JavaThread "Cache worker for checksums cache (C:\Users\SIVA\Downloads\palm\.gradle\9.3.1\checksums)"        [_thread_blocked, id=18300, stack(0x000000b0d2200000,0x000000b0d2300000) (1024K)]
  0x000001f25975c280 JavaThread "Cache worker for Build Output Cleanup Cache (C:\Users\SIVA\Downloads\palm\.gradle\buildOutputCleanup)"        [_thread_blocked, id=1840, stack(0x000000b0d2300000,0x000000b0d2400000) (1024K)]
  0x000001f2597610a0 JavaThread "Cache worker for file content cache (C:\Users\SIVA\.gradle\caches\9.3.1\fileContent)"        [_thread_blocked, id=27528, stack(0x000000b0d2400000,0x000000b0d2500000) (1024K)]
  0x000001f259761870 JavaThread "File watcher server"        daemon [_thread_in_native, id=17488, stack(0x000000b0d1d00000,0x000000b0d1e00000) (1024K)]
  0x000001f259760100 JavaThread "File watcher consumer"      daemon [_thread_blocked, id=24088, stack(0x000000b0d1e00000,0x000000b0d1f00000) (1024K)]
  0x000001f256c23fd0 JavaThread "Cache worker for cache directory md-supplier (C:\Users\SIVA\.gradle\caches\9.3.1\md-supplier)"        [_thread_blocked, id=21424, stack(0x000000b0d2500000,0x000000b0d2600000) (1024K)]
  0x000001f258dd9640 JavaThread "Cache worker for cache directory md-rule (C:\Users\SIVA\.gradle\caches\9.3.1\md-rule)"        [_thread_blocked, id=9736, stack(0x000000b0d2600000,0x000000b0d2700000) (1024K)]
  0x000001f258ddec30 JavaThread "Unconstrained build operations"        [_thread_blocked, id=23192, stack(0x000000b0d2900000,0x000000b0d2a00000) (1024K)]
  0x000001f258dde460 JavaThread "Unconstrained build operations Thread 2"        [_thread_blocked, id=2960, stack(0x000000b0d2a00000,0x000000b0d2b00000) (1024K)]
  0x000001f258ddfbd0 JavaThread "Unconstrained build operations Thread 3"        [_thread_blocked, id=10952, stack(0x000000b0d2b00000,0x000000b0d2c00000) (1024K)]
  0x000001f250e71760 JavaThread "Configuration cache report writer"        [_thread_blocked, id=400, stack(0x000000b0d2700000,0x000000b0d2800000) (1024K)]
  0x000001f258ddadb0 JavaThread "Unconstrained build operations Thread 4"        [_thread_blocked, id=21704, stack(0x000000b0d2c00000,0x000000b0d2d00000) (1024K)]
  0x000001f258ddd4c0 JavaThread "Unconstrained build operations Thread 5"        [_thread_blocked, id=14164, stack(0x000000b0d2d00000,0x000000b0d2e00000) (1024K)]
  0x000001f2583d4e60 JavaThread "Unconstrained build operations Thread 6"        [_thread_blocked, id=27972, stack(0x000000b0d2e00000,0x000000b0d2f00000) (1024K)]
  0x000001f2583d4690 JavaThread "Unconstrained build operations Thread 7"        [_thread_blocked, id=18040, stack(0x000000b0d2f00000,0x000000b0d3000000) (1024K)]
  0x000001f2583d5e00 JavaThread "Unconstrained build operations Thread 8"        [_thread_blocked, id=3796, stack(0x000000b0d3000000,0x000000b0d3100000) (1024K)]
  0x000001f2583d8510 JavaThread "Unconstrained build operations Thread 9"        [_thread_blocked, id=29396, stack(0x000000b0d3100000,0x000000b0d3200000) (1024K)]
  0x000001f2583d9c80 JavaThread "Unconstrained build operations Thread 10"        [_thread_blocked, id=19764, stack(0x000000b0d3200000,0x000000b0d3300000) (1024K)]
  0x000001f2583d6da0 JavaThread "Unconstrained build operations Thread 11"        [_thread_blocked, id=26980, stack(0x000000b0d3300000,0x000000b0d3400000) (1024K)]
  0x000001f2583d8ce0 JavaThread "Unconstrained build operations Thread 12"        [_thread_blocked, id=5116, stack(0x000000b0d3400000,0x000000b0d3500000) (1024K)]
  0x000001f25c374ce0 JavaThread "Memory manager"                    [_thread_blocked, id=12944, stack(0x000000b0d3500000,0x000000b0d3600000) (1024K)]
  0x000001f25c374510 JavaThread "build event listener"              [_thread_blocked, id=14888, stack(0x000000b0d3600000,0x000000b0d3700000) (1024K)]
  0x000001f258571310 JavaThread "Build operations"                  [_thread_blocked, id=20900, stack(0x000000b0d3700000,0x000000b0d3800000) (1024K)]
  0x000001f2585722b0 JavaThread "Unconstrained build operations Thread 13"        [_thread_blocked, id=20940, stack(0x000000b0d3800000,0x000000b0d3900000) (1024K)]
  0x000001f258572a80 JavaThread "Unconstrained build operations Thread 14"        [_thread_blocked, id=6728, stack(0x000000b0d3900000,0x000000b0d3a00000) (1024K)]
  0x000001f2585741f0 JavaThread "Unconstrained build operations Thread 15"        [_thread_blocked, id=22704, stack(0x000000b0d3a00000,0x000000b0d3b00000) (1024K)]
  0x000001f258573250 JavaThread "Unconstrained build operations Thread 16"        [_thread_blocked, id=11604, stack(0x000000b0d2800000,0x000000b0d2900000) (1024K)]
  0x000001f258e24d40 JavaThread "Unconstrained build operations Thread 17"        [_thread_blocked, id=28620, stack(0x000000b0d3b00000,0x000000b0d3c00000) (1024K)]
  0x000001f256c247a0 JavaThread "Unconstrained build operations Thread 18"        [_thread_blocked, id=11992, stack(0x000000b0d3d00000,0x000000b0d3e00000) (1024K)]
  0x000001f25b5ed050 JavaThread "Unconstrained build operations Thread 19"        [_thread_blocked, id=29080, stack(0x000000b0d3f00000,0x000000b0d4000000) (1024K)]
  0x000001f25b5edff0 JavaThread "Unconstrained build operations Thread 20"        [_thread_blocked, id=28248, stack(0x000000b0d4000000,0x000000b0d4100000) (1024K)]
  0x000001f25b5ed820 JavaThread "Unconstrained build operations Thread 21"        [_thread_blocked, id=24884, stack(0x000000b0d4100000,0x000000b0d4200000) (1024K)]
  0x000001f25b5eb110 JavaThread "Unconstrained build operations Thread 22"        [_thread_blocked, id=1028, stack(0x000000b0d3e00000,0x000000b0d3f00000) (1024K)]
  0x000001f25b5eb8e0 JavaThread "Unconstrained build operations Thread 23"        [_thread_blocked, id=6672, stack(0x000000b0d4200000,0x000000b0d4300000) (1024K)]
  0x000001f25b5f2e10 JavaThread "Unconstrained build operations Thread 24"        [_thread_blocked, id=13604, stack(0x000000b0d4300000,0x000000b0d4400000) (1024K)]
  0x000001f25b5eff30 JavaThread "Unconstrained build operations Thread 25"        [_thread_blocked, id=2412, stack(0x000000b0d4400000,0x000000b0d4500000) (1024K)]
  0x000001f25b5f0700 JavaThread "Unconstrained build operations Thread 26"        [_thread_blocked, id=14952, stack(0x000000b0d4500000,0x000000b0d4600000) (1024K)]
  0x000001f25b5f5cf0 JavaThread "Unconstrained build operations Thread 27"        [_thread_blocked, id=8932, stack(0x000000b0d4600000,0x000000b0d4700000) (1024K)]
  0x000001f25b5f3db0 JavaThread "Unconstrained build operations Thread 28"        [_thread_blocked, id=3724, stack(0x000000b0d4700000,0x000000b0d4800000) (1024K)]
  0x000001f25b5f8400 JavaThread "Unconstrained build operations Thread 29"        [_thread_blocked, id=3276, stack(0x000000b0d4800000,0x000000b0d4900000) (1024K)]
  0x000001f25b5f5520 JavaThread "Unconstrained build operations Thread 30"        [_thread_blocked, id=29540, stack(0x000000b0d4900000,0x000000b0d4a00000) (1024K)]
  0x000001f25922df30 JavaThread "Unconstrained build operations Thread 31"        [_thread_blocked, id=25380, stack(0x000000b0d4a00000,0x000000b0d4b00000) (1024K)]
  0x000001f25c2f9260 JavaThread "Unconstrained build operations Thread 32"        [_thread_blocked, id=7432, stack(0x000000b0d4b00000,0x000000b0d4c00000) (1024K)]
  0x000001f25c2fe080 JavaThread "Unconstrained build operations Thread 33"        [_thread_blocked, id=13944, stack(0x000000b0d4c00000,0x000000b0d4d00000) (1024K)]
  0x000001f25c2fd0e0 JavaThread "Unconstrained build operations Thread 34"        [_thread_in_vm, id=4988, stack(0x000000b0d4d00000,0x000000b0d4e00000) (1024K)]
  0x000001f25c2ff020 JavaThread "Unconstrained build operations Thread 35"        [_thread_blocked, id=22124, stack(0x000000b0d4f00000,0x000000b0d5000000) (1024K)]
  0x000001f25c2fb970 JavaThread "Unconstrained build operations Thread 36"        [_thread_blocked, id=25820, stack(0x000000b0d5000000,0x000000b0d5100000) (1024K)]
  0x000001f25c301730 JavaThread "Unconstrained build operations Thread 37"        [_thread_blocked, id=18812, stack(0x000000b0d5100000,0x000000b0d5200000) (1024K)]
  0x000001f25c301f00 JavaThread "Unconstrained build operations Thread 38"        [_thread_blocked, id=1020, stack(0x000000b0d5200000,0x000000b0d5300000) (1024K)]
  0x000001f25c302ea0 JavaThread "Unconstrained build operations Thread 39"        [_thread_blocked, id=5292, stack(0x000000b0d5300000,0x000000b0d5400000) (1024K)]
  0x000001f25c307cc0 JavaThread "Build operations Thread 2"         [_thread_blocked, id=16792, stack(0x000000b0d5500000,0x000000b0d5600000) (1024K)]
  0x000001f25c305d80 JavaThread "included builds"                   [_thread_in_native, id=28072, stack(0x000000b0d5600000,0x000000b0d5700000) (1024K)]
  0x000001f25c306550 JavaThread "Execution worker"                  [_thread_blocked, id=1788, stack(0x000000b0d5700000,0x000000b0d5800000) (1024K)]
  0x000001f25c306d20 JavaThread "Execution worker Thread 2"         [_thread_in_native, id=28272, stack(0x000000b0d5800000,0x000000b0d5900000) (1024K)]
  0x000001f25922bff0 JavaThread "Execution worker Thread 3"         [_thread_blocked, id=14792, stack(0x000000b0d5900000,0x000000b0d5a00000) (1024K)]
  0x000001f25922c7c0 JavaThread "Cache worker for execution history cache (C:\Users\SIVA\Downloads\palm\.gradle\9.3.1\executionHistory)"        [_thread_blocked, id=28392, stack(0x000000b0d5a00000,0x000000b0d5b00000) (1024K)]
  0x000001f25922eed0 JavaThread "Unconstrained build operations Thread 40"        [_thread_blocked, id=11440, stack(0x000000b0d5b00000,0x000000b0d5c00000) (1024K)]
  0x000001f259236bd0 JavaThread "WorkerExecutor Queue"              [_thread_blocked, id=23628, stack(0x000000b0d5c00000,0x000000b0d5d00000) (1024K)]
  0x000001f259238b10 JavaThread "WorkerExecutor Queue Thread 2"        [_thread_blocked, id=24244, stack(0x000000b0d5d00000,0x000000b0d5e00000) (1024K)]
  0x000001f25c2fb1a0 JavaThread "WorkerExecutor Queue Thread 3"        [_thread_blocked, id=14512, stack(0x000000b0d5400000,0x000000b0d5500000) (1024K)]
  0x000001f259234c90 JavaThread "WorkerExecutor Queue Thread 4"        [_thread_blocked, id=26844, stack(0x000000b0d5f00000,0x000000b0d6000000) (1024K)]
  0x000001f250e74e10 JavaThread "Java2D Disposer"            daemon [_thread_blocked, id=22968, stack(0x000000b0d6000000,0x000000b0d6100000) (1024K)]
  0x000001f258570b40 JavaThread "AWT-Windows"                daemon [_thread_in_native, id=9468, stack(0x000000b0d6200000,0x000000b0d6300000) (1024K)]
  0x000001f27ba9dd10 JavaThread "DefaultDispatcher-worker-1" daemon [_thread_blocked, id=5516, stack(0x000000b0d6300000,0x000000b0d6400000) (1024K)]
  0x000001f27ba9a660 JavaThread "DefaultDispatcher-worker-2" daemon [_thread_blocked, id=21428, stack(0x000000b0d6400000,0x000000b0d6500000) (1024K)]
  0x000001f27ba9e4e0 JavaThread "DefaultDispatcher-worker-3" daemon [_thread_blocked, id=19348, stack(0x000000b0d6500000,0x000000b0d6600000) (1024K)]
=>0x000001f27b06ed10 JavaThread "C2 CompilerThread1"         daemon [_thread_in_native, id=23928, stack(0x000000b0d4e00000,0x000000b0d4f00000) (1024K)]
  0x000001f27baa1b90 JavaThread "Periodic tasks thread"      daemon [_thread_blocked, id=25088, stack(0x000000b0d6100000,0x000000b0d6200000) (1024K)]
  0x000001f27baa0420 JavaThread "ApplicationImpl pooled thread 1"        [_thread_blocked, id=27020, stack(0x000000b0d6600000,0x000000b0d6700000) (1024K)]
  0x000001f259232d50 JavaThread "ForkJoinPool.commonPool-worker-1" daemon [_thread_blocked, id=5672, stack(0x000000b0d6700000,0x000000b0d6800000) (1024K)]
  0x000001f205d15f50 JavaThread "ForkJoinPool.commonPool-worker-2" daemon [_thread_blocked, id=14116, stack(0x000000b0d6a00000,0x000000b0d6b00000) (1024K)]
  0x000001f205d16ef0 JavaThread "ForkJoinPool.commonPool-worker-3" daemon [_thread_blocked, id=696, stack(0x000000b0d6b00000,0x000000b0d6c00000) (1024K)]
  0x000001f205d21ad0 JavaThread "File lock release action executor"        [_thread_blocked, id=21408, stack(0x000000b0cf200000,0x000000b0cf300000) (1024K)]
  0x000001f205d21300 JavaThread "File lock release action executor Thread 2"        [_thread_blocked, id=22348, stack(0x000000b0cf400000,0x000000b0cf500000) (1024K)]
  0x000001f205d1ad70 JavaThread "File lock release action executor Thread 3"        [_thread_blocked, id=15184, stack(0x000000b0d6c00000,0x000000b0d6d00000) (1024K)]
  0x000001f205d1d480 JavaThread "File lock release action executor Thread 4"        [_thread_blocked, id=24052, stack(0x000000b0d6d00000,0x000000b0d6e00000) (1024K)]
  0x000001f27bbd06b0 JavaThread "C2 CompilerThread2"         daemon [_thread_in_native, id=18820, stack(0x000000b0d5e00000,0x000000b0d5f00000) (1024K)]
Total: 102

Other Threads:
  0x000001f2507e3f10 VMThread "VM Thread"                           [id=27548, stack(0x000000b0cfc00000,0x000000b0cfd00000) (1024K)]
  0x000001f2507d4a70 WatcherThread "VM Periodic Task Thread"        [id=23716, stack(0x000000b0cfb00000,0x000000b0cfc00000) (1024K)]
  0x000001f230eee550 WorkerThread "GC Thread#0"                     [id=6588, stack(0x000000b0cf600000,0x000000b0cf700000) (1024K)]
  0x000001f255df1fe0 WorkerThread "GC Thread#1"                     [id=24740, stack(0x000000b0d0900000,0x000000b0d0a00000) (1024K)]
  0x000001f255dcc6b0 WorkerThread "GC Thread#2"                     [id=20256, stack(0x000000b0d0a00000,0x000000b0d0b00000) (1024K)]
  0x000001f255df2410 WorkerThread "GC Thread#3"                     [id=8512, stack(0x000000b0d0b00000,0x000000b0d0c00000) (1024K)]
  0x000001f255df2840 WorkerThread "GC Thread#4"                     [id=22068, stack(0x000000b0d0c00000,0x000000b0d0d00000) (1024K)]
  0x000001f255df2c70 WorkerThread "GC Thread#5"                     [id=8500, stack(0x000000b0d0d00000,0x000000b0d0e00000) (1024K)]
  0x000001f25666dc40 WorkerThread "GC Thread#6"                     [id=2944, stack(0x000000b0d0700000,0x000000b0d0800000) (1024K)]
  0x000001f25666fa70 WorkerThread "GC Thread#7"                     [id=20712, stack(0x000000b0d0800000,0x000000b0d0900000) (1024K)]
  0x000001f25666d7f0 WorkerThread "GC Thread#8"                     [id=18524, stack(0x000000b0d1800000,0x000000b0d1900000) (1024K)]
  0x000001f25666e090 WorkerThread "GC Thread#9"                     [id=192, stack(0x000000b0d1900000,0x000000b0d1a00000) (1024K)]
  0x000001f230f086b0 ConcurrentGCThread "G1 Main Marker"            [id=13140, stack(0x000000b0cf700000,0x000000b0cf800000) (1024K)]
  0x000001f230f09250 WorkerThread "G1 Conc#0"                       [id=21452, stack(0x000000b0cf800000,0x000000b0cf900000) (1024K)]
  0x000001f256671450 WorkerThread "G1 Conc#1"                       [id=15128, stack(0x000000b0d1f00000,0x000000b0d2000000) (1024K)]
  0x000001f2566718a0 WorkerThread "G1 Conc#2"                       [id=3240, stack(0x000000b0d2000000,0x000000b0d2100000) (1024K)]
  0x000001f25069f080 ConcurrentGCThread "G1 Refine#0"               [id=13920, stack(0x000000b0cf900000,0x000000b0cfa00000) (1024K)]
  0x000001f25069fa90 ConcurrentGCThread "G1 Service"                [id=8464, stack(0x000000b0cfa00000,0x000000b0cfb00000) (1024K)]
Total: 18

Threads with active compile tasks:
C2 CompilerThread0  79601 52284       4       com.android.aapt.Resources$ConfigValue::writeTo (41 bytes)
C2 CompilerThread1  79601 52000       4       org.gradle.internal.time.ExponentialBackoff::retryUntil (65 bytes)
C2 CompilerThread2  79601 52285       4       com.android.aapt.Resources$Value::writeTo (100 bytes)
Total: 3

VM state: not at safepoint (normal execution)

VM Mutex/Monitor currently owned by a thread: None

Heap address: 0x0000000700000000, size: 4096 MB, Compressed Oops mode: Zero based, Oop shift amount: 3

CDS archive(s) mapped at: [0x0000000018000000-0x0000000018dd0000-0x0000000018dd0000), size 14483456, SharedBaseAddress: 0x0000000018000000, ArchiveRelocationMode: 1.
Compressed class space mapped at: 0x0000000019000000-0x0000000059000000, reserved size: 1073741824
UseCompressedClassPointers 1, UseCompactObjectHeaders 0
Narrow klass pointer bits 32, Max shift 3
Narrow klass base: 0x0000000018000000, Narrow klass shift: 0
Encoding Range: [0x0000000018000000 - 0x0000000118000000), (4294967296 bytes)
Klass Range:    [0x0000000018010000 - 0x0000000059000000), (1090453504 bytes)
Klass ID Range:  [65536 - 1090519033) (1090453497)
Protection zone: [0x0000000018000000 - 0x0000000018010000), (65536 bytes)

GC Precious Log:
 CardTable entry size: 512
 Card Set container configuration: InlinePtr #cards 4 size 8 Array Of Cards #cards 16 size 48 Howl #buckets 8 coarsen threshold 3686 Howl Bitmap #cards 512 size 80 coarsen threshold 460 Card regions per heap region 1 cards per card region 4096
 CPUs: 12 total, 12 available
 Memory: 16068M
 Large Page Support: Disabled
 NUMA Support: Disabled
 Compressed Oops: Enabled (Zero based)
 Heap Region Size: 2M
 Heap Min Capacity: 8M
 Heap Initial Capacity: 252M
 Heap Max Capacity: 4G
 Pre-touch: Disabled
 Parallel Workers: 10
 Concurrent Workers: 3
 Concurrent Refinement Workers: 10
 Periodic GC: Disabled

Heap:
 garbage-first heap   total reserved 4194304K, committed 675840K, used 531351K [0x0000000700000000, 0x0000000800000000)
  region size 2048K, 104 young (212992K), 10 survivors (20480K)

Heap Regions: E=young(eden), S=young(survivor), O=old, HS=humongous(starts), HC=humongous(continues), CS=collection set, F=free, TAMS=top-at-mark-start, PB=parsable bottom
|   0|0x0000000700000000, 0x0000000700200000, 0x0000000700200000|100%|HS|  |TAMS 0x0000000700000000| PB 0x0000000700000000| Complete |  0
|   1|0x0000000700200000, 0x0000000700400000, 0x0000000700400000|100%|HC|  |TAMS 0x0000000700200000| PB 0x0000000700200000| Complete |  0
|   2|0x0000000700400000, 0x0000000700600000, 0x0000000700600000|100%| O|  |TAMS 0x0000000700400000| PB 0x0000000700400000| Untracked |  0
|   3|0x0000000700600000, 0x0000000700800000, 0x0000000700800000|100%| O|  |TAMS 0x0000000700600000| PB 0x0000000700600000| Untracked |  0
|   4|0x0000000700800000, 0x0000000700a00000, 0x0000000700a00000|100%| O|  |TAMS 0x0000000700800000| PB 0x0000000700800000| Untracked |  0
|   5|0x0000000700a00000, 0x0000000700bdf7a0, 0x0000000700c00000| 93%| O|  |TAMS 0x0000000700a00000| PB 0x0000000700a00000| Untracked |  0
|   6|0x0000000700c00000, 0x0000000700e00000, 0x0000000700e00000|100%| O|  |TAMS 0x0000000700c00000| PB 0x0000000700c00000| Untracked |  0
|   7|0x0000000700e00000, 0x0000000701000000, 0x0000000701000000|100%| O|  |TAMS 0x0000000700e00000| PB 0x0000000700e00000| Untracked |  0
|   8|0x0000000701000000, 0x0000000701200000, 0x0000000701200000|100%| O|  |TAMS 0x0000000701000000| PB 0x0000000701000000| Untracked |  0
|   9|0x0000000701200000, 0x0000000701400000, 0x0000000701400000|100%| O|  |TAMS 0x0000000701200000| PB 0x0000000701200000| Untracked |  0
|  10|0x0000000701400000, 0x0000000701600000, 0x0000000701600000|100%| O|  |TAMS 0x0000000701400000| PB 0x0000000701400000| Untracked |  0
|  11|0x0000000701600000, 0x0000000701800000, 0x0000000701800000|100%| O|  |TAMS 0x0000000701600000| PB 0x0000000701600000| Untracked |  0
|  12|0x0000000701800000, 0x0000000701a00000, 0x0000000701a00000|100%| O|  |TAMS 0x0000000701800000| PB 0x0000000701800000| Untracked |  0
|  13|0x0000000701a00000, 0x0000000701c00000, 0x0000000701c00000|100%| O|  |TAMS 0x0000000701a00000| PB 0x0000000701a00000| Untracked |  0
|  14|0x0000000701c00000, 0x0000000701e00000, 0x0000000701e00000|100%| O|  |TAMS 0x0000000701c00000| PB 0x0000000701c00000| Untracked |  0
|  15|0x0000000701e00000, 0x0000000702000000, 0x0000000702000000|100%| O|  |TAMS 0x0000000701e00000| PB 0x0000000701e00000| Untracked |  0
|  16|0x0000000702000000, 0x0000000702200000, 0x0000000702200000|100%| O|  |TAMS 0x0000000702000000| PB 0x0000000702000000| Untracked |  0
|  17|0x0000000702200000, 0x0000000702400000, 0x0000000702400000|100%| O|  |TAMS 0x0000000702200000| PB 0x0000000702200000| Untracked |  0
|  18|0x0000000702400000, 0x0000000702600000, 0x0000000702600000|100%| O|  |TAMS 0x0000000702400000| PB 0x0000000702400000| Untracked |  0
|  19|0x0000000702600000, 0x0000000702800000, 0x0000000702800000|100%| O|  |TAMS 0x0000000702600000| PB 0x0000000702600000| Untracked |  0
|  20|0x0000000702800000, 0x0000000702a00000, 0x0000000702a00000|100%| O|  |TAMS 0x0000000702800000| PB 0x0000000702800000| Untracked |  0
|  21|0x0000000702a00000, 0x0000000702c00000, 0x0000000702c00000|100%| O|  |TAMS 0x0000000702a00000| PB 0x0000000702a00000| Untracked |  0
|  22|0x0000000702c00000, 0x0000000702e00000, 0x0000000702e00000|100%| O|  |TAMS 0x0000000702c00000| PB 0x0000000702c00000| Untracked |  0
|  23|0x0000000702e00000, 0x0000000703000000, 0x0000000703000000|100%| O|  |TAMS 0x0000000702e00000| PB 0x0000000702e00000| Untracked |  0
|  24|0x0000000703000000, 0x0000000703200000, 0x0000000703200000|100%| O|  |TAMS 0x0000000703000000| PB 0x0000000703000000| Untracked |  0
|  25|0x0000000703200000, 0x0000000703400000, 0x0000000703400000|100%|HS|  |TAMS 0x0000000703200000| PB 0x0000000703200000| Complete |  0
|  26|0x0000000703400000, 0x0000000703600000, 0x0000000703600000|100%| O|  |TAMS 0x0000000703400000| PB 0x0000000703400000| Untracked |  0
|  27|0x0000000703600000, 0x0000000703800000, 0x0000000703800000|100%| O|  |TAMS 0x0000000703600000| PB 0x0000000703600000| Untracked |  0
|  28|0x0000000703800000, 0x0000000703a00000, 0x0000000703a00000|100%| O|  |TAMS 0x0000000703800000| PB 0x0000000703800000| Untracked |  0
|  29|0x0000000703a00000, 0x0000000703c00000, 0x0000000703c00000|100%| O|  |TAMS 0x0000000703a00000| PB 0x0000000703a00000| Untracked |  0
|  30|0x0000000703c00000, 0x0000000703e00000, 0x0000000703e00000|100%| O|Cm|TAMS 0x0000000703c00000| PB 0x0000000703c00000| Complete |  0
|  31|0x0000000703e00000, 0x0000000704000000, 0x0000000704000000|100%| O|  |TAMS 0x0000000703e00000| PB 0x0000000703e00000| Untracked |  0
|  32|0x0000000704000000, 0x0000000704200000, 0x0000000704200000|100%| O|  |TAMS 0x0000000704000000| PB 0x0000000704000000| Untracked |  0
|  33|0x0000000704200000, 0x0000000704400000, 0x0000000704400000|100%| O|  |TAMS 0x0000000704200000| PB 0x0000000704200000| Untracked |  0
|  34|0x0000000704400000, 0x0000000704600000, 0x0000000704600000|100%| O|  |TAMS 0x0000000704400000| PB 0x0000000704400000| Untracked |  0
|  35|0x0000000704600000, 0x0000000704800000, 0x0000000704800000|100%| O|  |TAMS 0x0000000704600000| PB 0x0000000704600000| Untracked |  0
|  36|0x0000000704800000, 0x0000000704a00000, 0x0000000704a00000|100%| O|  |TAMS 0x0000000704800000| PB 0x0000000704800000| Untracked |  0
|  37|0x0000000704a00000, 0x0000000704c00000, 0x0000000704c00000|100%| O|  |TAMS 0x0000000704a00000| PB 0x0000000704a00000| Untracked |  0
|  38|0x0000000704c00000, 0x0000000704e00000, 0x0000000704e00000|100%| O|Cm|TAMS 0x0000000704c00000| PB 0x0000000704c00000| Complete |  0
|  39|0x0000000704e00000, 0x0000000705000000, 0x0000000705000000|100%|HS|  |TAMS 0x0000000704e00000| PB 0x0000000704e00000| Complete |  0
|  40|0x0000000705000000, 0x0000000705200000, 0x0000000705200000|100%| O|  |TAMS 0x0000000705000000| PB 0x0000000705000000| Untracked |  0
|  41|0x0000000705200000, 0x0000000705400000, 0x0000000705400000|100%| O|  |TAMS 0x0000000705200000| PB 0x0000000705200000| Untracked |  0
|  42|0x0000000705400000, 0x0000000705600000, 0x0000000705600000|100%| O|Cm|TAMS 0x0000000705400000| PB 0x0000000705400000| Complete |  0
|  43|0x0000000705600000, 0x0000000705800000, 0x0000000705800000|100%| O|  |TAMS 0x0000000705600000| PB 0x0000000705600000| Untracked |  0
|  44|0x0000000705800000, 0x0000000705a00000, 0x0000000705a00000|100%| O|  |TAMS 0x0000000705800000| PB 0x0000000705800000| Untracked |  0
|  45|0x0000000705a00000, 0x0000000705c00000, 0x0000000705c00000|100%| O|  |TAMS 0x0000000705a00000| PB 0x0000000705a00000| Untracked |  0
|  46|0x0000000705c00000, 0x0000000705e00000, 0x0000000705e00000|100%| O|  |TAMS 0x0000000705c00000| PB 0x0000000705c00000| Untracked |  0
|  47|0x0000000705e00000, 0x0000000706000000, 0x0000000706000000|100%| O|  |TAMS 0x0000000705e00000| PB 0x0000000705e00000| Untracked |  0
|  48|0x0000000706000000, 0x0000000706200000, 0x0000000706200000|100%| O|  |TAMS 0x0000000706000000| PB 0x0000000706000000| Untracked |  0
|  49|0x0000000706200000, 0x0000000706400000, 0x0000000706400000|100%|HS|  |TAMS 0x0000000706200000| PB 0x0000000706200000| Complete |  0
|  50|0x0000000706400000, 0x0000000706600000, 0x0000000706600000|100%|HS|  |TAMS 0x0000000706400000| PB 0x0000000706400000| Complete |  0
|  51|0x0000000706600000, 0x0000000706800000, 0x0000000706800000|100%| O|  |TAMS 0x0000000706600000| PB 0x0000000706600000| Untracked |  0
|  52|0x0000000706800000, 0x0000000706a00000, 0x0000000706a00000|100%| O|  |TAMS 0x0000000706800000| PB 0x0000000706800000| Untracked |  0
|  53|0x0000000706a00000, 0x0000000706c00000, 0x0000000706c00000|100%| O|  |TAMS 0x0000000706a00000| PB 0x0000000706a00000| Untracked |  0
|  54|0x0000000706c00000, 0x0000000706e00000, 0x0000000706e00000|100%| O|  |TAMS 0x0000000706c00000| PB 0x0000000706c00000| Untracked |  0
|  55|0x0000000706e00000, 0x0000000707000000, 0x0000000707000000|100%| O|  |TAMS 0x0000000706e00000| PB 0x0000000706e00000| Untracked |  0
|  56|0x0000000707000000, 0x0000000707200000, 0x0000000707200000|100%| O|  |TAMS 0x0000000707000000| PB 0x0000000707000000| Untracked |  0
|  57|0x0000000707200000, 0x0000000707400000, 0x0000000707400000|100%| O|  |TAMS 0x0000000707200000| PB 0x0000000707200000| Untracked |  0
|  58|0x0000000707400000, 0x0000000707600000, 0x0000000707600000|100%| O|  |TAMS 0x0000000707400000| PB 0x0000000707400000| Untracked |  0
|  59|0x0000000707600000, 0x0000000707800000, 0x0000000707800000|100%| O|  |TAMS 0x0000000707600000| PB 0x0000000707600000| Untracked |  0
|  60|0x0000000707800000, 0x0000000707a00000, 0x0000000707a00000|100%| O|Cm|TAMS 0x0000000707800000| PB 0x0000000707800000| Complete |  0
|  61|0x0000000707a00000, 0x0000000707c00000, 0x0000000707c00000|100%| O|  |TAMS 0x0000000707a00000| PB 0x0000000707a00000| Untracked |  0
|  62|0x0000000707c00000, 0x0000000707e00000, 0x0000000707e00000|100%| O|  |TAMS 0x0000000707c00000| PB 0x0000000707c00000| Untracked |  0
|  63|0x0000000707e00000, 0x0000000708000000, 0x0000000708000000|100%| O|  |TAMS 0x0000000707e00000| PB 0x0000000707e00000| Untracked |  0
|  64|0x0000000708000000, 0x0000000708200000, 0x0000000708200000|100%| O|  |TAMS 0x0000000708000000| PB 0x0000000708000000| Untracked |  0
|  65|0x0000000708200000, 0x0000000708400000, 0x0000000708400000|100%| O|  |TAMS 0x0000000708200000| PB 0x0000000708200000| Untracked |  0
|  66|0x0000000708400000, 0x0000000708600000, 0x0000000708600000|100%| O|  |TAMS 0x0000000708400000| PB 0x0000000708400000| Untracked |  0
|  67|0x0000000708600000, 0x0000000708800000, 0x0000000708800000|100%| O|  |TAMS 0x0000000708600000| PB 0x0000000708600000| Untracked |  0
|  68|0x0000000708800000, 0x0000000708a00000, 0x0000000708a00000|100%| O|  |TAMS 0x0000000708800000| PB 0x0000000708800000| Untracked |  0
|  69|0x0000000708a00000, 0x0000000708c00000, 0x0000000708c00000|100%| O|  |TAMS 0x0000000708a00000| PB 0x0000000708a00000| Untracked |  0
|  70|0x0000000708c00000, 0x0000000708c00000, 0x0000000708e00000|  0%| F|  |TAMS 0x0000000708c00000| PB 0x0000000708c00000| Untracked |  0
|  71|0x0000000708e00000, 0x0000000709000000, 0x0000000709000000|100%| O|  |TAMS 0x0000000708e00000| PB 0x0000000708e00000| Untracked |  0
|  72|0x0000000709000000, 0x0000000709200000, 0x0000000709200000|100%| O|  |TAMS 0x0000000709000000| PB 0x0000000709000000| Untracked |  0
|  73|0x0000000709200000, 0x0000000709400000, 0x0000000709400000|100%| O|  |TAMS 0x0000000709200000| PB 0x0000000709200000| Untracked |  0
|  74|0x0000000709400000, 0x0000000709400000, 0x0000000709600000|  0%| F|  |TAMS 0x0000000709400000| PB 0x0000000709400000| Untracked |  0
|  75|0x0000000709600000, 0x0000000709800000, 0x0000000709800000|100%| O|  |TAMS 0x0000000709600000| PB 0x0000000709600000| Untracked |  0
|  76|0x0000000709800000, 0x0000000709a00000, 0x0000000709a00000|100%| O|  |TAMS 0x0000000709800000| PB 0x0000000709800000| Untracked |  0
|  77|0x0000000709a00000, 0x0000000709a00000, 0x0000000709c00000|  0%| F|  |TAMS 0x0000000709a00000| PB 0x0000000709a00000| Untracked |  0
|  78|0x0000000709c00000, 0x0000000709e00000, 0x0000000709e00000|100%| O|Cm|TAMS 0x0000000709c00000| PB 0x0000000709c00000| Complete |  0
|  79|0x0000000709e00000, 0x000000070a000000, 0x000000070a000000|100%| O|  |TAMS 0x0000000709e00000| PB 0x0000000709e00000| Untracked |  0
|  80|0x000000070a000000, 0x000000070a200000, 0x000000070a200000|100%| O|  |TAMS 0x000000070a000000| PB 0x000000070a000000| Untracked |  0
|  81|0x000000070a200000, 0x000000070a400000, 0x000000070a400000|100%| O|  |TAMS 0x000000070a200000| PB 0x000000070a200000| Untracked |  0
|  82|0x000000070a400000, 0x000000070a600000, 0x000000070a600000|100%| O|  |TAMS 0x000000070a400000| PB 0x000000070a400000| Untracked |  0
|  83|0x000000070a600000, 0x000000070a800000, 0x000000070a800000|100%| O|  |TAMS 0x000000070a600000| PB 0x000000070a600000| Untracked |  0
|  84|0x000000070a800000, 0x000000070aa00000, 0x000000070aa00000|100%|HS|  |TAMS 0x000000070a800000| PB 0x000000070a800000| Complete |  0
|  85|0x000000070aa00000, 0x000000070ac00000, 0x000000070ac00000|100%|HC|  |TAMS 0x000000070aa00000| PB 0x000000070aa00000| Complete |  0
|  86|0x000000070ac00000, 0x000000070ae00000, 0x000000070ae00000|100%|HC|  |TAMS 0x000000070ac00000| PB 0x000000070ac00000| Complete |  0
|  87|0x000000070ae00000, 0x000000070b000000, 0x000000070b000000|100%| O|  |TAMS 0x000000070ae00000| PB 0x000000070ae00000| Untracked |  0
|  88|0x000000070b000000, 0x000000070b200000, 0x000000070b200000|100%| O|  |TAMS 0x000000070b000000| PB 0x000000070b000000| Untracked |  0
|  89|0x000000070b200000, 0x000000070b400000, 0x000000070b400000|100%| O|  |TAMS 0x000000070b200000| PB 0x000000070b200000| Untracked |  0
|  90|0x000000070b400000, 0x000000070b600000, 0x000000070b600000|100%| O|  |TAMS 0x000000070b400000| PB 0x000000070b400000| Untracked |  0
|  91|0x000000070b600000, 0x000000070b800000, 0x000000070b800000|100%| O|  |TAMS 0x000000070b600000| PB 0x000000070b600000| Untracked |  0
|  92|0x000000070b800000, 0x000000070ba00000, 0x000000070ba00000|100%| O|  |TAMS 0x000000070b800000| PB 0x000000070b800000| Untracked |  0
|  93|0x000000070ba00000, 0x000000070bc00000, 0x000000070bc00000|100%| O|  |TAMS 0x000000070ba00000| PB 0x000000070ba00000| Untracked |  0
|  94|0x000000070bc00000, 0x000000070be00000, 0x000000070be00000|100%| O|  |TAMS 0x000000070bc00000| PB 0x000000070bc00000| Untracked |  0
|  95|0x000000070be00000, 0x000000070c000000, 0x000000070c000000|100%| O|  |TAMS 0x000000070be00000| PB 0x000000070be00000| Untracked |  0
|  96|0x000000070c000000, 0x000000070c200000, 0x000000070c200000|100%| O|  |TAMS 0x000000070c000000| PB 0x000000070c000000| Untracked |  0
|  97|0x000000070c200000, 0x000000070c400000, 0x000000070c400000|100%| O|  |TAMS 0x000000070c200000| PB 0x000000070c200000| Untracked |  0
|  98|0x000000070c400000, 0x000000070c600000, 0x000000070c600000|100%| O|  |TAMS 0x000000070c400000| PB 0x000000070c400000| Untracked |  0
|  99|0x000000070c600000, 0x000000070c800000, 0x000000070c800000|100%| O|  |TAMS 0x000000070c600000| PB 0x000000070c600000| Untracked |  0
| 100|0x000000070c800000, 0x000000070c800000, 0x000000070ca00000|  0%| F|  |TAMS 0x000000070c800000| PB 0x000000070c800000| Untracked |  0
| 101|0x000000070ca00000, 0x000000070cc00000, 0x000000070cc00000|100%| O|  |TAMS 0x000000070ca00000| PB 0x000000070ca00000| Untracked |  0
| 102|0x000000070cc00000, 0x000000070ce00000, 0x000000070ce00000|100%| O|  |TAMS 0x000000070cc00000| PB 0x000000070cc00000| Untracked |  0
| 103|0x000000070ce00000, 0x000000070d000000, 0x000000070d000000|100%| O|  |TAMS 0x000000070ce00000| PB 0x000000070ce00000| Untracked |  0
| 104|0x000000070d000000, 0x000000070d200000, 0x000000070d200000|100%| O|  |TAMS 0x000000070d000000| PB 0x000000070d000000| Untracked |  0
| 105|0x000000070d200000, 0x000000070d400000, 0x000000070d400000|100%| O|Cm|TAMS 0x000000070d200000| PB 0x000000070d200000| Complete |  0
| 106|0x000000070d400000, 0x000000070d600000, 0x000000070d600000|100%| O|  |TAMS 0x000000070d400000| PB 0x000000070d400000| Untracked |  0
| 107|0x000000070d600000, 0x000000070d800000, 0x000000070d800000|100%| O|  |TAMS 0x000000070d600000| PB 0x000000070d600000| Untracked |  0
| 108|0x000000070d800000, 0x000000070da00000, 0x000000070da00000|100%| O|  |TAMS 0x000000070d800000| PB 0x000000070d800000| Untracked |  0
| 109|0x000000070da00000, 0x000000070dc00000, 0x000000070dc00000|100%| O|  |TAMS 0x000000070da00000| PB 0x000000070da00000| Untracked |  0
| 110|0x000000070dc00000, 0x000000070de00000, 0x000000070de00000|100%| O|  |TAMS 0x000000070dc00000| PB 0x000000070dc00000| Untracked |  0
| 111|0x000000070de00000, 0x000000070e000000, 0x000000070e000000|100%| O|  |TAMS 0x000000070de00000| PB 0x000000070de00000| Untracked |  0
| 112|0x000000070e000000, 0x000000070e000000, 0x000000070e200000|  0%| F|  |TAMS 0x000000070e000000| PB 0x000000070e000000| Untracked |  0
| 113|0x000000070e200000, 0x000000070e400000, 0x000000070e400000|100%| O|  |TAMS 0x000000070e200000| PB 0x000000070e200000| Untracked |  0
| 114|0x000000070e400000, 0x000000070e600000, 0x000000070e600000|100%| O|  |TAMS 0x000000070e400000| PB 0x000000070e400000| Untracked |  0
| 115|0x000000070e600000, 0x000000070e800000, 0x000000070e800000|100%| O|  |TAMS 0x000000070e600000| PB 0x000000070e600000| Untracked |  0
| 116|0x000000070e800000, 0x000000070ea00000, 0x000000070ea00000|100%|HS|  |TAMS 0x000000070e800000| PB 0x000000070e800000| Complete |  0
| 117|0x000000070ea00000, 0x000000070ec00000, 0x000000070ec00000|100%|HC|  |TAMS 0x000000070ea00000| PB 0x000000070ea00000| Complete |  0
| 118|0x000000070ec00000, 0x000000070ec00000, 0x000000070ee00000|  0%| F|  |TAMS 0x000000070ec00000| PB 0x000000070ec00000| Untracked |  0
| 119|0x000000070ee00000, 0x000000070ee00000, 0x000000070f000000|  0%| F|  |TAMS 0x000000070ee00000| PB 0x000000070ee00000| Untracked |  0
| 120|0x000000070f000000, 0x000000070f000000, 0x000000070f200000|  0%| F|  |TAMS 0x000000070f000000| PB 0x000000070f000000| Untracked |  0
| 121|0x000000070f200000, 0x000000070f400000, 0x000000070f400000|100%| O|  |TAMS 0x000000070f200000| PB 0x000000070f200000| Untracked |  0
| 122|0x000000070f400000, 0x000000070f600000, 0x000000070f600000|100%| O|  |TAMS 0x000000070f400000| PB 0x000000070f400000| Untracked |  0
| 123|0x000000070f600000, 0x000000070f800000, 0x000000070f800000|100%| O|  |TAMS 0x000000070f600000| PB 0x000000070f600000| Untracked |  0
| 124|0x000000070f800000, 0x000000070f800000, 0x000000070fa00000|  0%| F|  |TAMS 0x000000070f800000| PB 0x000000070f800000| Untracked |  0
| 125|0x000000070fa00000, 0x000000070fc00000, 0x000000070fc00000|100%| O|Cm|TAMS 0x000000070fa00000| PB 0x000000070fa00000| Complete |  0
| 126|0x000000070fc00000, 0x000000070fe00000, 0x000000070fe00000|100%| O|  |TAMS 0x000000070fc00000| PB 0x000000070fc00000| Untracked |  0
| 127|0x000000070fe00000, 0x0000000710000000, 0x0000000710000000|100%| O|  |TAMS 0x000000070fe00000| PB 0x000000070fe00000| Untracked |  0
| 128|0x0000000710000000, 0x0000000710200000, 0x0000000710200000|100%| O|  |TAMS 0x0000000710000000| PB 0x0000000710000000| Untracked |  0
| 129|0x0000000710200000, 0x0000000710400000, 0x0000000710400000|100%| O|  |TAMS 0x0000000710200000| PB 0x0000000710200000| Untracked |  0
| 130|0x0000000710400000, 0x0000000710600000, 0x0000000710600000|100%| O|  |TAMS 0x0000000710400000| PB 0x0000000710400000| Untracked |  0
| 131|0x0000000710600000, 0x0000000710800000, 0x0000000710800000|100%| O|  |TAMS 0x0000000710600000| PB 0x0000000710600000| Untracked |  0
| 132|0x0000000710800000, 0x0000000710a00000, 0x0000000710a00000|100%| O|  |TAMS 0x0000000710800000| PB 0x0000000710800000| Untracked |  0
| 133|0x0000000710a00000, 0x0000000710c00000, 0x0000000710c00000|100%| O|  |TAMS 0x0000000710a00000| PB 0x0000000710a00000| Untracked |  0
| 134|0x0000000710c00000, 0x0000000710e00000, 0x0000000710e00000|100%| O|  |TAMS 0x0000000710c00000| PB 0x0000000710c00000| Untracked |  0
| 135|0x0000000710e00000, 0x0000000710e00000, 0x0000000711000000|  0%| F|  |TAMS 0x0000000710e00000| PB 0x0000000710e00000| Untracked |  0
| 136|0x0000000711000000, 0x0000000711000000, 0x0000000711200000|  0%| F|  |TAMS 0x0000000711000000| PB 0x0000000711000000| Untracked |  0
| 137|0x0000000711200000, 0x0000000711400000, 0x0000000711400000|100%| O|  |TAMS 0x0000000711200000| PB 0x0000000711200000| Untracked |  0
| 138|0x0000000711400000, 0x0000000711600000, 0x0000000711600000|100%| O|  |TAMS 0x0000000711400000| PB 0x0000000711400000| Untracked |  0
| 139|0x0000000711600000, 0x0000000711800000, 0x0000000711800000|100%| O|  |TAMS 0x0000000711600000| PB 0x0000000711600000| Untracked |  0
| 140|0x0000000711800000, 0x0000000711a00000, 0x0000000711a00000|100%| O|  |TAMS 0x0000000711800000| PB 0x0000000711800000| Untracked |  0
| 141|0x0000000711a00000, 0x0000000711c00000, 0x0000000711c00000|100%| O|  |TAMS 0x0000000711a00000| PB 0x0000000711a00000| Untracked |  0
| 142|0x0000000711c00000, 0x0000000711e00000, 0x0000000711e00000|100%| O|  |TAMS 0x0000000711c00000| PB 0x0000000711c00000| Untracked |  0
| 143|0x0000000711e00000, 0x0000000712000000, 0x0000000712000000|100%| O|  |TAMS 0x0000000711e00000| PB 0x0000000711e00000| Untracked |  0
| 144|0x0000000712000000, 0x0000000712200000, 0x0000000712200000|100%| O|  |TAMS 0x0000000712000000| PB 0x0000000712000000| Untracked |  0
| 145|0x0000000712200000, 0x0000000712400000, 0x0000000712400000|100%| O|  |TAMS 0x0000000712200000| PB 0x0000000712200000| Untracked |  0
| 146|0x0000000712400000, 0x0000000712400000, 0x0000000712600000|  0%| F|  |TAMS 0x0000000712400000| PB 0x0000000712400000| Untracked |  0
| 147|0x0000000712600000, 0x0000000712600000, 0x0000000712800000|  0%| F|  |TAMS 0x0000000712600000| PB 0x0000000712600000| Untracked |  0
| 148|0x0000000712800000, 0x0000000712800000, 0x0000000712a00000|  0%| F|  |TAMS 0x0000000712800000| PB 0x0000000712800000| Untracked |  0
| 149|0x0000000712a00000, 0x0000000712c00000, 0x0000000712c00000|100%| O|  |TAMS 0x0000000712a00000| PB 0x0000000712a00000| Untracked |  0
| 150|0x0000000712c00000, 0x0000000712e00000, 0x0000000712e00000|100%| O|  |TAMS 0x0000000712c00000| PB 0x0000000712c00000| Untracked |  0
| 151|0x0000000712e00000, 0x0000000713000000, 0x0000000713000000|100%| O|  |TAMS 0x0000000712e00000| PB 0x0000000712e00000| Untracked |  0
| 152|0x0000000713000000, 0x0000000713200000, 0x0000000713200000|100%| O|  |TAMS 0x0000000713000000| PB 0x0000000713000000| Untracked |  0
| 153|0x0000000713200000, 0x0000000713400000, 0x0000000713400000|100%| O|  |TAMS 0x0000000713200000| PB 0x0000000713200000| Untracked |  0
| 154|0x0000000713400000, 0x0000000713600000, 0x0000000713600000|100%| O|  |TAMS 0x0000000713400000| PB 0x0000000713400000| Untracked |  0
| 155|0x0000000713600000, 0x0000000713800000, 0x0000000713800000|100%| O|  |TAMS 0x0000000713600000| PB 0x0000000713600000| Untracked |  0
| 156|0x0000000713800000, 0x0000000713800000, 0x0000000713a00000|  0%| F|  |TAMS 0x0000000713800000| PB 0x0000000713800000| Untracked |  0
| 157|0x0000000713a00000, 0x0000000713c00000, 0x0000000713c00000|100%| O|  |TAMS 0x0000000713a00000| PB 0x0000000713a00000| Untracked |  0
| 158|0x0000000713c00000, 0x0000000713e00000, 0x0000000713e00000|100%| O|  |TAMS 0x0000000713c00000| PB 0x0000000713c00000| Untracked |  0
| 159|0x0000000713e00000, 0x0000000714000000, 0x0000000714000000|100%| O|  |TAMS 0x0000000713e00000| PB 0x0000000713e00000| Untracked |  0
| 160|0x0000000714000000, 0x0000000714200000, 0x0000000714200000|100%| O|  |TAMS 0x0000000714000000| PB 0x0000000714000000| Untracked |  0
| 161|0x0000000714200000, 0x0000000714400000, 0x0000000714400000|100%| O|  |TAMS 0x0000000714200000| PB 0x0000000714200000| Untracked |  0
| 162|0x0000000714400000, 0x0000000714600000, 0x0000000714600000|100%| O|  |TAMS 0x0000000714400000| PB 0x0000000714400000| Untracked |  0
| 163|0x0000000714600000, 0x0000000714800000, 0x0000000714800000|100%| O|  |TAMS 0x0000000714600000| PB 0x0000000714600000| Untracked |  0
| 164|0x0000000714800000, 0x00000007149066e0, 0x0000000714a00000| 51%| S|CS|TAMS 0x0000000714800000| PB 0x0000000714800000| Complete |  0
| 165|0x0000000714a00000, 0x0000000714c00000, 0x0000000714c00000|100%| S|CS|TAMS 0x0000000714a00000| PB 0x0000000714a00000| Complete |  0
| 166|0x0000000714c00000, 0x0000000714e00000, 0x0000000714e00000|100%| S|CS|TAMS 0x0000000714c00000| PB 0x0000000714c00000| Complete |  0
| 167|0x0000000714e00000, 0x0000000715000000, 0x0000000715000000|100%| S|CS|TAMS 0x0000000714e00000| PB 0x0000000714e00000| Complete |  0
| 168|0x0000000715000000, 0x0000000715200000, 0x0000000715200000|100%| S|CS|TAMS 0x0000000715000000| PB 0x0000000715000000| Complete |  0
| 169|0x0000000715200000, 0x0000000715400000, 0x0000000715400000|100%| S|CS|TAMS 0x0000000715200000| PB 0x0000000715200000| Complete |  0
| 170|0x0000000715400000, 0x0000000715600000, 0x0000000715600000|100%| S|CS|TAMS 0x0000000715400000| PB 0x0000000715400000| Complete |  0
| 171|0x0000000715600000, 0x0000000715800000, 0x0000000715800000|100%| S|CS|TAMS 0x0000000715600000| PB 0x0000000715600000| Complete |  0
| 172|0x0000000715800000, 0x0000000715a00000, 0x0000000715a00000|100%| S|CS|TAMS 0x0000000715800000| PB 0x0000000715800000| Complete |  0
| 173|0x0000000715a00000, 0x0000000715c00000, 0x0000000715c00000|100%| S|CS|TAMS 0x0000000715a00000| PB 0x0000000715a00000| Complete |  0
| 174|0x0000000715c00000, 0x0000000715c00000, 0x0000000715e00000|  0%| F|  |TAMS 0x0000000715c00000| PB 0x0000000715c00000| Untracked |  0
| 175|0x0000000715e00000, 0x0000000715e00000, 0x0000000716000000|  0%| F|  |TAMS 0x0000000715e00000| PB 0x0000000715e00000| Untracked |  0
| 176|0x0000000716000000, 0x0000000716000000, 0x0000000716200000|  0%| F|  |TAMS 0x0000000716000000| PB 0x0000000716000000| Untracked |  0
| 177|0x0000000716200000, 0x0000000716200000, 0x0000000716400000|  0%| F|  |TAMS 0x0000000716200000| PB 0x0000000716200000| Untracked |  0
| 178|0x0000000716400000, 0x0000000716400000, 0x0000000716600000|  0%| F|  |TAMS 0x0000000716400000| PB 0x0000000716400000| Untracked |  0
| 179|0x0000000716600000, 0x0000000716600000, 0x0000000716800000|  0%| F|  |TAMS 0x0000000716600000| PB 0x0000000716600000| Untracked |  0
| 180|0x0000000716800000, 0x0000000716800000, 0x0000000716a00000|  0%| F|  |TAMS 0x0000000716800000| PB 0x0000000716800000| Untracked |  0
| 181|0x0000000716a00000, 0x0000000716a00000, 0x0000000716c00000|  0%| F|  |TAMS 0x0000000716a00000| PB 0x0000000716a00000| Untracked |  0
| 182|0x0000000716c00000, 0x0000000716c00000, 0x0000000716e00000|  0%| F|  |TAMS 0x0000000716c00000| PB 0x0000000716c00000| Untracked |  0
| 183|0x0000000716e00000, 0x0000000716e00000, 0x0000000717000000|  0%| F|  |TAMS 0x0000000716e00000| PB 0x0000000716e00000| Untracked |  0
| 184|0x0000000717000000, 0x0000000717000000, 0x0000000717200000|  0%| F|  |TAMS 0x0000000717000000| PB 0x0000000717000000| Untracked |  0
| 185|0x0000000717200000, 0x0000000717200000, 0x0000000717400000|  0%| F|  |TAMS 0x0000000717200000| PB 0x0000000717200000| Untracked |  0
| 186|0x0000000717400000, 0x0000000717400000, 0x0000000717600000|  0%| F|  |TAMS 0x0000000717400000| PB 0x0000000717400000| Untracked |  0
| 187|0x0000000717600000, 0x0000000717600000, 0x0000000717800000|  0%| F|  |TAMS 0x0000000717600000| PB 0x0000000717600000| Untracked |  0
| 188|0x0000000717800000, 0x0000000717800000, 0x0000000717a00000|  0%| F|  |TAMS 0x0000000717800000| PB 0x0000000717800000| Untracked |  0
| 189|0x0000000717a00000, 0x0000000717a00000, 0x0000000717c00000|  0%| F|  |TAMS 0x0000000717a00000| PB 0x0000000717a00000| Untracked |  0
| 190|0x0000000717c00000, 0x0000000717c00000, 0x0000000717e00000|  0%| F|  |TAMS 0x0000000717c00000| PB 0x0000000717c00000| Untracked |  0
| 191|0x0000000717e00000, 0x0000000717e00000, 0x0000000718000000|  0%| F|  |TAMS 0x0000000717e00000| PB 0x0000000717e00000| Untracked |  0
| 192|0x0000000718000000, 0x0000000718000000, 0x0000000718200000|  0%| F|  |TAMS 0x0000000718000000| PB 0x0000000718000000| Untracked |  0
| 193|0x0000000718200000, 0x0000000718200000, 0x0000000718400000|  0%| F|  |TAMS 0x0000000718200000| PB 0x0000000718200000| Untracked |  0
| 194|0x0000000718400000, 0x0000000718400000, 0x0000000718600000|  0%| F|  |TAMS 0x0000000718400000| PB 0x0000000718400000| Untracked |  0
| 195|0x0000000718600000, 0x0000000718600000, 0x0000000718800000|  0%| F|  |TAMS 0x0000000718600000| PB 0x0000000718600000| Untracked |  0
| 196|0x0000000718800000, 0x0000000718800000, 0x0000000718a00000|  0%| F|  |TAMS 0x0000000718800000| PB 0x0000000718800000| Untracked |  0
| 197|0x0000000718a00000, 0x0000000718a00000, 0x0000000718c00000|  0%| F|  |TAMS 0x0000000718a00000| PB 0x0000000718a00000| Untracked |  0
| 198|0x0000000718c00000, 0x0000000718c00000, 0x0000000718e00000|  0%| F|  |TAMS 0x0000000718c00000| PB 0x0000000718c00000| Untracked |  0
| 199|0x0000000718e00000, 0x0000000718e00000, 0x0000000719000000|  0%| F|  |TAMS 0x0000000718e00000| PB 0x0000000718e00000| Untracked |  0
| 200|0x0000000719000000, 0x0000000719000000, 0x0000000719200000|  0%| F|  |TAMS 0x0000000719000000| PB 0x0000000719000000| Untracked |  0
| 201|0x0000000719200000, 0x0000000719200000, 0x0000000719400000|  0%| F|  |TAMS 0x0000000719200000| PB 0x0000000719200000| Untracked |  0
| 202|0x0000000719400000, 0x0000000719400000, 0x0000000719600000|  0%| F|  |TAMS 0x0000000719400000| PB 0x0000000719400000| Untracked |  0
| 203|0x0000000719600000, 0x0000000719600000, 0x0000000719800000|  0%| F|  |TAMS 0x0000000719600000| PB 0x0000000719600000| Untracked |  0
| 204|0x0000000719800000, 0x0000000719800000, 0x0000000719a00000|  0%| F|  |TAMS 0x0000000719800000| PB 0x0000000719800000| Untracked |  0
| 205|0x0000000719a00000, 0x0000000719a00000, 0x0000000719c00000|  0%| F|  |TAMS 0x0000000719a00000| PB 0x0000000719a00000| Untracked |  0
| 206|0x0000000719c00000, 0x0000000719c00000, 0x0000000719e00000|  0%| F|  |TAMS 0x0000000719c00000| PB 0x0000000719c00000| Untracked |  0
| 207|0x0000000719e00000, 0x0000000719e00000, 0x000000071a000000|  0%| F|  |TAMS 0x0000000719e00000| PB 0x0000000719e00000| Untracked |  0
| 208|0x000000071a000000, 0x000000071a000000, 0x000000071a200000|  0%| F|  |TAMS 0x000000071a000000| PB 0x000000071a000000| Untracked |  0
| 209|0x000000071a200000, 0x000000071a200000, 0x000000071a400000|  0%| F|  |TAMS 0x000000071a200000| PB 0x000000071a200000| Untracked |  0
| 210|0x000000071a400000, 0x000000071a400000, 0x000000071a600000|  0%| F|  |TAMS 0x000000071a400000| PB 0x000000071a400000| Untracked |  0
| 211|0x000000071a600000, 0x000000071a600000, 0x000000071a800000|  0%| F|  |TAMS 0x000000071a600000| PB 0x000000071a600000| Untracked |  0
| 212|0x000000071a800000, 0x000000071a800000, 0x000000071aa00000|  0%| F|  |TAMS 0x000000071a800000| PB 0x000000071a800000| Untracked |  0
| 213|0x000000071aa00000, 0x000000071aa00000, 0x000000071ac00000|  0%| F|  |TAMS 0x000000071aa00000| PB 0x000000071aa00000| Untracked |  0
| 214|0x000000071ac00000, 0x000000071ac00000, 0x000000071ae00000|  0%| F|  |TAMS 0x000000071ac00000| PB 0x000000071ac00000| Untracked |  0
| 215|0x000000071ae00000, 0x000000071ae00000, 0x000000071b000000|  0%| F|  |TAMS 0x000000071ae00000| PB 0x000000071ae00000| Untracked |  0
| 216|0x000000071b000000, 0x000000071b000000, 0x000000071b200000|  0%| F|  |TAMS 0x000000071b000000| PB 0x000000071b000000| Untracked |  0
| 217|0x000000071b200000, 0x000000071b200000, 0x000000071b400000|  0%| F|  |TAMS 0x000000071b200000| PB 0x000000071b200000| Untracked |  0
| 218|0x000000071b400000, 0x000000071b400000, 0x000000071b600000|  0%| F|  |TAMS 0x000000071b400000| PB 0x000000071b400000| Untracked |  0
| 219|0x000000071b600000, 0x000000071b600000, 0x000000071b800000|  0%| F|  |TAMS 0x000000071b600000| PB 0x000000071b600000| Untracked |  0
| 220|0x000000071b800000, 0x000000071b800000, 0x000000071ba00000|  0%| F|  |TAMS 0x000000071b800000| PB 0x000000071b800000| Untracked |  0
| 221|0x000000071ba00000, 0x000000071ba00000, 0x000000071bc00000|  0%| F|  |TAMS 0x000000071ba00000| PB 0x000000071ba00000| Untracked |  0
| 222|0x000000071bc00000, 0x000000071bc00000, 0x000000071be00000|  0%| F|  |TAMS 0x000000071bc00000| PB 0x000000071bc00000| Untracked |  0
| 223|0x000000071be00000, 0x000000071be00000, 0x000000071c000000|  0%| F|  |TAMS 0x000000071be00000| PB 0x000000071be00000| Untracked |  0
| 224|0x000000071c000000, 0x000000071c000000, 0x000000071c200000|  0%| F|  |TAMS 0x000000071c000000| PB 0x000000071c000000| Untracked |  0
| 225|0x000000071c200000, 0x000000071c200000, 0x000000071c400000|  0%| F|  |TAMS 0x000000071c200000| PB 0x000000071c200000| Untracked |  0
| 226|0x000000071c400000, 0x000000071c400000, 0x000000071c600000|  0%| F|  |TAMS 0x000000071c400000| PB 0x000000071c400000| Untracked |  0
| 227|0x000000071c600000, 0x000000071c800000, 0x000000071c800000|100%| E|  |TAMS 0x000000071c600000| PB 0x000000071c600000| Complete |  0
| 228|0x000000071c800000, 0x000000071ca00000, 0x000000071ca00000|100%| E|CS|TAMS 0x000000071c800000| PB 0x000000071c800000| Complete |  1
| 229|0x000000071ca00000, 0x000000071cc00000, 0x000000071cc00000|100%| E|CS|TAMS 0x000000071ca00000| PB 0x000000071ca00000| Complete |  0
| 230|0x000000071cc00000, 0x000000071ce00000, 0x000000071ce00000|100%| E|CS|TAMS 0x000000071cc00000| PB 0x000000071cc00000| Complete |  0
| 231|0x000000071ce00000, 0x000000071d000000, 0x000000071d000000|100%| E|CS|TAMS 0x000000071ce00000| PB 0x000000071ce00000| Complete |  0
| 232|0x000000071d000000, 0x000000071d200000, 0x000000071d200000|100%| E|CS|TAMS 0x000000071d000000| PB 0x000000071d000000| Complete |  0
| 233|0x000000071d200000, 0x000000071d400000, 0x000000071d400000|100%| E|CS|TAMS 0x000000071d200000| PB 0x000000071d200000| Complete |  0
| 234|0x000000071d400000, 0x000000071d600000, 0x000000071d600000|100%| E|CS|TAMS 0x000000071d400000| PB 0x000000071d400000| Complete |  0
| 235|0x000000071d600000, 0x000000071d800000, 0x000000071d800000|100%| E|  |TAMS 0x000000071d600000| PB 0x000000071d600000| Complete |  0
| 236|0x000000071d800000, 0x000000071da00000, 0x000000071da00000|100%| E|CS|TAMS 0x000000071d800000| PB 0x000000071d800000| Complete |  0
| 237|0x000000071da00000, 0x000000071dc00000, 0x000000071dc00000|100%| E|CS|TAMS 0x000000071da00000| PB 0x000000071da00000| Complete |  0
| 238|0x000000071dc00000, 0x000000071de00000, 0x000000071de00000|100%| E|CS|TAMS 0x000000071dc00000| PB 0x000000071dc00000| Complete |  0
| 239|0x000000071de00000, 0x000000071e000000, 0x000000071e000000|100%| E|CS|TAMS 0x000000071de00000| PB 0x000000071de00000| Complete |  0
| 240|0x000000071e000000, 0x000000071e200000, 0x000000071e200000|100%| E|CS|TAMS 0x000000071e000000| PB 0x000000071e000000| Complete |  0
| 241|0x000000071e200000, 0x000000071e400000, 0x000000071e400000|100%| E|CS|TAMS 0x000000071e200000| PB 0x000000071e200000| Complete |  0
| 242|0x000000071e400000, 0x000000071e600000, 0x000000071e600000|100%| E|CS|TAMS 0x000000071e400000| PB 0x000000071e400000| Complete |  0
| 243|0x000000071e600000, 0x000000071e800000, 0x000000071e800000|100%| E|CS|TAMS 0x000000071e600000| PB 0x000000071e600000| Complete |  0
| 244|0x000000071e800000, 0x000000071ea00000, 0x000000071ea00000|100%| E|CS|TAMS 0x000000071e800000| PB 0x000000071e800000| Complete |  0
| 245|0x000000071ea00000, 0x000000071ec00000, 0x000000071ec00000|100%| E|CS|TAMS 0x000000071ea00000| PB 0x000000071ea00000| Complete |  0
| 246|0x000000071ec00000, 0x000000071ee00000, 0x000000071ee00000|100%| E|CS|TAMS 0x000000071ec00000| PB 0x000000071ec00000| Complete |  0
| 247|0x000000071ee00000, 0x000000071f000000, 0x000000071f000000|100%| E|CS|TAMS 0x000000071ee00000| PB 0x000000071ee00000| Complete |  0
| 248|0x000000071f000000, 0x000000071f200000, 0x000000071f200000|100%| E|CS|TAMS 0x000000071f000000| PB 0x000000071f000000| Complete |  0
| 249|0x000000071f200000, 0x000000071f400000, 0x000000071f400000|100%| E|CS|TAMS 0x000000071f200000| PB 0x000000071f200000| Complete |  0
| 250|0x000000071f400000, 0x000000071f600000, 0x000000071f600000|100%| E|CS|TAMS 0x000000071f400000| PB 0x000000071f400000| Complete |  0
| 251|0x000000071f600000, 0x000000071f800000, 0x000000071f800000|100%| E|CS|TAMS 0x000000071f600000| PB 0x000000071f600000| Complete |  0
| 252|0x000000071f800000, 0x000000071fa00000, 0x000000071fa00000|100%| E|CS|TAMS 0x000000071f800000| PB 0x000000071f800000| Complete |  0
| 253|0x000000071fa00000, 0x000000071fc00000, 0x000000071fc00000|100%| E|CS|TAMS 0x000000071fa00000| PB 0x000000071fa00000| Complete |  0
| 254|0x000000071fc00000, 0x000000071fe00000, 0x000000071fe00000|100%| E|CS|TAMS 0x000000071fc00000| PB 0x000000071fc00000| Complete |  0
| 255|0x000000071fe00000, 0x0000000720000000, 0x0000000720000000|100%| E|CS|TAMS 0x000000071fe00000| PB 0x000000071fe00000| Complete |  0
| 256|0x0000000720000000, 0x0000000720200000, 0x0000000720200000|100%| E|CS|TAMS 0x0000000720000000| PB 0x0000000720000000| Complete |  0
| 257|0x0000000720200000, 0x0000000720400000, 0x0000000720400000|100%| E|CS|TAMS 0x0000000720200000| PB 0x0000000720200000| Complete |  0
| 258|0x0000000720400000, 0x0000000720600000, 0x0000000720600000|100%| E|CS|TAMS 0x0000000720400000| PB 0x0000000720400000| Complete |  0
| 259|0x0000000720600000, 0x0000000720800000, 0x0000000720800000|100%| E|CS|TAMS 0x0000000720600000| PB 0x0000000720600000| Complete |  0
| 260|0x0000000720800000, 0x0000000720a00000, 0x0000000720a00000|100%| E|CS|TAMS 0x0000000720800000| PB 0x0000000720800000| Complete |  0
| 261|0x0000000720a00000, 0x0000000720c00000, 0x0000000720c00000|100%| E|CS|TAMS 0x0000000720a00000| PB 0x0000000720a00000| Complete |  0
| 262|0x0000000720c00000, 0x0000000720e00000, 0x0000000720e00000|100%| E|CS|TAMS 0x0000000720c00000| PB 0x0000000720c00000| Complete |  0
| 263|0x0000000720e00000, 0x0000000721000000, 0x0000000721000000|100%| E|CS|TAMS 0x0000000720e00000| PB 0x0000000720e00000| Complete |  0
| 264|0x0000000721000000, 0x0000000721200000, 0x0000000721200000|100%| E|CS|TAMS 0x0000000721000000| PB 0x0000000721000000| Complete |  0
| 265|0x0000000721200000, 0x0000000721400000, 0x0000000721400000|100%| E|CS|TAMS 0x0000000721200000| PB 0x0000000721200000| Complete |  0
| 266|0x0000000721400000, 0x0000000721600000, 0x0000000721600000|100%| E|CS|TAMS 0x0000000721400000| PB 0x0000000721400000| Complete |  0
| 267|0x0000000721600000, 0x0000000721800000, 0x0000000721800000|100%| E|CS|TAMS 0x0000000721600000| PB 0x0000000721600000| Complete |  0
| 268|0x0000000721800000, 0x0000000721a00000, 0x0000000721a00000|100%| E|CS|TAMS 0x0000000721800000| PB 0x0000000721800000| Complete |  0
| 269|0x0000000721a00000, 0x0000000721c00000, 0x0000000721c00000|100%| E|CS|TAMS 0x0000000721a00000| PB 0x0000000721a00000| Complete |  0
| 270|0x0000000721c00000, 0x0000000721e00000, 0x0000000721e00000|100%| E|CS|TAMS 0x0000000721c00000| PB 0x0000000721c00000| Complete |  0
| 271|0x0000000721e00000, 0x0000000722000000, 0x0000000722000000|100%| E|CS|TAMS 0x0000000721e00000| PB 0x0000000721e00000| Complete |  0
| 272|0x0000000722000000, 0x0000000722200000, 0x0000000722200000|100%| E|CS|TAMS 0x0000000722000000| PB 0x0000000722000000| Complete |  0
| 273|0x0000000722200000, 0x0000000722400000, 0x0000000722400000|100%| E|CS|TAMS 0x0000000722200000| PB 0x0000000722200000| Complete |  0
| 274|0x0000000722400000, 0x0000000722600000, 0x0000000722600000|100%| E|CS|TAMS 0x0000000722400000| PB 0x0000000722400000| Complete |  0
| 275|0x0000000722600000, 0x0000000722800000, 0x0000000722800000|100%| E|CS|TAMS 0x0000000722600000| PB 0x0000000722600000| Complete |  0
| 276|0x0000000722800000, 0x0000000722a00000, 0x0000000722a00000|100%| E|CS|TAMS 0x0000000722800000| PB 0x0000000722800000| Complete |  0
| 277|0x0000000722a00000, 0x0000000722c00000, 0x0000000722c00000|100%| E|CS|TAMS 0x0000000722a00000| PB 0x0000000722a00000| Complete |  0
| 278|0x0000000722c00000, 0x0000000722e00000, 0x0000000722e00000|100%| E|CS|TAMS 0x0000000722c00000| PB 0x0000000722c00000| Complete |  0
| 279|0x0000000722e00000, 0x0000000723000000, 0x0000000723000000|100%| E|CS|TAMS 0x0000000722e00000| PB 0x0000000722e00000| Complete |  0
| 280|0x0000000723000000, 0x0000000723200000, 0x0000000723200000|100%| E|CS|TAMS 0x0000000723000000| PB 0x0000000723000000| Complete |  0
| 281|0x0000000723200000, 0x0000000723400000, 0x0000000723400000|100%| E|CS|TAMS 0x0000000723200000| PB 0x0000000723200000| Complete |  0
| 282|0x0000000723400000, 0x0000000723600000, 0x0000000723600000|100%| E|CS|TAMS 0x0000000723400000| PB 0x0000000723400000| Complete |  0
| 283|0x0000000723600000, 0x0000000723800000, 0x0000000723800000|100%| E|CS|TAMS 0x0000000723600000| PB 0x0000000723600000| Complete |  0
| 284|0x0000000723800000, 0x0000000723a00000, 0x0000000723a00000|100%| E|CS|TAMS 0x0000000723800000| PB 0x0000000723800000| Complete |  0
| 285|0x0000000723a00000, 0x0000000723c00000, 0x0000000723c00000|100%| E|CS|TAMS 0x0000000723a00000| PB 0x0000000723a00000| Complete |  0
| 286|0x0000000723c00000, 0x0000000723e00000, 0x0000000723e00000|100%| E|CS|TAMS 0x0000000723c00000| PB 0x0000000723c00000| Complete |  0
| 287|0x0000000723e00000, 0x0000000724000000, 0x0000000724000000|100%| E|CS|TAMS 0x0000000723e00000| PB 0x0000000723e00000| Complete |  0
| 288|0x0000000724000000, 0x0000000724200000, 0x0000000724200000|100%| E|CS|TAMS 0x0000000724000000| PB 0x0000000724000000| Complete |  0
| 289|0x0000000724200000, 0x0000000724400000, 0x0000000724400000|100%| E|CS|TAMS 0x0000000724200000| PB 0x0000000724200000| Complete |  0
| 290|0x0000000724400000, 0x0000000724600000, 0x0000000724600000|100%| E|CS|TAMS 0x0000000724400000| PB 0x0000000724400000| Complete |  0
| 291|0x0000000724600000, 0x0000000724800000, 0x0000000724800000|100%| E|CS|TAMS 0x0000000724600000| PB 0x0000000724600000| Complete |  0
| 292|0x0000000724800000, 0x0000000724a00000, 0x0000000724a00000|100%| E|CS|TAMS 0x0000000724800000| PB 0x0000000724800000| Complete |  0
| 293|0x0000000724a00000, 0x0000000724c00000, 0x0000000724c00000|100%| E|CS|TAMS 0x0000000724a00000| PB 0x0000000724a00000| Complete |  0
| 294|0x0000000724c00000, 0x0000000724e00000, 0x0000000724e00000|100%| E|CS|TAMS 0x0000000724c00000| PB 0x0000000724c00000| Complete |  0
| 295|0x0000000724e00000, 0x0000000725000000, 0x0000000725000000|100%| E|CS|TAMS 0x0000000724e00000| PB 0x0000000724e00000| Complete |  0
| 296|0x0000000725000000, 0x0000000725200000, 0x0000000725200000|100%| E|CS|TAMS 0x0000000725000000| PB 0x0000000725000000| Complete |  0
| 297|0x0000000725200000, 0x0000000725400000, 0x0000000725400000|100%| E|CS|TAMS 0x0000000725200000| PB 0x0000000725200000| Complete |  0
| 298|0x0000000725400000, 0x0000000725600000, 0x0000000725600000|100%| E|CS|TAMS 0x0000000725400000| PB 0x0000000725400000| Complete |  0
| 299|0x0000000725600000, 0x0000000725800000, 0x0000000725800000|100%| E|CS|TAMS 0x0000000725600000| PB 0x0000000725600000| Complete |  0
| 300|0x0000000725800000, 0x0000000725a00000, 0x0000000725a00000|100%| E|CS|TAMS 0x0000000725800000| PB 0x0000000725800000| Complete |  0
| 301|0x0000000725a00000, 0x0000000725c00000, 0x0000000725c00000|100%| E|CS|TAMS 0x0000000725a00000| PB 0x0000000725a00000| Complete |  0
| 302|0x0000000725c00000, 0x0000000725e00000, 0x0000000725e00000|100%| E|CS|TAMS 0x0000000725c00000| PB 0x0000000725c00000| Complete |  0
| 303|0x0000000725e00000, 0x0000000726000000, 0x0000000726000000|100%| E|CS|TAMS 0x0000000725e00000| PB 0x0000000725e00000| Complete |  0
| 304|0x0000000726000000, 0x0000000726200000, 0x0000000726200000|100%| E|CS|TAMS 0x0000000726000000| PB 0x0000000726000000| Complete |  0
| 305|0x0000000726200000, 0x0000000726400000, 0x0000000726400000|100%| E|CS|TAMS 0x0000000726200000| PB 0x0000000726200000| Complete |  0
| 306|0x0000000726400000, 0x0000000726600000, 0x0000000726600000|100%| E|CS|TAMS 0x0000000726400000| PB 0x0000000726400000| Complete |  0
| 307|0x0000000726600000, 0x0000000726800000, 0x0000000726800000|100%| E|CS|TAMS 0x0000000726600000| PB 0x0000000726600000| Complete |  0
|2026|0x00000007fd400000, 0x00000007fd600000, 0x00000007fd600000|100%| O|Cm|TAMS 0x00000007fd400000| PB 0x00000007fd400000| Complete |  0
|2027|0x00000007fd600000, 0x00000007fd800000, 0x00000007fd800000|100%| O|  |TAMS 0x00000007fd600000| PB 0x00000007fd600000| Untracked |  0
|2028|0x00000007fd800000, 0x00000007fda00000, 0x00000007fda00000|100%| O|  |TAMS 0x00000007fd800000| PB 0x00000007fd800000| Untracked |  0
|2029|0x00000007fda00000, 0x00000007fdc00000, 0x00000007fdc00000|100%| E|CS|TAMS 0x00000007fda00000| PB 0x00000007fda00000| Complete |  0
|2030|0x00000007fdc00000, 0x00000007fde00000, 0x00000007fde00000|100%| O|Cm|TAMS 0x00000007fdc00000| PB 0x00000007fdc00000| Complete |  0
|2031|0x00000007fde00000, 0x00000007fe000000, 0x00000007fe000000|100%| E|CS|TAMS 0x00000007fde00000| PB 0x00000007fde00000| Complete |  0
|2032|0x00000007fe000000, 0x00000007fe200000, 0x00000007fe200000|100%| E|CS|TAMS 0x00000007fe000000| PB 0x00000007fe000000| Complete |  0
|2033|0x00000007fe200000, 0x00000007fe400000, 0x00000007fe400000|100%| E|CS|TAMS 0x00000007fe200000| PB 0x00000007fe200000| Complete |  0
|2034|0x00000007fe400000, 0x00000007fe600000, 0x00000007fe600000|100%| E|CS|TAMS 0x00000007fe400000| PB 0x00000007fe400000| Complete |  0
|2035|0x00000007fe600000, 0x00000007fe800000, 0x00000007fe800000|100%| E|CS|TAMS 0x00000007fe600000| PB 0x00000007fe600000| Complete |  0
|2036|0x00000007fe800000, 0x00000007fea00000, 0x00000007fea00000|100%| E|CS|TAMS 0x00000007fe800000| PB 0x00000007fe800000| Complete |  0
|2037|0x00000007fea00000, 0x00000007fec00000, 0x00000007fec00000|100%| E|CS|TAMS 0x00000007fea00000| PB 0x00000007fea00000| Complete |  0
|2038|0x00000007fec00000, 0x00000007fee00000, 0x00000007fee00000|100%| E|CS|TAMS 0x00000007fec00000| PB 0x00000007fec00000| Complete |  0
|2039|0x00000007fee00000, 0x00000007ff000000, 0x00000007ff000000|100%| E|CS|TAMS 0x00000007fee00000| PB 0x00000007fee00000| Complete |  0
|2040|0x00000007ff000000, 0x00000007ff200000, 0x00000007ff200000|100%| E|CS|TAMS 0x00000007ff000000| PB 0x00000007ff000000| Complete |  0
|2041|0x00000007ff200000, 0x00000007ff400000, 0x00000007ff400000|100%| E|CS|TAMS 0x00000007ff200000| PB 0x00000007ff200000| Complete |  0
|2042|0x00000007ff400000, 0x00000007ff600000, 0x00000007ff600000|100%| O|  |TAMS 0x00000007ff400000| PB 0x00000007ff400000| Untracked |  0
|2043|0x00000007ff600000, 0x00000007ff800000, 0x00000007ff800000|100%| O|  |TAMS 0x00000007ff600000| PB 0x00000007ff600000| Untracked |  0
|2044|0x00000007ff800000, 0x00000007ffa00000, 0x00000007ffa00000|100%| O|  |TAMS 0x00000007ff800000| PB 0x00000007ff800000| Untracked |  0
|2045|0x00000007ffa00000, 0x00000007ffc00000, 0x00000007ffc00000|100%| O|  |TAMS 0x00000007ffa00000| PB 0x00000007ffa00000| Untracked |  0
|2046|0x00000007ffc00000, 0x00000007ffe00000, 0x00000007ffe00000|100%| O|  |TAMS 0x00000007ffc00000| PB 0x00000007ffc00000| Untracked |  0
|2047|0x00000007ffe00000, 0x0000000800000000, 0x0000000800000000|100%| E|CS|TAMS 0x00000007ffe00000| PB 0x00000007ffe00000| Complete |  0

Card table byte_map: [0x000001f249560000,0x000001f249d60000] _byte_map_base: 0x000001f245d60000

Marking Bits: (CMBitMap*) 0x000001f230eeece0
 Bits: [0x000001f249d60000, 0x000001f24dd60000)

Polling page: 0x000001f22ef30000

Metaspace:
Metaspace        used 277494K, committed 280256K, reserved 1310720K
 class space     used 28225K, committed 29504K, reserved 1048576K

Usage:
  Non-class:    243.43 MB used.
      Class:     27.56 MB used.
       Both:    270.99 MB used.

Virtual space:
  Non-class space:      256.00 MB reserved,     244.88 MB ( 96%) committed,  4 nodes.
      Class space:        1.00 GB reserved,      28.81 MB (  3%) committed,  1 nodes.
             Both:        1.25 GB reserved,     273.69 MB ( 21%) committed. 

Chunk freelists:
   Non-Class:  10.55 MB
       Class:  3.14 MB
        Both:  13.69 MB

MaxMetaspaceSize: unlimited
CompressedClassSpaceSize: 1.00 GB
Initial GC threshold: 21.00 MB
Current GC threshold: 439.81 MB
CDS: on
 - commit_granule_bytes: 65536.
 - commit_granule_words: 8192.
 - virtual_space_node_default_size: 8388608.
 - enlarge_chunks_in_place: 1.
UseCompressedClassPointers 1, UseCompactObjectHeaders 0
Narrow klass pointer bits 32, Max shift 3
Narrow klass base: 0x0000000018000000, Narrow klass shift: 0
Encoding Range: [0x0000000018000000 - 0x0000000118000000), (4294967296 bytes)
Klass Range:    [0x0000000018010000 - 0x0000000059000000), (1090453504 bytes)
Klass ID Range:  [65536 - 1090519033) (1090453497)
Protection zone: [0x0000000018000000 - 0x0000000018010000), (65536 bytes)


Internal statistics:

num_allocs_failed_limit: 9.
num_arena_births: 4806.
num_arena_deaths: 14.
num_vsnodes_births: 5.
num_vsnodes_deaths: 0.
num_space_committed: 4373.
num_space_uncommitted: 0.
num_chunks_returned_to_freelist: 27.
num_chunks_taken_from_freelist: 16197.
num_chunk_merges: 10.
num_chunk_splits: 11436.
num_chunks_enlarged: 8017.
num_inconsistent_stats: 0.

CodeHeap 'non-profiled nmethods': size=120064Kb used=11176Kb max_used=13698Kb free=108888Kb
 bounds [0x000001f2411c0000, 0x000001f241f60000, 0x000001f248700000]
CodeHeap 'profiled nmethods': size=120000Kb used=36294Kb max_used=56657Kb free=83705Kb
 bounds [0x000001f239700000, 0x000001f23ce90000, 0x000001f240c30000]
CodeHeap 'non-nmethods': size=5696Kb used=2582Kb max_used=2723Kb free=3114Kb
 bounds [0x000001f240c30000, 0x000001f240f00000, 0x000001f2411c0000]
CodeCache: size=245760Kb, used=50052Kb, max_used=73078Kb, free=195707Kb
 total_blobs=23208, nmethods=21828, adapters=1277, full_count=0
Compilation: enabled, stopped_count=0, restarted_count=0

Compilation events (20 events):
Event: 78.888 Thread 0x000001f2506b0960 52505   !   3       java.nio.file.Files::walkFileTree (297 bytes)
Event: 78.891 Thread 0x000001f2506b0960 nmethod 52505 0x000001f23be3ea08 code [0x000001f23be3eb00, 0x000001f23be40818]
Event: 78.900 Thread 0x000001f27bbd06b0 nmethod 49235 0x000001f241b59008 code [0x000001f241b59100, 0x000001f241b59870]
Event: 78.900 Thread 0x000001f27bbd06b0 49275       4       com.android.tools.r8.internal.fg0::a (5 bytes)
Event: 78.901 Thread 0x000001f27bbd06b0 nmethod 49275 0x000001f2418d4a08 code [0x000001f2418d4b00, 0x000001f2418d4bb0]
Event: 78.901 Thread 0x000001f27bbd06b0 49239       4       jdk.internal.jimage.ImageLocation::getAttribute (44 bytes)
Event: 78.902 Thread 0x000001f27bbd06b0 nmethod 49239 0x000001f2418d4688 code [0x000001f2418d4780, 0x000001f2418d4858]
Event: 78.902 Thread 0x000001f27bbd06b0 49248       4       com.android.tools.r8.internal.pa1::a (45 bytes)
Event: 78.903 Thread 0x000001f27bbd06b0 nmethod 49248 0x000001f241b58d08 code [0x000001f241b58e00, 0x000001f241b58ec0]
Event: 78.903 Thread 0x000001f27bbd06b0 52326       4       com.android.aapt.Resources$SourcePosition::writeTo (41 bytes)
Event: 78.918 Thread 0x000001f2506b0960 52506       2       java.nio.file.FileTreeWalker::<init> (144 bytes)
Event: 78.918 Thread 0x000001f2506b1980 nmethod 50112 0x000001f241731808 code [0x000001f241731900, 0x000001f241732c38]
Event: 78.918 Thread 0x000001f2506b1980 52330       4       com.android.aapt.Resources$Source::writeTo (41 bytes)
Event: 78.919 Thread 0x000001f2506b0960 nmethod 52506 0x000001f23be3e088 code [0x000001f23be3e180, 0x000001f23be3e9d8]
Event: 78.919 Thread 0x000001f2506b0960 52507       2       org.gradle.internal.snapshot.impl.FilteredTrackingMerkleDirectorySnapshotBuilder::enterDirectory (28 bytes)
Event: 78.919 Thread 0x000001f27bbd06b0 nmethod 52326 0x000001f241cc9388 code [0x000001f241cc9480, 0x000001f241cc9a50]
Event: 78.919 Thread 0x000001f27bbd06b0 52325       4       com.android.aapt.Resources$Item::writeTo (207 bytes)
Event: 78.919 Thread 0x000001f2506b0960 nmethod 52507 0x000001f23a94cd88 code [0x000001f23a94ce80, 0x000001f23a94d028]
Event: 78.939 Thread 0x000001f2506b0960 52508       2       org.gradle.internal.snapshot.impl.IsolatedEnumValueSnapshot::isolate (5 bytes)
Event: 78.939 Thread 0x000001f2506b0960 nmethod 52508 0x000001f23a94c908 code [0x000001f23a94ca00, 0x000001f23a94cb08]

GC Heap Usage History (20 events):
Event: 65.759 {heap Before GC invocations=69 (full 0):
 garbage-first heap   total reserved 4194304K, committed 651264K, used 586426K [0x0000000700000000, 0x0000000800000000)
  region size 2048K, 155 young (317440K), 7 survivors (14336K)
}
Event: 65.775 {heap After GC invocations=70 (full 0):
 garbage-first heap   total reserved 4194304K, committed 651264K, used 307806K [0x0000000700000000, 0x0000000800000000)
  region size 2048K, 19 young (38912K), 19 survivors (38912K)
}
Event: 66.880 {heap Before GC invocations=70 (full 0):
 garbage-first heap   total reserved 4194304K, committed 651264K, used 588382K [0x0000000700000000, 0x0000000800000000)
  region size 2048K, 156 young (319488K), 19 survivors (38912K)
}
Event: 66.912 {heap After GC invocations=71 (full 0):
 garbage-first heap   total reserved 4194304K, committed 659456K, used 323122K [0x0000000700000000, 0x0000000800000000)
  region size 2048K, 12 young (24576K), 12 survivors (24576K)
}
Event: 68.243 {heap Before GC invocations=71 (full 0):
 garbage-first heap   total reserved 4194304K, committed 659456K, used 597554K [0x0000000700000000, 0x0000000800000000)
  region size 2048K, 146 young (299008K), 12 survivors (24576K)
}
Event: 68.269 {heap After GC invocations=72 (full 0):
 garbage-first heap   total reserved 4194304K, committed 659456K, used 329194K [0x0000000700000000, 0x0000000800000000)
  region size 2048K, 3 young (6144K), 3 survivors (6144K)
}
Event: 69.734 {heap Before GC invocations=73 (full 0):
 garbage-first heap   total reserved 4194304K, committed 659456K, used 607722K [0x0000000700000000, 0x0000000800000000)
  region size 2048K, 139 young (284672K), 3 survivors (6144K)
}
Event: 69.759 {heap After GC invocations=74 (full 0):
 garbage-first heap   total reserved 4194304K, committed 659456K, used 344750K [0x0000000700000000, 0x0000000800000000)
  region size 2048K, 11 young (22528K), 11 survivors (22528K)
}
Event: 70.289 {heap Before GC invocations=74 (full 0):
 garbage-first heap   total reserved 4194304K, committed 659456K, used 608942K [0x0000000700000000, 0x0000000800000000)
  region size 2048K, 140 young (286720K), 11 survivors (22528K)
}
Event: 70.317 {heap After GC invocations=75 (full 0):
 garbage-first heap   total reserved 4194304K, committed 659456K, used 343049K [0x0000000700000000, 0x0000000800000000)
  region size 2048K, 13 young (26624K), 13 survivors (26624K)
}
Event: 71.032 {heap Before GC invocations=75 (full 0):
 garbage-first heap   total reserved 4194304K, committed 659456K, used 611337K [0x0000000700000000, 0x0000000800000000)
  region size 2048K, 145 young (296960K), 13 survivors (26624K)
}
Event: 71.049 {heap After GC invocations=76 (full 0):
 garbage-first heap   total reserved 4194304K, committed 659456K, used 340318K [0x0000000700000000, 0x0000000800000000)
  region size 2048K, 7 young (14336K), 7 survivors (14336K)
}
Event: 72.312 {heap Before GC invocations=77 (full 0):
 garbage-first heap   total reserved 4194304K, committed 659456K, used 616798K [0x0000000700000000, 0x0000000800000000)
  region size 2048K, 142 young (290816K), 7 survivors (14336K)
}
Event: 72.331 {heap After GC invocations=78 (full 0):
 garbage-first heap   total reserved 4194304K, committed 659456K, used 338789K [0x0000000700000000, 0x0000000800000000)
  region size 2048K, 6 young (12288K), 6 survivors (12288K)
}
Event: 74.070 {heap Before GC invocations=78 (full 0):
 garbage-first heap   total reserved 4194304K, committed 659456K, used 623461K [0x0000000700000000, 0x0000000800000000)
  region size 2048K, 145 young (296960K), 6 survivors (12288K)
}
Event: 74.093 {heap After GC invocations=79 (full 0):
 garbage-first heap   total reserved 4194304K, committed 675840K, used 336010K [0x0000000700000000, 0x0000000800000000)
  region size 2048K, 12 young (24576K), 12 survivors (24576K)
}
Event: 74.810 {heap Before GC invocations=79 (full 0):
 garbage-first heap   total reserved 4194304K, committed 675840K, used 635018K [0x0000000700000000, 0x0000000800000000)
  region size 2048K, 158 young (323584K), 12 survivors (24576K)
}
Event: 74.829 {heap After GC invocations=80 (full 0):
 garbage-first heap   total reserved 4194304K, committed 675840K, used 338900K [0x0000000700000000, 0x0000000800000000)
  region size 2048K, 10 young (20480K), 10 survivors (20480K)
}
Event: 77.008 {heap Before GC invocations=81 (full 0):
 garbage-first heap   total reserved 4194304K, committed 675840K, used 637908K [0x0000000700000000, 0x0000000800000000)
  region size 2048K, 157 young (321536K), 10 survivors (20480K)
}
Event: 77.022 {heap After GC invocations=82 (full 0):
 garbage-first heap   total reserved 4194304K, committed 675840K, used 338839K [0x0000000700000000, 0x0000000800000000)
  region size 2048K, 10 young (20480K), 10 survivors (20480K)
}

Metaspace Usage History (20 events):
Event: 65.759 {metaspace Before GC invocations=69 (full 0):
 Metaspace       used 252439K, committed 255104K, reserved 1310720K
  class space    used 25936K, committed 27200K, reserved 1048576K
}
Event: 65.775 {metaspace After GC invocations=70 (full 0):
 Metaspace       used 252439K, committed 255104K, reserved 1310720K
  class space    used 25936K, committed 27200K, reserved 1048576K
}
Event: 66.880 {metaspace Before GC invocations=70 (full 0):
 Metaspace       used 252595K, committed 255296K, reserved 1310720K
  class space    used 25947K, committed 27264K, reserved 1048576K
}
Event: 66.912 {metaspace After GC invocations=71 (full 0):
 Metaspace       used 252595K, committed 255296K, reserved 1310720K
  class space    used 25947K, committed 27264K, reserved 1048576K
}
Event: 68.243 {metaspace Before GC invocations=71 (full 0):
 Metaspace       used 257373K, committed 260096K, reserved 1310720K
  class space    used 26405K, committed 27712K, reserved 1048576K
}
Event: 68.269 {metaspace After GC invocations=72 (full 0):
 Metaspace       used 257373K, committed 260096K, reserved 1310720K
  class space    used 26405K, committed 27712K, reserved 1048576K
}
Event: 69.734 {metaspace Before GC invocations=73 (full 0):
 Metaspace       used 260961K, committed 263616K, reserved 1310720K
  class space    used 26775K, committed 28032K, reserved 1048576K
}
Event: 69.759 {metaspace After GC invocations=74 (full 0):
 Metaspace       used 260961K, committed 263616K, reserved 1310720K
  class space    used 26775K, committed 28032K, reserved 1048576K
}
Event: 70.289 {metaspace Before GC invocations=74 (full 0):
 Metaspace       used 262245K, committed 264960K, reserved 1310720K
  class space    used 26871K, committed 28160K, reserved 1048576K
}
Event: 70.317 {metaspace After GC invocations=75 (full 0):
 Metaspace       used 262245K, committed 264960K, reserved 1310720K
  class space    used 26871K, committed 28160K, reserved 1048576K
}
Event: 71.032 {metaspace Before GC invocations=75 (full 0):
 Metaspace       used 262904K, committed 265536K, reserved 1310720K
  class space    used 26910K, committed 28160K, reserved 1048576K
}
Event: 71.050 {metaspace After GC invocations=76 (full 0):
 Metaspace       used 262904K, committed 265536K, reserved 1310720K
  class space    used 26910K, committed 28160K, reserved 1048576K
}
Event: 72.312 {metaspace Before GC invocations=77 (full 0):
 Metaspace       used 264096K, committed 266752K, reserved 1310720K
  class space    used 26981K, committed 28288K, reserved 1048576K
}
Event: 72.331 {metaspace After GC invocations=78 (full 0):
 Metaspace       used 264096K, committed 266752K, reserved 1310720K
  class space    used 26981K, committed 28288K, reserved 1048576K
}
Event: 74.070 {metaspace Before GC invocations=78 (full 0):
 Metaspace       used 267139K, committed 269824K, reserved 1310720K
  class space    used 27302K, committed 28608K, reserved 1048576K
}
Event: 74.093 {metaspace After GC invocations=79 (full 0):
 Metaspace       used 267139K, committed 269824K, reserved 1310720K
  class space    used 27302K, committed 28608K, reserved 1048576K
}
Event: 74.810 {metaspace Before GC invocations=79 (full 0):
 Metaspace       used 267557K, committed 270208K, reserved 1310720K
  class space    used 27334K, committed 28608K, reserved 1048576K
}
Event: 74.829 {metaspace After GC invocations=80 (full 0):
 Metaspace       used 267557K, committed 270208K, reserved 1310720K
  class space    used 27334K, committed 28608K, reserved 1048576K
}
Event: 77.008 {metaspace Before GC invocations=81 (full 0):
 Metaspace       used 270712K, committed 273408K, reserved 1310720K
  class space    used 27638K, committed 28928K, reserved 1048576K
}
Event: 77.022 {metaspace After GC invocations=82 (full 0):
 Metaspace       used 270712K, committed 273408K, reserved 1310720K
  class space    used 27638K, committed 28928K, reserved 1048576K
}

Dll operation events (16 events):
Event: 0.011 Loaded shared library C:\Program Files\Java\jdk-25\bin\java.dll
Event: 0.070 Loaded shared library C:\Program Files\Java\jdk-25\bin\zip.dll
Event: 0.071 Loaded shared library C:\Program Files\Java\jdk-25\bin\instrument.dll
Event: 0.073 Loaded shared library C:\Program Files\Java\jdk-25\bin\net.dll
Event: 0.075 Loaded shared library C:\Program Files\Java\jdk-25\bin\nio.dll
Event: 0.076 Loaded shared library C:\Program Files\Java\jdk-25\bin\zip.dll
Event: 0.283 Loaded shared library C:\Program Files\Java\jdk-25\bin\jimage.dll
Event: 0.422 Loaded shared library C:\Program Files\Java\jdk-25\bin\verify.dll
Event: 0.437 Loaded shared library C:\Users\SIVA\.gradle\native\660c5614fbf4a5f2a75b1949f50a0caf5cd603558e7d8a26e50b933a0cfb79d1\windows-amd64\native-platform.dll
Event: 0.445 Loaded shared library C:\Users\SIVA\.gradle\native\0.2.8\x86_64-windows-gnu\gradle-fileevents.dll
Event: 1.205 Loaded shared library C:\Program Files\Java\jdk-25\bin\management.dll
Event: 1.206 Loaded shared library C:\Program Files\Java\jdk-25\bin\management_ext.dll
Event: 1.376 Loaded shared library C:\Program Files\Java\jdk-25\bin\extnet.dll
Event: 1.746 Loaded shared library C:\Program Files\Java\jdk-25\bin\sunmscapi.dll
Event: 52.372 Loaded shared library C:\Program Files\Java\jdk-25\bin\awt.dll
Event: 72.038 Loaded shared library C:\Users\SIVA\AppData\Local\Temp\sqlite-3.41.2.2-dc345eaa-1ea4-4435-91be-08e3686a8732-sqlitejdbc.dll

Deoptimization events (20 events):
Event: 78.332 Thread 0x000001f25c306d20 DEOPT PACKING pc=0x000001f241b8d348 sp=0x000000b0d58fae30
Event: 78.332 Thread 0x000001f25c306d20 DEOPT UNPACKING pc=0x000001f240d51002 sp=0x000000b0d58fad08 mode 2
Event: 78.333 Thread 0x000001f25c306d20 Uncommon trap: trap_request=0xffffff45 fr.pc=0x000001f241c8ee90 relative=0x0000000000001710
Event: 78.333 Thread 0x000001f25c306d20 Uncommon trap: reason=unstable_if action=reinterpret pc=0x000001f241c8ee90 method=org.gradle.internal.snapshot.MerkleDirectorySnapshotBuilder$Directory.fold()Lorg/gradle/internal/snapshot/DirectorySnapshot; @ 31 c2
Event: 78.333 Thread 0x000001f25c306d20 DEOPT PACKING pc=0x000001f241c8ee90 sp=0x000000b0d58fae10
Event: 78.333 Thread 0x000001f25c306d20 DEOPT UNPACKING pc=0x000001f240d51002 sp=0x000000b0d58fae00 mode 2
Event: 78.353 Thread 0x000001f259236bd0 DEOPT PACKING pc=0x000001f23bfd7f2b sp=0x000000b0d5cfcce0
Event: 78.353 Thread 0x000001f259236bd0 DEOPT UNPACKING pc=0x000001f240c81702 sp=0x000000b0d5cfc180 mode 0
Event: 78.381 Thread 0x000001f259236bd0 DEOPT PACKING pc=0x000001f23bfd7f2b sp=0x000000b0d5cfd7d0
Event: 78.381 Thread 0x000001f259236bd0 DEOPT UNPACKING pc=0x000001f240c81702 sp=0x000000b0d5cfcc70 mode 0
Event: 78.385 Thread 0x000001f259236bd0 DEOPT PACKING pc=0x000001f2398bbae0 sp=0x000000b0d5cfcf00
Event: 78.385 Thread 0x000001f259236bd0 DEOPT UNPACKING pc=0x000001f240c81702 sp=0x000000b0d5cfc3c0 mode 0
Event: 78.386 Thread 0x000001f259236bd0 DEOPT PACKING pc=0x000001f23bfd7f2b sp=0x000000b0d5cfce10
Event: 78.386 Thread 0x000001f259236bd0 DEOPT UNPACKING pc=0x000001f240c81702 sp=0x000000b0d5cfc2b0 mode 0
Event: 78.718 Thread 0x000001f25c2fe080 DEOPT PACKING pc=0x000001f23a21441c sp=0x000000b0d4cfeda0
Event: 78.718 Thread 0x000001f25c2fe080 DEOPT UNPACKING pc=0x000001f240c81702 sp=0x000000b0d4cfe200 mode 0
Event: 78.719 Thread 0x000001f25c2fb970 DEOPT PACKING pc=0x000001f23a21441c sp=0x000000b0d50ff0e0
Event: 78.719 Thread 0x000001f25c2fb970 DEOPT UNPACKING pc=0x000001f240c81702 sp=0x000000b0d50fe540 mode 0
Event: 78.719 Thread 0x000001f25c301730 DEOPT PACKING pc=0x000001f23a21441c sp=0x000000b0d51ff3d0
Event: 78.719 Thread 0x000001f25c301730 DEOPT UNPACKING pc=0x000001f240c81702 sp=0x000000b0d51fe830 mode 0

Classes loaded (20 events):
Event: 77.931 Loading class sun/nio/fs/WindowsSecurity$Privilege
Event: 77.931 Loading class sun/nio/fs/WindowsSecurity$Privilege done
Event: 77.933 Loading class sun/nio/fs/WindowsAclFileAttributeView
Event: 77.934 Loading class sun/nio/fs/AbstractAclFileAttributeView
Event: 77.934 Loading class java/nio/file/attribute/AclFileAttributeView
Event: 77.934 Loading class java/nio/file/attribute/FileOwnerAttributeView
Event: 77.934 Loading class java/nio/file/attribute/FileOwnerAttributeView done
Event: 77.934 Loading class java/nio/file/attribute/AclFileAttributeView done
Event: 77.934 Loading class sun/nio/fs/AbstractAclFileAttributeView done
Event: 77.934 Loading class sun/nio/fs/WindowsAclFileAttributeView done
Event: 77.985 Loading class java/util/WeakHashMap$KeyIterator
Event: 77.985 Loading class java/util/WeakHashMap$HashIterator
Event: 77.986 Loading class java/util/WeakHashMap$HashIterator done
Event: 77.986 Loading class java/util/WeakHashMap$KeyIterator done
Event: 78.116 Loading class com/sun/xml/internal/stream/util/ReadOnlyIterator
Event: 78.116 Loading class com/sun/xml/internal/stream/util/ReadOnlyIterator done
Event: 78.207 Loading class java/util/concurrent/locks/AbstractQueuedLongSynchronizer$SharedNode
Event: 78.207 Loading class java/util/concurrent/locks/AbstractQueuedLongSynchronizer$SharedNode done
Event: 78.298 Loading class java/nio/file/FileTreeWalker$1
Event: 78.298 Loading class java/nio/file/FileTreeWalker$1 done

Classes unloaded (7 events):
Event: 47.620 Thread 0x000001f2507e3f10 Unloading class 0x000000001a2c4000 'java/lang/invoke/LambdaForm$DMH+0x000000001a2c4000'
Event: 47.620 Thread 0x000001f2507e3f10 Unloading class 0x000000001a2c4400 'java/lang/invoke/LambdaForm$DMH+0x000000001a2c4400'
Event: 60.239 Thread 0x000001f2507e3f10 Unloading class 0x000000001a5a4000 'java/lang/invoke/LambdaForm$DMH+0x000000001a5a4000'
Event: 71.198 Thread 0x000001f2507e3f10 Unloading class 0x000000001aaa1800 'java/lang/invoke/LambdaForm$MH+0x000000001aaa1800'
Event: 71.198 Thread 0x000001f2507e3f10 Unloading class 0x000000001aaa0c00 'java/lang/invoke/LambdaForm$DMH+0x000000001aaa0c00'
Event: 71.198 Thread 0x000001f2507e3f10 Unloading class 0x000000001aaa0800 'java/lang/invoke/LambdaForm$DMH+0x000000001aaa0800'
Event: 71.198 Thread 0x000001f2507e3f10 Unloading class 0x000000001aaa0000 'java/lang/invoke/LambdaForm$DMH+0x000000001aaa0000'

Classes redefined (0 events):
No events

Internal exceptions (20 events):
Event: 78.484 Thread 0x000001f25c2fd0e0 Exception <a 'sun/nio/fs/WindowsException'{0x000000071ec919c0}> (0x000000071ec919c0) 
thrown [s\open\src\hotspot\share\prims\jni.cpp, line 516]
Event: 78.485 Thread 0x000001f25c305d80 Exception <a 'sun/nio/fs/WindowsException'{0x000000071e69eab0}> (0x000000071e69eab0) 
thrown [s\open\src\hotspot\share\prims\jni.cpp, line 516]
Event: 78.509 Thread 0x000001f25c2fd0e0 Exception <a 'sun/nio/fs/WindowsException'{0x000000071e7d58b8}> (0x000000071e7d58b8) 
thrown [s\open\src\hotspot\share\prims\jni.cpp, line 516]
Event: 78.509 Thread 0x000001f25c305d80 Exception <a 'sun/nio/fs/WindowsException'{0x000000071e436070}> (0x000000071e436070) 
thrown [s\open\src\hotspot\share\prims\jni.cpp, line 516]
Event: 78.573 Thread 0x000001f25c305d80 Exception <a 'sun/nio/fs/WindowsException'{0x000000071e4691b8}> (0x000000071e4691b8) 
thrown [s\open\src\hotspot\share\prims\jni.cpp, line 516]
Event: 78.575 Thread 0x000001f25c2fd0e0 Exception <a 'sun/nio/fs/WindowsException'{0x000000071e26fe38}> (0x000000071e26fe38) 
thrown [s\open\src\hotspot\share\prims\jni.cpp, line 516]
Event: 78.575 Thread 0x000001f25b5f5520 Exception <a 'sun/nio/fs/WindowsException'{0x000000071e748988}> (0x000000071e748988) 
thrown [s\open\src\hotspot\share\prims\jni.cpp, line 516]
Event: 78.624 Thread 0x000001f25c2fd0e0 Exception <a 'sun/nio/fs/WindowsException'{0x000000071e39caa8}> (0x000000071e39caa8) 
thrown [s\open\src\hotspot\share\prims\jni.cpp, line 516]
Event: 78.643 Thread 0x000001f25b5f5520 Exception <a 'sun/nio/fs/WindowsException'{0x000000071e77c6e0}> (0x000000071e77c6e0) 
thrown [s\open\src\hotspot\share\prims\jni.cpp, line 516]
Event: 78.683 Thread 0x000001f25b5f5520 Exception <a 'sun/nio/fs/WindowsException'{0x000000071e0977e8}> (0x000000071e0977e8) 
thrown [s\open\src\hotspot\share\prims\jni.cpp, line 516]
Event: 78.693 Thread 0x000001f25c306d20 Exception <a 'java/lang/NoSuchMethodError'{0x000000071e597a30}: static Ljava/lang/Object;.<clinit>()V> (0x000000071e597a30) 
thrown [s\open\src\hotspot\share\prims\jni.cpp, line 1106]
Event: 78.737 Thread 0x000001f25c2fd0e0 Exception <a 'sun/nio/fs/WindowsException'{0x000000071e17a468}> (0x000000071e17a468) 
thrown [s\open\src\hotspot\share\prims\jni.cpp, line 516]
Event: 78.768 Thread 0x000001f25c306d20 Exception <a 'sun/nio/fs/WindowsException'{0x000000071df960d8}> (0x000000071df960d8) 
thrown [s\open\src\hotspot\share\prims\jni.cpp, line 516]
Event: 78.775 Thread 0x000001f25c305d80 Exception <a 'sun/nio/fs/WindowsException'{0x000000071df3d450}> (0x000000071df3d450) 
thrown [s\open\src\hotspot\share\prims\jni.cpp, line 516]
Event: 78.898 Thread 0x000001f25c305d80 Exception <a 'sun/nio/fs/WindowsException'{0x000000071daaead0}> (0x000000071daaead0) 
thrown [s\open\src\hotspot\share\prims\jni.cpp, line 516]
Event: 78.898 Thread 0x000001f25b5f5520 Exception <a 'sun/nio/fs/WindowsException'{0x000000071d869aa8}> (0x000000071d869aa8) 
thrown [s\open\src\hotspot\share\prims\jni.cpp, line 516]
Event: 78.931 Thread 0x000001f25b5f5520 Exception <a 'sun/nio/fs/WindowsException'{0x000000071d68a5d8}> (0x000000071d68a5d8) 
thrown [s\open\src\hotspot\share\prims\jni.cpp, line 516]
Event: 78.933 Thread 0x000001f25c2fd0e0 Exception <a 'sun/nio/fs/WindowsException'{0x000000071d6d3188}> (0x000000071d6d3188) 
thrown [s\open\src\hotspot\share\prims\jni.cpp, line 516]
Event: 78.957 Thread 0x000001f25b5f5520 Exception <a 'sun/nio/fs/WindowsException'{0x000000071d7a5148}> (0x000000071d7a5148) 
thrown [s\open\src\hotspot\share\prims\jni.cpp, line 516]
Event: 78.957 Thread 0x000001f25c2fd0e0 Exception <a 'sun/nio/fs/WindowsException'{0x000000071d7057f8}> (0x000000071d7057f8) 
thrown [s\open\src\hotspot\share\prims\jni.cpp, line 516]

VM Operations (20 events):
Event: 75.992 Executing non-safepoint VM operation: HandshakeAllThreads (Deoptimize)
Event: 75.993 Executing non-safepoint VM operation: HandshakeAllThreads (Deoptimize) done
Event: 77.007 Executing safepoint VM operation: G1CollectForAllocation (G1 Evacuation Pause)
Event: 77.022 Executing safepoint VM operation: G1CollectForAllocation (G1 Evacuation Pause) done
Event: 77.103 Executing non-safepoint VM operation: HandshakeAllThreads (Deoptimize)
Event: 77.103 Executing non-safepoint VM operation: HandshakeAllThreads (Deoptimize) done
Event: 77.237 Executing non-safepoint VM operation: HandshakeAllThreads (Deoptimize)
Event: 77.237 Executing non-safepoint VM operation: HandshakeAllThreads (Deoptimize) done
Event: 77.356 Executing non-safepoint VM operation: HandshakeAllThreads (Deoptimize)
Event: 77.356 Executing non-safepoint VM operation: HandshakeAllThreads (Deoptimize) done
Event: 77.362 Executing non-safepoint VM operation: HandshakeAllThreads (Deoptimize)
Event: 77.363 Executing non-safepoint VM operation: HandshakeAllThreads (Deoptimize) done
Event: 77.369 Executing non-safepoint VM operation: HandshakeAllThreads (Deoptimize)
Event: 77.369 Executing non-safepoint VM operation: HandshakeAllThreads (Deoptimize) done
Event: 77.455 Executing non-safepoint VM operation: HandshakeAllThreads (Deoptimize)
Event: 77.456 Executing non-safepoint VM operation: HandshakeAllThreads (Deoptimize) done
Event: 78.150 Executing non-safepoint VM operation: HandshakeAllThreads (Deoptimize)
Event: 78.150 Executing non-safepoint VM operation: HandshakeAllThreads (Deoptimize) done
Event: 78.202 Executing non-safepoint VM operation: HandshakeAllThreads (Deoptimize)
Event: 78.202 Executing non-safepoint VM operation: HandshakeAllThreads (Deoptimize) done

Memory protections (0 events):
No events

Nmethod flushes (20 events):
Event: 74.998 Thread 0x000001f2507e3f10 flushing  nmethod 0x000001f23c4a8c08
Event: 74.998 Thread 0x000001f2507e3f10 flushing  nmethod 0x000001f23c4a9a88
Event: 74.998 Thread 0x000001f2507e3f10 flushing  nmethod 0x000001f23c4d7f88
Event: 74.998 Thread 0x000001f2507e3f10 flushing  nmethod 0x000001f23c4d8508
Event: 74.998 Thread 0x000001f2507e3f10 flushing  nmethod 0x000001f23c4d8808
Event: 74.998 Thread 0x000001f2507e3f10 flushing  nmethod 0x000001f23c4dbc88
Event: 74.998 Thread 0x000001f2507e3f10 flushing  nmethod 0x000001f23c555808
Event: 74.998 Thread 0x000001f2507e3f10 flushing  nmethod 0x000001f23c641188
Event: 74.998 Thread 0x000001f2507e3f10 flushing  nmethod 0x000001f23c647388
Event: 74.998 Thread 0x000001f2507e3f10 flushing  nmethod 0x000001f23c647888
Event: 74.998 Thread 0x000001f2507e3f10 flushing  nmethod 0x000001f23cb87288
Event: 74.998 Thread 0x000001f2507e3f10 flushing  nmethod 0x000001f23cc9a508
Event: 74.998 Thread 0x000001f2507e3f10 flushing  nmethod 0x000001f23cc9ae08
Event: 74.998 Thread 0x000001f2507e3f10 flushing  nmethod 0x000001f23cd22b88
Event: 74.998 Thread 0x000001f2507e3f10 flushing  nmethod 0x000001f23cd24a08
Event: 74.998 Thread 0x000001f2507e3f10 flushing  nmethod 0x000001f23cd7d908
Event: 74.998 Thread 0x000001f2507e3f10 flushing  nmethod 0x000001f23cd82a08
Event: 74.998 Thread 0x000001f2507e3f10 flushing  nmethod 0x000001f23cd84008
Event: 74.998 Thread 0x000001f2507e3f10 flushing  nmethod 0x000001f23cdbc488
Event: 74.998 Thread 0x000001f2507e3f10 flushing  nmethod 0x000001f23cdc0988

Events (20 events):
Event: 54.137 Thread 0x000001f25bc9baf0 Thread exited: 0x000001f25bc9baf0
Event: 54.186 Thread 0x000001f2506b0960 Thread added: 0x000001f27b06ed10
Event: 54.242 Thread 0x000001f2506b1980 Thread added: 0x000001f27aaef040
Event: 56.200 Thread 0x000001f27aaef040 Thread exited: 0x000001f27aaef040
Event: 56.205 Thread 0x000001f2506b0960 Thread added: 0x000001f259b055f0
Event: 57.675 Thread 0x000001f259236bd0 Thread added: 0x000001f27baa1b90
Event: 57.691 Thread 0x000001f259236bd0 Thread added: 0x000001f27baa0420
Event: 58.685 Thread 0x000001f259236bd0 Thread added: 0x000001f259232d50
Event: 59.615 Thread 0x000001f259236bd0 Thread added: 0x000001f205d15f50
Event: 59.697 Thread 0x000001f259232d50 Thread added: 0x000001f205d16ef0
Event: 63.627 Thread 0x000001f256c1f1b0 Thread added: 0x000001f205d21ad0
Event: 67.021 Thread 0x000001f256c1f1b0 Thread added: 0x000001f205d21300
Event: 72.463 Thread 0x000001f256c1f1b0 Thread added: 0x000001f205d1ad70
Event: 72.482 Thread 0x000001f256c1f1b0 Thread added: 0x000001f205d1d480
Event: 76.439 Thread 0x000001f259b055f0 Thread exited: 0x000001f259b055f0
Event: 76.573 Thread 0x000001f2506b0960 Thread added: 0x000001f27bbd06b0
Event: 77.975 Thread 0x000001f259236bd0 Thread added: 0x000001f25856c4f0
Event: 77.976 Thread 0x000001f259236bd0 Thread added: 0x000001f25856ad80
Event: 78.984 Thread 0x000001f25856c4f0 Thread exited: 0x000001f25856c4f0
Event: 78.984 Thread 0x000001f25856ad80 Thread exited: 0x000001f25856ad80


Dynamic libraries:
0x00007ff7a8a10000 - 0x00007ff7a8a20000 	C:\Program Files\Java\jdk-25\bin\java.exe
0x00007ff931320000 - 0x00007ff931586000 	C:\WINDOWS\SYSTEM32\ntdll.dll
0x00007ff930f40000 - 0x00007ff931009000 	C:\WINDOWS\System32\KERNEL32.DLL
0x00007ff92e8a0000 - 0x00007ff92ec9e000 	C:\WINDOWS\System32\KERNELBASE.dll
0x00007ff92e740000 - 0x00007ff92e88c000 	C:\WINDOWS\System32\ucrtbase.dll
0x00007ff882f30000 - 0x00007ff882f4e000 	C:\Program Files\Java\jdk-25\bin\VCRUNTIME140.dll
0x00007ff882f10000 - 0x00007ff882f27000 	C:\Program Files\Java\jdk-25\bin\jli.dll
0x00007ff930400000 - 0x00007ff9305c7000 	C:\WINDOWS\System32\USER32.dll
0x00007ff9117b0000 - 0x00007ff911a42000 	C:\WINDOWS\WinSxS\amd64_microsoft.windows.common-controls_6595b64144ccf1df_6.0.26100.8875_none_3e0d5d42e32fe9dd\COMCTL32.dll
0x00007ff92f020000 - 0x00007ff92f047000 	C:\WINDOWS\System32\win32u.dll
0x00007ff92f050000 - 0x00007ff92f0f9000 	C:\WINDOWS\System32\msvcrt.dll
0x00007ff930e30000 - 0x00007ff930e5b000 	C:\WINDOWS\System32\GDI32.dll
0x00007ff92ecb0000 - 0x00007ff92edda000 	C:\WINDOWS\System32\gdi32full.dll
0x00007ff92e690000 - 0x00007ff92e733000 	C:\WINDOWS\System32\msvcp_win.dll
0x00007ff931120000 - 0x00007ff931152000 	C:\WINDOWS\System32\IMM32.DLL
0x00007ff91e310000 - 0x00007ff91e31c000 	C:\Program Files\Java\jdk-25\bin\vcruntime140_1.dll
0x00007ff882580000 - 0x00007ff88260d000 	C:\Program Files\Java\jdk-25\bin\msvcp140.dll
0x00007ff86cbb0000 - 0x00007ff86da0f000 	C:\Program Files\Java\jdk-25\bin\server\jvm.dll
0x00007ff930d70000 - 0x00007ff930e27000 	C:\WINDOWS\System32\ADVAPI32.dll
0x00007ff92f100000 - 0x00007ff92f1aa000 	C:\WINDOWS\System32\sechost.dll
0x00007ff92fd60000 - 0x00007ff92fe78000 	C:\WINDOWS\System32\RPCRT4.dll
0x00007ff931250000 - 0x00007ff9312d0000 	C:\WINDOWS\System32\WS2_32.dll
0x00007ff911ca0000 - 0x00007ff911cab000 	C:\WINDOWS\SYSTEM32\VERSION.dll
0x00007ff92e3a0000 - 0x00007ff92e3fe000 	C:\WINDOWS\SYSTEM32\POWRPROF.dll
0x00007ff928880000 - 0x00007ff9288b6000 	C:\WINDOWS\SYSTEM32\WINMM.dll
0x00007ff92e380000 - 0x00007ff92e394000 	C:\WINDOWS\SYSTEM32\UMPDC.dll
0x00007ff92d150000 - 0x00007ff92d16b000 	C:\WINDOWS\SYSTEM32\kernel.appcore.dll
0x00007ff8d2010000 - 0x00007ff8d201a000 	C:\Program Files\Java\jdk-25\bin\jimage.dll
0x00007ff92b9d0000 - 0x00007ff92bc12000 	C:\WINDOWS\SYSTEM32\DBGHELP.DLL
0x00007ff92fe80000 - 0x00007ff930203000 	C:\WINDOWS\System32\combase.dll
0x00007ff930320000 - 0x00007ff9303f9000 	C:\WINDOWS\System32\OLEAUT32.dll
0x00007ff9069c0000 - 0x00007ff9069fb000 	C:\WINDOWS\SYSTEM32\dbgcore.DLL
0x00007ff92e5d0000 - 0x00007ff92e67c000 	C:\WINDOWS\System32\bcryptPrimitives.dll
0x00007ff914290000 - 0x00007ff9142a0000 	C:\Program Files\Java\jdk-25\bin\instrument.dll
0x00007ff882ef0000 - 0x00007ff882f0f000 	C:\Program Files\Java\jdk-25\bin\java.dll
0x00007ff92f610000 - 0x00007ff92f7a9000 	C:\WINDOWS\System32\ole32.dll
0x00007ff9305d0000 - 0x00007ff930d62000 	C:\WINDOWS\System32\SHELL32.dll
0x00007ff92bfa0000 - 0x00007ff92c832000 	C:\WINDOWS\SYSTEM32\windows.storage.dll
0x00007ff931020000 - 0x00007ff931117000 	C:\WINDOWS\System32\SHCORE.dll
0x00007ff92f7b0000 - 0x00007ff92f817000 	C:\WINDOWS\System32\shlwapi.dll
0x00007ff92e460000 - 0x00007ff92e489000 	C:\WINDOWS\SYSTEM32\profapi.dll
0x00007ff87fc00000 - 0x00007ff87fc17000 	C:\Program Files\Java\jdk-25\bin\zip.dll
0x00007ff882ed0000 - 0x00007ff882ee2000 	C:\Program Files\Java\jdk-25\bin\net.dll
0x00007ff92d7d0000 - 0x00007ff92d83c000 	C:\WINDOWS\system32\mswsock.dll
0x00007ff882eb0000 - 0x00007ff882ec6000 	C:\Program Files\Java\jdk-25\bin\nio.dll
0x00007ff89deb0000 - 0x00007ff89dec0000 	C:\Program Files\Java\jdk-25\bin\verify.dll
0x00007ff871550000 - 0x00007ff871577000 	C:\Users\SIVA\.gradle\native\660c5614fbf4a5f2a75b1949f50a0caf5cd603558e7d8a26e50b933a0cfb79d1\windows-amd64\native-platform.dll
0x00007ff86ebd0000 - 0x00007ff86ec47000 	C:\Users\SIVA\.gradle\native\0.2.8\x86_64-windows-gnu\gradle-fileevents.dll
0x00007ff895870000 - 0x00007ff89587a000 	C:\Program Files\Java\jdk-25\bin\management.dll
0x00007ff894d40000 - 0x00007ff894d4c000 	C:\Program Files\Java\jdk-25\bin\management_ext.dll
0x00007ff930310000 - 0x00007ff930318000 	C:\WINDOWS\System32\PSAPI.DLL
0x00007ff92cb90000 - 0x00007ff92cbc3000 	C:\WINDOWS\SYSTEM32\IPHLPAPI.DLL
0x00007ff931240000 - 0x00007ff93124a000 	C:\WINDOWS\System32\NSI.dll
0x00007ff927ec0000 - 0x00007ff927ec9000 	C:\Program Files\Java\jdk-25\bin\extnet.dll
0x00007ff92dad0000 - 0x00007ff92daeb000 	C:\WINDOWS\SYSTEM32\CRYPTSP.dll
0x00007ff92d170000 - 0x00007ff92d1a9000 	C:\WINDOWS\system32\rsaenh.dll
0x00007ff92d890000 - 0x00007ff92d8c2000 	C:\WINDOWS\SYSTEM32\USERENV.dll
0x00007ff92e430000 - 0x00007ff92e45a000 	C:\WINDOWS\SYSTEM32\bcrypt.dll
0x00007ff92daf0000 - 0x00007ff92dafc000 	C:\WINDOWS\SYSTEM32\CRYPTBASE.dll
0x00007ff88fa10000 - 0x00007ff88fa1e000 	C:\Program Files\Java\jdk-25\bin\sunmscapi.dll
0x00007ff92eea0000 - 0x00007ff92f018000 	C:\WINDOWS\System32\CRYPT32.dll
0x00007ff92dd10000 - 0x00007ff92dd40000 	C:\WINDOWS\SYSTEM32\ncrypt.dll
0x00007ff92dcc0000 - 0x00007ff92dcff000 	C:\WINDOWS\SYSTEM32\NTASN1.dll
0x00007ff8ebf00000 - 0x00007ff8ebf08000 	C:\WINDOWS\system32\wshunix.dll
0x00007ff92cc20000 - 0x00007ff92cd76000 	C:\WINDOWS\SYSTEM32\DNSAPI.dll
0x00007ff92d5d0000 - 0x00007ff92d5dd000 	C:\WINDOWS\SYSTEM32\DSPARSE.dll
0x000000006c530000 - 0x000000006c556000 	C:\Program Files\Bonjour\mdnsNSP.dll
0x00007ff91f160000 - 0x00007ff91f16b000 	C:\Windows\System32\rasadhlp.dll
0x00007ff926d70000 - 0x00007ff926df6000 	C:\WINDOWS\System32\fwpuclnt.dll
0x00007ff911e10000 - 0x00007ff911f94000 	C:\Program Files\Java\jdk-25\bin\awt.dll
0x00007ff92ac90000 - 0x00007ff92ad30000 	C:\WINDOWS\SYSTEM32\apphelp.dll
0x00007ff92b0e0000 - 0x00007ff92b189000 	C:\WINDOWS\system32\uxtheme.dll
0x00007ff92f390000 - 0x00007ff92f4ed000 	C:\WINDOWS\System32\MSCTF.dll
0x00007ff895a30000 - 0x00007ff895b19000 	C:\Users\SIVA\AppData\Local\Temp\sqlite-3.41.2.2-dc345eaa-1ea4-4435-91be-08e3686a8732-sqlitejdbc.dll
0x00007ff92d330000 - 0x00007ff92d366000 	C:\WINDOWS\SYSTEM32\ntmarta.dll

JVMTI agents:
C:\Users\SIVA\.gradle\wrapper\dists\gradle-9.3.1-bin\23ovyewtku6u96viwx3xl3oks\gradle-9.3.1\lib\agents\gradle-instrumentation-agent-9.3.1.jar path:C:\Program Files\Java\jdk-25\bin\instrument.dll, loaded, initialized, instrumentlib options:none

dbghelp: loaded successfully - version: 4.0.5 - missing functions: none
symbol engine: initialized successfully - sym options: 0x614 - pdb path: .;C:\Program Files\Java\jdk-25\bin;C:\WINDOWS\SYSTEM32;C:\WINDOWS\WinSxS\amd64_microsoft.windows.common-controls_6595b64144ccf1df_6.0.26100.8875_none_3e0d5d42e32fe9dd;C:\Program Files\Java\jdk-25\bin\server;C:\Users\SIVA\.gradle\native\660c5614fbf4a5f2a75b1949f50a0caf5cd603558e7d8a26e50b933a0cfb79d1\windows-amd64;C:\Users\SIVA\.gradle\native\0.2.8\x86_64-windows-gnu;C:\Program Files\Bonjour;C:\Users\SIVA\AppData\Local\Temp

VM Arguments:
jvm_args: --add-opens=java.base/java.lang=ALL-UNNAMED --add-opens=java.base/java.lang.invoke=ALL-UNNAMED --add-opens=java.base/java.util=ALL-UNNAMED --add-opens=java.prefs/java.util.prefs=ALL-UNNAMED --add-exports=jdk.compiler/com.sun.tools.javac.api=ALL-UNNAMED --add-exports=jdk.compiler/com.sun.tools.javac.util=ALL-UNNAMED --add-opens=java.base/java.util=ALL-UNNAMED --add-opens=java.prefs/java.util.prefs=ALL-UNNAMED --add-opens=java.base/java.nio.charset=ALL-UNNAMED --add-opens=java.base/java.net=ALL-UNNAMED --add-opens=java.base/java.util.concurrent=ALL-UNNAMED --add-opens=java.base/java.util.concurrent.atomic=ALL-UNNAMED --add-opens=java.xml/javax.xml.namespace=ALL-UNNAMED --add-opens=java.base/java.time=ALL-UNNAMED --enable-native-access=ALL-UNNAMED -Xmx4g -Dfile.encoding=UTF-8 -Duser.country=IN -Duser.language=en -Duser.variant -javaagent:C:\Users\SIVA\.gradle\wrapper\dists\gradle-9.3.1-bin\23ovyewtku6u96viwx3xl3oks\gradle-9.3.1\lib\agents\gradle-instrumentation-agent-9.3.1.jar 
java_command: org.gradle.launcher.daemon.bootstrap.GradleDaemon 9.3.1
java_class_path (initial): C:\Users\SIVA\.gradle\wrapper\dists\gradle-9.3.1-bin\23ovyewtku6u96viwx3xl3oks\gradle-9.3.1\lib\gradle-daemon-main-9.3.1.jar
Launcher Type: SUN_STANDARD

[Global flags]
     intx CICompilerCount                          = 4                                         {product} {ergonomic}
     uint ConcGCThreads                            = 3                                         {product} {ergonomic}
     uint G1ConcRefinementThreads                  = 10                                        {product} {ergonomic}
   size_t G1HeapRegionSize                         = 2097152                                   {product} {ergonomic}
   size_t InitialHeapSize                          = 264241152                                 {product} {ergonomic}
   size_t MarkStackSize                            = 4194304                                   {product} {ergonomic}
   size_t MarkStackSizeMax                         = 536870912                                 {product} {ergonomic}
   size_t MaxHeapSize                              = 4294967296                                {product} {command line}
   size_t MaxNewSize                               = 2575302656                                {product} {ergonomic}
   size_t MinHeapDeltaBytes                        = 2097152                                   {product} {ergonomic}
   size_t MinHeapSize                              = 8388608                                   {product} {ergonomic}
    uintx NonNMethodCodeHeapSize                   = 5832704                                {pd product} {ergonomic}
    uintx NonProfiledCodeHeapSize                  = 122945536                              {pd product} {ergonomic}
    uintx ProfiledCodeHeapSize                     = 122880000                              {pd product} {ergonomic}
    uintx ReservedCodeCacheSize                    = 251658240                              {pd product} {ergonomic}
     bool SegmentedCodeCache                       = true                                      {product} {ergonomic}
   size_t SoftMaxHeapSize                          = 4294967296                             {manageable} {ergonomic}
     bool UseCompressedOops                        = true                           {product lp64_product} {ergonomic}
     bool UseG1GC                                  = true                                      {product} {ergonomic}
     bool UseLargePagesIndividualAllocation        = false                                  {pd product} {ergonomic}

Logging:
Log output configuration:
 #0: stdout all=warning uptime,level,tags foldmultilines=false
 #1: stderr all=off uptime,level,tags foldmultilines=false

Release file:
IMPLEMENTOR="Oracle Corporation" 
JAVA_RUNTIME_VERSION="25+37-LTS-3491" 
JAVA_VERSION="25" 
JAVA_VERSION_DATE="2025-09-16" 
LIBC="default" 
MODULES="java.base java.compiler java.datatransfer java.xml java.prefs java.desktop java.instrument java.logging java.management java.security.sasl java.naming java.rmi java.management.rmi java.net.http java.scripting java.security.jgss java.transaction.xa java.sql java.sql.rowset java.xml.crypto java.se java.smartcardio jdk.accessibility jdk.internal.jvmstat jdk.attach jdk.charsets jdk.internal.opt jdk.zipfs jdk.compiler jdk.crypto.cryptoki jdk.crypto.ec jdk.crypto.mscapi jdk.dynalink jdk.internal.ed jdk.editpad jdk.internal.vm.ci jdk.graal.compiler jdk.graal.compiler.management jdk.hotspot.agent jdk.httpserver jdk.incubator.vector jdk.internal.le jdk.internal.md jdk.jartool jdk.javadoc jdk.jcmd jdk.management jdk.management.agent jdk.jconsole jdk.jdeps jdk.jdwp.agent jdk.jdi jdk.jfr jdk.jlink jdk.jpackage jdk.jshell jdk.jsobject jdk.jstatd jdk.localedata jdk.management.jfr jdk.naming.dns jdk.naming.rmi jdk.net jdk.nio.mapmode jdk.sctp jdk.security.auth jdk.security.jgss jdk.unsupported jdk.unsupported.desktop jdk.xml.dom" 
OS_ARCH="x86_64" 
OS_NAME="Windows" 
SOURCE=".:git:49d6a23b8806 open:git:6c48f4ed707b" 

Environment Variables:
PATH=C:/Users/SIVA/.gemini/antigravity-ide/bin;C:\Program Files\Common Files\Oracle\Java\javapath;C:\WINDOWS\system32;C:\WINDOWS;C:\WINDOWS\System32\Wbem;C:\WINDOWS\System32\WindowsPowerShell\v1.0\;C:\WINDOWS\System32\OpenSSH\;C:\Program Files\dotnet\;C:\Program Files\nodejs\;C:\Program Files\Git\cmd;C:\Program Files\Go\bin;C:\Program Files\Docker\Docker\resources\bin;C:\Users\SIVA\.local\bin;C:\Users\SIVA\anaconda3;C:\Users\SIVA\anaconda3\Library\mingw-w64\bin;C:\Users\SIVA\anaconda3\Library\usr\bin;C:\Users\SIVA\anaconda3\Library\bin;C:\Users\SIVA\anaconda3\Scripts;C:\Users\SIVA\AppData\Local\Programs\Python\Python312\Scripts\;C:\Users\SIVA\AppData\Local\Programs\Python\Python312\;C:\Users\SIVA\AppData\Local\Microsoft\WindowsApps;C:\Users\SIVA\AppData\Local\Programs\Microsoft VS Code\bin;C:\Users\SIVA\AppData\Roaming\npm;C:\Users\SIVA\AppData\Local\Programs\mongosh\;C:\Users\SIVA\AppData\Local\Programs\Antigravity IDE\bin;C:\Users\SIVA\go\bin
USERNAME=SIVA
OS=Windows_NT
PROCESSOR_IDENTIFIER=Intel64 Family 6 Model 186 Stepping 3, GenuineIntel
TMP=C:\Users\SIVA\AppData\Local\Temp
TEMP=C:\Users\SIVA\AppData\Local\Temp




Compilation memory statistics disabled.

Periodic native trim disabled

---------------  S Y S T E M  ---------------

OS:
 Windows 11 , 64 bit Build 26100 (10.0.26100.8875)
OS uptime: 0 days 21:02 hours
Hyper-V role detected

CPU: total 12 (initial active 12) (6 cores per cpu, 2 threads per core) family 6 model 186 stepping 3 microcode 0x6134, cx8, cmov, fxsr, ht, mmx, 3dnowpref, sse, sse2, sse3, ssse3, sse4.1, sse4.2, popcnt, lzcnt, tsc, tscinvbit, avx, avx2, aes, erms, clmul, bmi1, bmi2, adx, sha, fma, vzeroupper, clflush, clflushopt, clwb, hv, serialize, rdtscp, rdpid, fsrm, gfni, f16c, cet_ibt, cet_ss
Processor Information for the first 12 processors :
  Max Mhz: 1300, Current Mhz: 1300, Mhz Limit: 1300

Memory: 4k page, system-wide physical 16068M (1230M free)
TotalPageFile size 20164M (AvailPageFile size 32M)
current process WorkingSet (physical memory assigned to process): 1333M, peak: 1338M
current process commit charge ("private bytes"): 1384M, peak: 1389M

vm_info: Java HotSpot(TM) 64-Bit Server VM (25+37-LTS-3491) for windows-amd64 JRE (25+37-LTS-3491), built on 2025-08-14T21:13:00Z with unknown MS VC++:1943

END.
