#
# There is insufficient memory for the Java Runtime Environment to continue.
# Native memory allocation (mmap) failed to map 534773760 bytes. Error detail: G1 virtual space
# Possible reasons:
#   The system is out of physical RAM or swap space
#   This process is running with CompressedOops enabled, and the Java Heap may be blocking the growth of the native heap
# Possible solutions:
#   Reduce memory load on the system
#   Increase physical memory or swap space
#   Check if swap backing store is full
#   Decrease Java heap size (-Xmx/-Xms)
#   Decrease number of Java threads
#   Decrease Java thread stack sizes (-Xss)
#   Set larger code cache with -XX:ReservedCodeCacheSize=
#   JVM is running with Unscaled Compressed Oops mode in which the Java heap is
#     placed in the first 4GB address space. The Java Heap base address is the
#     maximum limit for the native heap growth. Please use -XX:HeapBaseMinAddress
#     to set the Java Heap base and to place the Java Heap above 4GB virtual address.
# This output file may be truncated or incomplete.
#
#  Out of Memory Error (os_windows.cpp:3766), pid=10044, tid=17480
#
# JRE version: OpenJDK Runtime Environment (25.0.2) (build 25.0.2+-15348964-b329.117)
# Java VM: OpenJDK 64-Bit Server VM (25.0.2+-15348964-b329.117, mixed mode, tiered, compressed oops, compressed class ptrs, g1 gc, windows-amd64)
# No core dump will be written. Minidumps are not enabled by default on client versions of Windows
#

---------------  S U M M A R Y ------------

Command Line: --add-opens=java.base/java.lang=ALL-UNNAMED --add-opens=java.base/java.lang.invoke=ALL-UNNAMED --add-opens=java.base/java.util=ALL-UNNAMED --add-opens=java.prefs/java.util.prefs=ALL-UNNAMED --add-exports=jdk.compiler/com.sun.tools.javac.api=ALL-UNNAMED --add-exports=jdk.compiler/com.sun.tools.javac.util=ALL-UNNAMED --add-opens=java.base/java.util=ALL-UNNAMED --add-opens=java.prefs/java.util.prefs=ALL-UNNAMED --add-opens=java.base/java.nio.charset=ALL-UNNAMED --add-opens=java.base/java.net=ALL-UNNAMED --add-opens=java.base/java.util.concurrent=ALL-UNNAMED --add-opens=java.base/java.util.concurrent.atomic=ALL-UNNAMED --add-opens=java.xml/javax.xml.namespace=ALL-UNNAMED --add-opens=java.base/java.time=ALL-UNNAMED --enable-native-access=ALL-UNNAMED -Xmx2048m -Dfile.encoding=UTF-8 -Duser.country=IN -Duser.language=en -Duser.variant -javaagent:C:\Users\SIVA\.gradle\wrapper\dists\gradle-9.3.1-bin\23ovyewtku6u96viwx3xl3oks\gradle-9.3.1\lib\agents\gradle-instrumentation-agent-9.3.1.jar org.gradle.launcher.daemon.bootstrap.GradleDaemon 9.3.1

Host: 13th Gen Intel(R) Core(TM) i5-1334U, 12 cores, 15G,  Windows 11 , 64 bit Build 26100 (10.0.26100.8875)
Time: Tue Aug 11 13:18:35 2026 India Standard Time elapsed time: 28.128380 seconds (0d 0h 0m 28s)

---------------  T H R E A D  ---------------

Current thread (0x000001c97379f390):  VMThread "VM Thread"          [id=17480, stack(0x000000235c300000,0x000000235c400000) (1024K)]

Stack: [0x000000235c300000,0x000000235c400000]
Native frames: (J=compiled Java code, j=interpreted, Vv=VM code, C=native code)
V  [jvm.dll+0x7bd439]  (no source info available)
V  [jvm.dll+0x78763d]  (no source info available)
V  [jvm.dll+0xa0c885]  (no source info available)
V  [jvm.dll+0xa0ef04]  (no source info available)
V  [jvm.dll+0xa0f603]  (no source info available)
V  [jvm.dll+0x309bf6]  (no source info available)
V  [jvm.dll+0x7b9545]  (no source info available)
V  [jvm.dll+0x7ac047]  (no source info available)
V  [jvm.dll+0x3fdeab]  (no source info available)
V  [jvm.dll+0x406066]  (no source info available)
V  [jvm.dll+0x3f2516]  (no source info available)
V  [jvm.dll+0x3f27f8]  (no source info available)
V  [jvm.dll+0x3c7b82]  (no source info available)
V  [jvm.dll+0x3c7c1a]  (no source info available)
V  [jvm.dll+0x4172d0]  (no source info available)
V  [jvm.dll+0x415bf1]  (no source info available)
V  [jvm.dll+0x3c72b7]  (no source info available)
V  [jvm.dll+0x41502f]  (no source info available)
V  [jvm.dll+0xa158ca]  (no source info available)
V  [jvm.dll+0xa16bd1]  (no source info available)
V  [jvm.dll+0xa17148]  (no source info available)
V  [jvm.dll+0xa173d3]  (no source info available)
V  [jvm.dll+0x9ab9c8]  (no source info available)
V  [jvm.dll+0x7bb985]  (no source info available)
C  [ucrtbase.dll+0x2cd30]  (no source info available)
C  [KERNEL32.DLL+0x2e957]  (no source info available)
C  [ntdll.dll+0xaad6c]  (no source info available)

VM_Operation (0x00000023615fb960): G1CollectForAllocation, mode: safepoint, requested by thread 0x000001c97c2fa990


---------------  P R O C E S S  ---------------

Threads class SMR info:
_java_thread_list=0x000001c97b16f240, length=79, elements={
0x000001c95b983920, 0x000001c9737ca300, 0x000001c9737cb270, 0x000001c9737cc0d0,
0x000001c9737e6b90, 0x000001c9737e7750, 0x000001c9737e8310, 0x000001c9737e8ed0,
0x000001c973a4a0b0, 0x000001c973a538f0, 0x000001c978021280, 0x000001c97a11f750,
0x000001c97a3656b0, 0x000001c97a0dca70, 0x000001c97a167180, 0x000001c97a16a410,
0x000001c97a06f6f0, 0x000001c97a0ed360, 0x000001c97a0ebbf0, 0x000001c97a0edb30,
0x000001c97a00d3e0, 0x000001c97a00dbb0, 0x000001c97a0102c0, 0x000001c97a00e380,
0x000001c97a014910, 0x000001c97a0131a0, 0x000001c97a013970, 0x000001c97bc22010,
0x000001c97bc208a0, 0x000001c97bc26660, 0x000001c97bc24720, 0x000001c97bc227e0,
0x000001c97c455c50, 0x000001c97c453d10, 0x000001c97c453540, 0x000001c97c454cb0,
0x000001c97c4573c0, 0x000001c97c459ad0, 0x000001c97c0a6710, 0x000001c97c0a76b0,
0x000001c97c0a6ee0, 0x000001c97c0a8e20, 0x000001c97c0aa590, 0x000001c97c0ab530,
0x000001c97c0ac4d0, 0x000001c97c0abd00, 0x000001c97c226a70, 0x000001c97c227240,
0x000001c97c22c830, 0x000001c97c22b890, 0x000001c97c22d000, 0x000001c97c22a120,
0x000001c97d6523b0, 0x000001c97d64fca0, 0x000001c97d6542f0, 0x000001c97d655a60,
0x000001c97d656230, 0x000001c97d655290, 0x000001c97c2ed6a0, 0x000001c97c2efdb0,
0x000001c97c2ede70, 0x000001c97c2ef5e0, 0x000001c97c2eced0, 0x000001c97c2f3c30,
0x000001c97c2f1520, 0x000001c97c2f0d50, 0x000001c97c2f4bd0, 0x000001c97c2f8280,
0x000001c97c2f9220, 0x000001c97c2f5b70, 0x000001c97c2fa990, 0x000001c97c2f99f0,
0x000001c97c2f8a50, 0x000001c97c2f1cf0, 0x000001c97c3da770, 0x000001c97c3daf40,
0x000001c97c3dc6b0, 0x000001c97c3d97d0, 0x000001c97c3d9000
}

Java Threads: ( => current thread )
  0x000001c95b983920 JavaThread "main"                              [_thread_blocked, id=6712, stack(0x000000235bc00000,0x000000235bd00000) (1024K)]
  0x000001c9737ca300 JavaThread "Common-Cleaner"             daemon [_thread_blocked, id=28460, stack(0x000000235c400000,0x000000235c500000) (1024K)]
  0x000001c9737cb270 JavaThread "Reference Handler"          daemon [_thread_blocked, id=17164, stack(0x000000235c500000,0x000000235c600000) (1024K)]
  0x000001c9737cc0d0 JavaThread "Finalizer"                  daemon [_thread_blocked, id=5692, stack(0x000000235c600000,0x000000235c700000) (1024K)]
  0x000001c9737e6b90 JavaThread "Signal Dispatcher"          daemon [_thread_blocked, id=11612, stack(0x000000235c700000,0x000000235c800000) (1024K)]
  0x000001c9737e7750 JavaThread "Attach Listener"            daemon [_thread_blocked, id=15204, stack(0x000000235c800000,0x000000235c900000) (1024K)]
  0x000001c9737e8310 JavaThread "Service Thread"             daemon [_thread_blocked, id=27708, stack(0x000000235c900000,0x000000235ca00000) (1024K)]
  0x000001c9737e8ed0 JavaThread "Monitor Deflation Thread"   daemon [_thread_blocked, id=16804, stack(0x000000235ca00000,0x000000235cb00000) (1024K)]
  0x000001c973a4a0b0 JavaThread "C2 CompilerThread0"         daemon [_thread_blocked, id=19232, stack(0x000000235cb00000,0x000000235cc00000) (1024K)]
  0x000001c973a538f0 JavaThread "C1 CompilerThread0"         daemon [_thread_blocked, id=13956, stack(0x000000235cc00000,0x000000235cd00000) (1024K)]
  0x000001c978021280 JavaThread "Notification Thread"        daemon [_thread_blocked, id=23496, stack(0x000000235cd00000,0x000000235ce00000) (1024K)]
  0x000001c97a11f750 JavaThread "Daemon health stats"               [_thread_blocked, id=28764, stack(0x000000235cf00000,0x000000235d000000) (1024K)]
  0x000001c97a3656b0 JavaThread "Incoming local TCP Connector on port 9132"        [_thread_in_native, id=26852, stack(0x000000235d500000,0x000000235d600000) (1024K)]
  0x000001c97a0dca70 JavaThread "Daemon periodic checks"            [_thread_blocked, id=10000, stack(0x000000235d600000,0x000000235d700000) (1024K)]
  0x000001c97a167180 JavaThread "Daemon"                            [_thread_blocked, id=15892, stack(0x000000235d700000,0x000000235d800000) (1024K)]
  0x000001c97a16a410 JavaThread "Handler for socket connection from /127.0.0.1:9132 to /127.0.0.1:9133"        [_thread_in_native, id=29392, stack(0x000000235d800000,0x000000235d900000) (1024K)]
  0x000001c97a06f6f0 JavaThread "Cancel handler"                    [_thread_blocked, id=22776, stack(0x000000235df00000,0x000000235e000000) (1024K)]
  0x000001c97a0ed360 JavaThread "Daemon worker"                     [_thread_blocked, id=22132, stack(0x000000235e000000,0x000000235e100000) (1024K)]
  0x000001c97a0ebbf0 JavaThread "Asynchronous log dispatcher for DefaultDaemonConnection: socket connection from /127.0.0.1:9132 to /127.0.0.1:9133"        [_thread_blocked, id=6428, stack(0x000000235e100000,0x000000235e200000) (1024K)]
  0x000001c97a0edb30 JavaThread "Stdin handler"                     [_thread_blocked, id=29360, stack(0x000000235e200000,0x000000235e300000) (1024K)]
  0x000001c97a00d3e0 JavaThread "Daemon client event forwarder"        [_thread_blocked, id=16076, stack(0x000000235e300000,0x000000235e400000) (1024K)]
  0x000001c97a00dbb0 JavaThread "Cache worker for journal cache (C:\Users\SIVA\.gradle\caches\journal-1)"        [_thread_blocked, id=16860, stack(0x000000235e400000,0x000000235e500000) (1024K)]
  0x000001c97a0102c0 JavaThread "File lock request listener"        [_thread_in_native, id=21884, stack(0x000000235e500000,0x000000235e600000) (1024K)]
  0x000001c97a00e380 JavaThread "Cache worker for file hash cache (C:\Users\SIVA\.gradle\caches\9.3.1\fileHashes)"        [_thread_blocked, id=1264, stack(0x000000235e600000,0x000000235e700000) (1024K)]
  0x000001c97a014910 JavaThread "Cache worker for file hash cache (C:\Users\SIVA\Downloads\palm\.gradle\9.3.1\fileHashes)"        [_thread_blocked, id=28092, stack(0x000000235e700000,0x000000235e800000) (1024K)]
  0x000001c97a0131a0 JavaThread "Cache worker for checksums cache (C:\Users\SIVA\Downloads\palm\.gradle\9.3.1\checksums)"        [_thread_blocked, id=16868, stack(0x000000235e800000,0x000000235e900000) (1024K)]
  0x000001c97a013970 JavaThread "Cache worker for Build Output Cleanup Cache (C:\Users\SIVA\Downloads\palm\.gradle\buildOutputCleanup)"        [_thread_blocked, id=26632, stack(0x000000235e900000,0x000000235ea00000) (1024K)]
  0x000001c97bc22010 JavaThread "Cache worker for file content cache (C:\Users\SIVA\.gradle\caches\9.3.1\fileContent)"        [_thread_blocked, id=20064, stack(0x000000235eb00000,0x000000235ec00000) (1024K)]
  0x000001c97bc208a0 JavaThread "File watcher server"        daemon [_thread_blocked, id=27164, stack(0x000000235ec00000,0x000000235ed00000) (1024K)]
  0x000001c97bc26660 JavaThread "File watcher consumer"      daemon [_thread_blocked, id=5284, stack(0x000000235ed00000,0x000000235ee00000) (1024K)]
  0x000001c97bc24720 JavaThread "Cache worker for cache directory md-supplier (C:\Users\SIVA\.gradle\caches\9.3.1\md-supplier)"        [_thread_blocked, id=20332, stack(0x000000235ee00000,0x000000235ef00000) (1024K)]
  0x000001c97bc227e0 JavaThread "Cache worker for cache directory md-rule (C:\Users\SIVA\.gradle\caches\9.3.1\md-rule)"        [_thread_blocked, id=17488, stack(0x000000235ea00000,0x000000235eb00000) (1024K)]
  0x000001c97c455c50 JavaThread "build event listener"              [_thread_blocked, id=5140, stack(0x000000235f000000,0x000000235f100000) (1024K)]
  0x000001c97c453d10 JavaThread "build event listener"              [_thread_blocked, id=8136, stack(0x000000235f100000,0x000000235f200000) (1024K)]
  0x000001c97c453540 JavaThread "Build operations"                  [_thread_blocked, id=23724, stack(0x000000235f200000,0x000000235f300000) (1024K)]
  0x000001c97c454cb0 JavaThread "File lock release action executor"        [_thread_blocked, id=1316, stack(0x000000235f300000,0x000000235f400000) (1024K)]
  0x000001c97c4573c0 JavaThread "Memory manager"                    [_thread_blocked, id=7380, stack(0x000000235f400000,0x000000235f500000) (1024K)]
  0x000001c97c459ad0 JavaThread "included builds"                   [_thread_blocked, id=10220, stack(0x000000235f500000,0x000000235f600000) (1024K)]
  0x000001c97c0a6710 JavaThread "Execution worker"                  [_thread_blocked, id=18548, stack(0x000000235f600000,0x000000235f700000) (1024K)]
  0x000001c97c0a76b0 JavaThread "Execution worker Thread 2"         [_thread_blocked, id=22960, stack(0x000000235f700000,0x000000235f800000) (1024K)]
  0x000001c97c0a6ee0 JavaThread "Execution worker Thread 3"         [_thread_blocked, id=11020, stack(0x000000235f800000,0x000000235f900000) (1024K)]
  0x000001c97c0a8e20 JavaThread "Cache worker for execution history cache (C:\Users\SIVA\Downloads\palm\.gradle\9.3.1\executionHistory)"        [_thread_blocked, id=21728, stack(0x000000235f900000,0x000000235fa00000) (1024K)]
  0x000001c97c0aa590 JavaThread "Unconstrained build operations"        [_thread_blocked, id=19732, stack(0x000000235fa00000,0x000000235fb00000) (1024K)]
  0x000001c97c0ab530 JavaThread "Unconstrained build operations Thread 2"        [_thread_blocked, id=4740, stack(0x000000235fb00000,0x000000235fc00000) (1024K)]
  0x000001c97c0ac4d0 JavaThread "Unconstrained build operations Thread 3"        [_thread_blocked, id=28524, stack(0x000000235fc00000,0x000000235fd00000) (1024K)]
  0x000001c97c0abd00 JavaThread "Unconstrained build operations Thread 4"        [_thread_blocked, id=15372, stack(0x000000235fd00000,0x000000235fe00000) (1024K)]
  0x000001c97c226a70 JavaThread "Unconstrained build operations Thread 5"        [_thread_blocked, id=12048, stack(0x000000235fe00000,0x000000235ff00000) (1024K)]
  0x000001c97c227240 JavaThread "Unconstrained build operations Thread 6"        [_thread_blocked, id=28176, stack(0x000000235ff00000,0x0000002360000000) (1024K)]
  0x000001c97c22c830 JavaThread "Unconstrained build operations Thread 7"        [_thread_blocked, id=7688, stack(0x0000002360000000,0x0000002360100000) (1024K)]
  0x000001c97c22b890 JavaThread "Unconstrained build operations Thread 8"        [_thread_blocked, id=23632, stack(0x0000002360100000,0x0000002360200000) (1024K)]
  0x000001c97c22d000 JavaThread "Unconstrained build operations Thread 9"        [_thread_blocked, id=9232, stack(0x0000002360200000,0x0000002360300000) (1024K)]
  0x000001c97c22a120 JavaThread "Unconstrained build operations Thread 10"        [_thread_blocked, id=24132, stack(0x0000002360300000,0x0000002360400000) (1024K)]
  0x000001c97d6523b0 JavaThread "Unconstrained build operations Thread 11"        [_thread_blocked, id=28220, stack(0x0000002360400000,0x0000002360500000) (1024K)]
  0x000001c97d64fca0 JavaThread "Unconstrained build operations Thread 12"        [_thread_blocked, id=21416, stack(0x0000002360500000,0x0000002360600000) (1024K)]
  0x000001c97d6542f0 JavaThread "Unconstrained build operations Thread 13"        [_thread_blocked, id=29484, stack(0x000000235ef00000,0x000000235f000000) (1024K)]
  0x000001c97d655a60 JavaThread "Unconstrained build operations Thread 14"        [_thread_blocked, id=15040, stack(0x0000002360600000,0x0000002360700000) (1024K)]
  0x000001c97d656230 JavaThread "Unconstrained build operations Thread 15"        [_thread_blocked, id=21976, stack(0x0000002360700000,0x0000002360800000) (1024K)]
  0x000001c97d655290 JavaThread "Unconstrained build operations Thread 16"        [_thread_blocked, id=27444, stack(0x0000002360800000,0x0000002360900000) (1024K)]
  0x000001c97c2ed6a0 JavaThread "Unconstrained build operations Thread 17"        [_thread_blocked, id=15696, stack(0x0000002360a00000,0x0000002360b00000) (1024K)]
  0x000001c97c2efdb0 JavaThread "Unconstrained build operations Thread 18"        [_thread_blocked, id=4100, stack(0x0000002360b00000,0x0000002360c00000) (1024K)]
  0x000001c97c2ede70 JavaThread "Unconstrained build operations Thread 19"        [_thread_blocked, id=25904, stack(0x0000002360c00000,0x0000002360d00000) (1024K)]
  0x000001c97c2ef5e0 JavaThread "Unconstrained build operations Thread 20"        [_thread_blocked, id=17560, stack(0x0000002360d00000,0x0000002360e00000) (1024K)]
  0x000001c97c2eced0 JavaThread "Unconstrained build operations Thread 21"        [_thread_blocked, id=23752, stack(0x0000002360e00000,0x0000002360f00000) (1024K)]
  0x000001c97c2f3c30 JavaThread "Unconstrained build operations Thread 22"        [_thread_blocked, id=11444, stack(0x0000002360f00000,0x0000002361000000) (1024K)]
  0x000001c97c2f1520 JavaThread "Unconstrained build operations Thread 23"        [_thread_blocked, id=14248, stack(0x0000002361000000,0x0000002361100000) (1024K)]
  0x000001c97c2f0d50 JavaThread "Unconstrained build operations Thread 24"        [_thread_blocked, id=5248, stack(0x0000002361100000,0x0000002361200000) (1024K)]
  0x000001c97c2f4bd0 JavaThread "Unconstrained build operations Thread 25"        [_thread_blocked, id=27816, stack(0x0000002361200000,0x0000002361300000) (1024K)]
  0x000001c97c2f8280 JavaThread "Unconstrained build operations Thread 26"        [_thread_blocked, id=3636, stack(0x0000002360900000,0x0000002360a00000) (1024K)]
  0x000001c97c2f9220 JavaThread "Unconstrained build operations Thread 27"        [_thread_blocked, id=7020, stack(0x0000002361300000,0x0000002361400000) (1024K)]
  0x000001c97c2f5b70 JavaThread "Unconstrained build operations Thread 28"        [_thread_blocked, id=25920, stack(0x0000002361400000,0x0000002361500000) (1024K)]
  0x000001c97c2fa990 JavaThread "Unconstrained build operations Thread 29"        [_thread_blocked, id=22088, stack(0x0000002361500000,0x0000002361600000) (1024K)]
  0x000001c97c2f99f0 JavaThread "Unconstrained build operations Thread 30"        [_thread_blocked, id=5940, stack(0x0000002361600000,0x0000002361700000) (1024K)]
  0x000001c97c2f8a50 JavaThread "Unconstrained build operations Thread 31"        [_thread_blocked, id=23116, stack(0x0000002361700000,0x0000002361800000) (1024K)]
  0x000001c97c2f1cf0 JavaThread "Unconstrained build operations Thread 32"        [_thread_blocked, id=28904, stack(0x000000235ce00000,0x000000235cf00000) (1024K)]
  0x000001c97c3da770 JavaThread "Unconstrained build operations Thread 33"        [_thread_blocked, id=13816, stack(0x0000002361800000,0x0000002361900000) (1024K)]
  0x000001c97c3daf40 JavaThread "Unconstrained build operations Thread 34"        [_thread_blocked, id=15444, stack(0x0000002361900000,0x0000002361a00000) (1024K)]
  0x000001c97c3dc6b0 JavaThread "Unconstrained build operations Thread 35"        [_thread_blocked, id=10780, stack(0x0000002361b00000,0x0000002361c00000) (1024K)]
  0x000001c97c3d97d0 JavaThread "Unconstrained build operations Thread 36"        [_thread_blocked, id=25744, stack(0x0000002361c00000,0x0000002361d00000) (1024K)]
  0x000001c97c3d9000 JavaThread "Unconstrained build operations Thread 37"        [_thread_blocked, id=4772, stack(0x0000002361d00000,0x0000002361e00000) (1024K)]
Total: 79

Other Threads:
=>0x000001c97379f390 VMThread "VM Thread"                           [id=17480, stack(0x000000235c300000,0x000000235c400000) (1024K)]
  0x000001c97375d2a0 WatcherThread "VM Periodic Task Thread"        [id=26372, stack(0x000000235c200000,0x000000235c300000) (1024K)]
  0x000001c95b9dcf70 WorkerThread "GC Thread#0"                     [id=26836, stack(0x000000235bd00000,0x000000235be00000) (1024K)]
  0x000001c9785a4790 WorkerThread "GC Thread#1"                     [id=21192, stack(0x000000235d000000,0x000000235d100000) (1024K)]
  0x000001c9785a4bc0 WorkerThread "GC Thread#2"                     [id=14636, stack(0x000000235d100000,0x000000235d200000) (1024K)]
  0x000001c9785a4ff0 WorkerThread "GC Thread#3"                     [id=8500, stack(0x000000235d200000,0x000000235d300000) (1024K)]
  0x000001c9785a5420 WorkerThread "GC Thread#4"                     [id=21084, stack(0x000000235d300000,0x000000235d400000) (1024K)]
  0x000001c978823530 WorkerThread "GC Thread#5"                     [id=10816, stack(0x000000235d400000,0x000000235d500000) (1024K)]
  0x000001c979e34eb0 WorkerThread "GC Thread#6"                     [id=29128, stack(0x000000235d900000,0x000000235da00000) (1024K)]
  0x000001c979e33920 WorkerThread "GC Thread#7"                     [id=29192, stack(0x000000235da00000,0x000000235db00000) (1024K)]
  0x000001c979e35300 WorkerThread "GC Thread#8"                     [id=19316, stack(0x000000235db00000,0x000000235dc00000) (1024K)]
  0x000001c979e35ff0 WorkerThread "GC Thread#9"                     [id=16068, stack(0x000000235dc00000,0x000000235dd00000) (1024K)]
  0x000001c95b9f6040 ConcurrentGCThread "G1 Main Marker"            [id=25956, stack(0x000000235be00000,0x000000235bf00000) (1024K)]
  0x000001c95b9f78c0 WorkerThread "G1 Conc#0"                       [id=21756, stack(0x000000235bf00000,0x000000235c000000) (1024K)]
  0x000001c979e35750 WorkerThread "G1 Conc#1"                       [id=27548, stack(0x000000235dd00000,0x000000235de00000) (1024K)]
  0x000001c979e36440 WorkerThread "G1 Conc#2"                       [id=18656, stack(0x000000235de00000,0x000000235df00000) (1024K)]
  0x000001c97362fa40 ConcurrentGCThread "G1 Refine#0"               [id=20424, stack(0x000000235c000000,0x000000235c100000) (1024K)]
  0x000001c973632460 ConcurrentGCThread "G1 Service"                [id=3276, stack(0x000000235c100000,0x000000235c200000) (1024K)]
Total: 18

Threads with active compile tasks:
Total: 0

VM state: at safepoint (normal execution)

VM Mutex/Monitor currently owned by a thread:  ([mutex/lock_event])
[0x00007ff8a1104698] Threads_lock - owner thread: 0x000001c97379f390
[0x00007ff8a1104818] Heap_lock - owner thread: 0x000001c97c2fa990

Heap address: 0x0000000080000000, size: 2048 MB, Compressed Oops mode: 32-bit

CDS archive(s) not mapped
Compressed class space mapped at: 0x000000000e000000-0x000000004e000000, reserved size: 1073741824
UseCompressedClassPointers 1, UseCompactObjectHeaders 0
Narrow klass pointer bits 32, Max shift 3
Narrow klass base: 0x0000000000000000, Narrow klass shift: 0
Encoding Range: [0x0000000000000000 - 0x0000000100000000), (4294967296 bytes)
Klass Range:    [0x000000000e000000 - 0x000000004e000000), (1073741824 bytes)
Klass ID Range:  [234881024 - 1308622841) (1073741817)
No protection zone.

GC Precious Log:
 CardTable entry size: 512
 Card Set container configuration: InlinePtr #cards 5 size 8 Array Of Cards #cards 10 size 36 Howl #buckets 4 coarsen threshold 1843 Howl Bitmap #cards 512 size 80 coarsen threshold 460 Card regions per heap region 1 cards per card region 2048
 CPUs: 12 total, 12 available
 Memory: 16068M
 Large Page Support: Disabled
 NUMA Support: Disabled
 Compressed Oops: Enabled (32-bit)
 Heap Region Size: 1M
 Heap Min Capacity: 8M
 Heap Initial Capacity: 252M
 Heap Max Capacity: 2G
 Pre-touch: Disabled
 Parallel Workers: 10
 Concurrent Workers: 3
 Concurrent Refinement Workers: 10
 Periodic GC: Disabled

Heap:
 garbage-first heap   total reserved 2097152K, committed 270336K, used 89916K [0x0000000080000000, 0x0000000100000000)
  region size 1024K, 5 young (5120K), 5 survivors (5120K)

Heap Regions: E=young(eden), S=young(survivor), O=old, HS=humongous(starts), HC=humongous(continues), CS=collection set, F=free, TAMS=top-at-mark-start, PB=parsable bottom
|   0|0x0000000080000000, 0x0000000080100000, 0x0000000080100000|100%|HS|  |TAMS 0x0000000080100000| PB 0x0000000080000000| Complete |  0
|   1|0x0000000080100000, 0x0000000080200000, 0x0000000080200000|100%|HC|  |TAMS 0x0000000080200000| PB 0x0000000080100000| Complete |  0
|   2|0x0000000080200000, 0x0000000080300000, 0x0000000080300000|100%|HC|  |TAMS 0x0000000080300000| PB 0x0000000080200000| Complete |  0
|   3|0x0000000080300000, 0x0000000080400000, 0x0000000080400000|100%|HC|  |TAMS 0x0000000080400000| PB 0x0000000080300000| Complete |  0
|   4|0x0000000080400000, 0x0000000080500000, 0x0000000080500000|100%|HS|  |TAMS 0x0000000080500000| PB 0x0000000080400000| Complete |  0
|   5|0x0000000080500000, 0x0000000080600000, 0x0000000080600000|100%| O|  |TAMS 0x0000000080600000| PB 0x0000000080500000| Untracked |  0
|   6|0x0000000080600000, 0x0000000080700000, 0x0000000080700000|100%| O|  |TAMS 0x0000000080700000| PB 0x0000000080600000| Untracked |  0
|   7|0x0000000080700000, 0x0000000080800000, 0x0000000080800000|100%| O|  |TAMS 0x0000000080800000| PB 0x0000000080700000| Untracked |  0
|   8|0x0000000080800000, 0x0000000080900000, 0x0000000080900000|100%| O|  |TAMS 0x0000000080900000| PB 0x0000000080800000| Untracked |  0
|   9|0x0000000080900000, 0x0000000080a00000, 0x0000000080a00000|100%| O|  |TAMS 0x0000000080a00000| PB 0x0000000080900000| Untracked |  0
|  10|0x0000000080a00000, 0x0000000080b00000, 0x0000000080b00000|100%| O|  |TAMS 0x0000000080b00000| PB 0x0000000080a00000| Untracked |  0
|  11|0x0000000080b00000, 0x0000000080c00000, 0x0000000080c00000|100%| O|  |TAMS 0x0000000080c00000| PB 0x0000000080b00000| Untracked |  0
|  12|0x0000000080c00000, 0x0000000080d00000, 0x0000000080d00000|100%| O|  |TAMS 0x0000000080d00000| PB 0x0000000080c00000| Untracked |  0
|  13|0x0000000080d00000, 0x0000000080e00000, 0x0000000080e00000|100%| O|  |TAMS 0x0000000080e00000| PB 0x0000000080d00000| Untracked |  0
|  14|0x0000000080e00000, 0x0000000080f00000, 0x0000000080f00000|100%| O|  |TAMS 0x0000000080f00000| PB 0x0000000080e00000| Untracked |  0
|  15|0x0000000080f00000, 0x0000000081000000, 0x0000000081000000|100%|HS|  |TAMS 0x0000000081000000| PB 0x0000000080f00000| Complete |  0
|  16|0x0000000081000000, 0x0000000081100000, 0x0000000081100000|100%|HS|  |TAMS 0x0000000081100000| PB 0x0000000081000000| Complete |  0
|  17|0x0000000081100000, 0x0000000081200000, 0x0000000081200000|100%|HS|  |TAMS 0x0000000081200000| PB 0x0000000081100000| Complete |  0
|  18|0x0000000081200000, 0x0000000081300000, 0x0000000081300000|100%|HS|  |TAMS 0x0000000081300000| PB 0x0000000081200000| Complete |  0
|  19|0x0000000081300000, 0x0000000081400000, 0x0000000081400000|100%|HC|  |TAMS 0x0000000081400000| PB 0x0000000081300000| Complete |  0
|  20|0x0000000081400000, 0x0000000081500000, 0x0000000081500000|100%|HS|  |TAMS 0x0000000081500000| PB 0x0000000081400000| Complete |  0
|  21|0x0000000081500000, 0x0000000081600000, 0x0000000081600000|100%|HS|  |TAMS 0x0000000081600000| PB 0x0000000081500000| Complete |  0
|  22|0x0000000081600000, 0x0000000081700000, 0x0000000081700000|100%|HC|  |TAMS 0x0000000081700000| PB 0x0000000081600000| Complete |  0
|  23|0x0000000081700000, 0x0000000081800000, 0x0000000081800000|100%| O|  |TAMS 0x0000000081800000| PB 0x0000000081700000| Untracked |  0
|  24|0x0000000081800000, 0x0000000081900000, 0x0000000081900000|100%| O|  |TAMS 0x0000000081900000| PB 0x0000000081800000| Untracked |  0
|  25|0x0000000081900000, 0x0000000081a00000, 0x0000000081a00000|100%| O|  |TAMS 0x0000000081a00000| PB 0x0000000081900000| Untracked |  0
|  26|0x0000000081a00000, 0x0000000081b00000, 0x0000000081b00000|100%|HS|  |TAMS 0x0000000081b00000| PB 0x0000000081a00000| Complete |  0
|  27|0x0000000081b00000, 0x0000000081c00000, 0x0000000081c00000|100%| O|  |TAMS 0x0000000081c00000| PB 0x0000000081b00000| Untracked |  0
|  28|0x0000000081c00000, 0x0000000081d00000, 0x0000000081d00000|100%| O|  |TAMS 0x0000000081d00000| PB 0x0000000081c00000| Untracked |  0
|  29|0x0000000081d00000, 0x0000000081e00000, 0x0000000081e00000|100%|HS|  |TAMS 0x0000000081e00000| PB 0x0000000081d00000| Complete |  0
|  30|0x0000000081e00000, 0x0000000081f00000, 0x0000000081f00000|100%| O|  |TAMS 0x0000000081f00000| PB 0x0000000081e00000| Untracked |  0
|  31|0x0000000081f00000, 0x0000000082000000, 0x0000000082000000|100%| O|  |TAMS 0x0000000082000000| PB 0x0000000081f00000| Untracked |  0
|  32|0x0000000082000000, 0x0000000082100000, 0x0000000082100000|100%| O|  |TAMS 0x0000000082100000| PB 0x0000000082000000| Untracked |  0
|  33|0x0000000082100000, 0x0000000082200000, 0x0000000082200000|100%| O|  |TAMS 0x0000000082200000| PB 0x0000000082100000| Untracked |  0
|  34|0x0000000082200000, 0x0000000082300000, 0x0000000082300000|100%| O|  |TAMS 0x0000000082300000| PB 0x0000000082200000| Untracked |  0
|  35|0x0000000082300000, 0x0000000082400000, 0x0000000082400000|100%| O|  |TAMS 0x0000000082400000| PB 0x0000000082300000| Untracked |  0
|  36|0x0000000082400000, 0x0000000082500000, 0x0000000082500000|100%| O|  |TAMS 0x0000000082500000| PB 0x0000000082400000| Untracked |  0
|  37|0x0000000082500000, 0x0000000082600000, 0x0000000082600000|100%| O|  |TAMS 0x0000000082600000| PB 0x0000000082500000| Untracked |  0
|  38|0x0000000082600000, 0x0000000082700000, 0x0000000082700000|100%| O|  |TAMS 0x0000000082700000| PB 0x0000000082600000| Untracked |  0
|  39|0x0000000082700000, 0x0000000082800000, 0x0000000082800000|100%| O|  |TAMS 0x0000000082800000| PB 0x0000000082700000| Untracked |  0
|  40|0x0000000082800000, 0x0000000082900000, 0x0000000082900000|100%| O|  |TAMS 0x0000000082900000| PB 0x0000000082800000| Untracked |  0
|  41|0x0000000082900000, 0x0000000082a00000, 0x0000000082a00000|100%| O|  |TAMS 0x0000000082a00000| PB 0x0000000082900000| Untracked |  0
|  42|0x0000000082a00000, 0x0000000082b00000, 0x0000000082b00000|100%| O|  |TAMS 0x0000000082b00000| PB 0x0000000082a00000| Untracked |  0
|  43|0x0000000082b00000, 0x0000000082c00000, 0x0000000082c00000|100%| O|  |TAMS 0x0000000082c00000| PB 0x0000000082b00000| Untracked |  0
|  44|0x0000000082c00000, 0x0000000082d00000, 0x0000000082d00000|100%| O|  |TAMS 0x0000000082d00000| PB 0x0000000082c00000| Untracked |  0
|  45|0x0000000082d00000, 0x0000000082e00000, 0x0000000082e00000|100%| O|  |TAMS 0x0000000082e00000| PB 0x0000000082d00000| Untracked |  0
|  46|0x0000000082e00000, 0x0000000082f00000, 0x0000000082f00000|100%| O|  |TAMS 0x0000000082f00000| PB 0x0000000082e00000| Untracked |  0
|  47|0x0000000082f00000, 0x0000000083000000, 0x0000000083000000|100%| O|  |TAMS 0x0000000083000000| PB 0x0000000082f00000| Untracked |  0
|  48|0x0000000083000000, 0x0000000083100000, 0x0000000083100000|100%| O|  |TAMS 0x0000000083100000| PB 0x0000000083000000| Untracked |  0
|  49|0x0000000083100000, 0x0000000083200000, 0x0000000083200000|100%| O|  |TAMS 0x0000000083200000| PB 0x0000000083100000| Untracked |  0
|  50|0x0000000083200000, 0x0000000083300000, 0x0000000083300000|100%| O|  |TAMS 0x0000000083300000| PB 0x0000000083200000| Untracked |  0
|  51|0x0000000083300000, 0x0000000083400000, 0x0000000083400000|100%| O|  |TAMS 0x0000000083400000| PB 0x0000000083300000| Untracked |  0
|  52|0x0000000083400000, 0x0000000083500000, 0x0000000083500000|100%| O|  |TAMS 0x0000000083500000| PB 0x0000000083400000| Untracked |  0
|  53|0x0000000083500000, 0x0000000083600000, 0x0000000083600000|100%| O|  |TAMS 0x0000000083600000| PB 0x0000000083500000| Untracked |  0
|  54|0x0000000083600000, 0x0000000083700000, 0x0000000083700000|100%| O|  |TAMS 0x0000000083700000| PB 0x0000000083600000| Untracked |  0
|  55|0x0000000083700000, 0x0000000083800000, 0x0000000083800000|100%| O|  |TAMS 0x0000000083800000| PB 0x0000000083700000| Untracked |  0
|  56|0x0000000083800000, 0x0000000083800000, 0x0000000083900000|  0%| F|  |TAMS 0x0000000083800000| PB 0x0000000083800000| Untracked |  0
|  57|0x0000000083900000, 0x0000000083a00000, 0x0000000083a00000|100%| O|  |TAMS 0x0000000083a00000| PB 0x0000000083900000| Untracked |  0
|  58|0x0000000083a00000, 0x0000000083b00000, 0x0000000083b00000|100%| O|  |TAMS 0x0000000083b00000| PB 0x0000000083a00000| Untracked |  0
|  59|0x0000000083b00000, 0x0000000083c00000, 0x0000000083c00000|100%| O|  |TAMS 0x0000000083c00000| PB 0x0000000083b00000| Untracked |  0
|  60|0x0000000083c00000, 0x0000000083d00000, 0x0000000083d00000|100%| O|  |TAMS 0x0000000083d00000| PB 0x0000000083c00000| Untracked |  0
|  61|0x0000000083d00000, 0x0000000083e00000, 0x0000000083e00000|100%| O|  |TAMS 0x0000000083e00000| PB 0x0000000083d00000| Untracked |  0
|  62|0x0000000083e00000, 0x0000000083f00000, 0x0000000083f00000|100%| O|  |TAMS 0x0000000083f00000| PB 0x0000000083e00000| Untracked |  0
|  63|0x0000000083f00000, 0x0000000084000000, 0x0000000084000000|100%| O|  |TAMS 0x0000000084000000| PB 0x0000000083f00000| Untracked |  0
|  64|0x0000000084000000, 0x0000000084100000, 0x0000000084100000|100%| O|  |TAMS 0x0000000084100000| PB 0x0000000084000000| Untracked |  0
|  65|0x0000000084100000, 0x0000000084200000, 0x0000000084200000|100%| O|  |TAMS 0x0000000084200000| PB 0x0000000084100000| Untracked |  0
|  66|0x0000000084200000, 0x0000000084300000, 0x0000000084300000|100%| O|  |TAMS 0x0000000084300000| PB 0x0000000084200000| Untracked |  0
|  67|0x0000000084300000, 0x0000000084400000, 0x0000000084400000|100%| O|  |TAMS 0x0000000084400000| PB 0x0000000084300000| Untracked |  0
|  68|0x0000000084400000, 0x0000000084500000, 0x0000000084500000|100%| O|  |TAMS 0x0000000084500000| PB 0x0000000084400000| Untracked |  0
|  69|0x0000000084500000, 0x0000000084600000, 0x0000000084600000|100%| O|  |TAMS 0x0000000084600000| PB 0x0000000084500000| Untracked |  0
|  70|0x0000000084600000, 0x0000000084700000, 0x0000000084700000|100%| O|  |TAMS 0x0000000084700000| PB 0x0000000084600000| Untracked |  0
|  71|0x0000000084700000, 0x0000000084700000, 0x0000000084800000|  0%| F|  |TAMS 0x0000000084700000| PB 0x0000000084700000| Untracked |  0
|  72|0x0000000084800000, 0x0000000084900000, 0x0000000084900000|100%| O|  |TAMS 0x0000000084900000| PB 0x0000000084800000| Untracked |  0
|  73|0x0000000084900000, 0x0000000084900000, 0x0000000084a00000|  0%| F|  |TAMS 0x0000000084900000| PB 0x0000000084900000| Untracked |  0
|  74|0x0000000084a00000, 0x0000000084b00000, 0x0000000084b00000|100%| O|  |TAMS 0x0000000084b00000| PB 0x0000000084a00000| Untracked |  0
|  75|0x0000000084b00000, 0x0000000084be6768, 0x0000000084c00000| 90%| O|  |TAMS 0x0000000084be6768| PB 0x0000000084b00000| Untracked |  0
|  76|0x0000000084c00000, 0x0000000084c00000, 0x0000000084d00000|  0%| F|  |TAMS 0x0000000084c00000| PB 0x0000000084c00000| Untracked |  0
|  77|0x0000000084d00000, 0x0000000084d00000, 0x0000000084e00000|  0%| F|  |TAMS 0x0000000084d00000| PB 0x0000000084d00000| Untracked |  0
|  78|0x0000000084e00000, 0x0000000084f00000, 0x0000000084f00000|100%| O|  |TAMS 0x0000000084f00000| PB 0x0000000084e00000| Untracked |  0
|  79|0x0000000084f00000, 0x0000000084f00000, 0x0000000085000000|  0%| F|  |TAMS 0x0000000084f00000| PB 0x0000000084f00000| Untracked |  0
|  80|0x0000000085000000, 0x0000000085000000, 0x0000000085100000|  0%| F|  |TAMS 0x0000000085000000| PB 0x0000000085000000| Untracked |  0
|  81|0x0000000085100000, 0x0000000085100000, 0x0000000085200000|  0%| F|  |TAMS 0x0000000085100000| PB 0x0000000085100000| Untracked |  0
|  82|0x0000000085200000, 0x0000000085200000, 0x0000000085300000|  0%| F|  |TAMS 0x0000000085200000| PB 0x0000000085200000| Untracked |  0
|  83|0x0000000085300000, 0x0000000085300000, 0x0000000085400000|  0%| F|  |TAMS 0x0000000085300000| PB 0x0000000085300000| Untracked |  0
|  84|0x0000000085400000, 0x0000000085400000, 0x0000000085500000|  0%| F|  |TAMS 0x0000000085400000| PB 0x0000000085400000| Untracked |  0
|  85|0x0000000085500000, 0x0000000085500000, 0x0000000085600000|  0%| F|  |TAMS 0x0000000085500000| PB 0x0000000085500000| Untracked |  0
|  86|0x0000000085600000, 0x0000000085600000, 0x0000000085700000|  0%| F|  |TAMS 0x0000000085600000| PB 0x0000000085600000| Untracked |  0
|  87|0x0000000085700000, 0x0000000085700000, 0x0000000085800000|  0%| F|  |TAMS 0x0000000085700000| PB 0x0000000085700000| Untracked |  0
|  88|0x0000000085800000, 0x0000000085800000, 0x0000000085900000|  0%| F|  |TAMS 0x0000000085800000| PB 0x0000000085800000| Untracked |  0
|  89|0x0000000085900000, 0x0000000085900000, 0x0000000085a00000|  0%| F|  |TAMS 0x0000000085900000| PB 0x0000000085900000| Untracked |  0
|  90|0x0000000085a00000, 0x0000000085a00000, 0x0000000085b00000|  0%| F|  |TAMS 0x0000000085a00000| PB 0x0000000085a00000| Untracked |  0
|  91|0x0000000085b00000, 0x0000000085be89a8, 0x0000000085c00000| 90%| S|CS|TAMS 0x0000000085b00000| PB 0x0000000085b00000| Complete |  0
|  92|0x0000000085c00000, 0x0000000085c00000, 0x0000000085d00000|  0%| F|  |TAMS 0x0000000085c00000| PB 0x0000000085c00000| Untracked |  0
|  93|0x0000000085d00000, 0x0000000085e00000, 0x0000000085e00000|100%| S|CS|TAMS 0x0000000085d00000| PB 0x0000000085d00000| Complete |  0
|  94|0x0000000085e00000, 0x0000000085f00000, 0x0000000085f00000|100%| S|CS|TAMS 0x0000000085e00000| PB 0x0000000085e00000| Complete |  0
|  95|0x0000000085f00000, 0x0000000085f00000, 0x0000000086000000|  0%| F|  |TAMS 0x0000000085f00000| PB 0x0000000085f00000| Untracked |  0
|  96|0x0000000086000000, 0x0000000086000000, 0x0000000086100000|  0%| F|  |TAMS 0x0000000086000000| PB 0x0000000086000000| Untracked |  0
|  97|0x0000000086100000, 0x0000000086200000, 0x0000000086200000|100%| S|CS|TAMS 0x0000000086100000| PB 0x0000000086100000| Complete |  0
|  98|0x0000000086200000, 0x0000000086200000, 0x0000000086300000|  0%| F|  |TAMS 0x0000000086200000| PB 0x0000000086200000| Untracked |  0
|  99|0x0000000086300000, 0x0000000086400000, 0x0000000086400000|100%| S|CS|TAMS 0x0000000086300000| PB 0x0000000086300000| Complete |  0
| 100|0x0000000086400000, 0x0000000086400000, 0x0000000086500000|  0%| F|  |TAMS 0x0000000086400000| PB 0x0000000086400000| Untracked |  0
| 101|0x0000000086500000, 0x0000000086500000, 0x0000000086600000|  0%| F|  |TAMS 0x0000000086500000| PB 0x0000000086500000| Untracked |  0
| 102|0x0000000086600000, 0x0000000086600000, 0x0000000086700000|  0%| F|  |TAMS 0x0000000086600000| PB 0x0000000086600000| Untracked |  0
| 103|0x0000000086700000, 0x0000000086700000, 0x0000000086800000|  0%| F|  |TAMS 0x0000000086700000| PB 0x0000000086700000| Untracked |  0
| 104|0x0000000086800000, 0x0000000086800000, 0x0000000086900000|  0%| F|  |TAMS 0x0000000086800000| PB 0x0000000086800000| Untracked |  0
| 105|0x0000000086900000, 0x0000000086900000, 0x0000000086a00000|  0%| F|  |TAMS 0x0000000086900000| PB 0x0000000086900000| Untracked |  0
| 106|0x0000000086a00000, 0x0000000086a00000, 0x0000000086b00000|  0%| F|  |TAMS 0x0000000086a00000| PB 0x0000000086a00000| Untracked |  0
| 107|0x0000000086b00000, 0x0000000086b00000, 0x0000000086c00000|  0%| F|  |TAMS 0x0000000086b00000| PB 0x0000000086b00000| Untracked |  0
| 108|0x0000000086c00000, 0x0000000086c00000, 0x0000000086d00000|  0%| F|  |TAMS 0x0000000086c00000| PB 0x0000000086c00000| Untracked |  0
| 109|0x0000000086d00000, 0x0000000086d00000, 0x0000000086e00000|  0%| F|  |TAMS 0x0000000086d00000| PB 0x0000000086d00000| Untracked |  0
| 110|0x0000000086e00000, 0x0000000086e00000, 0x0000000086f00000|  0%| F|  |TAMS 0x0000000086e00000| PB 0x0000000086e00000| Untracked |  0
| 111|0x0000000086f00000, 0x0000000086f00000, 0x0000000087000000|  0%| F|  |TAMS 0x0000000086f00000| PB 0x0000000086f00000| Untracked |  0
| 112|0x0000000087000000, 0x0000000087000000, 0x0000000087100000|  0%| F|  |TAMS 0x0000000087000000| PB 0x0000000087000000| Untracked |  0
| 113|0x0000000087100000, 0x0000000087100000, 0x0000000087200000|  0%| F|  |TAMS 0x0000000087100000| PB 0x0000000087100000| Untracked |  0
| 114|0x0000000087200000, 0x0000000087200000, 0x0000000087300000|  0%| F|  |TAMS 0x0000000087200000| PB 0x0000000087200000| Untracked |  0
| 115|0x0000000087300000, 0x0000000087300000, 0x0000000087400000|  0%| F|  |TAMS 0x0000000087300000| PB 0x0000000087300000| Untracked |  0
| 116|0x0000000087400000, 0x0000000087400000, 0x0000000087500000|  0%| F|  |TAMS 0x0000000087400000| PB 0x0000000087400000| Untracked |  0
| 117|0x0000000087500000, 0x0000000087500000, 0x0000000087600000|  0%| F|  |TAMS 0x0000000087500000| PB 0x0000000087500000| Untracked |  0
| 118|0x0000000087600000, 0x0000000087600000, 0x0000000087700000|  0%| F|  |TAMS 0x0000000087600000| PB 0x0000000087600000| Untracked |  0
| 119|0x0000000087700000, 0x0000000087700000, 0x0000000087800000|  0%| F|  |TAMS 0x0000000087700000| PB 0x0000000087700000| Untracked |  0
| 120|0x0000000087800000, 0x0000000087800000, 0x0000000087900000|  0%| F|  |TAMS 0x0000000087800000| PB 0x0000000087800000| Untracked |  0
| 121|0x0000000087900000, 0x0000000087900000, 0x0000000087a00000|  0%| F|  |TAMS 0x0000000087900000| PB 0x0000000087900000| Untracked |  0
| 122|0x0000000087a00000, 0x0000000087a00000, 0x0000000087b00000|  0%| F|  |TAMS 0x0000000087a00000| PB 0x0000000087a00000| Untracked |  0
| 123|0x0000000087b00000, 0x0000000087b00000, 0x0000000087c00000|  0%| F|  |TAMS 0x0000000087b00000| PB 0x0000000087b00000| Untracked |  0
| 124|0x0000000087c00000, 0x0000000087c00000, 0x0000000087d00000|  0%| F|  |TAMS 0x0000000087c00000| PB 0x0000000087c00000| Untracked |  0
| 125|0x0000000087d00000, 0x0000000087d00000, 0x0000000087e00000|  0%| F|  |TAMS 0x0000000087d00000| PB 0x0000000087d00000| Untracked |  0
| 126|0x0000000087e00000, 0x0000000087e00000, 0x0000000087f00000|  0%| F|  |TAMS 0x0000000087e00000| PB 0x0000000087e00000| Untracked |  0
| 127|0x0000000087f00000, 0x0000000087f00000, 0x0000000088000000|  0%| F|  |TAMS 0x0000000087f00000| PB 0x0000000087f00000| Untracked |  0
| 128|0x0000000088000000, 0x0000000088000000, 0x0000000088100000|  0%| F|  |TAMS 0x0000000088000000| PB 0x0000000088000000| Untracked |  0
| 129|0x0000000088100000, 0x0000000088100000, 0x0000000088200000|  0%| F|  |TAMS 0x0000000088100000| PB 0x0000000088100000| Untracked |  0
| 130|0x0000000088200000, 0x0000000088200000, 0x0000000088300000|  0%| F|  |TAMS 0x0000000088200000| PB 0x0000000088200000| Untracked |  0
| 131|0x0000000088300000, 0x0000000088300000, 0x0000000088400000|  0%| F|  |TAMS 0x0000000088300000| PB 0x0000000088300000| Untracked |  0
| 132|0x0000000088400000, 0x0000000088400000, 0x0000000088500000|  0%| F|  |TAMS 0x0000000088400000| PB 0x0000000088400000| Untracked |  0
| 133|0x0000000088500000, 0x0000000088500000, 0x0000000088600000|  0%| F|  |TAMS 0x0000000088500000| PB 0x0000000088500000| Untracked |  0
| 134|0x0000000088600000, 0x0000000088600000, 0x0000000088700000|  0%| F|  |TAMS 0x0000000088600000| PB 0x0000000088600000| Untracked |  0
| 135|0x0000000088700000, 0x0000000088700000, 0x0000000088800000|  0%| F|  |TAMS 0x0000000088700000| PB 0x0000000088700000| Untracked |  0
| 136|0x0000000088800000, 0x0000000088800000, 0x0000000088900000|  0%| F|  |TAMS 0x0000000088800000| PB 0x0000000088800000| Untracked |  0
| 137|0x0000000088900000, 0x0000000088900000, 0x0000000088a00000|  0%| F|  |TAMS 0x0000000088900000| PB 0x0000000088900000| Untracked |  0
| 138|0x0000000088a00000, 0x0000000088a00000, 0x0000000088b00000|  0%| F|  |TAMS 0x0000000088a00000| PB 0x0000000088a00000| Untracked |  0
| 139|0x0000000088b00000, 0x0000000088b00000, 0x0000000088c00000|  0%| F|  |TAMS 0x0000000088b00000| PB 0x0000000088b00000| Untracked |  0
| 140|0x0000000088c00000, 0x0000000088c00000, 0x0000000088d00000|  0%| F|  |TAMS 0x0000000088c00000| PB 0x0000000088c00000| Untracked |  0
| 141|0x0000000088d00000, 0x0000000088d00000, 0x0000000088e00000|  0%| F|  |TAMS 0x0000000088d00000| PB 0x0000000088d00000| Untracked |  0
| 142|0x0000000088e00000, 0x0000000088e00000, 0x0000000088f00000|  0%| F|  |TAMS 0x0000000088e00000| PB 0x0000000088e00000| Untracked |  0
| 143|0x0000000088f00000, 0x0000000088f00000, 0x0000000089000000|  0%| F|  |TAMS 0x0000000088f00000| PB 0x0000000088f00000| Untracked |  0
| 144|0x0000000089000000, 0x0000000089000000, 0x0000000089100000|  0%| F|  |TAMS 0x0000000089000000| PB 0x0000000089000000| Untracked |  0
| 145|0x0000000089100000, 0x0000000089100000, 0x0000000089200000|  0%| F|  |TAMS 0x0000000089100000| PB 0x0000000089100000| Untracked |  0
| 146|0x0000000089200000, 0x0000000089200000, 0x0000000089300000|  0%| F|  |TAMS 0x0000000089200000| PB 0x0000000089200000| Untracked |  0
| 147|0x0000000089300000, 0x0000000089300000, 0x0000000089400000|  0%| F|  |TAMS 0x0000000089300000| PB 0x0000000089300000| Untracked |  0
| 148|0x0000000089400000, 0x0000000089400000, 0x0000000089500000|  0%| F|  |TAMS 0x0000000089400000| PB 0x0000000089400000| Untracked |  0
| 149|0x0000000089500000, 0x0000000089500000, 0x0000000089600000|  0%| F|  |TAMS 0x0000000089500000| PB 0x0000000089500000| Untracked |  0
| 150|0x0000000089600000, 0x0000000089600000, 0x0000000089700000|  0%| F|  |TAMS 0x0000000089600000| PB 0x0000000089600000| Untracked |  0
| 151|0x0000000089700000, 0x0000000089700000, 0x0000000089800000|  0%| F|  |TAMS 0x0000000089700000| PB 0x0000000089700000| Untracked |  0
| 152|0x0000000089800000, 0x0000000089800000, 0x0000000089900000|  0%| F|  |TAMS 0x0000000089800000| PB 0x0000000089800000| Untracked |  0
| 153|0x0000000089900000, 0x0000000089900000, 0x0000000089a00000|  0%| F|  |TAMS 0x0000000089900000| PB 0x0000000089900000| Untracked |  0
| 154|0x0000000089a00000, 0x0000000089a00000, 0x0000000089b00000|  0%| F|  |TAMS 0x0000000089a00000| PB 0x0000000089a00000| Untracked |  0
| 155|0x0000000089b00000, 0x0000000089b00000, 0x0000000089c00000|  0%| F|  |TAMS 0x0000000089b00000| PB 0x0000000089b00000| Untracked |  0
| 156|0x0000000089c00000, 0x0000000089c00000, 0x0000000089d00000|  0%| F|  |TAMS 0x0000000089c00000| PB 0x0000000089c00000| Untracked |  0
| 157|0x0000000089d00000, 0x0000000089d00000, 0x0000000089e00000|  0%| F|  |TAMS 0x0000000089d00000| PB 0x0000000089d00000| Untracked |  0
| 158|0x0000000089e00000, 0x0000000089e00000, 0x0000000089f00000|  0%| F|  |TAMS 0x0000000089e00000| PB 0x0000000089e00000| Untracked |  0
| 159|0x0000000089f00000, 0x0000000089f00000, 0x000000008a000000|  0%| F|  |TAMS 0x0000000089f00000| PB 0x0000000089f00000| Untracked |  0
| 160|0x000000008a000000, 0x000000008a000000, 0x000000008a100000|  0%| F|  |TAMS 0x000000008a000000| PB 0x000000008a000000| Untracked |  0
| 161|0x000000008a100000, 0x000000008a100000, 0x000000008a200000|  0%| F|  |TAMS 0x000000008a100000| PB 0x000000008a100000| Untracked |  0
| 162|0x000000008a200000, 0x000000008a200000, 0x000000008a300000|  0%| F|  |TAMS 0x000000008a200000| PB 0x000000008a200000| Untracked |  0
| 163|0x000000008a300000, 0x000000008a300000, 0x000000008a400000|  0%| F|  |TAMS 0x000000008a300000| PB 0x000000008a300000| Untracked |  0
| 164|0x000000008a400000, 0x000000008a400000, 0x000000008a500000|  0%| F|  |TAMS 0x000000008a400000| PB 0x000000008a400000| Untracked |  0
| 165|0x000000008a500000, 0x000000008a500000, 0x000000008a600000|  0%| F|  |TAMS 0x000000008a500000| PB 0x000000008a500000| Untracked |  0
| 166|0x000000008a600000, 0x000000008a600000, 0x000000008a700000|  0%| F|  |TAMS 0x000000008a600000| PB 0x000000008a600000| Untracked |  0
| 167|0x000000008a700000, 0x000000008a700000, 0x000000008a800000|  0%| F|  |TAMS 0x000000008a700000| PB 0x000000008a700000| Untracked |  0
| 168|0x000000008a800000, 0x000000008a800000, 0x000000008a900000|  0%| F|  |TAMS 0x000000008a800000| PB 0x000000008a800000| Untracked |  0
| 169|0x000000008a900000, 0x000000008a900000, 0x000000008aa00000|  0%| F|  |TAMS 0x000000008a900000| PB 0x000000008a900000| Untracked |  0
| 170|0x000000008aa00000, 0x000000008aa00000, 0x000000008ab00000|  0%| F|  |TAMS 0x000000008aa00000| PB 0x000000008aa00000| Untracked |  0
| 171|0x000000008ab00000, 0x000000008ab00000, 0x000000008ac00000|  0%| F|  |TAMS 0x000000008ab00000| PB 0x000000008ab00000| Untracked |  0
| 172|0x000000008ac00000, 0x000000008ac00000, 0x000000008ad00000|  0%| F|  |TAMS 0x000000008ac00000| PB 0x000000008ac00000| Untracked |  0
| 173|0x000000008ad00000, 0x000000008ad00000, 0x000000008ae00000|  0%| F|  |TAMS 0x000000008ad00000| PB 0x000000008ad00000| Untracked |  0
| 174|0x000000008ae00000, 0x000000008ae00000, 0x000000008af00000|  0%| F|  |TAMS 0x000000008ae00000| PB 0x000000008ae00000| Untracked |  0
| 175|0x000000008af00000, 0x000000008af00000, 0x000000008b000000|  0%| F|  |TAMS 0x000000008af00000| PB 0x000000008af00000| Untracked |  0
| 176|0x000000008b000000, 0x000000008b000000, 0x000000008b100000|  0%| F|  |TAMS 0x000000008b000000| PB 0x000000008b000000| Untracked |  0
| 177|0x000000008b100000, 0x000000008b100000, 0x000000008b200000|  0%| F|  |TAMS 0x000000008b100000| PB 0x000000008b100000| Untracked |  0
| 178|0x000000008b200000, 0x000000008b200000, 0x000000008b300000|  0%| F|  |TAMS 0x000000008b200000| PB 0x000000008b200000| Untracked |  0
| 179|0x000000008b300000, 0x000000008b300000, 0x000000008b400000|  0%| F|  |TAMS 0x000000008b300000| PB 0x000000008b300000| Untracked |  0
| 180|0x000000008b400000, 0x000000008b400000, 0x000000008b500000|  0%| F|  |TAMS 0x000000008b400000| PB 0x000000008b400000| Untracked |  0
| 181|0x000000008b500000, 0x000000008b500000, 0x000000008b600000|  0%| F|  |TAMS 0x000000008b500000| PB 0x000000008b500000| Untracked |  0
| 182|0x000000008b600000, 0x000000008b600000, 0x000000008b700000|  0%| F|  |TAMS 0x000000008b600000| PB 0x000000008b600000| Untracked |  0
| 183|0x000000008b700000, 0x000000008b700000, 0x000000008b800000|  0%| F|  |TAMS 0x000000008b700000| PB 0x000000008b700000| Untracked |  0
| 184|0x000000008b800000, 0x000000008b800000, 0x000000008b900000|  0%| F|  |TAMS 0x000000008b800000| PB 0x000000008b800000| Untracked |  0
| 185|0x000000008b900000, 0x000000008b900000, 0x000000008ba00000|  0%| F|  |TAMS 0x000000008b900000| PB 0x000000008b900000| Untracked |  0
| 186|0x000000008ba00000, 0x000000008ba00000, 0x000000008bb00000|  0%| F|  |TAMS 0x000000008ba00000| PB 0x000000008ba00000| Untracked |  0
| 187|0x000000008bb00000, 0x000000008bb00000, 0x000000008bc00000|  0%| F|  |TAMS 0x000000008bb00000| PB 0x000000008bb00000| Untracked |  0
| 188|0x000000008bc00000, 0x000000008bc00000, 0x000000008bd00000|  0%| F|  |TAMS 0x000000008bc00000| PB 0x000000008bc00000| Untracked |  0
| 189|0x000000008bd00000, 0x000000008bd00000, 0x000000008be00000|  0%| F|  |TAMS 0x000000008bd00000| PB 0x000000008bd00000| Untracked |  0
| 190|0x000000008be00000, 0x000000008be00000, 0x000000008bf00000|  0%| F|  |TAMS 0x000000008be00000| PB 0x000000008be00000| Untracked |  0
| 191|0x000000008bf00000, 0x000000008bf00000, 0x000000008c000000|  0%| F|  |TAMS 0x000000008bf00000| PB 0x000000008bf00000| Untracked |  0
| 192|0x000000008c000000, 0x000000008c000000, 0x000000008c100000|  0%| F|  |TAMS 0x000000008c000000| PB 0x000000008c000000| Untracked |  0
| 193|0x000000008c100000, 0x000000008c100000, 0x000000008c200000|  0%| F|  |TAMS 0x000000008c100000| PB 0x000000008c100000| Untracked |  0
| 194|0x000000008c200000, 0x000000008c200000, 0x000000008c300000|  0%| F|  |TAMS 0x000000008c200000| PB 0x000000008c200000| Untracked |  0
| 195|0x000000008c300000, 0x000000008c300000, 0x000000008c400000|  0%| F|  |TAMS 0x000000008c300000| PB 0x000000008c300000| Untracked |  0
| 196|0x000000008c400000, 0x000000008c400000, 0x000000008c500000|  0%| F|  |TAMS 0x000000008c400000| PB 0x000000008c400000| Untracked |  0
| 197|0x000000008c500000, 0x000000008c500000, 0x000000008c600000|  0%| F|  |TAMS 0x000000008c500000| PB 0x000000008c500000| Untracked |  0
| 198|0x000000008c600000, 0x000000008c600000, 0x000000008c700000|  0%| F|  |TAMS 0x000000008c600000| PB 0x000000008c600000| Untracked |  0
| 199|0x000000008c700000, 0x000000008c700000, 0x000000008c800000|  0%| F|  |TAMS 0x000000008c700000| PB 0x000000008c700000| Untracked |  0
| 200|0x000000008c800000, 0x000000008c800000, 0x000000008c900000|  0%| F|  |TAMS 0x000000008c800000| PB 0x000000008c800000| Untracked |  0
| 201|0x000000008c900000, 0x000000008c900000, 0x000000008ca00000|  0%| F|  |TAMS 0x000000008c900000| PB 0x000000008c900000| Untracked |  0
| 202|0x000000008ca00000, 0x000000008ca00000, 0x000000008cb00000|  0%| F|  |TAMS 0x000000008ca00000| PB 0x000000008ca00000| Untracked |  0
| 203|0x000000008cb00000, 0x000000008cb00000, 0x000000008cc00000|  0%| F|  |TAMS 0x000000008cb00000| PB 0x000000008cb00000| Untracked |  0
| 204|0x000000008cc00000, 0x000000008cc00000, 0x000000008cd00000|  0%| F|  |TAMS 0x000000008cc00000| PB 0x000000008cc00000| Untracked |  0
| 205|0x000000008cd00000, 0x000000008cd00000, 0x000000008ce00000|  0%| F|  |TAMS 0x000000008cd00000| PB 0x000000008cd00000| Untracked |  0
| 206|0x000000008ce00000, 0x000000008ce00000, 0x000000008cf00000|  0%| F|  |TAMS 0x000000008ce00000| PB 0x000000008ce00000| Untracked |  0
| 207|0x000000008cf00000, 0x000000008cf00000, 0x000000008d000000|  0%| F|  |TAMS 0x000000008cf00000| PB 0x000000008cf00000| Untracked |  0
| 208|0x000000008d000000, 0x000000008d000000, 0x000000008d100000|  0%| F|  |TAMS 0x000000008d000000| PB 0x000000008d000000| Untracked |  0
| 209|0x000000008d100000, 0x000000008d100000, 0x000000008d200000|  0%| F|  |TAMS 0x000000008d100000| PB 0x000000008d100000| Untracked |  0
| 210|0x000000008d200000, 0x000000008d200000, 0x000000008d300000|  0%| F|  |TAMS 0x000000008d200000| PB 0x000000008d200000| Untracked |  0
| 211|0x000000008d300000, 0x000000008d300000, 0x000000008d400000|  0%| F|  |TAMS 0x000000008d300000| PB 0x000000008d300000| Untracked |  0
| 212|0x000000008d400000, 0x000000008d400000, 0x000000008d500000|  0%| F|  |TAMS 0x000000008d400000| PB 0x000000008d400000| Untracked |  0
| 213|0x000000008d500000, 0x000000008d500000, 0x000000008d600000|  0%| F|  |TAMS 0x000000008d500000| PB 0x000000008d500000| Untracked |  0
| 214|0x000000008d600000, 0x000000008d600000, 0x000000008d700000|  0%| F|  |TAMS 0x000000008d600000| PB 0x000000008d600000| Untracked |  0
| 215|0x000000008d700000, 0x000000008d700000, 0x000000008d800000|  0%| F|  |TAMS 0x000000008d700000| PB 0x000000008d700000| Untracked |  0
| 216|0x000000008d800000, 0x000000008d800000, 0x000000008d900000|  0%| F|  |TAMS 0x000000008d800000| PB 0x000000008d800000| Untracked |  0
| 217|0x000000008d900000, 0x000000008d900000, 0x000000008da00000|  0%| F|  |TAMS 0x000000008d900000| PB 0x000000008d900000| Untracked |  0
| 218|0x000000008da00000, 0x000000008da00000, 0x000000008db00000|  0%| F|  |TAMS 0x000000008da00000| PB 0x000000008da00000| Untracked |  0
| 219|0x000000008db00000, 0x000000008db00000, 0x000000008dc00000|  0%| F|  |TAMS 0x000000008db00000| PB 0x000000008db00000| Untracked |  0
| 220|0x000000008dc00000, 0x000000008dc00000, 0x000000008dd00000|  0%| F|  |TAMS 0x000000008dc00000| PB 0x000000008dc00000| Untracked |  0
| 221|0x000000008dd00000, 0x000000008dd00000, 0x000000008de00000|  0%| F|  |TAMS 0x000000008dd00000| PB 0x000000008dd00000| Untracked |  0
| 222|0x000000008de00000, 0x000000008de00000, 0x000000008df00000|  0%| F|  |TAMS 0x000000008de00000| PB 0x000000008de00000| Untracked |  0
| 223|0x000000008df00000, 0x000000008df00000, 0x000000008e000000|  0%| F|  |TAMS 0x000000008df00000| PB 0x000000008df00000| Untracked |  0
| 224|0x000000008e000000, 0x000000008e000000, 0x000000008e100000|  0%| F|  |TAMS 0x000000008e000000| PB 0x000000008e000000| Untracked |  0
| 225|0x000000008e100000, 0x000000008e100000, 0x000000008e200000|  0%| F|  |TAMS 0x000000008e100000| PB 0x000000008e100000| Untracked |  0
| 226|0x000000008e200000, 0x000000008e200000, 0x000000008e300000|  0%| F|  |TAMS 0x000000008e200000| PB 0x000000008e200000| Untracked |  0
| 227|0x000000008e300000, 0x000000008e300000, 0x000000008e400000|  0%| F|  |TAMS 0x000000008e300000| PB 0x000000008e300000| Untracked |  0
| 228|0x000000008e400000, 0x000000008e400000, 0x000000008e500000|  0%| F|  |TAMS 0x000000008e400000| PB 0x000000008e400000| Untracked |  0
| 229|0x000000008e500000, 0x000000008e500000, 0x000000008e600000|  0%| F|  |TAMS 0x000000008e500000| PB 0x000000008e500000| Untracked |  0
| 230|0x000000008e600000, 0x000000008e600000, 0x000000008e700000|  0%| F|  |TAMS 0x000000008e600000| PB 0x000000008e600000| Untracked |  0
| 231|0x000000008e700000, 0x000000008e700000, 0x000000008e800000|  0%| F|  |TAMS 0x000000008e700000| PB 0x000000008e700000| Untracked |  0
| 232|0x000000008e800000, 0x000000008e800000, 0x000000008e900000|  0%| F|  |TAMS 0x000000008e800000| PB 0x000000008e800000| Untracked |  0
| 233|0x000000008e900000, 0x000000008e900000, 0x000000008ea00000|  0%| F|  |TAMS 0x000000008e900000| PB 0x000000008e900000| Untracked |  0
| 234|0x000000008ea00000, 0x000000008ea00000, 0x000000008eb00000|  0%| F|  |TAMS 0x000000008ea00000| PB 0x000000008ea00000| Untracked |  0
| 235|0x000000008eb00000, 0x000000008eb00000, 0x000000008ec00000|  0%| F|  |TAMS 0x000000008eb00000| PB 0x000000008eb00000| Untracked |  0
| 236|0x000000008ec00000, 0x000000008ec00000, 0x000000008ed00000|  0%| F|  |TAMS 0x000000008ec00000| PB 0x000000008ec00000| Untracked |  0
| 237|0x000000008ed00000, 0x000000008ed00000, 0x000000008ee00000|  0%| F|  |TAMS 0x000000008ed00000| PB 0x000000008ed00000| Untracked |  0
| 238|0x000000008ee00000, 0x000000008ee00000, 0x000000008ef00000|  0%| F|  |TAMS 0x000000008ee00000| PB 0x000000008ee00000| Untracked |  0
| 239|0x000000008ef00000, 0x000000008ef00000, 0x000000008f000000|  0%| F|  |TAMS 0x000000008ef00000| PB 0x000000008ef00000| Untracked |  0
| 240|0x000000008f000000, 0x000000008f000000, 0x000000008f100000|  0%| F|  |TAMS 0x000000008f000000| PB 0x000000008f000000| Untracked |  0
| 241|0x000000008f100000, 0x000000008f100000, 0x000000008f200000|  0%| F|  |TAMS 0x000000008f100000| PB 0x000000008f100000| Untracked |  0
| 242|0x000000008f200000, 0x000000008f200000, 0x000000008f300000|  0%| F|  |TAMS 0x000000008f200000| PB 0x000000008f200000| Untracked |  0
| 243|0x000000008f300000, 0x000000008f300000, 0x000000008f400000|  0%| F|  |TAMS 0x000000008f300000| PB 0x000000008f300000| Untracked |  0
| 244|0x000000008f400000, 0x000000008f400000, 0x000000008f500000|  0%| F|  |TAMS 0x000000008f400000| PB 0x000000008f400000| Untracked |  0
| 245|0x000000008f500000, 0x000000008f500000, 0x000000008f600000|  0%| F|  |TAMS 0x000000008f500000| PB 0x000000008f500000| Untracked |  0
| 246|0x000000008f600000, 0x000000008f600000, 0x000000008f700000|  0%| F|  |TAMS 0x000000008f600000| PB 0x000000008f600000| Untracked |  0
| 247|0x000000008f700000, 0x000000008f700000, 0x000000008f800000|  0%| F|  |TAMS 0x000000008f700000| PB 0x000000008f700000| Untracked |  0
| 248|0x000000008f800000, 0x000000008f800000, 0x000000008f900000|  0%| F|  |TAMS 0x000000008f800000| PB 0x000000008f800000| Untracked |  0
| 249|0x000000008f900000, 0x000000008f900000, 0x000000008fa00000|  0%| F|  |TAMS 0x000000008f900000| PB 0x000000008f900000| Untracked |  0
| 250|0x000000008fa00000, 0x000000008fa00000, 0x000000008fb00000|  0%| F|  |TAMS 0x000000008fa00000| PB 0x000000008fa00000| Untracked |  0
| 251|0x000000008fb00000, 0x000000008fb00000, 0x000000008fc00000|  0%| F|  |TAMS 0x000000008fb00000| PB 0x000000008fb00000| Untracked |  0
|2036|0x00000000ff400000, 0x00000000ff400000, 0x00000000ff500000|  0%| F|  |TAMS 0x00000000ff400000| PB 0x00000000ff400000| Untracked |  0
|2037|0x00000000ff500000, 0x00000000ff500000, 0x00000000ff600000|  0%| F|  |TAMS 0x00000000ff500000| PB 0x00000000ff500000| Untracked |  0
|2038|0x00000000ff600000, 0x00000000ff600000, 0x00000000ff700000|  0%| F|  |TAMS 0x00000000ff600000| PB 0x00000000ff600000| Untracked |  0
|2039|0x00000000ff700000, 0x00000000ff800000, 0x00000000ff800000|100%| O|  |TAMS 0x00000000ff800000| PB 0x00000000ff700000| Untracked |  0
|2040|0x00000000ff800000, 0x00000000ff900000, 0x00000000ff900000|100%| O|  |TAMS 0x00000000ff900000| PB 0x00000000ff800000| Untracked |  0
|2041|0x00000000ff900000, 0x00000000ffa00000, 0x00000000ffa00000|100%| O|  |TAMS 0x00000000ffa00000| PB 0x00000000ff900000| Untracked |  0
|2042|0x00000000ffa00000, 0x00000000ffb00000, 0x00000000ffb00000|100%| O|  |TAMS 0x00000000ffb00000| PB 0x00000000ffa00000| Untracked |  0
|2043|0x00000000ffb00000, 0x00000000ffc00000, 0x00000000ffc00000|100%| O|  |TAMS 0x00000000ffc00000| PB 0x00000000ffb00000| Untracked |  0
|2044|0x00000000ffc00000, 0x00000000ffd00000, 0x00000000ffd00000|100%| O|  |TAMS 0x00000000ffd00000| PB 0x00000000ffc00000| Untracked |  0
|2045|0x00000000ffd00000, 0x00000000ffe00000, 0x00000000ffe00000|100%| O|  |TAMS 0x00000000ffe00000| PB 0x00000000ffd00000| Untracked |  0
|2046|0x00000000ffe00000, 0x00000000fff00000, 0x00000000fff00000|100%| O|  |TAMS 0x00000000fff00000| PB 0x00000000ffe00000| Untracked |  0
|2047|0x00000000fff00000, 0x0000000100000000, 0x0000000100000000|100%| O|  |TAMS 0x0000000100000000| PB 0x00000000fff00000| Untracked |  0

Card table byte_map: [0x000001c96e7c0000,0x000001c96ebc0000] _byte_map_base: 0x000001c96e3c0000

Marking Bits: (CMBitMap*) 0x000001c95b9dd700
 Bits: [0x000001c96ebc0000, 0x000001c970bc0000)

Polling page: 0x000001c959730000

Metaspace:
Metaspace        used 70258K, committed 71872K, reserved 1114112K
 class space     used 10316K, committed 11072K, reserved 1048576K

Usage:
  Non-class:     58.54 MB used.
      Class:     10.07 MB used.
       Both:     68.61 MB used.

Virtual space:
  Non-class space:       64.00 MB reserved,      59.38 MB ( 93%) committed,  1 nodes.
      Class space:        1.00 GB reserved,      10.81 MB (  1%) committed,  1 nodes.
             Both:        1.06 GB reserved,      70.19 MB (  6%) committed. 

Chunk freelists:
   Non-Class:  4.53 MB
       Class:  5.01 MB
        Both:  9.54 MB

MaxMetaspaceSize: unlimited
CompressedClassSpaceSize: 1.00 GB
Initial GC threshold: 21.00 MB
Current GC threshold: 117.00 MB
CDS: off
 - commit_granule_bytes: 65536.
 - commit_granule_words: 8192.
 - virtual_space_node_default_size: 8388608.
 - enlarge_chunks_in_place: 1.
UseCompressedClassPointers 1, UseCompactObjectHeaders 0
Narrow klass pointer bits 32, Max shift 3
Narrow klass base: 0x0000000000000000, Narrow klass shift: 0
Encoding Range: [0x0000000000000000 - 0x0000000100000000), (4294967296 bytes)
Klass Range:    [0x000000000e000000 - 0x000000004e000000), (1073741824 bytes)
Klass ID Range:  [234881024 - 1308622841) (1073741817)
No protection zone.


Internal statistics:

num_allocs_failed_limit: 6.
num_arena_births: 3284.
num_arena_deaths: 0.
num_vsnodes_births: 2.
num_vsnodes_deaths: 0.
num_space_committed: 1123.
num_space_uncommitted: 0.
num_chunks_returned_to_freelist: 6.
num_chunks_taken_from_freelist: 6192.
num_chunk_merges: 6.
num_chunk_splits: 3979.
num_chunks_enlarged: 2432.
num_inconsistent_stats: 0.

CodeHeap 'non-profiled nmethods': size=120064Kb used=4424Kb max_used=4424Kb free=115639Kb
 bounds [0x000001c966930000, 0x000001c966d90000, 0x000001c96de70000]
CodeHeap 'profiled nmethods': size=120000Kb used=11022Kb max_used=11553Kb free=108977Kb
 bounds [0x000001c95ee70000, 0x000001c95f9c0000, 0x000001c9663a0000]
CodeHeap 'non-nmethods': size=5696Kb used=1891Kb max_used=2052Kb free=3804Kb
 bounds [0x000001c9663a0000, 0x000001c966610000, 0x000001c966930000]
CodeCache: size=245760Kb, used=17337Kb, max_used=18029Kb, free=228420Kb
 total_blobs=8811, nmethods=8044, adapters=669, full_count=0
Compilation: enabled, stopped_count=0, restarted_count=0

Compilation events (20 events):
Event: 25.603 Thread 0x000001c973a538f0 nmethod 9972 0x000001c95efbee08 code [0x000001c95efbef00, 0x000001c95efc0430]
Event: 25.638 Thread 0x000001c973a4a0b0 nmethod 9970 0x000001c966cf5988 code [0x000001c966cf5a80, 0x000001c966cf68a0]
Event: 25.688 Thread 0x000001c973a4a0b0 9973       4       org.gradle.internal.operations.DefaultBuildOperationRunner::assertParentRunning (47 bytes)
Event: 25.691 Thread 0x000001c973a4a0b0 nmethod 9973 0x000001c966d31988 code [0x000001c966d31a80, 0x000001c966d31b48]
Event: 25.748 Thread 0x000001c973a4a0b0 9974  s    4       java.io.DataOutputStream::write (16 bytes)
Event: 25.750 Thread 0x000001c973a4a0b0 nmethod 9974 0x000001c966d2b408 code [0x000001c966d2b500, 0x000001c966d2b810]
Event: 25.819 Thread 0x000001c973a4a0b0 9975       4       org.gradle.internal.time.DefaultCountdownTimer::hasExpired (15 bytes)
Event: 25.823 Thread 0x000001c973a4a0b0 nmethod 9975 0x000001c96696d308 code [0x000001c96696d400, 0x000001c96696d590]
Event: 25.844 Thread 0x000001c973a4a0b0 9976       4       org.gradle.internal.fingerprint.impl.DefaultFileCollectionSnapshotter::snapshot (29 bytes)
Event: 25.852 Thread 0x000001c973a4a0b0 nmethod 9976 0x000001c966a9a208 code [0x000001c966a9a300, 0x000001c966a9a898]
Event: 25.852 Thread 0x000001c973a4a0b0 9977       4       java.util.stream.Streams$StreamBuilderImpl::forEachRemaining (30 bytes)
Event: 25.857 Thread 0x000001c973a4a0b0 nmethod 9977 0x000001c96696cc88 code [0x000001c96696cd80, 0x000001c96696d1b8]
Event: 25.955 Thread 0x000001c973a4a0b0 9978       4       org.gradle.internal.logging.slf4j.BuildOperationAwareLogger::debug (19 bytes)
Event: 25.959 Thread 0x000001c973a4a0b0 nmethod 9978 0x000001c966a99e88 code [0x000001c966a99f80, 0x000001c966a9a0e8]
Event: 25.970 Thread 0x000001c973a4a0b0 9979       4       java.util.HashMap::keySet (25 bytes)
Event: 25.973 Thread 0x000001c973a4a0b0 nmethod 9979 0x000001c966a37d08 code [0x000001c966a37e00, 0x000001c966a37fe8]
Event: 25.973 Thread 0x000001c973a4a0b0 9980   !   4       java.nio.file.FileTreeWalker::next (131 bytes)
Event: 26.066 Thread 0x000001c973a4a0b0 nmethod 9980 0x000001c966d83d08 code [0x000001c966d83e00, 0x000001c966d872b0]
Event: 26.066 Thread 0x000001c973a4a0b0 9981       4       org.gradle.internal.fingerprint.impl.DefaultFileCollectionSnapshotter$SnapshottingVisitor::<init> (7 bytes)
Event: 26.067 Thread 0x000001c973a4a0b0 nmethod 9981 0x000001c966a37508 code [0x000001c966a37600, 0x000001c966a37a20]

GC Heap Usage History (20 events):
Event: 22.072 {heap After GC invocations=39 (full 0):
 garbage-first heap   total reserved 2097152K, committed 220160K, used 84113K [0x0000000080000000, 0x0000000100000000)
  region size 1024K, 8 young (8192K), 8 survivors (8192K)
}
Event: 22.394 {heap Before GC invocations=39 (full 0):
 garbage-first heap   total reserved 2097152K, committed 220160K, used 205969K [0x0000000080000000, 0x0000000100000000)
  region size 1024K, 128 young (131072K), 8 survivors (8192K)
}
Event: 22.403 {heap After GC invocations=40 (full 0):
 garbage-first heap   total reserved 2097152K, committed 220160K, used 84541K [0x0000000080000000, 0x0000000100000000)
  region size 1024K, 9 young (9216K), 9 survivors (9216K)
}
Event: 22.967 {heap Before GC invocations=40 (full 0):
 garbage-first heap   total reserved 2097152K, committed 220160K, used 206397K [0x0000000080000000, 0x0000000100000000)
  region size 1024K, 128 young (131072K), 9 survivors (9216K)
}
Event: 22.977 {heap After GC invocations=41 (full 0):
 garbage-first heap   total reserved 2097152K, committed 220160K, used 85919K [0x0000000080000000, 0x0000000100000000)
  region size 1024K, 10 young (10240K), 10 survivors (10240K)
}
Event: 23.523 {heap Before GC invocations=42 (full 0):
 garbage-first heap   total reserved 2097152K, committed 220160K, used 205727K [0x0000000080000000, 0x0000000100000000)
  region size 1024K, 128 young (131072K), 10 survivors (10240K)
}
Event: 23.535 {heap After GC invocations=43 (full 0):
 garbage-first heap   total reserved 2097152K, committed 220160K, used 87816K [0x0000000080000000, 0x0000000100000000)
  region size 1024K, 11 young (11264K), 11 survivors (11264K)
}
Event: 23.877 {heap Before GC invocations=43 (full 0):
 garbage-first heap   total reserved 2097152K, committed 220160K, used 205576K [0x0000000080000000, 0x0000000100000000)
  region size 1024K, 127 young (130048K), 11 survivors (11264K)
}
Event: 24.297 {heap After GC invocations=44 (full 0):
 garbage-first heap   total reserved 2097152K, committed 264192K, used 86538K [0x0000000080000000, 0x0000000100000000)
  region size 1024K, 9 young (9216K), 9 survivors (9216K)
}
Event: 24.299 {heap Before GC invocations=44 (full 0):
 garbage-first heap   total reserved 2097152K, committed 264192K, used 89610K [0x0000000080000000, 0x0000000100000000)
  region size 1024K, 12 young (12288K), 9 survivors (9216K)
}
Event: 24.306 {heap After GC invocations=45 (full 0):
 garbage-first heap   total reserved 2097152K, committed 264192K, used 87472K [0x0000000080000000, 0x0000000100000000)
  region size 1024K, 2 young (2048K), 2 survivors (2048K)
}
Event: 24.622 {heap Before GC invocations=45 (full 0):
 garbage-first heap   total reserved 2097152K, committed 264192K, used 242096K [0x0000000080000000, 0x0000000100000000)
  region size 1024K, 154 young (157696K), 2 survivors (2048K)
}
Event: 24.625 {heap After GC invocations=46 (full 0):
 garbage-first heap   total reserved 2097152K, committed 264192K, used 87600K [0x0000000080000000, 0x0000000100000000)
  region size 1024K, 2 young (2048K), 2 survivors (2048K)
}
Event: 24.998 {heap Before GC invocations=46 (full 0):
 garbage-first heap   total reserved 2097152K, committed 264192K, used 243248K [0x0000000080000000, 0x0000000100000000)
  region size 1024K, 154 young (157696K), 2 survivors (2048K)
}
Event: 25.003 {heap After GC invocations=47 (full 0):
 garbage-first heap   total reserved 2097152K, committed 264192K, used 88532K [0x0000000080000000, 0x0000000100000000)
  region size 1024K, 3 young (3072K), 3 survivors (3072K)
}
Event: 25.415 {heap Before GC invocations=48 (full 0):
 garbage-first heap   total reserved 2097152K, committed 264192K, used 243156K [0x0000000080000000, 0x0000000100000000)
  region size 1024K, 154 young (157696K), 3 survivors (3072K)
}
Event: 25.422 {heap After GC invocations=49 (full 0):
 garbage-first heap   total reserved 2097152K, committed 264192K, used 89672K [0x0000000080000000, 0x0000000100000000)
  region size 1024K, 4 young (4096K), 4 survivors (4096K)
}
Event: 25.788 {heap Before GC invocations=49 (full 0):
 garbage-first heap   total reserved 2097152K, committed 264192K, used 243272K [0x0000000080000000, 0x0000000100000000)
  region size 1024K, 154 young (157696K), 4 survivors (4096K)
}
Event: 25.797 {heap After GC invocations=50 (full 0):
 garbage-first heap   total reserved 2097152K, committed 264192K, used 89327K [0x0000000080000000, 0x0000000100000000)
  region size 1024K, 5 young (5120K), 5 survivors (5120K)
}
Event: 26.116 {heap Before GC invocations=50 (full 0):
 garbage-first heap   total reserved 2097152K, committed 264192K, used 241903K [0x0000000080000000, 0x0000000100000000)
  region size 1024K, 154 young (157696K), 5 survivors (5120K)
}

Metaspace Usage History (20 events):
Event: 22.072 {metaspace After GC invocations=39 (full 0):
 Metaspace       used 70206K, committed 71808K, reserved 1114112K
  class space    used 10313K, committed 11072K, reserved 1048576K
}
Event: 22.394 {metaspace Before GC invocations=39 (full 0):
 Metaspace       used 70207K, committed 71808K, reserved 1114112K
  class space    used 10313K, committed 11072K, reserved 1048576K
}
Event: 22.403 {metaspace After GC invocations=40 (full 0):
 Metaspace       used 70207K, committed 71808K, reserved 1114112K
  class space    used 10313K, committed 11072K, reserved 1048576K
}
Event: 22.967 {metaspace Before GC invocations=40 (full 0):
 Metaspace       used 70235K, committed 71872K, reserved 1114112K
  class space    used 10316K, committed 11072K, reserved 1048576K
}
Event: 22.977 {metaspace After GC invocations=41 (full 0):
 Metaspace       used 70235K, committed 71872K, reserved 1114112K
  class space    used 10316K, committed 11072K, reserved 1048576K
}
Event: 23.523 {metaspace Before GC invocations=42 (full 0):
 Metaspace       used 70254K, committed 71872K, reserved 1114112K
  class space    used 10316K, committed 11072K, reserved 1048576K
}
Event: 23.535 {metaspace After GC invocations=43 (full 0):
 Metaspace       used 70254K, committed 71872K, reserved 1114112K
  class space    used 10316K, committed 11072K, reserved 1048576K
}
Event: 23.877 {metaspace Before GC invocations=43 (full 0):
 Metaspace       used 70254K, committed 71872K, reserved 1114112K
  class space    used 10316K, committed 11072K, reserved 1048576K
}
Event: 24.297 {metaspace After GC invocations=44 (full 0):
 Metaspace       used 70254K, committed 71872K, reserved 1114112K
  class space    used 10316K, committed 11072K, reserved 1048576K
}
Event: 24.299 {metaspace Before GC invocations=44 (full 0):
 Metaspace       used 70254K, committed 71872K, reserved 1114112K
  class space    used 10316K, committed 11072K, reserved 1048576K
}
Event: 24.306 {metaspace After GC invocations=45 (full 0):
 Metaspace       used 70254K, committed 71872K, reserved 1114112K
  class space    used 10316K, committed 11072K, reserved 1048576K
}
Event: 24.622 {metaspace Before GC invocations=45 (full 0):
 Metaspace       used 70255K, committed 71872K, reserved 1114112K
  class space    used 10316K, committed 11072K, reserved 1048576K
}
Event: 24.625 {metaspace After GC invocations=46 (full 0):
 Metaspace       used 70255K, committed 71872K, reserved 1114112K
  class space    used 10316K, committed 11072K, reserved 1048576K
}
Event: 24.998 {metaspace Before GC invocations=46 (full 0):
 Metaspace       used 70255K, committed 71872K, reserved 1114112K
  class space    used 10316K, committed 11072K, reserved 1048576K
}
Event: 25.003 {metaspace After GC invocations=47 (full 0):
 Metaspace       used 70255K, committed 71872K, reserved 1114112K
  class space    used 10316K, committed 11072K, reserved 1048576K
}
Event: 25.415 {metaspace Before GC invocations=48 (full 0):
 Metaspace       used 70255K, committed 71872K, reserved 1114112K
  class space    used 10316K, committed 11072K, reserved 1048576K
}
Event: 25.422 {metaspace After GC invocations=49 (full 0):
 Metaspace       used 70255K, committed 71872K, reserved 1114112K
  class space    used 10316K, committed 11072K, reserved 1048576K
}
Event: 25.788 {metaspace Before GC invocations=49 (full 0):
 Metaspace       used 70257K, committed 71872K, reserved 1114112K
  class space    used 10316K, committed 11072K, reserved 1048576K
}
Event: 25.797 {metaspace After GC invocations=50 (full 0):
 Metaspace       used 70257K, committed 71872K, reserved 1114112K
  class space    used 10316K, committed 11072K, reserved 1048576K
}
Event: 26.116 {metaspace Before GC invocations=50 (full 0):
 Metaspace       used 70258K, committed 71872K, reserved 1114112K
  class space    used 10316K, committed 11072K, reserved 1048576K
}

Dll operation events (3 events):
Event: 0.020 Loaded shared library C:\Program Files\Android\Android Studio\jbr\bin\java.dll
Event: 0.031 Loaded shared library C:\Program Files\Android\Android Studio\jbr\bin\zip.dll
Event: 1.338 Loaded shared library C:\Program Files\Android\Android Studio\jbr\bin\verify.dll

Deoptimization events (20 events):
Event: 23.349 Thread 0x000001c97c0a76b0 Uncommon trap: trap_request=0xffffffc6 fr.pc=0x000001c966b7e238 relative=0x0000000000000238
Event: 23.349 Thread 0x000001c97c0a76b0 Uncommon trap: reason=bimorphic_or_optimized_type_check action=maybe_recompile pc=0x000001c966b7e238 method=java.util.Spliterators$IteratorSpliterator.tryAdvance(Ljava/util/function/Consumer;)Z @ 50 c2
Event: 23.349 Thread 0x000001c97c0a76b0 DEOPT PACKING pc=0x000001c966b7e238 sp=0x000000235f7fe400
Event: 23.349 Thread 0x000001c97c0a76b0 DEOPT UNPACKING pc=0x000001c9664b8582 sp=0x000000235f7fe3a0 mode 2
Event: 23.357 Thread 0x000001c97c0a76b0 Uncommon trap: trap_request=0xffffffc6 fr.pc=0x000001c966b7e238 relative=0x0000000000000238
Event: 23.357 Thread 0x000001c97c0a76b0 Uncommon trap: reason=bimorphic_or_optimized_type_check action=maybe_recompile pc=0x000001c966b7e238 method=java.util.Spliterators$IteratorSpliterator.tryAdvance(Ljava/util/function/Consumer;)Z @ 50 c2
Event: 23.357 Thread 0x000001c97c0a76b0 DEOPT PACKING pc=0x000001c966b7e238 sp=0x000000235f7fcbb0
Event: 23.357 Thread 0x000001c97c0a76b0 DEOPT UNPACKING pc=0x000001c9664b8582 sp=0x000000235f7fcb50 mode 2
Event: 23.372 Thread 0x000001c97c0a76b0 Uncommon trap: trap_request=0xffffffc6 fr.pc=0x000001c966ae1a0c relative=0x000000000000010c
Event: 23.372 Thread 0x000001c97c0a76b0 Uncommon trap: reason=bimorphic_or_optimized_type_check action=maybe_recompile pc=0x000001c966ae1a0c method=com.google.common.collect.RegularImmutableMap.checkNoConflictInKeyBucket(Ljava/lang/Object;Ljava/lang/Object;Lcom/google/common/collect/ImmutableMa
Event: 23.372 Thread 0x000001c97c0a76b0 DEOPT PACKING pc=0x000001c966ae1a0c sp=0x000000235f7fcf10
Event: 23.372 Thread 0x000001c97c0a76b0 DEOPT UNPACKING pc=0x000001c9664b8582 sp=0x000000235f7fcec8 mode 2
Event: 24.315 Thread 0x000001c97a0dca70 Uncommon trap: trap_request=0xffffff45 fr.pc=0x000001c966d5d228 relative=0x00000000000068a8
Event: 24.315 Thread 0x000001c97a0dca70 Uncommon trap: reason=unstable_if action=reinterpret pc=0x000001c966d5d228 method=org.gradle.cache.internal.DefaultFileLockManager$DefaultFileLock$1.run()Lorg/gradle/internal/time/ExponentialBackoff$Result; @ 14 c2
Event: 24.315 Thread 0x000001c97a0dca70 DEOPT PACKING pc=0x000001c966d5d228 sp=0x000000235d6fe3d0
Event: 24.315 Thread 0x000001c97a0dca70 DEOPT UNPACKING pc=0x000001c9664b8582 sp=0x000000235d6fe3a8 mode 2
Event: 25.127 Thread 0x000001c97c0a76b0 DEOPT PACKING pc=0x000001c95f8a2901 sp=0x000000235f7f9410
Event: 25.127 Thread 0x000001c97c0a76b0 DEOPT UNPACKING pc=0x000001c9663f1702 sp=0x000000235f7f8920 mode 0
Event: 25.171 Thread 0x000001c97c0a76b0 DEOPT PACKING pc=0x000001c95f8a2922 sp=0x000000235f7f9ca0
Event: 25.171 Thread 0x000001c97c0a76b0 DEOPT UNPACKING pc=0x000001c9663f1702 sp=0x000000235f7f91b0 mode 0

Classes loaded (20 events):
Event: 15.505 Loading class java/util/function/IntConsumer
Event: 15.505 Loading class java/util/function/IntConsumer done
Event: 15.505 Loading class java/util/stream/Sink$OfInt done
Event: 15.505 Loading class java/util/stream/ReduceOps$5ReducingSink done
Event: 15.505 Loading class java/util/stream/ReferencePipeline$4$1
Event: 15.505 Loading class java/util/stream/ReferencePipeline$4$1 done
Event: 15.591 Loading class java/util/concurrent/ConcurrentSkipListMap$KeySet
Event: 15.592 Loading class java/util/concurrent/ConcurrentSkipListMap$KeySet done
Event: 15.592 Loading class java/util/concurrent/ConcurrentSkipListMap$KeyIterator
Event: 15.592 Loading class java/util/concurrent/ConcurrentSkipListMap$KeyIterator done
Event: 16.046 Loading class java/util/Spliterator$OfDouble
Event: 16.047 Loading class java/util/Spliterator$OfDouble done
Event: 16.047 Loading class java/util/Spliterator$OfLong
Event: 16.047 Loading class java/util/Spliterator$OfLong done
Event: 16.048 Loading class java/util/stream/Streams$RangeIntSpliterator
Event: 16.049 Loading class java/util/stream/Streams$RangeIntSpliterator done
Event: 16.049 Loading class java/util/stream/IntPipeline$Head
Event: 16.049 Loading class java/util/stream/IntPipeline$Head done
Event: 21.350 Loading class java/nio/file/FileTreeWalker$1
Event: 21.350 Loading class java/nio/file/FileTreeWalker$1 done

Classes unloaded (0 events):
No events

Classes redefined (0 events):
No events

Internal exceptions (20 events):
Event: 26.039 Thread 0x000001c97c0a76b0 Exception <a 'sun/nio/fs/WindowsException'{0x00000000890af960}> (0x00000000890af960) 
thrown [s\src\hotspot\share\prims\jni.cpp, line 535]
Event: 26.041 Thread 0x000001c97c2fa990 Exception <a 'sun/nio/fs/WindowsException'{0x0000000088f24998}> (0x0000000088f24998) 
thrown [s\src\hotspot\share\prims\jni.cpp, line 535]
Event: 26.044 Thread 0x000001c97c459ad0 Exception <a 'sun/nio/fs/WindowsException'{0x0000000088ffbcb0}> (0x0000000088ffbcb0) 
thrown [s\src\hotspot\share\prims\jni.cpp, line 535]
Event: 26.049 Thread 0x000001c97c2f99f0 Exception <a 'sun/nio/fs/WindowsException'{0x0000000088cab268}> (0x0000000088cab268) 
thrown [s\src\hotspot\share\prims\jni.cpp, line 535]
Event: 26.056 Thread 0x000001c97c2fa990 Exception <a 'sun/nio/fs/WindowsException'{0x0000000088703980}> (0x0000000088703980) 
thrown [s\src\hotspot\share\prims\jni.cpp, line 535]
Event: 26.056 Thread 0x000001c97c0a76b0 Exception <a 'sun/nio/fs/WindowsException'{0x000000008889e5a8}> (0x000000008889e5a8) 
thrown [s\src\hotspot\share\prims\jni.cpp, line 535]
Event: 26.067 Thread 0x000001c97c459ad0 Exception <a 'sun/nio/fs/WindowsException'{0x00000000884e49d0}> (0x00000000884e49d0) 
thrown [s\src\hotspot\share\prims\jni.cpp, line 535]
Event: 26.069 Thread 0x000001c97c2f99f0 Exception <a 'sun/nio/fs/WindowsException'{0x00000000881b4e68}> (0x00000000881b4e68) 
thrown [s\src\hotspot\share\prims\jni.cpp, line 535]
Event: 26.071 Thread 0x000001c97c0a76b0 Exception <a 'sun/nio/fs/WindowsException'{0x0000000087f127b8}> (0x0000000087f127b8) 
thrown [s\src\hotspot\share\prims\jni.cpp, line 535]
Event: 26.072 Thread 0x000001c97c2fa990 Exception <a 'sun/nio/fs/WindowsException'{0x0000000087fc5a40}> (0x0000000087fc5a40) 
thrown [s\src\hotspot\share\prims\jni.cpp, line 535]
Event: 26.079 Thread 0x000001c97c459ad0 Exception <a 'sun/nio/fs/WindowsException'{0x0000000087ba1510}> (0x0000000087ba1510) 
thrown [s\src\hotspot\share\prims\jni.cpp, line 535]
Event: 26.080 Thread 0x000001c97c2f99f0 Exception <a 'sun/nio/fs/WindowsException'{0x0000000087a92d50}> (0x0000000087a92d50) 
thrown [s\src\hotspot\share\prims\jni.cpp, line 535]
Event: 26.086 Thread 0x000001c97c0a76b0 Exception <a 'sun/nio/fs/WindowsException'{0x000000008761ba70}> (0x000000008761ba70) 
thrown [s\src\hotspot\share\prims\jni.cpp, line 535]
Event: 26.090 Thread 0x000001c97c2fa990 Exception <a 'sun/nio/fs/WindowsException'{0x00000000875a5198}> (0x00000000875a5198) 
thrown [s\src\hotspot\share\prims\jni.cpp, line 535]
Event: 26.095 Thread 0x000001c97c2f99f0 Exception <a 'sun/nio/fs/WindowsException'{0x000000008700a430}> (0x000000008700a430) 
thrown [s\src\hotspot\share\prims\jni.cpp, line 535]
Event: 26.098 Thread 0x000001c97c0a76b0 Exception <a 'sun/nio/fs/WindowsException'{0x0000000086fe58f8}> (0x0000000086fe58f8) 
thrown [s\src\hotspot\share\prims\jni.cpp, line 535]
Event: 26.099 Thread 0x000001c97c459ad0 Exception <a 'sun/nio/fs/WindowsException'{0x0000000086f78dc0}> (0x0000000086f78dc0) 
thrown [s\src\hotspot\share\prims\jni.cpp, line 535]
Event: 26.103 Thread 0x000001c97c2fa990 Exception <a 'sun/nio/fs/WindowsException'{0x0000000086c640b8}> (0x0000000086c640b8) 
thrown [s\src\hotspot\share\prims\jni.cpp, line 535]
Event: 26.112 Thread 0x000001c97c459ad0 Exception <a 'sun/nio/fs/WindowsException'{0x0000000086765e70}> (0x0000000086765e70) 
thrown [s\src\hotspot\share\prims\jni.cpp, line 535]
Event: 26.114 Thread 0x000001c97c2f99f0 Exception <a 'sun/nio/fs/WindowsException'{0x00000000866e3bc0}> (0x00000000866e3bc0) 
thrown [s\src\hotspot\share\prims\jni.cpp, line 535]

VM Operations (20 events):
Event: 23.103 Executing safepoint VM operation: G1PauseCleanup done
Event: 23.523 Executing safepoint VM operation: G1CollectForAllocation (G1 Evacuation Pause)
Event: 23.535 Executing safepoint VM operation: G1CollectForAllocation (G1 Evacuation Pause) done
Event: 23.876 Executing safepoint VM operation: G1CollectForAllocation (G1 Evacuation Pause)
Event: 24.297 Executing safepoint VM operation: G1CollectForAllocation (G1 Evacuation Pause) done
Event: 24.299 Executing safepoint VM operation: G1CollectForAllocation (G1 Evacuation Pause)
Event: 24.306 Executing safepoint VM operation: G1CollectForAllocation (G1 Evacuation Pause) done
Event: 24.622 Executing safepoint VM operation: G1CollectForAllocation (G1 Evacuation Pause)
Event: 24.625 Executing safepoint VM operation: G1CollectForAllocation (G1 Evacuation Pause) done
Event: 24.998 Executing safepoint VM operation: G1CollectForAllocation (G1 Evacuation Pause)
Event: 25.003 Executing safepoint VM operation: G1CollectForAllocation (G1 Evacuation Pause) done
Event: 25.092 Executing safepoint VM operation: G1PauseRemark
Event: 25.099 Executing safepoint VM operation: G1PauseRemark done
Event: 25.137 Executing safepoint VM operation: G1PauseCleanup
Event: 25.137 Executing safepoint VM operation: G1PauseCleanup done
Event: 25.415 Executing safepoint VM operation: G1CollectForAllocation (G1 Evacuation Pause)
Event: 25.422 Executing safepoint VM operation: G1CollectForAllocation (G1 Evacuation Pause) done
Event: 25.788 Executing safepoint VM operation: G1CollectForAllocation (G1 Evacuation Pause)
Event: 25.797 Executing safepoint VM operation: G1CollectForAllocation (G1 Evacuation Pause) done
Event: 26.116 Executing safepoint VM operation: G1CollectForAllocation (G1 Evacuation Pause)

Memory protections (0 events):
No events

Nmethod flushes (20 events):
Event: 25.098 Thread 0x000001c97379f390 flushing  nmethod 0x000001c95f840888
Event: 25.098 Thread 0x000001c97379f390 flushing  nmethod 0x000001c966a99e88
Event: 25.098 Thread 0x000001c97379f390 flushing osr nmethod 0x000001c966ceda88
Event: 25.098 Thread 0x000001c97379f390 flushing  nmethod 0x000001c95f125588
Event: 25.098 Thread 0x000001c97379f390 flushing  nmethod 0x000001c95f179188
Event: 25.098 Thread 0x000001c97379f390 flushing  nmethod 0x000001c95f429a88
Event: 25.098 Thread 0x000001c97379f390 flushing  nmethod 0x000001c95f4c7488
Event: 25.098 Thread 0x000001c97379f390 flushing  nmethod 0x000001c95f666a08
Event: 25.098 Thread 0x000001c97379f390 flushing  nmethod 0x000001c95f829608
Event: 25.098 Thread 0x000001c97379f390 flushing  nmethod 0x000001c95f86ff88
Event: 25.098 Thread 0x000001c97379f390 flushing  nmethod 0x000001c966cf4e88
Event: 25.098 Thread 0x000001c97379f390 flushing  nmethod 0x000001c95ef13c08
Event: 25.098 Thread 0x000001c97379f390 flushing  nmethod 0x000001c95f239a08
Event: 25.098 Thread 0x000001c97379f390 flushing  nmethod 0x000001c95f239d08
Event: 25.098 Thread 0x000001c97379f390 flushing  nmethod 0x000001c95f28e988
Event: 25.098 Thread 0x000001c97379f390 flushing  nmethod 0x000001c95f4d6a08
Event: 25.098 Thread 0x000001c97379f390 flushing  nmethod 0x000001c95f5bce08
Event: 25.098 Thread 0x000001c97379f390 flushing  nmethod 0x000001c95f5f5a08
Event: 25.098 Thread 0x000001c97379f390 flushing  nmethod 0x000001c95f693d88
Event: 25.098 Thread 0x000001c97379f390 flushing  nmethod 0x000001c95f814488

Events (20 events):
Event: 21.042 Thread 0x000001c973a538f0 Thread added: 0x000001c97d0547b0
Event: 21.311 Thread 0x000001c97d0547b0 Thread exited: 0x000001c97d0547b0
Event: 21.441 Thread 0x000001c973a538f0 Thread added: 0x000001c97ea125e0
Event: 21.620 Thread 0x000001c97c0a6710 Thread added: 0x000001c97c2f8280
Event: 21.620 Thread 0x000001c97c0a6710 Thread added: 0x000001c97c2f9220
Event: 21.621 Thread 0x000001c97c0a6710 Thread added: 0x000001c97c2f5b70
Event: 22.032 Thread 0x000001c97ea125e0 Thread exited: 0x000001c97ea125e0
Event: 22.446 Thread 0x000001c973a538f0 Thread added: 0x000001c97e769a20
Event: 22.534 Thread 0x000001c97c459ad0 Thread added: 0x000001c97c2fa990
Event: 22.535 Thread 0x000001c97c459ad0 Thread added: 0x000001c97c2f99f0
Event: 22.535 Thread 0x000001c97c459ad0 Thread added: 0x000001c97c2f8a50
Event: 22.981 Thread 0x000001c97e769a20 Thread exited: 0x000001c97e769a20
Event: 23.360 Thread 0x000001c97c0a6ee0 Thread added: 0x000001c97c2f1cf0
Event: 23.360 Thread 0x000001c97c0a6ee0 Thread added: 0x000001c97c3da770
Event: 23.361 Thread 0x000001c97c0a6ee0 Thread added: 0x000001c97c3daf40
Event: 23.362 Thread 0x000001c973a538f0 Thread added: 0x000001c97ad03ee0
Event: 23.387 Thread 0x000001c97c0a76b0 Thread added: 0x000001c97c3dc6b0
Event: 23.388 Thread 0x000001c97c0a76b0 Thread added: 0x000001c97c3d97d0
Event: 23.388 Thread 0x000001c97c0a76b0 Thread added: 0x000001c97c3d9000
Event: 23.563 Thread 0x000001c97ad03ee0 Thread exited: 0x000001c97ad03ee0


Dynamic libraries:
0x00007ff61a1c0000 - 0x00007ff61a1ca000 	C:\Program Files\Android\Android Studio\jbr\bin\java.exe
0x00007ff931320000 - 0x00007ff931586000 	C:\WINDOWS\SYSTEM32\ntdll.dll
0x00007ff930f40000 - 0x00007ff931009000 	C:\WINDOWS\System32\KERNEL32.DLL
0x00007ff92e8a0000 - 0x00007ff92ec9e000 	C:\WINDOWS\System32\KERNELBASE.dll
0x00007ff92e740000 - 0x00007ff92e88c000 	C:\WINDOWS\System32\ucrtbase.dll
0x00007ff927de0000 - 0x00007ff927dfb000 	C:\Program Files\Android\Android Studio\jbr\bin\VCRUNTIME140.dll
0x00007ff90c710000 - 0x00007ff90c726000 	C:\Program Files\Android\Android Studio\jbr\bin\jli.dll
0x00007ff930400000 - 0x00007ff9305c7000 	C:\WINDOWS\System32\USER32.dll
0x00007ff92f020000 - 0x00007ff92f047000 	C:\WINDOWS\System32\win32u.dll
0x00007ff930e30000 - 0x00007ff930e5b000 	C:\WINDOWS\System32\GDI32.dll
0x00007ff9117b0000 - 0x00007ff911a42000 	C:\WINDOWS\WinSxS\amd64_microsoft.windows.common-controls_6595b64144ccf1df_6.0.26100.8875_none_3e0d5d42e32fe9dd\COMCTL32.dll
0x00007ff92ecb0000 - 0x00007ff92edda000 	C:\WINDOWS\System32\gdi32full.dll
0x00007ff92f050000 - 0x00007ff92f0f9000 	C:\WINDOWS\System32\msvcrt.dll
0x00007ff92e690000 - 0x00007ff92e733000 	C:\WINDOWS\System32\msvcp_win.dll
0x00007ff931120000 - 0x00007ff931152000 	C:\WINDOWS\System32\IMM32.DLL
0x00007ff92ac20000 - 0x00007ff92ac2c000 	C:\Program Files\Android\Android Studio\jbr\bin\vcruntime140_1.dll
0x00007ff919c70000 - 0x00007ff919cfd000 	C:\Program Files\Android\Android Studio\jbr\bin\msvcp140.dll
0x00007ff8a0320000 - 0x00007ff8a11fa000 	C:\Program Files\Android\Android Studio\jbr\bin\server\jvm.dll
0x00007ff930d70000 - 0x00007ff930e27000 	C:\WINDOWS\System32\ADVAPI32.dll
0x00007ff92f100000 - 0x00007ff92f1aa000 	C:\WINDOWS\System32\sechost.dll
0x00007ff92fd60000 - 0x00007ff92fe78000 	C:\WINDOWS\System32\RPCRT4.dll
0x00007ff931250000 - 0x00007ff9312d0000 	C:\WINDOWS\System32\WS2_32.dll
0x00007ff911ca0000 - 0x00007ff911cab000 	C:\WINDOWS\SYSTEM32\VERSION.dll
0x00007ff928880000 - 0x00007ff9288b6000 	C:\WINDOWS\SYSTEM32\WINMM.dll
0x00007ff92e3a0000 - 0x00007ff92e3fe000 	C:\WINDOWS\SYSTEM32\POWRPROF.dll
0x00007ff92e380000 - 0x00007ff92e394000 	C:\WINDOWS\SYSTEM32\UMPDC.dll
0x00007ff92d150000 - 0x00007ff92d16b000 	C:\WINDOWS\SYSTEM32\kernel.appcore.dll
0x00007ff92ac10000 - 0x00007ff92ac1a000 	C:\Program Files\Android\Android Studio\jbr\bin\jimage.dll
0x00007ff92b9d0000 - 0x00007ff92bc12000 	C:\WINDOWS\SYSTEM32\DBGHELP.DLL
0x00007ff92fe80000 - 0x00007ff930203000 	C:\WINDOWS\System32\combase.dll
0x00007ff930320000 - 0x00007ff9303f9000 	C:\WINDOWS\System32\OLEAUT32.dll
0x00007ff9069c0000 - 0x00007ff9069fb000 	C:\WINDOWS\SYSTEM32\dbgcore.DLL
0x00007ff92e5d0000 - 0x00007ff92e67c000 	C:\WINDOWS\System32\bcryptPrimitives.dll
0x00007ff914240000 - 0x00007ff91424e000 	C:\Program Files\Android\Android Studio\jbr\bin\instrument.dll
0x00007ff91e330000 - 0x00007ff91e34f000 	C:\Program Files\Android\Android Studio\jbr\bin\java.dll
0x00007ff92f610000 - 0x00007ff92f7a9000 	C:\WINDOWS\System32\ole32.dll
0x00007ff9305d0000 - 0x00007ff930d62000 	C:\WINDOWS\System32\SHELL32.dll
0x00007ff91af50000 - 0x00007ff91af67000 	C:\Program Files\Android\Android Studio\jbr\bin\zip.dll
0x00007ff92bfa0000 - 0x00007ff92c832000 	C:\WINDOWS\SYSTEM32\windows.storage.dll
0x00007ff931020000 - 0x00007ff931117000 	C:\WINDOWS\System32\SHCORE.dll
0x00007ff92f7b0000 - 0x00007ff92f817000 	C:\WINDOWS\System32\shlwapi.dll
0x00007ff92e460000 - 0x00007ff92e489000 	C:\WINDOWS\SYSTEM32\profapi.dll
0x00007ff91b180000 - 0x00007ff91b190000 	C:\Program Files\Android\Android Studio\jbr\bin\net.dll
0x00007ff92d7d0000 - 0x00007ff92d83c000 	C:\WINDOWS\system32\mswsock.dll
0x00007ff91ae20000 - 0x00007ff91ae36000 	C:\Program Files\Android\Android Studio\jbr\bin\nio.dll
0x00007ff919b00000 - 0x00007ff919b10000 	C:\Program Files\Android\Android Studio\jbr\bin\verify.dll
0x00007ff871550000 - 0x00007ff871577000 	C:\Users\SIVA\.gradle\native\660c5614fbf4a5f2a75b1949f50a0caf5cd603558e7d8a26e50b933a0cfb79d1\windows-amd64\native-platform.dll
0x00007ff90c690000 - 0x00007ff90c707000 	C:\Users\SIVA\.gradle\native\0.2.8\x86_64-windows-gnu\gradle-fileevents.dll
0x00007ff919b30000 - 0x00007ff919b39000 	C:\Program Files\Android\Android Studio\jbr\bin\management.dll
0x00007ff919b20000 - 0x00007ff919b2b000 	C:\Program Files\Android\Android Studio\jbr\bin\management_ext.dll
0x00007ff930310000 - 0x00007ff930318000 	C:\WINDOWS\System32\PSAPI.DLL
0x00007ff92cb90000 - 0x00007ff92cbc3000 	C:\WINDOWS\SYSTEM32\IPHLPAPI.DLL
0x00007ff931240000 - 0x00007ff93124a000 	C:\WINDOWS\System32\NSI.dll
0x00007ff91b070000 - 0x00007ff91b079000 	C:\Program Files\Android\Android Studio\jbr\bin\extnet.dll
0x00007ff92dad0000 - 0x00007ff92daeb000 	C:\WINDOWS\SYSTEM32\CRYPTSP.dll
0x00007ff92d170000 - 0x00007ff92d1a9000 	C:\WINDOWS\system32\rsaenh.dll
0x00007ff92d890000 - 0x00007ff92d8c2000 	C:\WINDOWS\SYSTEM32\USERENV.dll
0x00007ff92e430000 - 0x00007ff92e45a000 	C:\WINDOWS\SYSTEM32\bcrypt.dll
0x00007ff92daf0000 - 0x00007ff92dafc000 	C:\WINDOWS\SYSTEM32\CRYPTBASE.dll
0x00007ff8ebf00000 - 0x00007ff8ebf08000 	C:\WINDOWS\system32\wshunix.dll

JVMTI agents:
C:\Users\SIVA\.gradle\wrapper\dists\gradle-9.3.1-bin\23ovyewtku6u96viwx3xl3oks\gradle-9.3.1\lib\agents\gradle-instrumentation-agent-9.3.1.jar path:C:\Program Files\Android\Android Studio\jbr\bin\instrument.dll, loaded, initialized, instrumentlib options:none

dbghelp: loaded successfully - version: 4.0.5 - missing functions: none
symbol engine: initialized successfully - sym options: 0x614 - pdb path: .;C:\Program Files\Android\Android Studio\jbr\bin;C:\WINDOWS\SYSTEM32;C:\WINDOWS\WinSxS\amd64_microsoft.windows.common-controls_6595b64144ccf1df_6.0.26100.8875_none_3e0d5d42e32fe9dd;C:\Program Files\Android\Android Studio\jbr\bin\server;C:\Users\SIVA\.gradle\native\660c5614fbf4a5f2a75b1949f50a0caf5cd603558e7d8a26e50b933a0cfb79d1\windows-amd64;C:\Users\SIVA\.gradle\native\0.2.8\x86_64-windows-gnu

VM Arguments:
jvm_args: --add-opens=java.base/java.lang=ALL-UNNAMED --add-opens=java.base/java.lang.invoke=ALL-UNNAMED --add-opens=java.base/java.util=ALL-UNNAMED --add-opens=java.prefs/java.util.prefs=ALL-UNNAMED --add-exports=jdk.compiler/com.sun.tools.javac.api=ALL-UNNAMED --add-exports=jdk.compiler/com.sun.tools.javac.util=ALL-UNNAMED --add-opens=java.base/java.util=ALL-UNNAMED --add-opens=java.prefs/java.util.prefs=ALL-UNNAMED --add-opens=java.base/java.nio.charset=ALL-UNNAMED --add-opens=java.base/java.net=ALL-UNNAMED --add-opens=java.base/java.util.concurrent=ALL-UNNAMED --add-opens=java.base/java.util.concurrent.atomic=ALL-UNNAMED --add-opens=java.xml/javax.xml.namespace=ALL-UNNAMED --add-opens=java.base/java.time=ALL-UNNAMED --enable-native-access=ALL-UNNAMED -Xmx2048m -Dfile.encoding=UTF-8 -Duser.country=IN -Duser.language=en -Duser.variant -javaagent:C:\Users\SIVA\.gradle\wrapper\dists\gradle-9.3.1-bin\23ovyewtku6u96viwx3xl3oks\gradle-9.3.1\lib\agents\gradle-instrumentation-agent-9.3.1.jar 
java_command: org.gradle.launcher.daemon.bootstrap.GradleDaemon 9.3.1
java_class_path (initial): C:\Users\SIVA\.gradle\wrapper\dists\gradle-9.3.1-bin\23ovyewtku6u96viwx3xl3oks\gradle-9.3.1\lib\gradle-daemon-main-9.3.1.jar
Launcher Type: SUN_STANDARD

[Global flags]
     intx CICompilerCount                          = 4                                         {product} {ergonomic}
     uint ConcGCThreads                            = 3                                         {product} {ergonomic}
     uint G1ConcRefinementThreads                  = 10                                        {product} {ergonomic}
   size_t G1HeapRegionSize                         = 1048576                                   {product} {ergonomic}
   size_t InitialHeapSize                          = 264241152                                 {product} {ergonomic}
   size_t MarkStackSize                            = 4194304                                   {product} {ergonomic}
   size_t MarkStackSizeMax                         = 536870912                                 {product} {ergonomic}
   size_t MaxHeapSize                              = 2147483648                                {product} {command line}
   size_t MaxNewSize                               = 1287651328                                {product} {ergonomic}
   size_t MinHeapDeltaBytes                        = 1048576                                   {product} {ergonomic}
   size_t MinHeapSize                              = 8388608                                   {product} {ergonomic}
    uintx NonNMethodCodeHeapSize                   = 5832704                                {pd product} {ergonomic}
    uintx NonProfiledCodeHeapSize                  = 122945536                              {pd product} {ergonomic}
    uintx ProfiledCodeHeapSize                     = 122880000                              {pd product} {ergonomic}
    uintx ReservedCodeCacheSize                    = 251658240                              {pd product} {ergonomic}
     bool SegmentedCodeCache                       = true                                      {product} {ergonomic}
   size_t SoftMaxHeapSize                          = 2147483648                             {manageable} {ergonomic}
     bool UseCompressedOops                        = true                           {product lp64_product} {ergonomic}
     bool UseG1GC                                  = true                                      {product} {ergonomic}
     bool UseLargePagesIndividualAllocation        = false                                  {pd product} {ergonomic}

Logging:
Log output configuration:
 #0: stdout all=warning uptime,level,tags foldmultilines=false
 #1: stderr all=off uptime,level,tags foldmultilines=false

Release file:
JAVA_VERSION="25.0.2" 
MODULES="java.base java.compiler java.datatransfer java.xml java.prefs java.desktop java.instrument java.logging java.management java.security.sasl java.naming java.rmi java.management.rmi java.net.http java.scripting java.security.jgss java.transaction.xa java.sql java.sql.rowset java.xml.crypto java.se java.smartcardio jdk.accessibility jdk.internal.jvmstat jdk.attach jdk.charsets jdk.internal.opt jdk.zipfs jdk.compiler jdk.crypto.cryptoki jdk.crypto.ec jdk.dynalink jdk.hotspot.agent jdk.httpserver jdk.internal.ed jdk.internal.le jdk.internal.md jdk.internal.vm.ci jdk.jartool jdk.javadoc jdk.jcmd jdk.jdeps jdk.jdwp.agent jdk.jdi jdk.jfr jdk.jlink jdk.localedata jdk.management jdk.management.agent jdk.management.jfr jdk.naming.dns jdk.naming.rmi jdk.net jdk.sctp jdk.security.auth jdk.security.jgss jdk.unsupported jdk.unsupported.desktop jdk.xml.dom" 
IMPLEMENTOR="JetBrains s.r.o." 
JAVA_RUNTIME_VERSION="25.0.2+-15348964-b329.117" 
LIBC="default" 
OS_ARCH="x86_64" 
OS_NAME="Windows" 
SOURCE=".:git:3cf398e84a39" 

Environment Variables:
PATH=C:\Program Files\Common Files\Oracle\Java\javapath;C:\WINDOWS\system32;C:\WINDOWS;C:\WINDOWS\System32\Wbem;C:\WINDOWS\System32\WindowsPowerShell\v1.0\;C:\WINDOWS\System32\OpenSSH\;C:\Program Files\dotnet\;C:\Program Files\nodejs\;C:\Program Files\Git\cmd;C:\Program Files\Go\bin;C:\Program Files\Docker\Docker\resources\bin;C:\Users\SIVA\.local\bin;C:\Users\SIVA\anaconda3;C:\Users\SIVA\anaconda3\Library\mingw-w64\bin;C:\Users\SIVA\anaconda3\Library\usr\bin;C:\Users\SIVA\anaconda3\Library\bin;C:\Users\SIVA\anaconda3\Scripts;C:\Users\SIVA\AppData\Local\Programs\Python\Python312\Scripts\;C:\Users\SIVA\AppData\Local\Programs\Python\Python312\;C:\Users\SIVA\AppData\Local\Microsoft\WindowsApps;C:\Users\SIVA\AppData\Local\Programs\Microsoft VS Code\bin;C:\Users\SIVA\AppData\Roaming\npm;C:\Users\SIVA\AppData\Local\Programs\mongosh\;C:\Users\SIVA\AppData\Local\Programs\Antigravity IDE\bin;C:\Users\SIVA\go\bin
USERNAME=SIVA
OS=Windows_NT
PROCESSOR_IDENTIFIER=Intel64 Family 6 Model 186 Stepping 3, GenuineIntel
TMP=C:\Users\SIVA\AppData\Local\Temp
TEMP=C:\Users\SIVA\AppData\Local\Temp




Compilation memory statistics disabled.

Periodic native trim disabled

JNI global refs:
JNI global refs: 25, weak refs: 0

JNI global refs memory usage: 835, weak refs: 833

Process memory usage:
Resident Set Size: 470372K (2% of 16454352K total physical memory with 1304996K free physical memory)

OOME stack traces (most recent first):
Classloader memory used:
Loader org.gradle.internal.classloader.VisitableURLClassLoader                         : 32117 K
Loader bootstrap                                                                       : 23425 K
Loader org.gradle.initialization.MixInLegacyTypesClassLoader                           : 9177 K
Loader org.gradle.internal.classloader.VisitableURLClassLoader$InstrumentingVisitableURLClassLoader: 5176 K
Loader jdk.internal.loader.ClassLoaders$AppClassLoader                                 : 226 K
Loader jdk.internal.loader.ClassLoaders$PlatformClassLoader                            : 134 K

Classes loaded by more than one classloader:
Class org.gradle.internal.classloader.FilteringClassLoader                            : loaded 2 times (x 106B)
Class org.gradle.internal.classloader.ClassLoaderHierarchy                            : loaded 2 times (x 72B)
Class com.google.common.collect.AbstractMapBasedMultimap$WrappedCollection            : loaded 2 times (x 126B)
Class org.gradle.api.internal.classpath.ManifestUtil                                  : loaded 2 times (x 73B)
Class com.google.common.collect.UnmodifiableListIterator                              : loaded 2 times (x 97B)
Class org.gradle.internal.classloader.DefaultClassLoaderFactory                       : loaded 2 times (x 84B)
Class org.gradle.internal.classloader.ClassLoaderVisitor                              : loaded 2 times (x 78B)
Class org.gradle.api.internal.classpath.EffectiveClassPath                            : loaded 2 times (x 92B)
Class com.google.common.collect.ImmutableEnumMap                                      : loaded 2 times (x 128B)
Class com.google.common.collect.ListMultimap                                          : loaded 2 times (x 72B)
Class org.gradle.api.internal.DefaultClassPathProvider                                : loaded 2 times (x 78B)
Class [Lorg.gradle.api.internal.ClassPathProvider;                                    : loaded 2 times (x 71B)
Class org.gradle.api.internal.ClassPathProvider                                       : loaded 2 times (x 72B)
Class org.gradle.internal.service.UnknownServiceException                             : loaded 2 times (x 85B)
Class com.google.common.collect.MapDifference                                         : loaded 2 times (x 72B)
Class org.gradle.internal.classpath.TransformedClassPath                              : loaded 2 times (x 98B)
Class org.gradle.internal.classloader.InstrumentingClassLoader                        : loaded 2 times (x 72B)
Class com.google.common.collect.Iterators$ArrayItr                                    : loaded 2 times (x 99B)
Class com.google.common.collect.ImmutableCollection$Builder                           : loaded 2 times (x 78B)
Class com.google.common.collect.UnmodifiableIterator                                  : loaded 2 times (x 82B)
Class org.gradle.internal.service.ServiceLocator                                      : loaded 2 times (x 72B)
Class com.google.common.collect.Iterators$SingletonIterator                           : loaded 2 times (x 83B)
Class com.google.common.collect.AbstractMapEntry                                      : loaded 2 times (x 83B)
Class com.google.common.collect.AbstractMultimap                                      : loaded 2 times (x 125B)
Class com.google.common.collect.RegularImmutableAsList                                : loaded 2 times (x 219B)
Class com.google.common.collect.Iterators                                             : loaded 2 times (x 73B)
Class org.gradle.internal.classloader.ClasspathUtil$1                                 : loaded 2 times (x 78B)
Class com.google.common.collect.BiMap                                                 : loaded 2 times (x 72B)
Class org.gradle.api.internal.classpath.DefaultModuleRegistry$DefaultModule           : loaded 2 times (x 88B)
Class com.google.common.collect.AbstractIterator                                      : loaded 2 times (x 84B)
Class com.google.common.collect.AbstractIndexedListIterator                           : loaded 2 times (x 98B)
Class com.google.common.collect.ArrayListMultimapGwtSerializationDependencies         : loaded 2 times (x 173B)
Class com.google.common.collect.Multiset                                              : loaded 2 times (x 72B)
Class org.gradle.api.internal.classpath.Module                                        : loaded 2 times (x 72B)
Class org.gradle.api.internal.classpath.UnknownModuleException                        : loaded 2 times (x 84B)
Class org.gradle.api.internal.DefaultClassPathRegistry                                : loaded 2 times (x 78B)
Class com.google.common.collect.Multimap                                              : loaded 2 times (x 72B)
Class org.gradle.api.internal.ClassPathRegistry                                       : loaded 2 times (x 72B)
Class org.gradle.internal.classpath.DefaultClassPath$ImmutableUniqueList              : loaded 2 times (x 201B)
Class org.gradle.internal.classpath.ClassPath                                         : loaded 2 times (x 72B)
Class com.google.common.collect.Iterators$1                                           : loaded 2 times (x 83B)
Class com.google.common.collect.ImmutableMap$IteratorBasedImmutableMap                : loaded 2 times (x 128B)
Class com.google.common.collect.SingletonImmutableSet                                 : loaded 2 times (x 148B)
Class com.google.common.collect.Iterators$4                                           : loaded 2 times (x 84B)
Class com.google.common.collect.AbstractListMultimap                                  : loaded 2 times (x 173B)
Class org.gradle.api.internal.classpath.ModuleRegistry                                : loaded 2 times (x 72B)
Class org.gradle.internal.installation.GradleInstallation$1                           : loaded 2 times (x 77B)
Class com.google.common.collect.Iterators$5                                           : loaded 2 times (x 84B)
Class com.google.common.collect.ImmutableCollection                                   : loaded 2 times (x 127B)
Class org.gradle.api.internal.classpath.DefaultModuleRegistry                         : loaded 2 times (x 88B)
Class com.google.common.base.Converter                                                : loaded 2 times (x 92B)
Class com.google.common.collect.ImmutableSet$CachingAsList                            : loaded 2 times (x 150B)
Class com.google.common.collect.Iterators$9                                           : loaded 2 times (x 83B)
Class com.google.common.collect.AbstractMapBasedMultimap                              : loaded 2 times (x 140B)
Class com.google.common.collect.ImmutableAsList                                       : loaded 2 times (x 211B)
Class org.gradle.internal.service.ServiceLookupException                              : loaded 2 times (x 84B)
Class org.gradle.internal.classloader.ClassLoaderFactory                              : loaded 2 times (x 72B)
Class org.gradle.internal.service.CachingServiceLocator                               : loaded 2 times (x 84B)
Class com.google.common.base.Function                                                 : loaded 2 times (x 72B)
Class org.gradle.internal.classloader.ClasspathUtil                                   : loaded 2 times (x 73B)
Class com.google.common.collect.Maps                                                  : loaded 2 times (x 73B)
Class org.gradle.api.specs.Spec                                                       : loaded 2 times (x 72B)
Class com.google.common.collect.Maps$8                                                : loaded 2 times (x 84B)
Class org.gradle.internal.classloader.VisitableURLClassLoader$InstrumentingVisitableURLClassLoader: loaded 2 times (x 124B)
Class org.gradle.internal.classloader.VisitableURLClassLoader$Spec                    : loaded 2 times (x 76B)
Class org.gradle.internal.classpath.DefaultClassPath                                  : loaded 2 times (x 92B)
Class com.google.common.collect.ImmutableSet                                          : loaded 2 times (x 147B)
Class org.gradle.internal.classloader.ClassLoaderSpec                                 : loaded 2 times (x 73B)
Class org.gradle.internal.classloader.VisitableURLClassLoader                         : loaded 2 times (x 118B)
Class org.gradle.internal.Cast                                                        : loaded 2 times (x 73B)
Class org.gradle.api.Action                                                           : loaded 2 times (x 72B)
Class com.google.common.collect.ImmutableMap                                          : loaded 2 times (x 122B)
Class org.gradle.internal.classpath.DefaultClassPath$ImmutableUniqueList$Builder      : loaded 2 times (x 77B)
Class com.google.common.collect.ArrayListMultimap                                     : loaded 2 times (x 173B)
Class org.gradle.api.GradleException                                                  : loaded 2 times (x 84B)
Class com.google.common.collect.SortedMapDifference                                   : loaded 2 times (x 72B)
Class org.gradle.internal.IoActions                                                   : loaded 2 times (x 73B)
Class com.google.common.collect.ImmutableSet$RegularSetBuilderImpl                    : loaded 2 times (x 78B)
Class org.gradle.internal.classloader.SystemClassLoaderSpec                           : loaded 2 times (x 73B)
Class com.google.common.base.Preconditions                                            : loaded 2 times (x 73B)
Class com.google.common.collect.PeekingIterator                                       : loaded 2 times (x 72B)
Class org.gradle.api.internal.classpath.GlobalCacheRootsProvider                      : loaded 2 times (x 72B)
Class com.google.common.collect.Maps$BiMapConverter                                   : loaded 2 times (x 92B)
Class com.google.common.collect.ImmutableSet$Builder                                  : loaded 2 times (x 87B)
Class org.gradle.internal.installation.CurrentGradleInstallationLocator               : loaded 2 times (x 73B)
Class com.google.common.collect.ImmutableList                                         : loaded 2 times (x 208B)
Class org.gradle.internal.service.DefaultServiceLocator                               : loaded 2 times (x 85B)
Class com.google.common.collect.ImmutableSet$SetBuilderImpl                           : loaded 2 times (x 78B)
Class org.gradle.internal.installation.CurrentGradleInstallation                      : loaded 2 times (x 75B)
Class org.gradle.util.internal.GUtil                                                  : loaded 2 times (x 73B)
Class com.google.common.collect.Iterators$MergingIterator                             : loaded 2 times (x 83B)
Class com.google.common.collect.RegularImmutableSet                                   : loaded 2 times (x 150B)
Class org.gradle.internal.installation.GradleInstallation                             : loaded 2 times (x 77B)

---------------  S Y S T E M  ---------------

OS:
 Windows 11 , 64 bit Build 26100 (10.0.26100.8875)
OS uptime: 0 days 23:26 hours
Hyper-V role detected

CPU: total 12 (initial active 12) (6 cores per cpu, 2 threads per core) family 6 model 186 stepping 3 microcode 0x6134, cx8, cmov, fxsr, ht, mmx, 3dnowpref, sse, sse2, sse3, ssse3, sse4.1, sse4.2, popcnt, lzcnt, tsc, tscinvbit, avx, avx2, aes, erms, clmul, bmi1, bmi2, adx, sha, fma, vzeroupper, clflush, clflushopt, clwb, hv, serialize, rdtscp, rdpid, fsrm, gfni, f16c, cet_ibt, cet_ss
Processor Information for the first 12 processors :
  Max Mhz: 1300, Current Mhz: 1300, Mhz Limit: 1300

Memory: 4k page, system-wide physical 16068M (1274M free)
TotalPageFile size 20164M (AvailPageFile size 1M)
current process WorkingSet (physical memory assigned to process): 459M, peak: 471M
current process commit charge ("private bytes"): 503M, peak: 1014M

vm_info: OpenJDK 64-Bit Server VM (25.0.2+-15348964-b329.117) for windows-amd64 JRE (25.0.2+-15348964-b329.117), built on 2026-05-05T18:25:19Z with MS VC++ 16.10 / 16.11 (VS2019)

END.
