#
# There is insufficient memory for the Java Runtime Environment to continue.
# Native memory allocation (malloc) failed to allocate 20301656 bytes. Error detail: Chunk::new
# Possible reasons:
#   The system is out of physical RAM or swap space
#   This process is running with CompressedOops enabled, and the Java Heap may be blocking the growth of the native heap
# Possible solutions:
#   Reduce memory load on the system
#   Increase physical memory or swap space
#   Check if swap backing store is full
#   Decrease Java heap size (-Xmx/-Xms)
#   Decrease number of Java threads
#   Decrease Java thread stack sizes (-Xss)
#   Set larger code cache with -XX:ReservedCodeCacheSize=
#   JVM is running with Unscaled Compressed Oops mode in which the Java heap is
#     placed in the first 4GB address space. The Java Heap base address is the
#     maximum limit for the native heap growth. Please use -XX:HeapBaseMinAddress
#     to set the Java Heap base and to place the Java Heap above 4GB virtual address.
# This output file may be truncated or incomplete.
#
#  Out of Memory Error (arena.cpp:186), pid=24908, tid=29472
#
# JRE version: OpenJDK Runtime Environment (25.0.2) (build 25.0.2+-15348964-b329.117)
# Java VM: OpenJDK 64-Bit Server VM (25.0.2+-15348964-b329.117, mixed mode, tiered, compressed oops, compressed class ptrs, g1 gc, windows-amd64)
# No core dump will be written. Minidumps are not enabled by default on client versions of Windows
#

---------------  S U M M A R Y ------------

Command Line: --add-opens=java.base/java.lang=ALL-UNNAMED --add-opens=java.base/java.lang.invoke=ALL-UNNAMED --add-opens=java.base/java.util=ALL-UNNAMED --add-opens=java.prefs/java.util.prefs=ALL-UNNAMED --add-exports=jdk.compiler/com.sun.tools.javac.api=ALL-UNNAMED --add-exports=jdk.compiler/com.sun.tools.javac.util=ALL-UNNAMED --add-opens=java.base/java.util=ALL-UNNAMED --add-opens=java.prefs/java.util.prefs=ALL-UNNAMED --add-opens=java.base/java.nio.charset=ALL-UNNAMED --add-opens=java.base/java.net=ALL-UNNAMED --add-opens=java.base/java.util.concurrent=ALL-UNNAMED --add-opens=java.base/java.util.concurrent.atomic=ALL-UNNAMED --add-opens=java.xml/javax.xml.namespace=ALL-UNNAMED --add-opens=java.base/java.time=ALL-UNNAMED --enable-native-access=ALL-UNNAMED -Xmx2048m -Dfile.encoding=UTF-8 -Duser.country=IN -Duser.language=en -Duser.variant -javaagent:C:\Users\SIVA\.gradle\wrapper\dists\gradle-9.3.1-bin\23ovyewtku6u96viwx3xl3oks\gradle-9.3.1\lib\agents\gradle-instrumentation-agent-9.3.1.jar org.gradle.launcher.daemon.bootstrap.GradleDaemon 9.3.1

Host: 13th Gen Intel(R) Core(TM) i5-1334U, 12 cores, 15G,  Windows 11 , 64 bit Build 26100 (10.0.26100.8875)
Time: Tue Aug 11 13:18:34 2026 India Standard Time elapsed time: 93.415842 seconds (0d 0h 1m 33s)

---------------  T H R E A D  ---------------

Current thread (0x0000015f473404b0):  JavaThread "C2 CompilerThread0" daemon [_thread_in_native, id=29472, stack(0x00000051ccc00000,0x00000051ccd00000) (1024K)]


Current CompileTask:
C2:93416 38187       4       java.lang.invoke.DirectMethodHandle::makeAllocator (132 bytes)

Stack: [0x00000051ccc00000,0x00000051ccd00000]
Native frames: (J=compiled Java code, j=interpreted, Vv=VM code, C=native code)
V  [jvm.dll+0x7bd439]  (no source info available)
V  [jvm.dll+0x78763d]  (no source info available)
V  [jvm.dll+0xa0c885]  (no source info available)
V  [jvm.dll+0xa0ef04]  (no source info available)
V  [jvm.dll+0xa0f603]  (no source info available)
V  [jvm.dll+0x309bf6]  (no source info available)
V  [jvm.dll+0x10ea69]  (no source info available)
V  [jvm.dll+0x10ed92]  (no source info available)
V  [jvm.dll+0x1a9837]  (no source info available)
V  [jvm.dll+0x3bec92]  (no source info available)
V  [jvm.dll+0x7c2cb7]  (no source info available)
V  [jvm.dll+0x2ce046]  (no source info available)
V  [jvm.dll+0x2cd221]  (no source info available)
V  [jvm.dll+0x242ffa]  (no source info available)
V  [jvm.dll+0x2dcc05]  (no source info available)
V  [jvm.dll+0x2dae06]  (no source info available)
V  [jvm.dll+0x49b59e]  (no source info available)
V  [jvm.dll+0x9ab9c8]  (no source info available)
V  [jvm.dll+0x7bb985]  (no source info available)
C  [ucrtbase.dll+0x2cd30]  (no source info available)
C  [KERNEL32.DLL+0x2e957]  (no source info available)
C  [ntdll.dll+0xaad6c]  (no source info available)

Lock stack of current Java thread (top to bottom):


---------------  P R O C E S S  ---------------

Threads class SMR info:
_java_thread_list=0x0000015f5bf09510, length=105, elements={
0x0000015f2f13a1a0, 0x0000015f471bf650, 0x0000015f47333d50, 0x0000015f47334bb0,
0x0000015f471cc830, 0x0000015f471cd3f0, 0x0000015f471cdfb0, 0x0000015f4733f9c0,
0x0000015f473404b0, 0x0000015f47322550, 0x0000015f4760d800, 0x0000015f4c55b950,
0x0000015f4c55b180, 0x0000015f4c5582a0, 0x0000015f4c55c8f0, 0x0000015f4c55d0c0,
0x0000015f4e057570, 0x0000015f4e056da0, 0x0000015f4e055630, 0x0000015f4e05ac20,
0x0000015f4e059c80, 0x0000015f4e05c390, 0x0000015f4e0594b0, 0x0000015f4e8bc1a0,
0x0000015f4e8bf080, 0x0000015f4e8be0e0, 0x0000015f473388d0, 0x0000015f4eaf0270,
0x0000015f4eaf0a40, 0x0000015f4eaf19e0, 0x0000015f4eaf5090, 0x0000015f4eaf5860,
0x0000015f4d66aa80, 0x0000015f4d66c1f0, 0x0000015f4d66c9c0, 0x0000015f4d66f0d0,
0x0000015f4d670070, 0x0000015f4f269e40, 0x0000015f4f26a610, 0x0000015f4f26c550,
0x0000015f4f8213b0, 0x0000015f4f820be0, 0x0000015f4f824a60, 0x0000015f4f8261d0,
0x0000015f4f8269a0, 0x0000015f4f827940, 0x0000015f4f828110, 0x0000015f512daee0,
0x0000015f512dbe80, 0x0000015f512dce20, 0x0000015f512dd5f0, 0x0000015f512dddc0,
0x0000015f4d66e130, 0x0000015f4ce83f50, 0x0000015f4ce84ef0, 0x0000015f4ce86660,
0x0000015f4ce83780, 0x0000015f4ce89540, 0x0000015f4ce8a4e0, 0x0000015f4ce8acb0,
0x0000015f4ce8b480, 0x0000015f4ce8bc50, 0x0000015f4ce8c420, 0x0000015f4ce8f300,
0x0000015f4ce8eb30, 0x0000015f4ce86e30, 0x0000015f4ce902a0, 0x0000015f4ce90a70,
0x0000015f4d66d960, 0x0000015f5087bf40, 0x0000015f50879060, 0x0000015f5087b770,
0x0000015f5087ee20, 0x0000015f5087fdc0, 0x0000015f5087d6b0, 0x0000015f4e4a0b80,
0x0000015f4e49dca0, 0x0000015f4e49ec40, 0x0000015f4e49e470, 0x0000015f4e4a3a60,
0x0000015f4e4a51d0, 0x0000015f4e4a6940, 0x0000015f4e4a80b0, 0x0000015f4e4a22f0,
0x0000015f4e4aaf90, 0x0000015f4e4ac700, 0x0000015f4f269670, 0x0000015f5191c3e0,
0x0000015f5aff82b0, 0x0000015f6f29ec80, 0x0000015f65bc2610, 0x0000015f699d61b0,
0x0000015f69a0d670, 0x0000015f69a0c6d0, 0x0000015f69a0bf00, 0x0000015f69a0de40,
0x0000015f655158a0, 0x0000015f5b2e48a0, 0x0000015f5b2e3130, 0x0000015f4fd385b0,
0x0000015f69ae8360, 0x0000015f69ae8b30, 0x0000015f6f4fa410, 0x0000015f69a0f5b0,
0x0000015f6f605bc0
}

Java Threads: ( => current thread )
  0x0000015f2f13a1a0 JavaThread "main"                              [_thread_blocked, id=13552, stack(0x00000051cbd00000,0x00000051cbe00000) (1024K)]
  0x0000015f471bf650 JavaThread "Common-Cleaner"             daemon [_thread_blocked, id=20388, stack(0x00000051cc500000,0x00000051cc600000) (1024K)]
  0x0000015f47333d50 JavaThread "Reference Handler"          daemon [_thread_blocked, id=26564, stack(0x00000051cc600000,0x00000051cc700000) (1024K)]
  0x0000015f47334bb0 JavaThread "Finalizer"                  daemon [_thread_blocked, id=3720, stack(0x00000051cc700000,0x00000051cc800000) (1024K)]
  0x0000015f471cc830 JavaThread "Signal Dispatcher"          daemon [_thread_blocked, id=14004, stack(0x00000051cc800000,0x00000051cc900000) (1024K)]
  0x0000015f471cd3f0 JavaThread "Attach Listener"            daemon [_thread_blocked, id=26324, stack(0x00000051cc900000,0x00000051cca00000) (1024K)]
  0x0000015f471cdfb0 JavaThread "Service Thread"             daemon [_thread_blocked, id=8996, stack(0x00000051cca00000,0x00000051ccb00000) (1024K)]
  0x0000015f4733f9c0 JavaThread "Monitor Deflation Thread"   daemon [_thread_blocked, id=27156, stack(0x00000051ccb00000,0x00000051ccc00000) (1024K)]
=>0x0000015f473404b0 JavaThread "C2 CompilerThread0"         daemon [_thread_in_native, id=29472, stack(0x00000051ccc00000,0x00000051ccd00000) (1024K)]
  0x0000015f47322550 JavaThread "C1 CompilerThread0"         daemon [_thread_blocked, id=21960, stack(0x00000051ccd00000,0x00000051cce00000) (1024K)]
  0x0000015f4760d800 JavaThread "Notification Thread"        daemon [_thread_blocked, id=6104, stack(0x00000051cce00000,0x00000051ccf00000) (1024K)]
  0x0000015f4c55b950 JavaThread "Daemon health stats"               [_thread_blocked, id=16300, stack(0x00000051cd600000,0x00000051cd700000) (1024K)]
  0x0000015f4c55b180 JavaThread "Incoming local TCP Connector on port 9126"        [_thread_in_native, id=23104, stack(0x00000051cd700000,0x00000051cd800000) (1024K)]
  0x0000015f4c5582a0 JavaThread "Daemon periodic checks"            [_thread_blocked, id=13716, stack(0x00000051cd800000,0x00000051cd900000) (1024K)]
  0x0000015f4c55c8f0 JavaThread "Daemon"                            [_thread_blocked, id=19472, stack(0x00000051cd900000,0x00000051cda00000) (1024K)]
  0x0000015f4c55d0c0 JavaThread "Handler for socket connection from /127.0.0.1:9126 to /127.0.0.1:9127"        [_thread_in_native, id=15136, stack(0x00000051cda00000,0x00000051cdb00000) (1024K)]
  0x0000015f4e057570 JavaThread "Cancel handler"                    [_thread_blocked, id=19336, stack(0x00000051ce100000,0x00000051ce200000) (1024K)]
  0x0000015f4e056da0 JavaThread "Daemon worker"                     [_thread_blocked, id=4080, stack(0x00000051ce200000,0x00000051ce300000) (1024K)]
  0x0000015f4e055630 JavaThread "Asynchronous log dispatcher for DefaultDaemonConnection: socket connection from /127.0.0.1:9126 to /127.0.0.1:9127"        [_thread_blocked, id=17924, stack(0x00000051ce300000,0x00000051ce400000) (1024K)]
  0x0000015f4e05ac20 JavaThread "Stdin handler"                     [_thread_blocked, id=22884, stack(0x00000051ce400000,0x00000051ce500000) (1024K)]
  0x0000015f4e059c80 JavaThread "Daemon client event forwarder"        [_thread_blocked, id=25008, stack(0x00000051ce500000,0x00000051ce600000) (1024K)]
  0x0000015f4e05c390 JavaThread "Cache worker for journal cache (C:\Users\SIVA\.gradle\caches\journal-1)"        [_thread_blocked, id=26208, stack(0x00000051ce600000,0x00000051ce700000) (1024K)]
  0x0000015f4e0594b0 JavaThread "File lock request listener"        [_thread_in_native, id=1864, stack(0x00000051ce700000,0x00000051ce800000) (1024K)]
  0x0000015f4e8bc1a0 JavaThread "Cache worker for file hash cache (C:\Users\SIVA\.gradle\caches\9.3.1\fileHashes)"        [_thread_blocked, id=29240, stack(0x00000051ce800000,0x00000051ce900000) (1024K)]
  0x0000015f4e8bf080 JavaThread "Cache worker for file hash cache (C:\Users\SIVA\Downloads\palm\.gradle\9.3.1\fileHashes)"        [_thread_blocked, id=15460, stack(0x00000051cd000000,0x00000051cd100000) (1024K)]
  0x0000015f4e8be0e0 JavaThread "Cache worker for checksums cache (C:\Users\SIVA\Downloads\palm\.gradle\9.3.1\checksums)"        [_thread_blocked, id=14816, stack(0x00000051ce900000,0x00000051cea00000) (1024K)]
  0x0000015f473388d0 JavaThread "Cache worker for Build Output Cleanup Cache (C:\Users\SIVA\Downloads\palm\.gradle\buildOutputCleanup)"        [_thread_blocked, id=24728, stack(0x00000051cea00000,0x00000051ceb00000) (1024K)]
  0x0000015f4eaf0270 JavaThread "Cache worker for file content cache (C:\Users\SIVA\.gradle\caches\9.3.1\fileContent)"        [_thread_blocked, id=4172, stack(0x00000051cec00000,0x00000051ced00000) (1024K)]
  0x0000015f4eaf0a40 JavaThread "File watcher server"        daemon [_thread_in_native, id=24832, stack(0x00000051ced00000,0x00000051cee00000) (1024K)]
  0x0000015f4eaf19e0 JavaThread "File watcher consumer"      daemon [_thread_blocked, id=7632, stack(0x00000051cee00000,0x00000051cef00000) (1024K)]
  0x0000015f4eaf5090 JavaThread "Cache worker for cache directory md-supplier (C:\Users\SIVA\.gradle\caches\9.3.1\md-supplier)"        [_thread_blocked, id=16516, stack(0x00000051ceb00000,0x00000051cec00000) (1024K)]
  0x0000015f4eaf5860 JavaThread "Cache worker for cache directory md-rule (C:\Users\SIVA\.gradle\caches\9.3.1\md-rule)"        [_thread_blocked, id=28964, stack(0x00000051cef00000,0x00000051cf000000) (1024K)]
  0x0000015f4d66aa80 JavaThread "build event listener"              [_thread_blocked, id=25552, stack(0x00000051cf100000,0x00000051cf200000) (1024K)]
  0x0000015f4d66c1f0 JavaThread "Build operations"                  [_thread_blocked, id=14512, stack(0x00000051cf200000,0x00000051cf300000) (1024K)]
  0x0000015f4d66c9c0 JavaThread "Memory manager"                    [_thread_blocked, id=15876, stack(0x00000051cf000000,0x00000051cf100000) (1024K)]
  0x0000015f4d66f0d0 JavaThread "included builds"                   [_thread_blocked, id=25404, stack(0x00000051cf400000,0x00000051cf500000) (1024K)]
  0x0000015f4d670070 JavaThread "Execution worker"                  [_thread_blocked, id=20940, stack(0x00000051cf500000,0x00000051cf600000) (1024K)]
  0x0000015f4f269e40 JavaThread "Execution worker Thread 2"         [_thread_blocked, id=20600, stack(0x00000051cf600000,0x00000051cf700000) (1024K)]
  0x0000015f4f26a610 JavaThread "Execution worker Thread 3"         [_thread_blocked, id=22944, stack(0x00000051cf700000,0x00000051cf800000) (1024K)]
  0x0000015f4f26c550 JavaThread "Cache worker for execution history cache (C:\Users\SIVA\Downloads\palm\.gradle\9.3.1\executionHistory)"        [_thread_blocked, id=12788, stack(0x00000051cf800000,0x00000051cf900000) (1024K)]
  0x0000015f4f8213b0 JavaThread "Unconstrained build operations"        [_thread_blocked, id=21024, stack(0x00000051cf900000,0x00000051cfa00000) (1024K)]
  0x0000015f4f820be0 JavaThread "Unconstrained build operations Thread 2"        [_thread_blocked, id=22672, stack(0x00000051cfa00000,0x00000051cfb00000) (1024K)]
  0x0000015f4f824a60 JavaThread "Unconstrained build operations Thread 3"        [_thread_blocked, id=11232, stack(0x00000051cfb00000,0x00000051cfc00000) (1024K)]
  0x0000015f4f8261d0 JavaThread "Unconstrained build operations Thread 4"        [_thread_blocked, id=24072, stack(0x00000051cfc00000,0x00000051cfd00000) (1024K)]
  0x0000015f4f8269a0 JavaThread "Unconstrained build operations Thread 5"        [_thread_blocked, id=24136, stack(0x00000051cfd00000,0x00000051cfe00000) (1024K)]
  0x0000015f4f827940 JavaThread "Unconstrained build operations Thread 6"        [_thread_blocked, id=1932, stack(0x00000051cfe00000,0x00000051cff00000) (1024K)]
  0x0000015f4f828110 JavaThread "Unconstrained build operations Thread 7"        [_thread_blocked, id=15336, stack(0x00000051cff00000,0x00000051d0000000) (1024K)]
  0x0000015f512daee0 JavaThread "Unconstrained build operations Thread 8"        [_thread_blocked, id=10928, stack(0x00000051d0000000,0x00000051d0100000) (1024K)]
  0x0000015f512dbe80 JavaThread "Unconstrained build operations Thread 9"        [_thread_blocked, id=16304, stack(0x00000051d0100000,0x00000051d0200000) (1024K)]
  0x0000015f512dce20 JavaThread "Unconstrained build operations Thread 10"        [_thread_blocked, id=11896, stack(0x00000051d0200000,0x00000051d0300000) (1024K)]
  0x0000015f512dd5f0 JavaThread "Unconstrained build operations Thread 11"        [_thread_blocked, id=18960, stack(0x00000051d0300000,0x00000051d0400000) (1024K)]
  0x0000015f512dddc0 JavaThread "Unconstrained build operations Thread 12"        [_thread_blocked, id=9928, stack(0x00000051d0400000,0x00000051d0500000) (1024K)]
  0x0000015f4d66e130 JavaThread "Unconstrained build operations Thread 13"        [_thread_blocked, id=25372, stack(0x00000051cf300000,0x00000051cf400000) (1024K)]
  0x0000015f4ce83f50 JavaThread "Unconstrained build operations Thread 14"        [_thread_blocked, id=17476, stack(0x00000051d0500000,0x00000051d0600000) (1024K)]
  0x0000015f4ce84ef0 JavaThread "Unconstrained build operations Thread 15"        [_thread_blocked, id=23272, stack(0x00000051d0600000,0x00000051d0700000) (1024K)]
  0x0000015f4ce86660 JavaThread "Unconstrained build operations Thread 16"        [_thread_blocked, id=12540, stack(0x00000051d0700000,0x00000051d0800000) (1024K)]
  0x0000015f4ce83780 JavaThread "Unconstrained build operations Thread 17"        [_thread_blocked, id=22720, stack(0x00000051d0900000,0x00000051d0a00000) (1024K)]
  0x0000015f4ce89540 JavaThread "Unconstrained build operations Thread 18"        [_thread_blocked, id=14428, stack(0x00000051d0a00000,0x00000051d0b00000) (1024K)]
  0x0000015f4ce8a4e0 JavaThread "Unconstrained build operations Thread 19"        [_thread_blocked, id=27936, stack(0x00000051d0b00000,0x00000051d0c00000) (1024K)]
  0x0000015f4ce8acb0 JavaThread "Unconstrained build operations Thread 20"        [_thread_blocked, id=22288, stack(0x00000051d0c00000,0x00000051d0d00000) (1024K)]
  0x0000015f4ce8b480 JavaThread "Unconstrained build operations Thread 21"        [_thread_blocked, id=5764, stack(0x00000051d0d00000,0x00000051d0e00000) (1024K)]
  0x0000015f4ce8bc50 JavaThread "Unconstrained build operations Thread 22"        [_thread_blocked, id=21492, stack(0x00000051d0e00000,0x00000051d0f00000) (1024K)]
  0x0000015f4ce8c420 JavaThread "Unconstrained build operations Thread 23"        [_thread_blocked, id=28032, stack(0x00000051d0f00000,0x00000051d1000000) (1024K)]
  0x0000015f4ce8f300 JavaThread "Unconstrained build operations Thread 24"        [_thread_blocked, id=7136, stack(0x00000051d1000000,0x00000051d1100000) (1024K)]
  0x0000015f4ce8eb30 JavaThread "Unconstrained build operations Thread 25"        [_thread_blocked, id=17104, stack(0x00000051d1100000,0x00000051d1200000) (1024K)]
  0x0000015f4ce86e30 JavaThread "Unconstrained build operations Thread 26"        [_thread_blocked, id=27812, stack(0x00000051ccf00000,0x00000051cd000000) (1024K)]
  0x0000015f4ce902a0 JavaThread "Unconstrained build operations Thread 27"        [_thread_blocked, id=4852, stack(0x00000051d0800000,0x00000051d0900000) (1024K)]
  0x0000015f4ce90a70 JavaThread "Unconstrained build operations Thread 28"        [_thread_blocked, id=1392, stack(0x00000051d1200000,0x00000051d1300000) (1024K)]
  0x0000015f4d66d960 JavaThread "Unconstrained build operations Thread 29"        [_thread_blocked, id=2712, stack(0x00000051d1300000,0x00000051d1400000) (1024K)]
  0x0000015f5087bf40 JavaThread "Unconstrained build operations Thread 30"        [_thread_blocked, id=12756, stack(0x00000051d1400000,0x00000051d1500000) (1024K)]
  0x0000015f50879060 JavaThread "Unconstrained build operations Thread 31"        [_thread_blocked, id=14124, stack(0x00000051d1500000,0x00000051d1600000) (1024K)]
  0x0000015f5087b770 JavaThread "Unconstrained build operations Thread 32"        [_thread_blocked, id=9032, stack(0x00000051d1800000,0x00000051d1900000) (1024K)]
  0x0000015f5087ee20 JavaThread "Unconstrained build operations Thread 33"        [_thread_blocked, id=26772, stack(0x00000051d1900000,0x00000051d1a00000) (1024K)]
  0x0000015f5087fdc0 JavaThread "Unconstrained build operations Thread 34"        [_thread_blocked, id=14888, stack(0x00000051d1a00000,0x00000051d1b00000) (1024K)]
  0x0000015f5087d6b0 JavaThread "WorkerExecutor Queue"              [_thread_in_vm, id=9016, stack(0x00000051d1b00000,0x00000051d1c00000) (1024K)]
  0x0000015f4e4a0b80 JavaThread "Unconstrained build operations Thread 35"        [_thread_blocked, id=17404, stack(0x00000051d1700000,0x00000051d1800000) (1024K)]
  0x0000015f4e49dca0 JavaThread "Unconstrained build operations Thread 36"        [_thread_blocked, id=26044, stack(0x00000051d1c00000,0x00000051d1d00000) (1024K)]
  0x0000015f4e49ec40 JavaThread "Unconstrained build operations Thread 37"        [_thread_blocked, id=2648, stack(0x00000051d1d00000,0x00000051d1e00000) (1024K)]
  0x0000015f4e49e470 JavaThread "Unconstrained build operations Thread 38"        [_thread_blocked, id=692, stack(0x00000051d1e00000,0x00000051d1f00000) (1024K)]
  0x0000015f4e4a3a60 JavaThread "Unconstrained build operations Thread 39"        [_thread_blocked, id=20032, stack(0x00000051d1f00000,0x00000051d2000000) (1024K)]
  0x0000015f4e4a51d0 JavaThread "Unconstrained build operations Thread 40"        [_thread_blocked, id=25304, stack(0x00000051d2000000,0x00000051d2100000) (1024K)]
  0x0000015f4e4a6940 JavaThread "Java2D Disposer"            daemon [_thread_blocked, id=28724, stack(0x00000051d2100000,0x00000051d2200000) (1024K)]
  0x0000015f4e4a80b0 JavaThread "AWT-Windows"                daemon [_thread_in_native, id=25364, stack(0x00000051d2300000,0x00000051d2400000) (1024K)]
  0x0000015f4e4a22f0 JavaThread "DefaultDispatcher-worker-1" daemon [_thread_blocked, id=20912, stack(0x00000051d1600000,0x00000051d1700000) (1024K)]
  0x0000015f4e4aaf90 JavaThread "DefaultDispatcher-worker-2" daemon [_thread_blocked, id=13444, stack(0x00000051d2500000,0x00000051d2600000) (1024K)]
  0x0000015f4e4ac700 JavaThread "DefaultDispatcher-worker-3" daemon [_thread_blocked, id=13664, stack(0x00000051d2600000,0x00000051d2700000) (1024K)]
  0x0000015f4f269670 JavaThread "Periodic tasks thread"      daemon [_thread_blocked, id=6316, stack(0x00000051d2400000,0x00000051d2500000) (1024K)]
  0x0000015f5191c3e0 JavaThread "ApplicationImpl pooled thread 1"        [_thread_blocked, id=23152, stack(0x00000051d2800000,0x00000051d2900000) (1024K)]
  0x0000015f5aff82b0 JavaThread "WorkerExecutor Queue Thread 2"        [_thread_blocked, id=26568, stack(0x00000051d2200000,0x00000051d2300000) (1024K)]
  0x0000015f6f29ec80 JavaThread "File lock release action executor"        [_thread_blocked, id=9892, stack(0x00000051cbb00000,0x00000051cbc00000) (1024K)]
  0x0000015f65bc2610 JavaThread "Cache worker for Java compile cache (C:\Users\SIVA\.gradle\caches\9.3.1\javaCompile)"        [_thread_blocked, id=4476, stack(0x00000051d2700000,0x00000051d2800000) (1024K)]
  0x0000015f699d61b0 JavaThread "Build operations Thread 2"         [_thread_blocked, id=22968, stack(0x00000051d2b00000,0x00000051d2c00000) (1024K)]
  0x0000015f69a0d670 JavaThread "Build operations Thread 3"         [_thread_blocked, id=16108, stack(0x00000051d2c00000,0x00000051d2d00000) (1024K)]
  0x0000015f69a0c6d0 JavaThread "Build operations Thread 4"         [_thread_blocked, id=14516, stack(0x00000051d2f00000,0x00000051d3000000) (1024K)]
  0x0000015f69a0bf00 JavaThread "File lock release action executor Thread 2"        [_thread_blocked, id=18696, stack(0x00000051d3000000,0x00000051d3100000) (1024K)]
  0x0000015f69a0de40 JavaThread "File lock release action executor Thread 3"        [_thread_blocked, id=3852, stack(0x00000051d3100000,0x00000051d3200000) (1024K)]
  0x0000015f655158a0 JavaThread "File lock release action executor Thread 4"        [_thread_blocked, id=28468, stack(0x00000051d3200000,0x00000051d3300000) (1024K)]
  0x0000015f5b2e48a0 JavaThread "WorkerExecutor Queue Thread 3"        [_thread_blocked, id=19408, stack(0x00000051d3300000,0x00000051d3400000) (1024K)]
  0x0000015f5b2e3130 JavaThread "WorkerExecutor Queue Thread 4"        [_thread_blocked, id=10920, stack(0x00000051d3400000,0x00000051d3500000) (1024K)]
  0x0000015f4fd385b0 JavaThread "WorkerExecutor Queue Thread 5"        [_thread_blocked, id=28820, stack(0x00000051d3500000,0x00000051d3600000) (1024K)]
  0x0000015f69ae8360 JavaThread "File lock release action executor Thread 5"        [_thread_blocked, id=14284, stack(0x00000051d2900000,0x00000051d2a00000) (1024K)]
  0x0000015f69ae8b30 JavaThread "File lock release action executor Thread 6"        [_thread_blocked, id=19136, stack(0x00000051d2a00000,0x00000051d2b00000) (1024K)]
  0x0000015f6f4fa410 JavaThread "File lock release action executor Thread 7"        [_thread_blocked, id=28888, stack(0x00000051d3600000,0x00000051d3700000) (1024K)]
  0x0000015f69a0f5b0 JavaThread "File lock release action executor Thread 8"        [_thread_blocked, id=8400, stack(0x00000051d3700000,0x00000051d3800000) (1024K)]
  0x0000015f6f605bc0 JavaThread "C2 CompilerThread1"         daemon [_thread_blocked, id=26344, stack(0x00000051cba00000,0x00000051cbb00000) (1024K)]
Total: 105

Other Threads:
  0x0000015f47190b10 VMThread "VM Thread"                           [id=11668, stack(0x00000051cc400000,0x00000051cc500000) (1024K)]
  0x0000015f47158da0 WatcherThread "VM Periodic Task Thread"        [id=15364, stack(0x00000051cc300000,0x00000051cc400000) (1024K)]
  0x0000015f2f1931f0 WorkerThread "GC Thread#0"                     [id=20176, stack(0x00000051cbe00000,0x00000051cbf00000) (1024K)]
  0x0000015f47efe330 WorkerThread "GC Thread#1"                     [id=27912, stack(0x00000051cd100000,0x00000051cd200000) (1024K)]
  0x0000015f47efe760 WorkerThread "GC Thread#2"                     [id=22712, stack(0x00000051cd200000,0x00000051cd300000) (1024K)]
  0x0000015f47efeb90 WorkerThread "GC Thread#3"                     [id=25400, stack(0x00000051cd300000,0x00000051cd400000) (1024K)]
  0x0000015f4c343200 WorkerThread "GC Thread#4"                     [id=9412, stack(0x00000051cd400000,0x00000051cd500000) (1024K)]
  0x0000015f4c344340 WorkerThread "GC Thread#5"                     [id=1136, stack(0x00000051cd500000,0x00000051cd600000) (1024K)]
  0x0000015f4c340f80 WorkerThread "GC Thread#6"                     [id=27232, stack(0x00000051cdb00000,0x00000051cdc00000) (1024K)]
  0x0000015f4c341c70 WorkerThread "GC Thread#7"                     [id=25696, stack(0x00000051cdc00000,0x00000051cdd00000) (1024K)]
  0x0000015f4e273620 WorkerThread "GC Thread#8"                     [id=17320, stack(0x00000051cdd00000,0x00000051cde00000) (1024K)]
  0x0000015f4e2713a0 WorkerThread "GC Thread#9"                     [id=29348, stack(0x00000051cde00000,0x00000051cdf00000) (1024K)]
  0x0000015f2cd5dfe0 ConcurrentGCThread "G1 Main Marker"            [id=25960, stack(0x00000051cbf00000,0x00000051cc000000) (1024K)]
  0x0000015f2cd5ea80 WorkerThread "G1 Conc#0"                       [id=16492, stack(0x00000051cc000000,0x00000051cc100000) (1024K)]
  0x0000015f4e2717f0 WorkerThread "G1 Conc#1"                       [id=24200, stack(0x00000051cdf00000,0x00000051ce000000) (1024K)]
  0x0000015f4e2706b0 WorkerThread "G1 Conc#2"                       [id=25976, stack(0x00000051ce000000,0x00000051ce100000) (1024K)]
  0x0000015f46ffce10 ConcurrentGCThread "G1 Refine#0"               [id=24156, stack(0x00000051cc100000,0x00000051cc200000) (1024K)]
  0x0000015f46ffd420 ConcurrentGCThread "G1 Service"                [id=28848, stack(0x00000051cc200000,0x00000051cc300000) (1024K)]
Total: 18

Threads with active compile tasks:
C2 CompilerThread0  93659 38187       4       java.lang.invoke.DirectMethodHandle::makeAllocator (132 bytes)
Total: 1

VM state: not at safepoint (normal execution)

VM Mutex/Monitor currently owned by a thread: None

Heap address: 0x0000000080000000, size: 2048 MB, Compressed Oops mode: 32-bit

CDS archive(s) not mapped
Compressed class space mapped at: 0x000000001a000000-0x000000005a000000, reserved size: 1073741824
UseCompressedClassPointers 1, UseCompactObjectHeaders 0
Narrow klass pointer bits 32, Max shift 3
Narrow klass base: 0x0000000000000000, Narrow klass shift: 0
Encoding Range: [0x0000000000000000 - 0x0000000100000000), (4294967296 bytes)
Klass Range:    [0x000000001a000000 - 0x000000005a000000), (1073741824 bytes)
Klass ID Range:  [436207616 - 1509949433) (1073741817)
No protection zone.

GC Precious Log:
 CardTable entry size: 512
 Card Set container configuration: InlinePtr #cards 5 size 8 Array Of Cards #cards 10 size 36 Howl #buckets 4 coarsen threshold 1843 Howl Bitmap #cards 512 size 80 coarsen threshold 460 Card regions per heap region 1 cards per card region 2048
 CPUs: 12 total, 12 available
 Memory: 16068M
 Large Page Support: Disabled
 NUMA Support: Disabled
 Compressed Oops: Enabled (32-bit)
 Heap Region Size: 1M
 Heap Min Capacity: 8M
 Heap Initial Capacity: 252M
 Heap Max Capacity: 2G
 Pre-touch: Disabled
 Parallel Workers: 10
 Concurrent Workers: 3
 Concurrent Refinement Workers: 10
 Periodic GC: Disabled

Heap:
 garbage-first heap   total reserved 2097152K, committed 705536K, used 582214K [0x0000000080000000, 0x0000000100000000)
  region size 1024K, 164 young (167936K), 5 survivors (5120K)

Heap Regions: E=young(eden), S=young(survivor), O=old, HS=humongous(starts), HC=humongous(continues), CS=collection set, F=free, TAMS=top-at-mark-start, PB=parsable bottom
|   0|0x0000000080000000, 0x0000000080100000, 0x0000000080100000|100%|HS|  |TAMS 0x0000000080000000| PB 0x0000000080000000| Complete |  0
|   1|0x0000000080100000, 0x0000000080200000, 0x0000000080200000|100%|HC|  |TAMS 0x0000000080100000| PB 0x0000000080100000| Complete |  0
|   2|0x0000000080200000, 0x0000000080300000, 0x0000000080300000|100%|HC|  |TAMS 0x0000000080200000| PB 0x0000000080200000| Complete |  0
|   3|0x0000000080300000, 0x0000000080400000, 0x0000000080400000|100%|HC|  |TAMS 0x0000000080300000| PB 0x0000000080300000| Complete |  0
|   4|0x0000000080400000, 0x0000000080500000, 0x0000000080500000|100%|HS|  |TAMS 0x0000000080400000| PB 0x0000000080400000| Complete |  0
|   5|0x0000000080500000, 0x0000000080600000, 0x0000000080600000|100%| O|  |TAMS 0x0000000080500000| PB 0x0000000080500000| Untracked |  0
|   6|0x0000000080600000, 0x0000000080700000, 0x0000000080700000|100%| O|  |TAMS 0x0000000080600000| PB 0x0000000080600000| Untracked |  0
|   7|0x0000000080700000, 0x0000000080800000, 0x0000000080800000|100%| O|  |TAMS 0x0000000080700000| PB 0x0000000080700000| Untracked |  0
|   8|0x0000000080800000, 0x0000000080900000, 0x0000000080900000|100%| O|  |TAMS 0x0000000080800000| PB 0x0000000080800000| Untracked |  0
|   9|0x0000000080900000, 0x0000000080a00000, 0x0000000080a00000|100%| O|  |TAMS 0x0000000080900000| PB 0x0000000080900000| Untracked |  0
|  10|0x0000000080a00000, 0x0000000080b00000, 0x0000000080b00000|100%| O|  |TAMS 0x0000000080a00000| PB 0x0000000080a00000| Untracked |  0
|  11|0x0000000080b00000, 0x0000000080c00000, 0x0000000080c00000|100%| O|  |TAMS 0x0000000080b00000| PB 0x0000000080b00000| Untracked |  0
|  12|0x0000000080c00000, 0x0000000080d00000, 0x0000000080d00000|100%| O|  |TAMS 0x0000000080c00000| PB 0x0000000080c00000| Untracked |  0
|  13|0x0000000080d00000, 0x0000000080e00000, 0x0000000080e00000|100%| O|  |TAMS 0x0000000080d00000| PB 0x0000000080d00000| Untracked |  0
|  14|0x0000000080e00000, 0x0000000080f00000, 0x0000000080f00000|100%| O|  |TAMS 0x0000000080e00000| PB 0x0000000080e00000| Untracked |  0
|  15|0x0000000080f00000, 0x0000000081000000, 0x0000000081000000|100%|HS|  |TAMS 0x0000000080f00000| PB 0x0000000080f00000| Complete |  0
|  16|0x0000000081000000, 0x0000000081100000, 0x0000000081100000|100%|HS|  |TAMS 0x0000000081000000| PB 0x0000000081000000| Complete |  0
|  17|0x0000000081100000, 0x0000000081200000, 0x0000000081200000|100%|HS|  |TAMS 0x0000000081100000| PB 0x0000000081100000| Complete |  0
|  18|0x0000000081200000, 0x0000000081300000, 0x0000000081300000|100%|HS|  |TAMS 0x0000000081200000| PB 0x0000000081200000| Complete |  0
|  19|0x0000000081300000, 0x0000000081400000, 0x0000000081400000|100%|HC|  |TAMS 0x0000000081300000| PB 0x0000000081300000| Complete |  0
|  20|0x0000000081400000, 0x0000000081500000, 0x0000000081500000|100%|HS|  |TAMS 0x0000000081400000| PB 0x0000000081400000| Complete |  0
|  21|0x0000000081500000, 0x0000000081600000, 0x0000000081600000|100%|HS|  |TAMS 0x0000000081500000| PB 0x0000000081500000| Complete |  0
|  22|0x0000000081600000, 0x0000000081700000, 0x0000000081700000|100%|HC|  |TAMS 0x0000000081600000| PB 0x0000000081600000| Complete |  0
|  23|0x0000000081700000, 0x0000000081800000, 0x0000000081800000|100%| O|  |TAMS 0x0000000081700000| PB 0x0000000081700000| Untracked |  0
|  24|0x0000000081800000, 0x0000000081900000, 0x0000000081900000|100%|HS|  |TAMS 0x0000000081800000| PB 0x0000000081800000| Complete |  0
|  25|0x0000000081900000, 0x0000000081a00000, 0x0000000081a00000|100%| O|  |TAMS 0x0000000081900000| PB 0x0000000081900000| Untracked |  0
|  26|0x0000000081a00000, 0x0000000081b00000, 0x0000000081b00000|100%| O|  |TAMS 0x0000000081a00000| PB 0x0000000081a00000| Untracked |  0
|  27|0x0000000081b00000, 0x0000000081c00000, 0x0000000081c00000|100%| O|  |TAMS 0x0000000081b00000| PB 0x0000000081b00000| Untracked |  0
|  28|0x0000000081c00000, 0x0000000081d00000, 0x0000000081d00000|100%| O|Cm|TAMS 0x0000000081c00000| PB 0x0000000081c00000| Complete |  0
|  29|0x0000000081d00000, 0x0000000081e00000, 0x0000000081e00000|100%| O|  |TAMS 0x0000000081d00000| PB 0x0000000081d00000| Untracked |  0
|  30|0x0000000081e00000, 0x0000000081f00000, 0x0000000081f00000|100%| O|  |TAMS 0x0000000081e00000| PB 0x0000000081e00000| Untracked |  0
|  31|0x0000000081f00000, 0x0000000082000000, 0x0000000082000000|100%| O|  |TAMS 0x0000000081f00000| PB 0x0000000081f00000| Untracked |  0
|  32|0x0000000082000000, 0x0000000082100000, 0x0000000082100000|100%|HS|  |TAMS 0x0000000082000000| PB 0x0000000082000000| Complete |  0
|  33|0x0000000082100000, 0x0000000082200000, 0x0000000082200000|100%| O|  |TAMS 0x0000000082100000| PB 0x0000000082100000| Untracked |  0
|  34|0x0000000082200000, 0x0000000082300000, 0x0000000082300000|100%| O|  |TAMS 0x0000000082200000| PB 0x0000000082200000| Untracked |  0
|  35|0x0000000082300000, 0x0000000082400000, 0x0000000082400000|100%| O|  |TAMS 0x0000000082300000| PB 0x0000000082300000| Untracked |  0
|  36|0x0000000082400000, 0x0000000082500000, 0x0000000082500000|100%| O|  |TAMS 0x0000000082400000| PB 0x0000000082400000| Untracked |  0
|  37|0x0000000082500000, 0x0000000082600000, 0x0000000082600000|100%| O|  |TAMS 0x0000000082500000| PB 0x0000000082500000| Untracked |  0
|  38|0x0000000082600000, 0x0000000082700000, 0x0000000082700000|100%| O|  |TAMS 0x0000000082600000| PB 0x0000000082600000| Untracked |  0
|  39|0x0000000082700000, 0x0000000082800000, 0x0000000082800000|100%| O|  |TAMS 0x0000000082700000| PB 0x0000000082700000| Untracked |  0
|  40|0x0000000082800000, 0x0000000082900000, 0x0000000082900000|100%| O|  |TAMS 0x0000000082800000| PB 0x0000000082800000| Untracked |  0
|  41|0x0000000082900000, 0x0000000082a00000, 0x0000000082a00000|100%| O|  |TAMS 0x0000000082900000| PB 0x0000000082900000| Untracked |  0
|  42|0x0000000082a00000, 0x0000000082b00000, 0x0000000082b00000|100%| O|  |TAMS 0x0000000082a00000| PB 0x0000000082a00000| Untracked |  0
|  43|0x0000000082b00000, 0x0000000082c00000, 0x0000000082c00000|100%| O|  |TAMS 0x0000000082b00000| PB 0x0000000082b00000| Untracked |  0
|  44|0x0000000082c00000, 0x0000000082d00000, 0x0000000082d00000|100%| O|  |TAMS 0x0000000082c00000| PB 0x0000000082c00000| Untracked |  0
|  45|0x0000000082d00000, 0x0000000082e00000, 0x0000000082e00000|100%| O|  |TAMS 0x0000000082d00000| PB 0x0000000082d00000| Untracked |  0
|  46|0x0000000082e00000, 0x0000000082f00000, 0x0000000082f00000|100%| O|  |TAMS 0x0000000082e00000| PB 0x0000000082e00000| Untracked |  0
|  47|0x0000000082f00000, 0x0000000083000000, 0x0000000083000000|100%| O|  |TAMS 0x0000000082f00000| PB 0x0000000082f00000| Untracked |  0
|  48|0x0000000083000000, 0x0000000083100000, 0x0000000083100000|100%| O|  |TAMS 0x0000000083000000| PB 0x0000000083000000| Untracked |  0
|  49|0x0000000083100000, 0x0000000083200000, 0x0000000083200000|100%| O|  |TAMS 0x0000000083100000| PB 0x0000000083100000| Untracked |  0
|  50|0x0000000083200000, 0x0000000083300000, 0x0000000083300000|100%| O|  |TAMS 0x0000000083200000| PB 0x0000000083200000| Untracked |  0
|  51|0x0000000083300000, 0x0000000083400000, 0x0000000083400000|100%| O|Cm|TAMS 0x0000000083300000| PB 0x0000000083300000| Complete |  0
|  52|0x0000000083400000, 0x0000000083500000, 0x0000000083500000|100%| O|  |TAMS 0x0000000083400000| PB 0x0000000083400000| Untracked |  0
|  53|0x0000000083500000, 0x0000000083600000, 0x0000000083600000|100%| O|  |TAMS 0x0000000083500000| PB 0x0000000083500000| Untracked |  0
|  54|0x0000000083600000, 0x0000000083700000, 0x0000000083700000|100%| O|  |TAMS 0x0000000083600000| PB 0x0000000083600000| Untracked |  0
|  55|0x0000000083700000, 0x0000000083800000, 0x0000000083800000|100%| O|  |TAMS 0x0000000083700000| PB 0x0000000083700000| Untracked |  0
|  56|0x0000000083800000, 0x0000000083900000, 0x0000000083900000|100%| O|  |TAMS 0x0000000083800000| PB 0x0000000083800000| Untracked |  0
|  57|0x0000000083900000, 0x0000000083a00000, 0x0000000083a00000|100%| O|Cm|TAMS 0x0000000083900000| PB 0x0000000083900000| Complete |  0
|  58|0x0000000083a00000, 0x0000000083b00000, 0x0000000083b00000|100%| O|  |TAMS 0x0000000083a00000| PB 0x0000000083a00000| Untracked |  0
|  59|0x0000000083b00000, 0x0000000083c00000, 0x0000000083c00000|100%| O|  |TAMS 0x0000000083b00000| PB 0x0000000083b00000| Untracked |  0
|  60|0x0000000083c00000, 0x0000000083d00000, 0x0000000083d00000|100%| O|  |TAMS 0x0000000083c00000| PB 0x0000000083c00000| Untracked |  0
|  61|0x0000000083d00000, 0x0000000083e00000, 0x0000000083e00000|100%| O|  |TAMS 0x0000000083d00000| PB 0x0000000083d00000| Untracked |  0
|  62|0x0000000083e00000, 0x0000000083f00000, 0x0000000083f00000|100%| O|  |TAMS 0x0000000083e00000| PB 0x0000000083e00000| Untracked |  0
|  63|0x0000000083f00000, 0x0000000084000000, 0x0000000084000000|100%| O|  |TAMS 0x0000000083f00000| PB 0x0000000083f00000| Untracked |  0
|  64|0x0000000084000000, 0x0000000084100000, 0x0000000084100000|100%| O|  |TAMS 0x0000000084000000| PB 0x0000000084000000| Untracked |  0
|  65|0x0000000084100000, 0x0000000084200000, 0x0000000084200000|100%|HS|  |TAMS 0x0000000084100000| PB 0x0000000084100000| Complete |  0
|  66|0x0000000084200000, 0x0000000084300000, 0x0000000084300000|100%|HC|  |TAMS 0x0000000084200000| PB 0x0000000084200000| Complete |  0
|  67|0x0000000084300000, 0x0000000084400000, 0x0000000084400000|100%|HC|  |TAMS 0x0000000084300000| PB 0x0000000084300000| Complete |  0
|  68|0x0000000084400000, 0x0000000084500000, 0x0000000084500000|100%|HC|  |TAMS 0x0000000084400000| PB 0x0000000084400000| Complete |  0
|  69|0x0000000084500000, 0x0000000084600000, 0x0000000084600000|100%|HC|  |TAMS 0x0000000084500000| PB 0x0000000084500000| Complete |  0
|  70|0x0000000084600000, 0x0000000084700000, 0x0000000084700000|100%| O|  |TAMS 0x0000000084600000| PB 0x0000000084600000| Untracked |  0
|  71|0x0000000084700000, 0x0000000084800000, 0x0000000084800000|100%| O|  |TAMS 0x0000000084700000| PB 0x0000000084700000| Untracked |  0
|  72|0x0000000084800000, 0x0000000084900000, 0x0000000084900000|100%| O|  |TAMS 0x0000000084800000| PB 0x0000000084800000| Untracked |  0
|  73|0x0000000084900000, 0x0000000084a00000, 0x0000000084a00000|100%| O|Cm|TAMS 0x0000000084900000| PB 0x0000000084900000| Complete |  0
|  74|0x0000000084a00000, 0x0000000084b00000, 0x0000000084b00000|100%| O|Cm|TAMS 0x0000000084a00000| PB 0x0000000084a00000| Complete |  0
|  75|0x0000000084b00000, 0x0000000084c00000, 0x0000000084c00000|100%| O|Cm|TAMS 0x0000000084b00000| PB 0x0000000084b00000| Complete |  0
|  76|0x0000000084c00000, 0x0000000084d00000, 0x0000000084d00000|100%| O|  |TAMS 0x0000000084c00000| PB 0x0000000084c00000| Untracked |  0
|  77|0x0000000084d00000, 0x0000000084e00000, 0x0000000084e00000|100%| O|  |TAMS 0x0000000084d00000| PB 0x0000000084d00000| Untracked |  0
|  78|0x0000000084e00000, 0x0000000084f00000, 0x0000000084f00000|100%| O|  |TAMS 0x0000000084e00000| PB 0x0000000084e00000| Untracked |  0
|  79|0x0000000084f00000, 0x0000000085000000, 0x0000000085000000|100%| O|  |TAMS 0x0000000084f00000| PB 0x0000000084f00000| Untracked |  0
|  80|0x0000000085000000, 0x0000000085100000, 0x0000000085100000|100%| O|Cm|TAMS 0x0000000085000000| PB 0x0000000085000000| Complete |  0
|  81|0x0000000085100000, 0x0000000085200000, 0x0000000085200000|100%| O|  |TAMS 0x0000000085100000| PB 0x0000000085100000| Untracked |  0
|  82|0x0000000085200000, 0x0000000085300000, 0x0000000085300000|100%| O|  |TAMS 0x0000000085200000| PB 0x0000000085200000| Untracked |  0
|  83|0x0000000085300000, 0x0000000085400000, 0x0000000085400000|100%| O|  |TAMS 0x0000000085300000| PB 0x0000000085300000| Untracked |  0
|  84|0x0000000085400000, 0x0000000085500000, 0x0000000085500000|100%| O|  |TAMS 0x0000000085400000| PB 0x0000000085400000| Untracked |  0
|  85|0x0000000085500000, 0x0000000085600000, 0x0000000085600000|100%| O|  |TAMS 0x0000000085500000| PB 0x0000000085500000| Untracked |  0
|  86|0x0000000085600000, 0x0000000085700000, 0x0000000085700000|100%| O|  |TAMS 0x0000000085600000| PB 0x0000000085600000| Untracked |  0
|  87|0x0000000085700000, 0x0000000085800000, 0x0000000085800000|100%| O|Cm|TAMS 0x0000000085700000| PB 0x0000000085700000| Complete |  0
|  88|0x0000000085800000, 0x0000000085900000, 0x0000000085900000|100%| O|  |TAMS 0x0000000085800000| PB 0x0000000085800000| Untracked |  0
|  89|0x0000000085900000, 0x0000000085a00000, 0x0000000085a00000|100%| O|  |TAMS 0x0000000085900000| PB 0x0000000085900000| Untracked |  0
|  90|0x0000000085a00000, 0x0000000085b00000, 0x0000000085b00000|100%| O|  |TAMS 0x0000000085a00000| PB 0x0000000085a00000| Untracked |  0
|  91|0x0000000085b00000, 0x0000000085c00000, 0x0000000085c00000|100%| O|  |TAMS 0x0000000085b00000| PB 0x0000000085b00000| Untracked |  0
|  92|0x0000000085c00000, 0x0000000085d00000, 0x0000000085d00000|100%| O|  |TAMS 0x0000000085c00000| PB 0x0000000085c00000| Untracked |  0
|  93|0x0000000085d00000, 0x0000000085e00000, 0x0000000085e00000|100%| O|  |TAMS 0x0000000085d00000| PB 0x0000000085d00000| Untracked |  0
|  94|0x0000000085e00000, 0x0000000085f00000, 0x0000000085f00000|100%| O|  |TAMS 0x0000000085e00000| PB 0x0000000085e00000| Untracked |  0
|  95|0x0000000085f00000, 0x0000000086000000, 0x0000000086000000|100%| O|  |TAMS 0x0000000085f00000| PB 0x0000000085f00000| Untracked |  0
|  96|0x0000000086000000, 0x0000000086100000, 0x0000000086100000|100%| O|  |TAMS 0x0000000086000000| PB 0x0000000086000000| Untracked |  0
|  97|0x0000000086100000, 0x0000000086200000, 0x0000000086200000|100%| O|  |TAMS 0x0000000086100000| PB 0x0000000086100000| Untracked |  0
|  98|0x0000000086200000, 0x0000000086300000, 0x0000000086300000|100%| O|  |TAMS 0x0000000086200000| PB 0x0000000086200000| Untracked |  0
|  99|0x0000000086300000, 0x0000000086400000, 0x0000000086400000|100%| O|  |TAMS 0x0000000086300000| PB 0x0000000086300000| Untracked |  0
| 100|0x0000000086400000, 0x0000000086500000, 0x0000000086500000|100%| O|  |TAMS 0x0000000086400000| PB 0x0000000086400000| Untracked |  0
| 101|0x0000000086500000, 0x0000000086600000, 0x0000000086600000|100%| O|  |TAMS 0x0000000086500000| PB 0x0000000086500000| Untracked |  0
| 102|0x0000000086600000, 0x0000000086700000, 0x0000000086700000|100%| O|  |TAMS 0x0000000086600000| PB 0x0000000086600000| Untracked |  0
| 103|0x0000000086700000, 0x0000000086800000, 0x0000000086800000|100%| O|  |TAMS 0x0000000086700000| PB 0x0000000086700000| Untracked |  0
| 104|0x0000000086800000, 0x0000000086900000, 0x0000000086900000|100%| O|  |TAMS 0x0000000086800000| PB 0x0000000086800000| Untracked |  0
| 105|0x0000000086900000, 0x0000000086a00000, 0x0000000086a00000|100%| O|  |TAMS 0x0000000086900000| PB 0x0000000086900000| Untracked |  0
| 106|0x0000000086a00000, 0x0000000086b00000, 0x0000000086b00000|100%| O|  |TAMS 0x0000000086a00000| PB 0x0000000086a00000| Untracked |  0
| 107|0x0000000086b00000, 0x0000000086c00000, 0x0000000086c00000|100%| O|  |TAMS 0x0000000086b00000| PB 0x0000000086b00000| Untracked |  0
| 108|0x0000000086c00000, 0x0000000086d00000, 0x0000000086d00000|100%| O|  |TAMS 0x0000000086c00000| PB 0x0000000086c00000| Untracked |  0
| 109|0x0000000086d00000, 0x0000000086e00000, 0x0000000086e00000|100%| O|  |TAMS 0x0000000086d00000| PB 0x0000000086d00000| Untracked |  0
| 110|0x0000000086e00000, 0x0000000086f00000, 0x0000000086f00000|100%| O|  |TAMS 0x0000000086e00000| PB 0x0000000086e00000| Untracked |  0
| 111|0x0000000086f00000, 0x0000000087000000, 0x0000000087000000|100%| O|  |TAMS 0x0000000086f00000| PB 0x0000000086f00000| Untracked |  0
| 112|0x0000000087000000, 0x0000000087100000, 0x0000000087100000|100%| O|  |TAMS 0x0000000087000000| PB 0x0000000087000000| Untracked |  0
| 113|0x0000000087100000, 0x0000000087200000, 0x0000000087200000|100%| O|  |TAMS 0x0000000087100000| PB 0x0000000087100000| Untracked |  0
| 114|0x0000000087200000, 0x0000000087300000, 0x0000000087300000|100%| O|  |TAMS 0x0000000087200000| PB 0x0000000087200000| Untracked |  0
| 115|0x0000000087300000, 0x0000000087400000, 0x0000000087400000|100%| O|  |TAMS 0x0000000087300000| PB 0x0000000087300000| Untracked |  0
| 116|0x0000000087400000, 0x0000000087500000, 0x0000000087500000|100%| O|  |TAMS 0x0000000087400000| PB 0x0000000087400000| Untracked |  0
| 117|0x0000000087500000, 0x0000000087600000, 0x0000000087600000|100%| O|  |TAMS 0x0000000087500000| PB 0x0000000087500000| Untracked |  0
| 118|0x0000000087600000, 0x0000000087700000, 0x0000000087700000|100%| O|  |TAMS 0x0000000087600000| PB 0x0000000087600000| Untracked |  0
| 119|0x0000000087700000, 0x0000000087800000, 0x0000000087800000|100%| O|  |TAMS 0x0000000087700000| PB 0x0000000087700000| Untracked |  0
| 120|0x0000000087800000, 0x0000000087900000, 0x0000000087900000|100%| O|  |TAMS 0x0000000087800000| PB 0x0000000087800000| Untracked |  0
| 121|0x0000000087900000, 0x0000000087a00000, 0x0000000087a00000|100%| O|  |TAMS 0x0000000087900000| PB 0x0000000087900000| Untracked |  0
| 122|0x0000000087a00000, 0x0000000087b00000, 0x0000000087b00000|100%| O|  |TAMS 0x0000000087a00000| PB 0x0000000087a00000| Untracked |  0
| 123|0x0000000087b00000, 0x0000000087c00000, 0x0000000087c00000|100%| O|  |TAMS 0x0000000087b00000| PB 0x0000000087b00000| Untracked |  0
| 124|0x0000000087c00000, 0x0000000087d00000, 0x0000000087d00000|100%| O|  |TAMS 0x0000000087c00000| PB 0x0000000087c00000| Untracked |  0
| 125|0x0000000087d00000, 0x0000000087e00000, 0x0000000087e00000|100%| O|  |TAMS 0x0000000087d00000| PB 0x0000000087d00000| Untracked |  0
| 126|0x0000000087e00000, 0x0000000087f00000, 0x0000000087f00000|100%| O|  |TAMS 0x0000000087e00000| PB 0x0000000087e00000| Untracked |  0
| 127|0x0000000087f00000, 0x0000000088000000, 0x0000000088000000|100%| O|  |TAMS 0x0000000087f00000| PB 0x0000000087f00000| Untracked |  0
| 128|0x0000000088000000, 0x0000000088100000, 0x0000000088100000|100%| O|  |TAMS 0x0000000088000000| PB 0x0000000088000000| Untracked |  0
| 129|0x0000000088100000, 0x0000000088200000, 0x0000000088200000|100%| O|  |TAMS 0x0000000088100000| PB 0x0000000088100000| Untracked |  0
| 130|0x0000000088200000, 0x0000000088300000, 0x0000000088300000|100%| O|  |TAMS 0x0000000088200000| PB 0x0000000088200000| Untracked |  0
| 131|0x0000000088300000, 0x0000000088400000, 0x0000000088400000|100%| O|  |TAMS 0x0000000088300000| PB 0x0000000088300000| Untracked |  0
| 132|0x0000000088400000, 0x0000000088500000, 0x0000000088500000|100%| O|  |TAMS 0x0000000088400000| PB 0x0000000088400000| Untracked |  0
| 133|0x0000000088500000, 0x0000000088600000, 0x0000000088600000|100%| O|  |TAMS 0x0000000088500000| PB 0x0000000088500000| Untracked |  0
| 134|0x0000000088600000, 0x0000000088700000, 0x0000000088700000|100%| O|  |TAMS 0x0000000088600000| PB 0x0000000088600000| Untracked |  0
| 135|0x0000000088700000, 0x0000000088800000, 0x0000000088800000|100%| O|  |TAMS 0x0000000088700000| PB 0x0000000088700000| Untracked |  0
| 136|0x0000000088800000, 0x0000000088900000, 0x0000000088900000|100%| O|  |TAMS 0x0000000088800000| PB 0x0000000088800000| Untracked |  0
| 137|0x0000000088900000, 0x0000000088a00000, 0x0000000088a00000|100%| O|  |TAMS 0x0000000088900000| PB 0x0000000088900000| Untracked |  0
| 138|0x0000000088a00000, 0x0000000088b00000, 0x0000000088b00000|100%| O|  |TAMS 0x0000000088a00000| PB 0x0000000088a00000| Untracked |  0
| 139|0x0000000088b00000, 0x0000000088c00000, 0x0000000088c00000|100%| O|  |TAMS 0x0000000088b00000| PB 0x0000000088b00000| Untracked |  0
| 140|0x0000000088c00000, 0x0000000088d00000, 0x0000000088d00000|100%| O|  |TAMS 0x0000000088c00000| PB 0x0000000088c00000| Untracked |  0
| 141|0x0000000088d00000, 0x0000000088e00000, 0x0000000088e00000|100%| O|  |TAMS 0x0000000088d00000| PB 0x0000000088d00000| Untracked |  0
| 142|0x0000000088e00000, 0x0000000088f00000, 0x0000000088f00000|100%| O|  |TAMS 0x0000000088e00000| PB 0x0000000088e00000| Untracked |  0
| 143|0x0000000088f00000, 0x0000000089000000, 0x0000000089000000|100%| O|  |TAMS 0x0000000088f00000| PB 0x0000000088f00000| Untracked |  0
| 144|0x0000000089000000, 0x0000000089100000, 0x0000000089100000|100%| O|  |TAMS 0x0000000089000000| PB 0x0000000089000000| Untracked |  0
| 145|0x0000000089100000, 0x0000000089200000, 0x0000000089200000|100%| O|  |TAMS 0x0000000089100000| PB 0x0000000089100000| Untracked |  0
| 146|0x0000000089200000, 0x0000000089300000, 0x0000000089300000|100%| O|  |TAMS 0x0000000089200000| PB 0x0000000089200000| Untracked |  0
| 147|0x0000000089300000, 0x0000000089400000, 0x0000000089400000|100%| O|  |TAMS 0x0000000089300000| PB 0x0000000089300000| Untracked |  0
| 148|0x0000000089400000, 0x0000000089500000, 0x0000000089500000|100%| O|  |TAMS 0x0000000089400000| PB 0x0000000089400000| Untracked |  0
| 149|0x0000000089500000, 0x0000000089600000, 0x0000000089600000|100%| O|  |TAMS 0x0000000089500000| PB 0x0000000089500000| Untracked |  0
| 150|0x0000000089600000, 0x0000000089700000, 0x0000000089700000|100%| O|  |TAMS 0x0000000089600000| PB 0x0000000089600000| Untracked |  0
| 151|0x0000000089700000, 0x0000000089800000, 0x0000000089800000|100%| O|  |TAMS 0x0000000089700000| PB 0x0000000089700000| Untracked |  0
| 152|0x0000000089800000, 0x0000000089900000, 0x0000000089900000|100%| O|  |TAMS 0x0000000089800000| PB 0x0000000089800000| Untracked |  0
| 153|0x0000000089900000, 0x0000000089a00000, 0x0000000089a00000|100%| O|  |TAMS 0x0000000089900000| PB 0x0000000089900000| Untracked |  0
| 154|0x0000000089a00000, 0x0000000089b00000, 0x0000000089b00000|100%| O|  |TAMS 0x0000000089a00000| PB 0x0000000089a00000| Untracked |  0
| 155|0x0000000089b00000, 0x0000000089c00000, 0x0000000089c00000|100%| O|  |TAMS 0x0000000089b00000| PB 0x0000000089b00000| Untracked |  0
| 156|0x0000000089c00000, 0x0000000089d00000, 0x0000000089d00000|100%| O|  |TAMS 0x0000000089c00000| PB 0x0000000089c00000| Untracked |  0
| 157|0x0000000089d00000, 0x0000000089e00000, 0x0000000089e00000|100%| O|  |TAMS 0x0000000089d00000| PB 0x0000000089d00000| Untracked |  0
| 158|0x0000000089e00000, 0x0000000089f00000, 0x0000000089f00000|100%| O|  |TAMS 0x0000000089e00000| PB 0x0000000089e00000| Untracked |  0
| 159|0x0000000089f00000, 0x000000008a000000, 0x000000008a000000|100%|HS|  |TAMS 0x0000000089f00000| PB 0x0000000089f00000| Complete |  0
| 160|0x000000008a000000, 0x000000008a100000, 0x000000008a100000|100%|HC|  |TAMS 0x000000008a000000| PB 0x000000008a000000| Complete |  0
| 161|0x000000008a100000, 0x000000008a200000, 0x000000008a200000|100%|HC|  |TAMS 0x000000008a100000| PB 0x000000008a100000| Complete |  0
| 162|0x000000008a200000, 0x000000008a300000, 0x000000008a300000|100%| O|  |TAMS 0x000000008a200000| PB 0x000000008a200000| Untracked |  0
| 163|0x000000008a300000, 0x000000008a400000, 0x000000008a400000|100%| O|  |TAMS 0x000000008a300000| PB 0x000000008a300000| Untracked |  0
| 164|0x000000008a400000, 0x000000008a500000, 0x000000008a500000|100%| O|  |TAMS 0x000000008a400000| PB 0x000000008a400000| Untracked |  0
| 165|0x000000008a500000, 0x000000008a600000, 0x000000008a600000|100%| O|  |TAMS 0x000000008a500000| PB 0x000000008a500000| Untracked |  0
| 166|0x000000008a600000, 0x000000008a700000, 0x000000008a700000|100%| O|  |TAMS 0x000000008a600000| PB 0x000000008a600000| Untracked |  0
| 167|0x000000008a700000, 0x000000008a800000, 0x000000008a800000|100%| O|  |TAMS 0x000000008a700000| PB 0x000000008a700000| Untracked |  0
| 168|0x000000008a800000, 0x000000008a900000, 0x000000008a900000|100%| O|  |TAMS 0x000000008a800000| PB 0x000000008a800000| Untracked |  0
| 169|0x000000008a900000, 0x000000008aa00000, 0x000000008aa00000|100%| O|  |TAMS 0x000000008a900000| PB 0x000000008a900000| Untracked |  0
| 170|0x000000008aa00000, 0x000000008ab00000, 0x000000008ab00000|100%| O|  |TAMS 0x000000008aa00000| PB 0x000000008aa00000| Untracked |  0
| 171|0x000000008ab00000, 0x000000008ac00000, 0x000000008ac00000|100%| O|  |TAMS 0x000000008ab00000| PB 0x000000008ab00000| Untracked |  0
| 172|0x000000008ac00000, 0x000000008ad00000, 0x000000008ad00000|100%| O|  |TAMS 0x000000008ac00000| PB 0x000000008ac00000| Untracked |  0
| 173|0x000000008ad00000, 0x000000008ae00000, 0x000000008ae00000|100%| O|  |TAMS 0x000000008ad00000| PB 0x000000008ad00000| Untracked |  0
| 174|0x000000008ae00000, 0x000000008af00000, 0x000000008af00000|100%| O|  |TAMS 0x000000008ae00000| PB 0x000000008ae00000| Untracked |  0
| 175|0x000000008af00000, 0x000000008b000000, 0x000000008b000000|100%| O|  |TAMS 0x000000008af00000| PB 0x000000008af00000| Untracked |  0
| 176|0x000000008b000000, 0x000000008b100000, 0x000000008b100000|100%| O|  |TAMS 0x000000008b000000| PB 0x000000008b000000| Untracked |  0
| 177|0x000000008b100000, 0x000000008b200000, 0x000000008b200000|100%| O|  |TAMS 0x000000008b100000| PB 0x000000008b100000| Untracked |  0
| 178|0x000000008b200000, 0x000000008b300000, 0x000000008b300000|100%|HS|  |TAMS 0x000000008b200000| PB 0x000000008b200000| Complete |  0
| 179|0x000000008b300000, 0x000000008b400000, 0x000000008b400000|100%| O|  |TAMS 0x000000008b300000| PB 0x000000008b300000| Untracked |  0
| 180|0x000000008b400000, 0x000000008b500000, 0x000000008b500000|100%| O|  |TAMS 0x000000008b400000| PB 0x000000008b400000| Untracked |  0
| 181|0x000000008b500000, 0x000000008b600000, 0x000000008b600000|100%| O|  |TAMS 0x000000008b500000| PB 0x000000008b500000| Untracked |  0
| 182|0x000000008b600000, 0x000000008b700000, 0x000000008b700000|100%| O|  |TAMS 0x000000008b600000| PB 0x000000008b600000| Untracked |  0
| 183|0x000000008b700000, 0x000000008b800000, 0x000000008b800000|100%| O|  |TAMS 0x000000008b700000| PB 0x000000008b700000| Untracked |  0
| 184|0x000000008b800000, 0x000000008b900000, 0x000000008b900000|100%| O|  |TAMS 0x000000008b800000| PB 0x000000008b800000| Untracked |  0
| 185|0x000000008b900000, 0x000000008ba00000, 0x000000008ba00000|100%| O|  |TAMS 0x000000008b900000| PB 0x000000008b900000| Untracked |  0
| 186|0x000000008ba00000, 0x000000008bb00000, 0x000000008bb00000|100%| O|  |TAMS 0x000000008ba00000| PB 0x000000008ba00000| Untracked |  0
| 187|0x000000008bb00000, 0x000000008bc00000, 0x000000008bc00000|100%| O|  |TAMS 0x000000008bb00000| PB 0x000000008bb00000| Untracked |  0
| 188|0x000000008bc00000, 0x000000008bd00000, 0x000000008bd00000|100%| O|  |TAMS 0x000000008bc00000| PB 0x000000008bc00000| Untracked |  0
| 189|0x000000008bd00000, 0x000000008be00000, 0x000000008be00000|100%| O|  |TAMS 0x000000008bd00000| PB 0x000000008bd00000| Untracked |  0
| 190|0x000000008be00000, 0x000000008bf00000, 0x000000008bf00000|100%| O|  |TAMS 0x000000008be00000| PB 0x000000008be00000| Untracked |  0
| 191|0x000000008bf00000, 0x000000008c000000, 0x000000008c000000|100%| O|  |TAMS 0x000000008bf00000| PB 0x000000008bf00000| Untracked |  0
| 192|0x000000008c000000, 0x000000008c100000, 0x000000008c100000|100%| O|  |TAMS 0x000000008c000000| PB 0x000000008c000000| Untracked |  0
| 193|0x000000008c100000, 0x000000008c200000, 0x000000008c200000|100%| O|  |TAMS 0x000000008c100000| PB 0x000000008c100000| Untracked |  0
| 194|0x000000008c200000, 0x000000008c300000, 0x000000008c300000|100%| O|  |TAMS 0x000000008c200000| PB 0x000000008c200000| Untracked |  0
| 195|0x000000008c300000, 0x000000008c400000, 0x000000008c400000|100%| O|  |TAMS 0x000000008c300000| PB 0x000000008c300000| Untracked |  0
| 196|0x000000008c400000, 0x000000008c500000, 0x000000008c500000|100%| O|  |TAMS 0x000000008c400000| PB 0x000000008c400000| Untracked |  0
| 197|0x000000008c500000, 0x000000008c600000, 0x000000008c600000|100%| O|  |TAMS 0x000000008c500000| PB 0x000000008c500000| Untracked |  0
| 198|0x000000008c600000, 0x000000008c700000, 0x000000008c700000|100%| O|  |TAMS 0x000000008c600000| PB 0x000000008c600000| Untracked |  0
| 199|0x000000008c700000, 0x000000008c800000, 0x000000008c800000|100%| O|  |TAMS 0x000000008c700000| PB 0x000000008c700000| Untracked |  0
| 200|0x000000008c800000, 0x000000008c900000, 0x000000008c900000|100%| O|  |TAMS 0x000000008c800000| PB 0x000000008c800000| Untracked |  0
| 201|0x000000008c900000, 0x000000008ca00000, 0x000000008ca00000|100%| O|  |TAMS 0x000000008c900000| PB 0x000000008c900000| Untracked |  0
| 202|0x000000008ca00000, 0x000000008cb00000, 0x000000008cb00000|100%| O|  |TAMS 0x000000008ca00000| PB 0x000000008ca00000| Untracked |  0
| 203|0x000000008cb00000, 0x000000008cc00000, 0x000000008cc00000|100%| O|  |TAMS 0x000000008cb00000| PB 0x000000008cb00000| Untracked |  0
| 204|0x000000008cc00000, 0x000000008cd00000, 0x000000008cd00000|100%| O|  |TAMS 0x000000008cc00000| PB 0x000000008cc00000| Untracked |  0
| 205|0x000000008cd00000, 0x000000008ce00000, 0x000000008ce00000|100%| O|  |TAMS 0x000000008cd00000| PB 0x000000008cd00000| Untracked |  0
| 206|0x000000008ce00000, 0x000000008cf00000, 0x000000008cf00000|100%| O|  |TAMS 0x000000008ce00000| PB 0x000000008ce00000| Untracked |  0
| 207|0x000000008cf00000, 0x000000008d000000, 0x000000008d000000|100%| O|  |TAMS 0x000000008cf00000| PB 0x000000008cf00000| Untracked |  0
| 208|0x000000008d000000, 0x000000008d100000, 0x000000008d100000|100%| O|  |TAMS 0x000000008d000000| PB 0x000000008d000000| Untracked |  0
| 209|0x000000008d100000, 0x000000008d200000, 0x000000008d200000|100%| O|  |TAMS 0x000000008d100000| PB 0x000000008d100000| Untracked |  0
| 210|0x000000008d200000, 0x000000008d300000, 0x000000008d300000|100%| O|  |TAMS 0x000000008d200000| PB 0x000000008d200000| Untracked |  0
| 211|0x000000008d300000, 0x000000008d400000, 0x000000008d400000|100%| O|  |TAMS 0x000000008d300000| PB 0x000000008d300000| Untracked |  0
| 212|0x000000008d400000, 0x000000008d500000, 0x000000008d500000|100%| O|  |TAMS 0x000000008d400000| PB 0x000000008d400000| Untracked |  0
| 213|0x000000008d500000, 0x000000008d600000, 0x000000008d600000|100%| O|  |TAMS 0x000000008d500000| PB 0x000000008d500000| Untracked |  0
| 214|0x000000008d600000, 0x000000008d700000, 0x000000008d700000|100%| O|  |TAMS 0x000000008d600000| PB 0x000000008d600000| Untracked |  0
| 215|0x000000008d700000, 0x000000008d800000, 0x000000008d800000|100%| O|  |TAMS 0x000000008d700000| PB 0x000000008d700000| Untracked |  0
| 216|0x000000008d800000, 0x000000008d900000, 0x000000008d900000|100%| O|  |TAMS 0x000000008d800000| PB 0x000000008d800000| Untracked |  0
| 217|0x000000008d900000, 0x000000008da00000, 0x000000008da00000|100%| O|  |TAMS 0x000000008d900000| PB 0x000000008d900000| Untracked |  0
| 218|0x000000008da00000, 0x000000008db00000, 0x000000008db00000|100%| O|  |TAMS 0x000000008da00000| PB 0x000000008da00000| Untracked |  0
| 219|0x000000008db00000, 0x000000008dc00000, 0x000000008dc00000|100%| O|  |TAMS 0x000000008db00000| PB 0x000000008db00000| Untracked |  0
| 220|0x000000008dc00000, 0x000000008dd00000, 0x000000008dd00000|100%| O|  |TAMS 0x000000008dc00000| PB 0x000000008dc00000| Untracked |  0
| 221|0x000000008dd00000, 0x000000008de00000, 0x000000008de00000|100%| O|  |TAMS 0x000000008dd00000| PB 0x000000008dd00000| Untracked |  0
| 222|0x000000008de00000, 0x000000008df00000, 0x000000008df00000|100%| O|  |TAMS 0x000000008de00000| PB 0x000000008de00000| Untracked |  0
| 223|0x000000008df00000, 0x000000008e000000, 0x000000008e000000|100%| O|  |TAMS 0x000000008df00000| PB 0x000000008df00000| Untracked |  0
| 224|0x000000008e000000, 0x000000008e100000, 0x000000008e100000|100%| O|  |TAMS 0x000000008e000000| PB 0x000000008e000000| Untracked |  0
| 225|0x000000008e100000, 0x000000008e200000, 0x000000008e200000|100%| O|  |TAMS 0x000000008e100000| PB 0x000000008e100000| Untracked |  0
| 226|0x000000008e200000, 0x000000008e300000, 0x000000008e300000|100%| O|  |TAMS 0x000000008e200000| PB 0x000000008e200000| Untracked |  0
| 227|0x000000008e300000, 0x000000008e400000, 0x000000008e400000|100%| O|  |TAMS 0x000000008e300000| PB 0x000000008e300000| Untracked |  0
| 228|0x000000008e400000, 0x000000008e500000, 0x000000008e500000|100%| O|  |TAMS 0x000000008e400000| PB 0x000000008e400000| Untracked |  0
| 229|0x000000008e500000, 0x000000008e600000, 0x000000008e600000|100%| O|  |TAMS 0x000000008e500000| PB 0x000000008e500000| Untracked |  0
| 230|0x000000008e600000, 0x000000008e700000, 0x000000008e700000|100%| O|  |TAMS 0x000000008e600000| PB 0x000000008e600000| Untracked |  0
| 231|0x000000008e700000, 0x000000008e800000, 0x000000008e800000|100%| O|  |TAMS 0x000000008e700000| PB 0x000000008e700000| Untracked |  0
| 232|0x000000008e800000, 0x000000008e900000, 0x000000008e900000|100%| O|  |TAMS 0x000000008e800000| PB 0x000000008e800000| Untracked |  0
| 233|0x000000008e900000, 0x000000008ea00000, 0x000000008ea00000|100%| O|  |TAMS 0x000000008e900000| PB 0x000000008e900000| Untracked |  0
| 234|0x000000008ea00000, 0x000000008eb00000, 0x000000008eb00000|100%| O|  |TAMS 0x000000008ea00000| PB 0x000000008ea00000| Untracked |  0
| 235|0x000000008eb00000, 0x000000008ec00000, 0x000000008ec00000|100%| O|  |TAMS 0x000000008eb00000| PB 0x000000008eb00000| Untracked |  0
| 236|0x000000008ec00000, 0x000000008ed00000, 0x000000008ed00000|100%| O|  |TAMS 0x000000008ec00000| PB 0x000000008ec00000| Untracked |  0
| 237|0x000000008ed00000, 0x000000008ee00000, 0x000000008ee00000|100%| O|  |TAMS 0x000000008ed00000| PB 0x000000008ed00000| Untracked |  0
| 238|0x000000008ee00000, 0x000000008ef00000, 0x000000008ef00000|100%| O|  |TAMS 0x000000008ee00000| PB 0x000000008ee00000| Untracked |  0
| 239|0x000000008ef00000, 0x000000008f000000, 0x000000008f000000|100%| O|  |TAMS 0x000000008ef00000| PB 0x000000008ef00000| Untracked |  0
| 240|0x000000008f000000, 0x000000008f100000, 0x000000008f100000|100%| O|  |TAMS 0x000000008f000000| PB 0x000000008f000000| Untracked |  0
| 241|0x000000008f100000, 0x000000008f200000, 0x000000008f200000|100%| O|  |TAMS 0x000000008f100000| PB 0x000000008f100000| Untracked |  0
| 242|0x000000008f200000, 0x000000008f300000, 0x000000008f300000|100%| O|  |TAMS 0x000000008f200000| PB 0x000000008f200000| Untracked |  0
| 243|0x000000008f300000, 0x000000008f400000, 0x000000008f400000|100%| O|  |TAMS 0x000000008f300000| PB 0x000000008f300000| Untracked |  0
| 244|0x000000008f400000, 0x000000008f500000, 0x000000008f500000|100%| O|  |TAMS 0x000000008f400000| PB 0x000000008f400000| Untracked |  0
| 245|0x000000008f500000, 0x000000008f600000, 0x000000008f600000|100%| O|  |TAMS 0x000000008f500000| PB 0x000000008f500000| Untracked |  0
| 246|0x000000008f600000, 0x000000008f700000, 0x000000008f700000|100%| O|  |TAMS 0x000000008f600000| PB 0x000000008f600000| Untracked |  0
| 247|0x000000008f700000, 0x000000008f800000, 0x000000008f800000|100%| O|  |TAMS 0x000000008f700000| PB 0x000000008f700000| Untracked |  0
| 248|0x000000008f800000, 0x000000008f900000, 0x000000008f900000|100%| O|  |TAMS 0x000000008f800000| PB 0x000000008f800000| Untracked |  0
| 249|0x000000008f900000, 0x000000008fa00000, 0x000000008fa00000|100%| O|  |TAMS 0x000000008f900000| PB 0x000000008f900000| Untracked |  0
| 250|0x000000008fa00000, 0x000000008fb00000, 0x000000008fb00000|100%| O|  |TAMS 0x000000008fa00000| PB 0x000000008fa00000| Untracked |  0
| 251|0x000000008fb00000, 0x000000008fc00000, 0x000000008fc00000|100%| O|  |TAMS 0x000000008fb00000| PB 0x000000008fb00000| Untracked |  0
| 252|0x000000008fc00000, 0x000000008fd00000, 0x000000008fd00000|100%| O|  |TAMS 0x000000008fc00000| PB 0x000000008fc00000| Untracked |  0
| 253|0x000000008fd00000, 0x000000008fe00000, 0x000000008fe00000|100%| O|  |TAMS 0x000000008fd00000| PB 0x000000008fd00000| Untracked |  0
| 254|0x000000008fe00000, 0x000000008ff00000, 0x000000008ff00000|100%| O|  |TAMS 0x000000008fe00000| PB 0x000000008fe00000| Untracked |  0
| 255|0x000000008ff00000, 0x0000000090000000, 0x0000000090000000|100%| O|  |TAMS 0x000000008ff00000| PB 0x000000008ff00000| Untracked |  0
| 256|0x0000000090000000, 0x0000000090100000, 0x0000000090100000|100%| O|  |TAMS 0x0000000090000000| PB 0x0000000090000000| Untracked |  0
| 257|0x0000000090100000, 0x0000000090200000, 0x0000000090200000|100%| O|  |TAMS 0x0000000090100000| PB 0x0000000090100000| Untracked |  0
| 258|0x0000000090200000, 0x0000000090300000, 0x0000000090300000|100%| O|  |TAMS 0x0000000090200000| PB 0x0000000090200000| Untracked |  0
| 259|0x0000000090300000, 0x0000000090400000, 0x0000000090400000|100%| O|  |TAMS 0x0000000090300000| PB 0x0000000090300000| Untracked |  0
| 260|0x0000000090400000, 0x0000000090500000, 0x0000000090500000|100%| O|  |TAMS 0x0000000090400000| PB 0x0000000090400000| Untracked |  0
| 261|0x0000000090500000, 0x0000000090600000, 0x0000000090600000|100%| O|  |TAMS 0x0000000090500000| PB 0x0000000090500000| Untracked |  0
| 262|0x0000000090600000, 0x0000000090700000, 0x0000000090700000|100%| O|Cm|TAMS 0x0000000090600000| PB 0x0000000090600000| Complete |  0
| 263|0x0000000090700000, 0x0000000090800000, 0x0000000090800000|100%| O|  |TAMS 0x0000000090700000| PB 0x0000000090700000| Untracked |  0
| 264|0x0000000090800000, 0x0000000090900000, 0x0000000090900000|100%| O|  |TAMS 0x0000000090800000| PB 0x0000000090800000| Untracked |  0
| 265|0x0000000090900000, 0x0000000090a00000, 0x0000000090a00000|100%| O|  |TAMS 0x0000000090900000| PB 0x0000000090900000| Untracked |  0
| 266|0x0000000090a00000, 0x0000000090b00000, 0x0000000090b00000|100%| O|  |TAMS 0x0000000090a00000| PB 0x0000000090a00000| Untracked |  0
| 267|0x0000000090b00000, 0x0000000090c00000, 0x0000000090c00000|100%| O|  |TAMS 0x0000000090b00000| PB 0x0000000090b00000| Untracked |  0
| 268|0x0000000090c00000, 0x0000000090d00000, 0x0000000090d00000|100%| O|  |TAMS 0x0000000090c00000| PB 0x0000000090c00000| Untracked |  0
| 269|0x0000000090d00000, 0x0000000090e00000, 0x0000000090e00000|100%| O|  |TAMS 0x0000000090d00000| PB 0x0000000090d00000| Untracked |  0
| 270|0x0000000090e00000, 0x0000000090f00000, 0x0000000090f00000|100%| O|  |TAMS 0x0000000090e00000| PB 0x0000000090e00000| Untracked |  0
| 271|0x0000000090f00000, 0x0000000091000000, 0x0000000091000000|100%| O|  |TAMS 0x0000000090f00000| PB 0x0000000090f00000| Untracked |  0
| 272|0x0000000091000000, 0x0000000091100000, 0x0000000091100000|100%| O|  |TAMS 0x0000000091000000| PB 0x0000000091000000| Untracked |  0
| 273|0x0000000091100000, 0x0000000091200000, 0x0000000091200000|100%| O|  |TAMS 0x0000000091100000| PB 0x0000000091100000| Untracked |  0
| 274|0x0000000091200000, 0x0000000091300000, 0x0000000091300000|100%| O|  |TAMS 0x0000000091200000| PB 0x0000000091200000| Untracked |  0
| 275|0x0000000091300000, 0x0000000091400000, 0x0000000091400000|100%| O|  |TAMS 0x0000000091300000| PB 0x0000000091300000| Untracked |  0
| 276|0x0000000091400000, 0x0000000091500000, 0x0000000091500000|100%| O|  |TAMS 0x0000000091400000| PB 0x0000000091400000| Untracked |  0
| 277|0x0000000091500000, 0x0000000091600000, 0x0000000091600000|100%| O|  |TAMS 0x0000000091500000| PB 0x0000000091500000| Untracked |  0
| 278|0x0000000091600000, 0x0000000091700000, 0x0000000091700000|100%| O|  |TAMS 0x0000000091600000| PB 0x0000000091600000| Untracked |  0
| 279|0x0000000091700000, 0x0000000091800000, 0x0000000091800000|100%| O|  |TAMS 0x0000000091700000| PB 0x0000000091700000| Untracked |  0
| 280|0x0000000091800000, 0x0000000091900000, 0x0000000091900000|100%| O|  |TAMS 0x0000000091800000| PB 0x0000000091800000| Untracked |  0
| 281|0x0000000091900000, 0x0000000091a00000, 0x0000000091a00000|100%| O|  |TAMS 0x0000000091900000| PB 0x0000000091900000| Untracked |  0
| 282|0x0000000091a00000, 0x0000000091b00000, 0x0000000091b00000|100%| O|  |TAMS 0x0000000091a00000| PB 0x0000000091a00000| Untracked |  0
| 283|0x0000000091b00000, 0x0000000091c00000, 0x0000000091c00000|100%| O|  |TAMS 0x0000000091b00000| PB 0x0000000091b00000| Untracked |  0
| 284|0x0000000091c00000, 0x0000000091d00000, 0x0000000091d00000|100%| O|  |TAMS 0x0000000091c00000| PB 0x0000000091c00000| Untracked |  0
| 285|0x0000000091d00000, 0x0000000091e00000, 0x0000000091e00000|100%| O|  |TAMS 0x0000000091d00000| PB 0x0000000091d00000| Untracked |  0
| 286|0x0000000091e00000, 0x0000000091f00000, 0x0000000091f00000|100%| O|  |TAMS 0x0000000091e00000| PB 0x0000000091e00000| Untracked |  0
| 287|0x0000000091f00000, 0x0000000092000000, 0x0000000092000000|100%| O|  |TAMS 0x0000000091f00000| PB 0x0000000091f00000| Untracked |  0
| 288|0x0000000092000000, 0x0000000092100000, 0x0000000092100000|100%| O|  |TAMS 0x0000000092000000| PB 0x0000000092000000| Untracked |  0
| 289|0x0000000092100000, 0x0000000092200000, 0x0000000092200000|100%| O|  |TAMS 0x0000000092100000| PB 0x0000000092100000| Untracked |  0
| 290|0x0000000092200000, 0x0000000092300000, 0x0000000092300000|100%| O|  |TAMS 0x0000000092200000| PB 0x0000000092200000| Untracked |  0
| 291|0x0000000092300000, 0x0000000092400000, 0x0000000092400000|100%| O|  |TAMS 0x0000000092300000| PB 0x0000000092300000| Untracked |  0
| 292|0x0000000092400000, 0x0000000092500000, 0x0000000092500000|100%| O|  |TAMS 0x0000000092400000| PB 0x0000000092400000| Untracked |  0
| 293|0x0000000092500000, 0x0000000092600000, 0x0000000092600000|100%| O|  |TAMS 0x0000000092500000| PB 0x0000000092500000| Untracked |  0
| 294|0x0000000092600000, 0x0000000092700000, 0x0000000092700000|100%| O|  |TAMS 0x0000000092600000| PB 0x0000000092600000| Untracked |  0
| 295|0x0000000092700000, 0x0000000092800000, 0x0000000092800000|100%| O|  |TAMS 0x0000000092700000| PB 0x0000000092700000| Untracked |  0
| 296|0x0000000092800000, 0x0000000092900000, 0x0000000092900000|100%| O|  |TAMS 0x0000000092800000| PB 0x0000000092800000| Untracked |  0
| 297|0x0000000092900000, 0x0000000092a00000, 0x0000000092a00000|100%| O|  |TAMS 0x0000000092900000| PB 0x0000000092900000| Untracked |  0
| 298|0x0000000092a00000, 0x0000000092b00000, 0x0000000092b00000|100%| O|  |TAMS 0x0000000092a00000| PB 0x0000000092a00000| Untracked |  0
| 299|0x0000000092b00000, 0x0000000092c00000, 0x0000000092c00000|100%| O|  |TAMS 0x0000000092b00000| PB 0x0000000092b00000| Untracked |  0
| 300|0x0000000092c00000, 0x0000000092d00000, 0x0000000092d00000|100%| O|  |TAMS 0x0000000092c00000| PB 0x0000000092c00000| Untracked |  0
| 301|0x0000000092d00000, 0x0000000092e00000, 0x0000000092e00000|100%| O|  |TAMS 0x0000000092d00000| PB 0x0000000092d00000| Untracked |  0
| 302|0x0000000092e00000, 0x0000000092f00000, 0x0000000092f00000|100%| O|  |TAMS 0x0000000092e00000| PB 0x0000000092e00000| Untracked |  0
| 303|0x0000000092f00000, 0x0000000093000000, 0x0000000093000000|100%| O|  |TAMS 0x0000000092f00000| PB 0x0000000092f00000| Untracked |  0
| 304|0x0000000093000000, 0x0000000093100000, 0x0000000093100000|100%| O|  |TAMS 0x0000000093000000| PB 0x0000000093000000| Untracked |  0
| 305|0x0000000093100000, 0x0000000093200000, 0x0000000093200000|100%| O|  |TAMS 0x0000000093100000| PB 0x0000000093100000| Untracked |  0
| 306|0x0000000093200000, 0x0000000093300000, 0x0000000093300000|100%| O|  |TAMS 0x0000000093200000| PB 0x0000000093200000| Untracked |  0
| 307|0x0000000093300000, 0x0000000093400000, 0x0000000093400000|100%| O|  |TAMS 0x0000000093300000| PB 0x0000000093300000| Untracked |  0
| 308|0x0000000093400000, 0x0000000093500000, 0x0000000093500000|100%| O|  |TAMS 0x0000000093400000| PB 0x0000000093400000| Untracked |  0
| 309|0x0000000093500000, 0x0000000093600000, 0x0000000093600000|100%| O|  |TAMS 0x0000000093500000| PB 0x0000000093500000| Untracked |  0
| 310|0x0000000093600000, 0x0000000093700000, 0x0000000093700000|100%| O|  |TAMS 0x0000000093600000| PB 0x0000000093600000| Untracked |  0
| 311|0x0000000093700000, 0x0000000093800000, 0x0000000093800000|100%| O|  |TAMS 0x0000000093700000| PB 0x0000000093700000| Untracked |  0
| 312|0x0000000093800000, 0x0000000093900000, 0x0000000093900000|100%| O|  |TAMS 0x0000000093800000| PB 0x0000000093800000| Untracked |  0
| 313|0x0000000093900000, 0x0000000093a00000, 0x0000000093a00000|100%| O|  |TAMS 0x0000000093900000| PB 0x0000000093900000| Untracked |  0
| 314|0x0000000093a00000, 0x0000000093b00000, 0x0000000093b00000|100%| O|  |TAMS 0x0000000093a00000| PB 0x0000000093a00000| Untracked |  0
| 315|0x0000000093b00000, 0x0000000093c00000, 0x0000000093c00000|100%| O|  |TAMS 0x0000000093b00000| PB 0x0000000093b00000| Untracked |  0
| 316|0x0000000093c00000, 0x0000000093d00000, 0x0000000093d00000|100%| O|  |TAMS 0x0000000093c00000| PB 0x0000000093c00000| Untracked |  0
| 317|0x0000000093d00000, 0x0000000093e00000, 0x0000000093e00000|100%| O|  |TAMS 0x0000000093d00000| PB 0x0000000093d00000| Untracked |  0
| 318|0x0000000093e00000, 0x0000000093f00000, 0x0000000093f00000|100%| O|  |TAMS 0x0000000093e00000| PB 0x0000000093e00000| Untracked |  0
| 319|0x0000000093f00000, 0x0000000094000000, 0x0000000094000000|100%| O|  |TAMS 0x0000000093f00000| PB 0x0000000093f00000| Untracked |  0
| 320|0x0000000094000000, 0x0000000094100000, 0x0000000094100000|100%| O|  |TAMS 0x0000000094000000| PB 0x0000000094000000| Untracked |  0
| 321|0x0000000094100000, 0x0000000094200000, 0x0000000094200000|100%| O|  |TAMS 0x0000000094100000| PB 0x0000000094100000| Untracked |  0
| 322|0x0000000094200000, 0x0000000094300000, 0x0000000094300000|100%| O|  |TAMS 0x0000000094200000| PB 0x0000000094200000| Untracked |  0
| 323|0x0000000094300000, 0x0000000094400000, 0x0000000094400000|100%| O|  |TAMS 0x0000000094300000| PB 0x0000000094300000| Untracked |  0
| 324|0x0000000094400000, 0x0000000094500000, 0x0000000094500000|100%| O|  |TAMS 0x0000000094400000| PB 0x0000000094400000| Untracked |  0
| 325|0x0000000094500000, 0x0000000094600000, 0x0000000094600000|100%| O|  |TAMS 0x0000000094500000| PB 0x0000000094500000| Untracked |  0
| 326|0x0000000094600000, 0x0000000094700000, 0x0000000094700000|100%| O|  |TAMS 0x0000000094600000| PB 0x0000000094600000| Untracked |  0
| 327|0x0000000094700000, 0x0000000094800000, 0x0000000094800000|100%| O|  |TAMS 0x0000000094700000| PB 0x0000000094700000| Untracked |  0
| 328|0x0000000094800000, 0x0000000094900000, 0x0000000094900000|100%| O|  |TAMS 0x0000000094800000| PB 0x0000000094800000| Untracked |  0
| 329|0x0000000094900000, 0x0000000094a00000, 0x0000000094a00000|100%| O|  |TAMS 0x0000000094900000| PB 0x0000000094900000| Untracked |  0
| 330|0x0000000094a00000, 0x0000000094b00000, 0x0000000094b00000|100%| O|  |TAMS 0x0000000094a00000| PB 0x0000000094a00000| Untracked |  0
| 331|0x0000000094b00000, 0x0000000094c00000, 0x0000000094c00000|100%| O|  |TAMS 0x0000000094b00000| PB 0x0000000094b00000| Untracked |  0
| 332|0x0000000094c00000, 0x0000000094d00000, 0x0000000094d00000|100%| O|  |TAMS 0x0000000094c00000| PB 0x0000000094c00000| Untracked |  0
| 333|0x0000000094d00000, 0x0000000094e00000, 0x0000000094e00000|100%| O|  |TAMS 0x0000000094d00000| PB 0x0000000094d00000| Untracked |  0
| 334|0x0000000094e00000, 0x0000000094f00000, 0x0000000094f00000|100%| O|  |TAMS 0x0000000094e00000| PB 0x0000000094e00000| Untracked |  0
| 335|0x0000000094f00000, 0x0000000095000000, 0x0000000095000000|100%| O|  |TAMS 0x0000000094f00000| PB 0x0000000094f00000| Untracked |  0
| 336|0x0000000095000000, 0x0000000095100000, 0x0000000095100000|100%| O|  |TAMS 0x0000000095000000| PB 0x0000000095000000| Untracked |  0
| 337|0x0000000095100000, 0x0000000095200000, 0x0000000095200000|100%| O|  |TAMS 0x0000000095100000| PB 0x0000000095100000| Untracked |  0
| 338|0x0000000095200000, 0x0000000095300000, 0x0000000095300000|100%| O|  |TAMS 0x0000000095200000| PB 0x0000000095200000| Untracked |  0
| 339|0x0000000095300000, 0x0000000095400000, 0x0000000095400000|100%| O|  |TAMS 0x0000000095300000| PB 0x0000000095300000| Untracked |  0
| 340|0x0000000095400000, 0x0000000095500000, 0x0000000095500000|100%| O|  |TAMS 0x0000000095400000| PB 0x0000000095400000| Untracked |  0
| 341|0x0000000095500000, 0x0000000095600000, 0x0000000095600000|100%| O|  |TAMS 0x0000000095500000| PB 0x0000000095500000| Untracked |  0
| 342|0x0000000095600000, 0x0000000095700000, 0x0000000095700000|100%| O|  |TAMS 0x0000000095600000| PB 0x0000000095600000| Untracked |  0
| 343|0x0000000095700000, 0x0000000095800000, 0x0000000095800000|100%| O|  |TAMS 0x0000000095700000| PB 0x0000000095700000| Untracked |  0
| 344|0x0000000095800000, 0x0000000095900000, 0x0000000095900000|100%| O|  |TAMS 0x0000000095800000| PB 0x0000000095800000| Untracked |  0
| 345|0x0000000095900000, 0x0000000095a00000, 0x0000000095a00000|100%| O|  |TAMS 0x0000000095900000| PB 0x0000000095900000| Untracked |  0
| 346|0x0000000095a00000, 0x0000000095b00000, 0x0000000095b00000|100%| O|  |TAMS 0x0000000095a00000| PB 0x0000000095a00000| Untracked |  0
| 347|0x0000000095b00000, 0x0000000095c00000, 0x0000000095c00000|100%| O|  |TAMS 0x0000000095b00000| PB 0x0000000095b00000| Untracked |  0
| 348|0x0000000095c00000, 0x0000000095d00000, 0x0000000095d00000|100%| O|  |TAMS 0x0000000095c00000| PB 0x0000000095c00000| Untracked |  0
| 349|0x0000000095d00000, 0x0000000095e00000, 0x0000000095e00000|100%| O|  |TAMS 0x0000000095d00000| PB 0x0000000095d00000| Untracked |  0
| 350|0x0000000095e00000, 0x0000000095f00000, 0x0000000095f00000|100%| O|  |TAMS 0x0000000095e00000| PB 0x0000000095e00000| Untracked |  0
| 351|0x0000000095f00000, 0x0000000096000000, 0x0000000096000000|100%| O|  |TAMS 0x0000000095f00000| PB 0x0000000095f00000| Untracked |  0
| 352|0x0000000096000000, 0x0000000096100000, 0x0000000096100000|100%| O|  |TAMS 0x0000000096000000| PB 0x0000000096000000| Untracked |  0
| 353|0x0000000096100000, 0x0000000096200000, 0x0000000096200000|100%| O|  |TAMS 0x0000000096100000| PB 0x0000000096100000| Untracked |  0
| 354|0x0000000096200000, 0x0000000096300000, 0x0000000096300000|100%| O|  |TAMS 0x0000000096200000| PB 0x0000000096200000| Untracked |  0
| 355|0x0000000096300000, 0x0000000096400000, 0x0000000096400000|100%| O|  |TAMS 0x0000000096300000| PB 0x0000000096300000| Untracked |  0
| 356|0x0000000096400000, 0x0000000096500000, 0x0000000096500000|100%| O|  |TAMS 0x0000000096400000| PB 0x0000000096400000| Untracked |  0
| 357|0x0000000096500000, 0x0000000096600000, 0x0000000096600000|100%| O|  |TAMS 0x0000000096500000| PB 0x0000000096500000| Untracked |  0
| 358|0x0000000096600000, 0x0000000096700000, 0x0000000096700000|100%| O|  |TAMS 0x0000000096600000| PB 0x0000000096600000| Untracked |  0
| 359|0x0000000096700000, 0x0000000096800000, 0x0000000096800000|100%| O|  |TAMS 0x0000000096700000| PB 0x0000000096700000| Untracked |  0
| 360|0x0000000096800000, 0x0000000096900000, 0x0000000096900000|100%| O|  |TAMS 0x0000000096800000| PB 0x0000000096800000| Untracked |  0
| 361|0x0000000096900000, 0x0000000096a00000, 0x0000000096a00000|100%| O|  |TAMS 0x0000000096900000| PB 0x0000000096900000| Untracked |  0
| 362|0x0000000096a00000, 0x0000000096b00000, 0x0000000096b00000|100%| O|  |TAMS 0x0000000096a00000| PB 0x0000000096a00000| Untracked |  0
| 363|0x0000000096b00000, 0x0000000096c00000, 0x0000000096c00000|100%| O|  |TAMS 0x0000000096b00000| PB 0x0000000096b00000| Untracked |  0
| 364|0x0000000096c00000, 0x0000000096d00000, 0x0000000096d00000|100%| O|  |TAMS 0x0000000096c00000| PB 0x0000000096c00000| Untracked |  0
| 365|0x0000000096d00000, 0x0000000096e00000, 0x0000000096e00000|100%| O|  |TAMS 0x0000000096d00000| PB 0x0000000096d00000| Untracked |  0
| 366|0x0000000096e00000, 0x0000000096f00000, 0x0000000096f00000|100%| O|  |TAMS 0x0000000096e00000| PB 0x0000000096e00000| Untracked |  0
| 367|0x0000000096f00000, 0x0000000097000000, 0x0000000097000000|100%| O|  |TAMS 0x0000000096f00000| PB 0x0000000096f00000| Untracked |  0
| 368|0x0000000097000000, 0x0000000097100000, 0x0000000097100000|100%| O|  |TAMS 0x0000000097000000| PB 0x0000000097000000| Untracked |  0
| 369|0x0000000097100000, 0x0000000097200000, 0x0000000097200000|100%| O|  |TAMS 0x0000000097100000| PB 0x0000000097100000| Untracked |  0
| 370|0x0000000097200000, 0x0000000097300000, 0x0000000097300000|100%| O|  |TAMS 0x0000000097200000| PB 0x0000000097200000| Untracked |  0
| 371|0x0000000097300000, 0x0000000097400000, 0x0000000097400000|100%| O|  |TAMS 0x0000000097300000| PB 0x0000000097300000| Untracked |  0
| 372|0x0000000097400000, 0x0000000097500000, 0x0000000097500000|100%| O|  |TAMS 0x0000000097400000| PB 0x0000000097400000| Untracked |  0
| 373|0x0000000097500000, 0x0000000097600000, 0x0000000097600000|100%| O|  |TAMS 0x0000000097500000| PB 0x0000000097500000| Untracked |  0
| 374|0x0000000097600000, 0x0000000097700000, 0x0000000097700000|100%| O|  |TAMS 0x0000000097600000| PB 0x0000000097600000| Untracked |  0
| 375|0x0000000097700000, 0x0000000097800000, 0x0000000097800000|100%| O|Cm|TAMS 0x0000000097700000| PB 0x0000000097700000| Complete |  0
| 376|0x0000000097800000, 0x0000000097900000, 0x0000000097900000|100%| O|  |TAMS 0x0000000097800000| PB 0x0000000097800000| Untracked |  0
| 377|0x0000000097900000, 0x0000000097a00000, 0x0000000097a00000|100%| O|  |TAMS 0x0000000097900000| PB 0x0000000097900000| Untracked |  0
| 378|0x0000000097a00000, 0x0000000097b00000, 0x0000000097b00000|100%| O|  |TAMS 0x0000000097a00000| PB 0x0000000097a00000| Untracked |  0
| 379|0x0000000097b00000, 0x0000000097c00000, 0x0000000097c00000|100%| O|  |TAMS 0x0000000097b00000| PB 0x0000000097b00000| Untracked |  0
| 380|0x0000000097c00000, 0x0000000097d00000, 0x0000000097d00000|100%| O|  |TAMS 0x0000000097c00000| PB 0x0000000097c00000| Untracked |  0
| 381|0x0000000097d00000, 0x0000000097d00000, 0x0000000097e00000|  0%| F|  |TAMS 0x0000000097d00000| PB 0x0000000097d00000| Untracked |  0
| 382|0x0000000097e00000, 0x0000000097e00000, 0x0000000097f00000|  0%| F|  |TAMS 0x0000000097e00000| PB 0x0000000097e00000| Untracked |  0
| 383|0x0000000097f00000, 0x0000000097f00000, 0x0000000098000000|  0%| F|  |TAMS 0x0000000097f00000| PB 0x0000000097f00000| Untracked |  0
| 384|0x0000000098000000, 0x0000000098000000, 0x0000000098100000|  0%| F|  |TAMS 0x0000000098000000| PB 0x0000000098000000| Untracked |  0
| 385|0x0000000098100000, 0x0000000098100000, 0x0000000098200000|  0%| F|  |TAMS 0x0000000098100000| PB 0x0000000098100000| Untracked |  0
| 386|0x0000000098200000, 0x0000000098200000, 0x0000000098300000|  0%| F|  |TAMS 0x0000000098200000| PB 0x0000000098200000| Untracked |  0
| 387|0x0000000098300000, 0x0000000098300000, 0x0000000098400000|  0%| F|  |TAMS 0x0000000098300000| PB 0x0000000098300000| Untracked |  0
| 388|0x0000000098400000, 0x0000000098400000, 0x0000000098500000|  0%| F|  |TAMS 0x0000000098400000| PB 0x0000000098400000| Untracked |  0
| 389|0x0000000098500000, 0x0000000098500000, 0x0000000098600000|  0%| F|  |TAMS 0x0000000098500000| PB 0x0000000098500000| Untracked |  0
| 390|0x0000000098600000, 0x0000000098600000, 0x0000000098700000|  0%| F|  |TAMS 0x0000000098600000| PB 0x0000000098600000| Untracked |  0
| 391|0x0000000098700000, 0x0000000098700000, 0x0000000098800000|  0%| F|  |TAMS 0x0000000098700000| PB 0x0000000098700000| Untracked |  0
| 392|0x0000000098800000, 0x0000000098800000, 0x0000000098900000|  0%| F|  |TAMS 0x0000000098800000| PB 0x0000000098800000| Untracked |  0
| 393|0x0000000098900000, 0x0000000098900000, 0x0000000098a00000|  0%| F|  |TAMS 0x0000000098900000| PB 0x0000000098900000| Untracked |  0
| 394|0x0000000098a00000, 0x0000000098a00000, 0x0000000098b00000|  0%| F|  |TAMS 0x0000000098a00000| PB 0x0000000098a00000| Untracked |  0
| 395|0x0000000098b00000, 0x0000000098b00000, 0x0000000098c00000|  0%| F|  |TAMS 0x0000000098b00000| PB 0x0000000098b00000| Untracked |  0
| 396|0x0000000098c00000, 0x0000000098c00000, 0x0000000098d00000|  0%| F|  |TAMS 0x0000000098c00000| PB 0x0000000098c00000| Untracked |  0
| 397|0x0000000098d00000, 0x0000000098d00000, 0x0000000098e00000|  0%| F|  |TAMS 0x0000000098d00000| PB 0x0000000098d00000| Untracked |  0
| 398|0x0000000098e00000, 0x0000000098e00000, 0x0000000098f00000|  0%| F|  |TAMS 0x0000000098e00000| PB 0x0000000098e00000| Untracked |  0
| 399|0x0000000098f00000, 0x0000000098f00000, 0x0000000099000000|  0%| F|  |TAMS 0x0000000098f00000| PB 0x0000000098f00000| Untracked |  0
| 400|0x0000000099000000, 0x0000000099000000, 0x0000000099100000|  0%| F|  |TAMS 0x0000000099000000| PB 0x0000000099000000| Untracked |  0
| 401|0x0000000099100000, 0x0000000099100000, 0x0000000099200000|  0%| F|  |TAMS 0x0000000099100000| PB 0x0000000099100000| Untracked |  0
| 402|0x0000000099200000, 0x0000000099200000, 0x0000000099300000|  0%| F|  |TAMS 0x0000000099200000| PB 0x0000000099200000| Untracked |  0
| 403|0x0000000099300000, 0x0000000099300000, 0x0000000099400000|  0%| F|  |TAMS 0x0000000099300000| PB 0x0000000099300000| Untracked |  0
| 404|0x0000000099400000, 0x0000000099400000, 0x0000000099500000|  0%| F|  |TAMS 0x0000000099400000| PB 0x0000000099400000| Untracked |  0
| 405|0x0000000099500000, 0x0000000099500000, 0x0000000099600000|  0%| F|  |TAMS 0x0000000099500000| PB 0x0000000099500000| Untracked |  0
| 406|0x0000000099600000, 0x0000000099600000, 0x0000000099700000|  0%| F|  |TAMS 0x0000000099600000| PB 0x0000000099600000| Untracked |  0
| 407|0x0000000099700000, 0x0000000099700000, 0x0000000099800000|  0%| F|  |TAMS 0x0000000099700000| PB 0x0000000099700000| Untracked |  0
| 408|0x0000000099800000, 0x0000000099800000, 0x0000000099900000|  0%| F|  |TAMS 0x0000000099800000| PB 0x0000000099800000| Untracked |  0
| 409|0x0000000099900000, 0x0000000099900000, 0x0000000099a00000|  0%| F|  |TAMS 0x0000000099900000| PB 0x0000000099900000| Untracked |  0
| 410|0x0000000099a00000, 0x0000000099b00000, 0x0000000099b00000|100%| O|  |TAMS 0x0000000099a00000| PB 0x0000000099a00000| Untracked |  0
| 411|0x0000000099b00000, 0x0000000099c00000, 0x0000000099c00000|100%| O|  |TAMS 0x0000000099b00000| PB 0x0000000099b00000| Untracked |  0
| 412|0x0000000099c00000, 0x0000000099d00000, 0x0000000099d00000|100%| O|  |TAMS 0x0000000099c00000| PB 0x0000000099c00000| Untracked |  0
| 413|0x0000000099d00000, 0x0000000099e00000, 0x0000000099e00000|100%| O|  |TAMS 0x0000000099d00000| PB 0x0000000099d00000| Untracked |  0
| 414|0x0000000099e00000, 0x0000000099f00000, 0x0000000099f00000|100%| O|  |TAMS 0x0000000099e00000| PB 0x0000000099e00000| Untracked |  0
| 415|0x0000000099f00000, 0x000000009a000000, 0x000000009a000000|100%| O|  |TAMS 0x0000000099f00000| PB 0x0000000099f00000| Untracked |  0
| 416|0x000000009a000000, 0x000000009a100000, 0x000000009a100000|100%| O|  |TAMS 0x000000009a000000| PB 0x000000009a000000| Untracked |  0
| 417|0x000000009a100000, 0x000000009a200000, 0x000000009a200000|100%| O|  |TAMS 0x000000009a100000| PB 0x000000009a100000| Untracked |  0
| 418|0x000000009a200000, 0x000000009a300000, 0x000000009a300000|100%| O|  |TAMS 0x000000009a200000| PB 0x000000009a200000| Untracked |  0
| 419|0x000000009a300000, 0x000000009a400000, 0x000000009a400000|100%| O|  |TAMS 0x000000009a300000| PB 0x000000009a300000| Untracked |  0
| 420|0x000000009a400000, 0x000000009a500000, 0x000000009a500000|100%| O|  |TAMS 0x000000009a400000| PB 0x000000009a400000| Untracked |  0
| 421|0x000000009a500000, 0x000000009a600000, 0x000000009a600000|100%| O|  |TAMS 0x000000009a500000| PB 0x000000009a500000| Untracked |  0
| 422|0x000000009a600000, 0x000000009a700000, 0x000000009a700000|100%| O|  |TAMS 0x000000009a600000| PB 0x000000009a600000| Untracked |  0
| 423|0x000000009a700000, 0x000000009a800000, 0x000000009a800000|100%| O|  |TAMS 0x000000009a700000| PB 0x000000009a700000| Untracked |  0
| 424|0x000000009a800000, 0x000000009a900000, 0x000000009a900000|100%| O|  |TAMS 0x000000009a800000| PB 0x000000009a800000| Untracked |  0
| 425|0x000000009a900000, 0x000000009a920010, 0x000000009aa00000| 12%| O|  |TAMS 0x000000009a900000| PB 0x000000009a900000| Untracked |  0
| 426|0x000000009aa00000, 0x000000009aa00000, 0x000000009ab00000|  0%| F|  |TAMS 0x000000009aa00000| PB 0x000000009aa00000| Untracked |  0
| 427|0x000000009ab00000, 0x000000009ab00000, 0x000000009ac00000|  0%| F|  |TAMS 0x000000009ab00000| PB 0x000000009ab00000| Untracked |  0
| 428|0x000000009ac00000, 0x000000009ac00000, 0x000000009ad00000|  0%| F|  |TAMS 0x000000009ac00000| PB 0x000000009ac00000| Untracked |  0
| 429|0x000000009ad00000, 0x000000009ad00000, 0x000000009ae00000|  0%| F|  |TAMS 0x000000009ad00000| PB 0x000000009ad00000| Untracked |  0
| 430|0x000000009ae00000, 0x000000009ae00000, 0x000000009af00000|  0%| F|  |TAMS 0x000000009ae00000| PB 0x000000009ae00000| Untracked |  0
| 431|0x000000009af00000, 0x000000009af00000, 0x000000009b000000|  0%| F|  |TAMS 0x000000009af00000| PB 0x000000009af00000| Untracked |  0
| 432|0x000000009b000000, 0x000000009b000000, 0x000000009b100000|  0%| F|  |TAMS 0x000000009b000000| PB 0x000000009b000000| Untracked |  0
| 433|0x000000009b100000, 0x000000009b100000, 0x000000009b200000|  0%| F|  |TAMS 0x000000009b100000| PB 0x000000009b100000| Untracked |  0
| 434|0x000000009b200000, 0x000000009b200000, 0x000000009b300000|  0%| F|  |TAMS 0x000000009b200000| PB 0x000000009b200000| Untracked |  0
| 435|0x000000009b300000, 0x000000009b300000, 0x000000009b400000|  0%| F|  |TAMS 0x000000009b300000| PB 0x000000009b300000| Untracked |  0
| 436|0x000000009b400000, 0x000000009b471b70, 0x000000009b500000| 44%| S|CS|TAMS 0x000000009b400000| PB 0x000000009b400000| Complete |  0
| 437|0x000000009b500000, 0x000000009b600000, 0x000000009b600000|100%| S|CS|TAMS 0x000000009b500000| PB 0x000000009b500000| Complete |  0
| 438|0x000000009b600000, 0x000000009b700000, 0x000000009b700000|100%| S|CS|TAMS 0x000000009b600000| PB 0x000000009b600000| Complete |  0
| 439|0x000000009b700000, 0x000000009b800000, 0x000000009b800000|100%| S|CS|TAMS 0x000000009b700000| PB 0x000000009b700000| Complete |  0
| 440|0x000000009b800000, 0x000000009b900000, 0x000000009b900000|100%| S|CS|TAMS 0x000000009b800000| PB 0x000000009b800000| Complete |  0
| 441|0x000000009b900000, 0x000000009b900000, 0x000000009ba00000|  0%| F|  |TAMS 0x000000009b900000| PB 0x000000009b900000| Untracked |  0
| 442|0x000000009ba00000, 0x000000009ba00000, 0x000000009bb00000|  0%| F|  |TAMS 0x000000009ba00000| PB 0x000000009ba00000| Untracked |  0
| 443|0x000000009bb00000, 0x000000009bb00000, 0x000000009bc00000|  0%| F|  |TAMS 0x000000009bb00000| PB 0x000000009bb00000| Untracked |  0
| 444|0x000000009bc00000, 0x000000009bc00000, 0x000000009bd00000|  0%| F|  |TAMS 0x000000009bc00000| PB 0x000000009bc00000| Untracked |  0
| 445|0x000000009bd00000, 0x000000009bd00000, 0x000000009be00000|  0%| F|  |TAMS 0x000000009bd00000| PB 0x000000009bd00000| Untracked |  0
| 446|0x000000009be00000, 0x000000009be00000, 0x000000009bf00000|  0%| F|  |TAMS 0x000000009be00000| PB 0x000000009be00000| Untracked |  0
| 447|0x000000009bf00000, 0x000000009bf00000, 0x000000009c000000|  0%| F|  |TAMS 0x000000009bf00000| PB 0x000000009bf00000| Untracked |  0
| 448|0x000000009c000000, 0x000000009c000000, 0x000000009c100000|  0%| F|  |TAMS 0x000000009c000000| PB 0x000000009c000000| Untracked |  0
| 449|0x000000009c100000, 0x000000009c100000, 0x000000009c200000|  0%| F|  |TAMS 0x000000009c100000| PB 0x000000009c100000| Untracked |  0
| 450|0x000000009c200000, 0x000000009c200000, 0x000000009c300000|  0%| F|  |TAMS 0x000000009c200000| PB 0x000000009c200000| Untracked |  0
| 451|0x000000009c300000, 0x000000009c300000, 0x000000009c400000|  0%| F|  |TAMS 0x000000009c300000| PB 0x000000009c300000| Untracked |  0
| 452|0x000000009c400000, 0x000000009c400000, 0x000000009c500000|  0%| F|  |TAMS 0x000000009c400000| PB 0x000000009c400000| Untracked |  0
| 453|0x000000009c500000, 0x000000009c500000, 0x000000009c600000|  0%| F|  |TAMS 0x000000009c500000| PB 0x000000009c500000| Untracked |  0
| 454|0x000000009c600000, 0x000000009c600000, 0x000000009c700000|  0%| F|  |TAMS 0x000000009c600000| PB 0x000000009c600000| Untracked |  0
| 455|0x000000009c700000, 0x000000009c700000, 0x000000009c800000|  0%| F|  |TAMS 0x000000009c700000| PB 0x000000009c700000| Untracked |  0
| 456|0x000000009c800000, 0x000000009c800000, 0x000000009c900000|  0%| F|  |TAMS 0x000000009c800000| PB 0x000000009c800000| Untracked |  0
| 457|0x000000009c900000, 0x000000009c900000, 0x000000009ca00000|  0%| F|  |TAMS 0x000000009c900000| PB 0x000000009c900000| Untracked |  0
| 458|0x000000009ca00000, 0x000000009ca00000, 0x000000009cb00000|  0%| F|  |TAMS 0x000000009ca00000| PB 0x000000009ca00000| Untracked |  0
| 459|0x000000009cb00000, 0x000000009cb00000, 0x000000009cc00000|  0%| F|  |TAMS 0x000000009cb00000| PB 0x000000009cb00000| Untracked |  0
| 460|0x000000009cc00000, 0x000000009cc00000, 0x000000009cd00000|  0%| F|  |TAMS 0x000000009cc00000| PB 0x000000009cc00000| Untracked |  0
| 461|0x000000009cd00000, 0x000000009cd00000, 0x000000009ce00000|  0%| F|  |TAMS 0x000000009cd00000| PB 0x000000009cd00000| Untracked |  0
| 462|0x000000009ce00000, 0x000000009ce00000, 0x000000009cf00000|  0%| F|  |TAMS 0x000000009ce00000| PB 0x000000009ce00000| Untracked |  0
| 463|0x000000009cf00000, 0x000000009cf00000, 0x000000009d000000|  0%| F|  |TAMS 0x000000009cf00000| PB 0x000000009cf00000| Untracked |  0
| 464|0x000000009d000000, 0x000000009d000000, 0x000000009d100000|  0%| F|  |TAMS 0x000000009d000000| PB 0x000000009d000000| Untracked |  0
| 465|0x000000009d100000, 0x000000009d100000, 0x000000009d200000|  0%| F|  |TAMS 0x000000009d100000| PB 0x000000009d100000| Untracked |  0
| 466|0x000000009d200000, 0x000000009d200000, 0x000000009d300000|  0%| F|  |TAMS 0x000000009d200000| PB 0x000000009d200000| Untracked |  0
| 467|0x000000009d300000, 0x000000009d300000, 0x000000009d400000|  0%| F|  |TAMS 0x000000009d300000| PB 0x000000009d300000| Untracked |  0
| 468|0x000000009d400000, 0x000000009d400000, 0x000000009d500000|  0%| F|  |TAMS 0x000000009d400000| PB 0x000000009d400000| Untracked |  0
| 469|0x000000009d500000, 0x000000009d500000, 0x000000009d600000|  0%| F|  |TAMS 0x000000009d500000| PB 0x000000009d500000| Untracked |  0
| 470|0x000000009d600000, 0x000000009d600000, 0x000000009d700000|  0%| F|  |TAMS 0x000000009d600000| PB 0x000000009d600000| Untracked |  0
| 471|0x000000009d700000, 0x000000009d700000, 0x000000009d800000|  0%| F|  |TAMS 0x000000009d700000| PB 0x000000009d700000| Untracked |  0
| 472|0x000000009d800000, 0x000000009d800000, 0x000000009d900000|  0%| F|  |TAMS 0x000000009d800000| PB 0x000000009d800000| Untracked |  0
| 473|0x000000009d900000, 0x000000009d900000, 0x000000009da00000|  0%| F|  |TAMS 0x000000009d900000| PB 0x000000009d900000| Untracked |  0
| 474|0x000000009da00000, 0x000000009da00000, 0x000000009db00000|  0%| F|  |TAMS 0x000000009da00000| PB 0x000000009da00000| Untracked |  0
| 475|0x000000009db00000, 0x000000009db00000, 0x000000009dc00000|  0%| F|  |TAMS 0x000000009db00000| PB 0x000000009db00000| Untracked |  0
| 476|0x000000009dc00000, 0x000000009dc00000, 0x000000009dd00000|  0%| F|  |TAMS 0x000000009dc00000| PB 0x000000009dc00000| Untracked |  0
| 477|0x000000009dd00000, 0x000000009dd00000, 0x000000009de00000|  0%| F|  |TAMS 0x000000009dd00000| PB 0x000000009dd00000| Untracked |  0
| 478|0x000000009de00000, 0x000000009de00000, 0x000000009df00000|  0%| F|  |TAMS 0x000000009de00000| PB 0x000000009de00000| Untracked |  0
| 479|0x000000009df00000, 0x000000009df00000, 0x000000009e000000|  0%| F|  |TAMS 0x000000009df00000| PB 0x000000009df00000| Untracked |  0
| 480|0x000000009e000000, 0x000000009e000000, 0x000000009e100000|  0%| F|  |TAMS 0x000000009e000000| PB 0x000000009e000000| Untracked |  0
| 481|0x000000009e100000, 0x000000009e100000, 0x000000009e200000|  0%| F|  |TAMS 0x000000009e100000| PB 0x000000009e100000| Untracked |  0
| 482|0x000000009e200000, 0x000000009e200000, 0x000000009e300000|  0%| F|  |TAMS 0x000000009e200000| PB 0x000000009e200000| Untracked |  0
| 483|0x000000009e300000, 0x000000009e300000, 0x000000009e400000|  0%| F|  |TAMS 0x000000009e300000| PB 0x000000009e300000| Untracked |  0
| 484|0x000000009e400000, 0x000000009e400000, 0x000000009e500000|  0%| F|  |TAMS 0x000000009e400000| PB 0x000000009e400000| Untracked |  0
| 485|0x000000009e500000, 0x000000009e500000, 0x000000009e600000|  0%| F|  |TAMS 0x000000009e500000| PB 0x000000009e500000| Untracked |  0
| 486|0x000000009e600000, 0x000000009e600000, 0x000000009e700000|  0%| F|  |TAMS 0x000000009e600000| PB 0x000000009e600000| Untracked |  0
| 487|0x000000009e700000, 0x000000009e700000, 0x000000009e800000|  0%| F|  |TAMS 0x000000009e700000| PB 0x000000009e700000| Untracked |  0
| 488|0x000000009e800000, 0x000000009e800000, 0x000000009e900000|  0%| F|  |TAMS 0x000000009e800000| PB 0x000000009e800000| Untracked |  0
| 489|0x000000009e900000, 0x000000009e900000, 0x000000009ea00000|  0%| F|  |TAMS 0x000000009e900000| PB 0x000000009e900000| Untracked |  0
| 490|0x000000009ea00000, 0x000000009ea00000, 0x000000009eb00000|  0%| F|  |TAMS 0x000000009ea00000| PB 0x000000009ea00000| Untracked |  0
| 491|0x000000009eb00000, 0x000000009eb00000, 0x000000009ec00000|  0%| F|  |TAMS 0x000000009eb00000| PB 0x000000009eb00000| Untracked |  0
| 492|0x000000009ec00000, 0x000000009ec00000, 0x000000009ed00000|  0%| F|  |TAMS 0x000000009ec00000| PB 0x000000009ec00000| Untracked |  0
| 493|0x000000009ed00000, 0x000000009ed00000, 0x000000009ee00000|  0%| F|  |TAMS 0x000000009ed00000| PB 0x000000009ed00000| Untracked |  0
| 494|0x000000009ee00000, 0x000000009ee00000, 0x000000009ef00000|  0%| F|  |TAMS 0x000000009ee00000| PB 0x000000009ee00000| Untracked |  0
| 495|0x000000009ef00000, 0x000000009ef00000, 0x000000009f000000|  0%| F|  |TAMS 0x000000009ef00000| PB 0x000000009ef00000| Untracked |  0
| 496|0x000000009f000000, 0x000000009f000000, 0x000000009f100000|  0%| F|  |TAMS 0x000000009f000000| PB 0x000000009f000000| Untracked |  0
| 497|0x000000009f100000, 0x000000009f100000, 0x000000009f200000|  0%| F|  |TAMS 0x000000009f100000| PB 0x000000009f100000| Untracked |  0
| 498|0x000000009f200000, 0x000000009f200000, 0x000000009f300000|  0%| F|  |TAMS 0x000000009f200000| PB 0x000000009f200000| Untracked |  0
| 499|0x000000009f300000, 0x000000009f300000, 0x000000009f400000|  0%| F|  |TAMS 0x000000009f300000| PB 0x000000009f300000| Untracked |  0
| 500|0x000000009f400000, 0x000000009f400000, 0x000000009f500000|  0%| F|  |TAMS 0x000000009f400000| PB 0x000000009f400000| Untracked |  0
| 501|0x000000009f500000, 0x000000009f500000, 0x000000009f600000|  0%| F|  |TAMS 0x000000009f500000| PB 0x000000009f500000| Untracked |  0
| 502|0x000000009f600000, 0x000000009f600000, 0x000000009f700000|  0%| F|  |TAMS 0x000000009f600000| PB 0x000000009f600000| Untracked |  0
| 503|0x000000009f700000, 0x000000009f700000, 0x000000009f800000|  0%| F|  |TAMS 0x000000009f700000| PB 0x000000009f700000| Untracked |  0
| 504|0x000000009f800000, 0x000000009f800000, 0x000000009f900000|  0%| F|  |TAMS 0x000000009f800000| PB 0x000000009f800000| Untracked |  0
| 505|0x000000009f900000, 0x000000009f900000, 0x000000009fa00000|  0%| F|  |TAMS 0x000000009f900000| PB 0x000000009f900000| Untracked |  0
| 506|0x000000009fa00000, 0x000000009fa00000, 0x000000009fb00000|  0%| F|  |TAMS 0x000000009fa00000| PB 0x000000009fa00000| Untracked |  0
| 507|0x000000009fb00000, 0x000000009fb00000, 0x000000009fc00000|  0%| F|  |TAMS 0x000000009fb00000| PB 0x000000009fb00000| Untracked |  0
| 508|0x000000009fc00000, 0x000000009fc00000, 0x000000009fd00000|  0%| F|  |TAMS 0x000000009fc00000| PB 0x000000009fc00000| Untracked |  0
| 509|0x000000009fd00000, 0x000000009fd00000, 0x000000009fe00000|  0%| F|  |TAMS 0x000000009fd00000| PB 0x000000009fd00000| Untracked |  0
| 510|0x000000009fe00000, 0x000000009fe00000, 0x000000009ff00000|  0%| F|  |TAMS 0x000000009fe00000| PB 0x000000009fe00000| Untracked |  0
| 511|0x000000009ff00000, 0x000000009ff00000, 0x00000000a0000000|  0%| F|  |TAMS 0x000000009ff00000| PB 0x000000009ff00000| Untracked |  0
| 512|0x00000000a0000000, 0x00000000a0000000, 0x00000000a0100000|  0%| F|  |TAMS 0x00000000a0000000| PB 0x00000000a0000000| Untracked |  0
| 513|0x00000000a0100000, 0x00000000a0100000, 0x00000000a0200000|  0%| F|  |TAMS 0x00000000a0100000| PB 0x00000000a0100000| Untracked |  0
| 514|0x00000000a0200000, 0x00000000a0200000, 0x00000000a0300000|  0%| F|  |TAMS 0x00000000a0200000| PB 0x00000000a0200000| Untracked |  0
| 515|0x00000000a0300000, 0x00000000a0300000, 0x00000000a0400000|  0%| F|  |TAMS 0x00000000a0300000| PB 0x00000000a0300000| Untracked |  0
| 516|0x00000000a0400000, 0x00000000a0400000, 0x00000000a0500000|  0%| F|  |TAMS 0x00000000a0400000| PB 0x00000000a0400000| Untracked |  0
| 517|0x00000000a0500000, 0x00000000a0531690, 0x00000000a0600000| 19%| E|  |TAMS 0x00000000a0500000| PB 0x00000000a0500000| Complete |  0
| 518|0x00000000a0600000, 0x00000000a0700000, 0x00000000a0700000|100%| E|CS|TAMS 0x00000000a0600000| PB 0x00000000a0600000| Complete |  0
| 519|0x00000000a0700000, 0x00000000a0800000, 0x00000000a0800000|100%| E|CS|TAMS 0x00000000a0700000| PB 0x00000000a0700000| Complete |  0
| 520|0x00000000a0800000, 0x00000000a0900000, 0x00000000a0900000|100%| E|CS|TAMS 0x00000000a0800000| PB 0x00000000a0800000| Complete |  0
| 521|0x00000000a0900000, 0x00000000a0a00000, 0x00000000a0a00000|100%| E|CS|TAMS 0x00000000a0900000| PB 0x00000000a0900000| Complete |  0
| 522|0x00000000a0a00000, 0x00000000a0b00000, 0x00000000a0b00000|100%| E|CS|TAMS 0x00000000a0a00000| PB 0x00000000a0a00000| Complete |  0
| 523|0x00000000a0b00000, 0x00000000a0c00000, 0x00000000a0c00000|100%| E|CS|TAMS 0x00000000a0b00000| PB 0x00000000a0b00000| Complete |  0
| 524|0x00000000a0c00000, 0x00000000a0d00000, 0x00000000a0d00000|100%| E|CS|TAMS 0x00000000a0c00000| PB 0x00000000a0c00000| Complete |  0
| 525|0x00000000a0d00000, 0x00000000a0e00000, 0x00000000a0e00000|100%| E|CS|TAMS 0x00000000a0d00000| PB 0x00000000a0d00000| Complete |  0
| 526|0x00000000a0e00000, 0x00000000a0f00000, 0x00000000a0f00000|100%| E|CS|TAMS 0x00000000a0e00000| PB 0x00000000a0e00000| Complete |  0
| 527|0x00000000a0f00000, 0x00000000a1000000, 0x00000000a1000000|100%| E|CS|TAMS 0x00000000a0f00000| PB 0x00000000a0f00000| Complete |  0
| 528|0x00000000a1000000, 0x00000000a1100000, 0x00000000a1100000|100%| E|CS|TAMS 0x00000000a1000000| PB 0x00000000a1000000| Complete |  0
| 529|0x00000000a1100000, 0x00000000a1200000, 0x00000000a1200000|100%| E|CS|TAMS 0x00000000a1100000| PB 0x00000000a1100000| Complete |  0
| 530|0x00000000a1200000, 0x00000000a1300000, 0x00000000a1300000|100%| E|CS|TAMS 0x00000000a1200000| PB 0x00000000a1200000| Complete |  0
| 531|0x00000000a1300000, 0x00000000a1400000, 0x00000000a1400000|100%| E|CS|TAMS 0x00000000a1300000| PB 0x00000000a1300000| Complete |  0
| 532|0x00000000a1400000, 0x00000000a1500000, 0x00000000a1500000|100%| E|CS|TAMS 0x00000000a1400000| PB 0x00000000a1400000| Complete |  0
| 533|0x00000000a1500000, 0x00000000a1600000, 0x00000000a1600000|100%| E|CS|TAMS 0x00000000a1500000| PB 0x00000000a1500000| Complete |  0
| 534|0x00000000a1600000, 0x00000000a1700000, 0x00000000a1700000|100%| E|CS|TAMS 0x00000000a1600000| PB 0x00000000a1600000| Complete |  0
| 535|0x00000000a1700000, 0x00000000a1800000, 0x00000000a1800000|100%| E|CS|TAMS 0x00000000a1700000| PB 0x00000000a1700000| Complete |  0
| 536|0x00000000a1800000, 0x00000000a1900000, 0x00000000a1900000|100%| E|CS|TAMS 0x00000000a1800000| PB 0x00000000a1800000| Complete |  0
| 537|0x00000000a1900000, 0x00000000a1a00000, 0x00000000a1a00000|100%| E|CS|TAMS 0x00000000a1900000| PB 0x00000000a1900000| Complete |  0
| 538|0x00000000a1a00000, 0x00000000a1b00000, 0x00000000a1b00000|100%| E|CS|TAMS 0x00000000a1a00000| PB 0x00000000a1a00000| Complete |  0
| 539|0x00000000a1b00000, 0x00000000a1c00000, 0x00000000a1c00000|100%| E|CS|TAMS 0x00000000a1b00000| PB 0x00000000a1b00000| Complete |  0
| 540|0x00000000a1c00000, 0x00000000a1d00000, 0x00000000a1d00000|100%| E|CS|TAMS 0x00000000a1c00000| PB 0x00000000a1c00000| Complete |  0
| 541|0x00000000a1d00000, 0x00000000a1e00000, 0x00000000a1e00000|100%| E|CS|TAMS 0x00000000a1d00000| PB 0x00000000a1d00000| Complete |  0
| 542|0x00000000a1e00000, 0x00000000a1f00000, 0x00000000a1f00000|100%| E|CS|TAMS 0x00000000a1e00000| PB 0x00000000a1e00000| Complete |  0
| 543|0x00000000a1f00000, 0x00000000a2000000, 0x00000000a2000000|100%| E|CS|TAMS 0x00000000a1f00000| PB 0x00000000a1f00000| Complete |  0
| 544|0x00000000a2000000, 0x00000000a2100000, 0x00000000a2100000|100%| E|CS|TAMS 0x00000000a2000000| PB 0x00000000a2000000| Complete |  0
| 545|0x00000000a2100000, 0x00000000a21ffbb8, 0x00000000a2200000| 99%| E|  |TAMS 0x00000000a2100000| PB 0x00000000a2100000| Complete |  0
| 546|0x00000000a2200000, 0x00000000a2300000, 0x00000000a2300000|100%| E|CS|TAMS 0x00000000a2200000| PB 0x00000000a2200000| Complete |  0
| 547|0x00000000a2300000, 0x00000000a2400000, 0x00000000a2400000|100%| E|CS|TAMS 0x00000000a2300000| PB 0x00000000a2300000| Complete |  0
| 548|0x00000000a2400000, 0x00000000a2500000, 0x00000000a2500000|100%| E|CS|TAMS 0x00000000a2400000| PB 0x00000000a2400000| Complete |  0
| 549|0x00000000a2500000, 0x00000000a2600000, 0x00000000a2600000|100%| E|CS|TAMS 0x00000000a2500000| PB 0x00000000a2500000| Complete |  0
| 550|0x00000000a2600000, 0x00000000a2700000, 0x00000000a2700000|100%| E|CS|TAMS 0x00000000a2600000| PB 0x00000000a2600000| Complete |  0
| 551|0x00000000a2700000, 0x00000000a2800000, 0x00000000a2800000|100%| E|CS|TAMS 0x00000000a2700000| PB 0x00000000a2700000| Complete |  0
| 552|0x00000000a2800000, 0x00000000a2900000, 0x00000000a2900000|100%| E|CS|TAMS 0x00000000a2800000| PB 0x00000000a2800000| Complete |  0
| 553|0x00000000a2900000, 0x00000000a2a00000, 0x00000000a2a00000|100%| E|CS|TAMS 0x00000000a2900000| PB 0x00000000a2900000| Complete |  0
| 554|0x00000000a2a00000, 0x00000000a2b00000, 0x00000000a2b00000|100%| E|CS|TAMS 0x00000000a2a00000| PB 0x00000000a2a00000| Complete |  0
| 555|0x00000000a2b00000, 0x00000000a2c00000, 0x00000000a2c00000|100%| E|CS|TAMS 0x00000000a2b00000| PB 0x00000000a2b00000| Complete |  0
| 556|0x00000000a2c00000, 0x00000000a2d00000, 0x00000000a2d00000|100%| E|CS|TAMS 0x00000000a2c00000| PB 0x00000000a2c00000| Complete |  0
| 557|0x00000000a2d00000, 0x00000000a2e00000, 0x00000000a2e00000|100%| E|CS|TAMS 0x00000000a2d00000| PB 0x00000000a2d00000| Complete |  0
| 558|0x00000000a2e00000, 0x00000000a2f00000, 0x00000000a2f00000|100%| E|CS|TAMS 0x00000000a2e00000| PB 0x00000000a2e00000| Complete |  0
| 559|0x00000000a2f00000, 0x00000000a3000000, 0x00000000a3000000|100%| E|CS|TAMS 0x00000000a2f00000| PB 0x00000000a2f00000| Complete |  0
| 560|0x00000000a3000000, 0x00000000a3100000, 0x00000000a3100000|100%| E|CS|TAMS 0x00000000a3000000| PB 0x00000000a3000000| Complete |  0
| 561|0x00000000a3100000, 0x00000000a3200000, 0x00000000a3200000|100%| E|CS|TAMS 0x00000000a3100000| PB 0x00000000a3100000| Complete |  0
| 562|0x00000000a3200000, 0x00000000a3300000, 0x00000000a3300000|100%| E|CS|TAMS 0x00000000a3200000| PB 0x00000000a3200000| Complete |  0
| 563|0x00000000a3300000, 0x00000000a3400000, 0x00000000a3400000|100%| E|CS|TAMS 0x00000000a3300000| PB 0x00000000a3300000| Complete |  0
| 564|0x00000000a3400000, 0x00000000a3500000, 0x00000000a3500000|100%| E|CS|TAMS 0x00000000a3400000| PB 0x00000000a3400000| Complete |  0
| 565|0x00000000a3500000, 0x00000000a3600000, 0x00000000a3600000|100%| E|CS|TAMS 0x00000000a3500000| PB 0x00000000a3500000| Complete |  0
| 566|0x00000000a3600000, 0x00000000a3700000, 0x00000000a3700000|100%| E|CS|TAMS 0x00000000a3600000| PB 0x00000000a3600000| Complete |  0
| 567|0x00000000a3700000, 0x00000000a3800000, 0x00000000a3800000|100%| E|CS|TAMS 0x00000000a3700000| PB 0x00000000a3700000| Complete |  0
| 568|0x00000000a3800000, 0x00000000a3900000, 0x00000000a3900000|100%| E|CS|TAMS 0x00000000a3800000| PB 0x00000000a3800000| Complete |  0
| 569|0x00000000a3900000, 0x00000000a3a00000, 0x00000000a3a00000|100%| E|CS|TAMS 0x00000000a3900000| PB 0x00000000a3900000| Complete |  0
| 570|0x00000000a3a00000, 0x00000000a3b00000, 0x00000000a3b00000|100%| E|CS|TAMS 0x00000000a3a00000| PB 0x00000000a3a00000| Complete |  0
| 571|0x00000000a3b00000, 0x00000000a3c00000, 0x00000000a3c00000|100%| E|CS|TAMS 0x00000000a3b00000| PB 0x00000000a3b00000| Complete |  0
| 572|0x00000000a3c00000, 0x00000000a3d00000, 0x00000000a3d00000|100%| E|CS|TAMS 0x00000000a3c00000| PB 0x00000000a3c00000| Complete |  0
| 573|0x00000000a3d00000, 0x00000000a3e00000, 0x00000000a3e00000|100%| E|CS|TAMS 0x00000000a3d00000| PB 0x00000000a3d00000| Complete |  0
| 574|0x00000000a3e00000, 0x00000000a3f00000, 0x00000000a3f00000|100%| E|CS|TAMS 0x00000000a3e00000| PB 0x00000000a3e00000| Complete |  0
| 575|0x00000000a3f00000, 0x00000000a4000000, 0x00000000a4000000|100%| E|CS|TAMS 0x00000000a3f00000| PB 0x00000000a3f00000| Complete |  0
| 576|0x00000000a4000000, 0x00000000a4100000, 0x00000000a4100000|100%| E|CS|TAMS 0x00000000a4000000| PB 0x00000000a4000000| Complete |  0
| 577|0x00000000a4100000, 0x00000000a4200000, 0x00000000a4200000|100%| E|CS|TAMS 0x00000000a4100000| PB 0x00000000a4100000| Complete |  0
| 578|0x00000000a4200000, 0x00000000a4300000, 0x00000000a4300000|100%| E|CS|TAMS 0x00000000a4200000| PB 0x00000000a4200000| Complete |  0
| 579|0x00000000a4300000, 0x00000000a4400000, 0x00000000a4400000|100%| E|CS|TAMS 0x00000000a4300000| PB 0x00000000a4300000| Complete |  0
| 580|0x00000000a4400000, 0x00000000a4500000, 0x00000000a4500000|100%| E|CS|TAMS 0x00000000a4400000| PB 0x00000000a4400000| Complete |  0
| 581|0x00000000a4500000, 0x00000000a4600000, 0x00000000a4600000|100%| E|CS|TAMS 0x00000000a4500000| PB 0x00000000a4500000| Complete |  0
| 582|0x00000000a4600000, 0x00000000a4700000, 0x00000000a4700000|100%| E|CS|TAMS 0x00000000a4600000| PB 0x00000000a4600000| Complete |  0
| 583|0x00000000a4700000, 0x00000000a4800000, 0x00000000a4800000|100%| E|CS|TAMS 0x00000000a4700000| PB 0x00000000a4700000| Complete |  0
| 584|0x00000000a4800000, 0x00000000a4900000, 0x00000000a4900000|100%| E|CS|TAMS 0x00000000a4800000| PB 0x00000000a4800000| Complete |  0
| 585|0x00000000a4900000, 0x00000000a4a00000, 0x00000000a4a00000|100%| E|CS|TAMS 0x00000000a4900000| PB 0x00000000a4900000| Complete |  0
| 586|0x00000000a4a00000, 0x00000000a4b00000, 0x00000000a4b00000|100%| E|CS|TAMS 0x00000000a4a00000| PB 0x00000000a4a00000| Complete |  0
| 587|0x00000000a4b00000, 0x00000000a4c00000, 0x00000000a4c00000|100%| E|CS|TAMS 0x00000000a4b00000| PB 0x00000000a4b00000| Complete |  0
| 588|0x00000000a4c00000, 0x00000000a4d00000, 0x00000000a4d00000|100%| E|CS|TAMS 0x00000000a4c00000| PB 0x00000000a4c00000| Complete |  0
| 589|0x00000000a4d00000, 0x00000000a4e00000, 0x00000000a4e00000|100%| E|CS|TAMS 0x00000000a4d00000| PB 0x00000000a4d00000| Complete |  0
| 590|0x00000000a4e00000, 0x00000000a4f00000, 0x00000000a4f00000|100%| E|CS|TAMS 0x00000000a4e00000| PB 0x00000000a4e00000| Complete |  0
| 591|0x00000000a4f00000, 0x00000000a5000000, 0x00000000a5000000|100%| E|CS|TAMS 0x00000000a4f00000| PB 0x00000000a4f00000| Complete |  0
| 592|0x00000000a5000000, 0x00000000a5100000, 0x00000000a5100000|100%| E|CS|TAMS 0x00000000a5000000| PB 0x00000000a5000000| Complete |  0
| 593|0x00000000a5100000, 0x00000000a5200000, 0x00000000a5200000|100%| E|CS|TAMS 0x00000000a5100000| PB 0x00000000a5100000| Complete |  0
| 594|0x00000000a5200000, 0x00000000a5300000, 0x00000000a5300000|100%| E|CS|TAMS 0x00000000a5200000| PB 0x00000000a5200000| Complete |  0
| 595|0x00000000a5300000, 0x00000000a5400000, 0x00000000a5400000|100%| E|CS|TAMS 0x00000000a5300000| PB 0x00000000a5300000| Complete |  0
| 596|0x00000000a5400000, 0x00000000a5500000, 0x00000000a5500000|100%| E|CS|TAMS 0x00000000a5400000| PB 0x00000000a5400000| Complete |  0
| 597|0x00000000a5500000, 0x00000000a5600000, 0x00000000a5600000|100%| E|CS|TAMS 0x00000000a5500000| PB 0x00000000a5500000| Complete |  0
| 598|0x00000000a5600000, 0x00000000a5700000, 0x00000000a5700000|100%| E|CS|TAMS 0x00000000a5600000| PB 0x00000000a5600000| Complete |  0
| 599|0x00000000a5700000, 0x00000000a5800000, 0x00000000a5800000|100%| E|CS|TAMS 0x00000000a5700000| PB 0x00000000a5700000| Complete |  0
| 600|0x00000000a5800000, 0x00000000a5900000, 0x00000000a5900000|100%| E|CS|TAMS 0x00000000a5800000| PB 0x00000000a5800000| Complete |  0
| 601|0x00000000a5900000, 0x00000000a5a00000, 0x00000000a5a00000|100%| E|CS|TAMS 0x00000000a5900000| PB 0x00000000a5900000| Complete |  0
| 602|0x00000000a5a00000, 0x00000000a5b00000, 0x00000000a5b00000|100%| E|CS|TAMS 0x00000000a5a00000| PB 0x00000000a5a00000| Complete |  0
| 603|0x00000000a5b00000, 0x00000000a5c00000, 0x00000000a5c00000|100%| E|CS|TAMS 0x00000000a5b00000| PB 0x00000000a5b00000| Complete |  0
| 604|0x00000000a5c00000, 0x00000000a5d00000, 0x00000000a5d00000|100%| E|CS|TAMS 0x00000000a5c00000| PB 0x00000000a5c00000| Complete |  0
| 605|0x00000000a5d00000, 0x00000000a5e00000, 0x00000000a5e00000|100%| E|CS|TAMS 0x00000000a5d00000| PB 0x00000000a5d00000| Complete |  0
| 606|0x00000000a5e00000, 0x00000000a5f00000, 0x00000000a5f00000|100%| E|CS|TAMS 0x00000000a5e00000| PB 0x00000000a5e00000| Complete |  0
| 607|0x00000000a5f00000, 0x00000000a6000000, 0x00000000a6000000|100%| E|CS|TAMS 0x00000000a5f00000| PB 0x00000000a5f00000| Complete |  0
| 608|0x00000000a6000000, 0x00000000a6100000, 0x00000000a6100000|100%| E|CS|TAMS 0x00000000a6000000| PB 0x00000000a6000000| Complete |  0
| 609|0x00000000a6100000, 0x00000000a6200000, 0x00000000a6200000|100%| E|CS|TAMS 0x00000000a6100000| PB 0x00000000a6100000| Complete |  0
| 610|0x00000000a6200000, 0x00000000a6300000, 0x00000000a6300000|100%| E|CS|TAMS 0x00000000a6200000| PB 0x00000000a6200000| Complete |  0
| 611|0x00000000a6300000, 0x00000000a6400000, 0x00000000a6400000|100%| E|CS|TAMS 0x00000000a6300000| PB 0x00000000a6300000| Complete |  0
| 612|0x00000000a6400000, 0x00000000a6500000, 0x00000000a6500000|100%| E|CS|TAMS 0x00000000a6400000| PB 0x00000000a6400000| Complete |  0
| 613|0x00000000a6500000, 0x00000000a6600000, 0x00000000a6600000|100%| E|CS|TAMS 0x00000000a6500000| PB 0x00000000a6500000| Complete |  0
| 614|0x00000000a6600000, 0x00000000a6700000, 0x00000000a6700000|100%| E|CS|TAMS 0x00000000a6600000| PB 0x00000000a6600000| Complete |  0
| 615|0x00000000a6700000, 0x00000000a6800000, 0x00000000a6800000|100%| E|CS|TAMS 0x00000000a6700000| PB 0x00000000a6700000| Complete |  0
| 616|0x00000000a6800000, 0x00000000a6900000, 0x00000000a6900000|100%| E|CS|TAMS 0x00000000a6800000| PB 0x00000000a6800000| Complete |  0
| 617|0x00000000a6900000, 0x00000000a6a00000, 0x00000000a6a00000|100%| E|CS|TAMS 0x00000000a6900000| PB 0x00000000a6900000| Complete |  0
| 618|0x00000000a6a00000, 0x00000000a6b00000, 0x00000000a6b00000|100%| E|CS|TAMS 0x00000000a6a00000| PB 0x00000000a6a00000| Complete |  0
| 619|0x00000000a6b00000, 0x00000000a6c00000, 0x00000000a6c00000|100%| E|CS|TAMS 0x00000000a6b00000| PB 0x00000000a6b00000| Complete |  0
| 620|0x00000000a6c00000, 0x00000000a6d00000, 0x00000000a6d00000|100%| E|CS|TAMS 0x00000000a6c00000| PB 0x00000000a6c00000| Complete |  0
| 621|0x00000000a6d00000, 0x00000000a6e00000, 0x00000000a6e00000|100%| E|CS|TAMS 0x00000000a6d00000| PB 0x00000000a6d00000| Complete |  0
| 622|0x00000000a6e00000, 0x00000000a6f00000, 0x00000000a6f00000|100%| E|CS|TAMS 0x00000000a6e00000| PB 0x00000000a6e00000| Complete |  0
| 623|0x00000000a6f00000, 0x00000000a7000000, 0x00000000a7000000|100%| E|CS|TAMS 0x00000000a6f00000| PB 0x00000000a6f00000| Complete |  0
| 624|0x00000000a7000000, 0x00000000a7100000, 0x00000000a7100000|100%| E|CS|TAMS 0x00000000a7000000| PB 0x00000000a7000000| Complete |  0
| 625|0x00000000a7100000, 0x00000000a7200000, 0x00000000a7200000|100%| E|CS|TAMS 0x00000000a7100000| PB 0x00000000a7100000| Complete |  0
| 626|0x00000000a7200000, 0x00000000a7300000, 0x00000000a7300000|100%| E|CS|TAMS 0x00000000a7200000| PB 0x00000000a7200000| Complete |  0
| 627|0x00000000a7300000, 0x00000000a7400000, 0x00000000a7400000|100%| E|CS|TAMS 0x00000000a7300000| PB 0x00000000a7300000| Complete |  0
| 628|0x00000000a7400000, 0x00000000a7500000, 0x00000000a7500000|100%| E|CS|TAMS 0x00000000a7400000| PB 0x00000000a7400000| Complete |  0
| 629|0x00000000a7500000, 0x00000000a7600000, 0x00000000a7600000|100%| E|CS|TAMS 0x00000000a7500000| PB 0x00000000a7500000| Complete |  0
| 630|0x00000000a7600000, 0x00000000a7700000, 0x00000000a7700000|100%| E|CS|TAMS 0x00000000a7600000| PB 0x00000000a7600000| Complete |  0
| 631|0x00000000a7700000, 0x00000000a7800000, 0x00000000a7800000|100%| E|CS|TAMS 0x00000000a7700000| PB 0x00000000a7700000| Complete |  0
| 632|0x00000000a7800000, 0x00000000a7900000, 0x00000000a7900000|100%| E|CS|TAMS 0x00000000a7800000| PB 0x00000000a7800000| Complete |  0
| 633|0x00000000a7900000, 0x00000000a7a00000, 0x00000000a7a00000|100%| E|CS|TAMS 0x00000000a7900000| PB 0x00000000a7900000| Complete |  0
| 634|0x00000000a7a00000, 0x00000000a7b00000, 0x00000000a7b00000|100%| E|CS|TAMS 0x00000000a7a00000| PB 0x00000000a7a00000| Complete |  0
| 635|0x00000000a7b00000, 0x00000000a7c00000, 0x00000000a7c00000|100%| E|CS|TAMS 0x00000000a7b00000| PB 0x00000000a7b00000| Complete |  0
| 636|0x00000000a7c00000, 0x00000000a7d00000, 0x00000000a7d00000|100%| E|CS|TAMS 0x00000000a7c00000| PB 0x00000000a7c00000| Complete |  0
| 637|0x00000000a7d00000, 0x00000000a7e00000, 0x00000000a7e00000|100%| E|CS|TAMS 0x00000000a7d00000| PB 0x00000000a7d00000| Complete |  0
| 638|0x00000000a7e00000, 0x00000000a7f00000, 0x00000000a7f00000|100%| E|CS|TAMS 0x00000000a7e00000| PB 0x00000000a7e00000| Complete |  0
| 639|0x00000000a7f00000, 0x00000000a8000000, 0x00000000a8000000|100%| E|CS|TAMS 0x00000000a7f00000| PB 0x00000000a7f00000| Complete |  0
| 640|0x00000000a8000000, 0x00000000a8100000, 0x00000000a8100000|100%| E|CS|TAMS 0x00000000a8000000| PB 0x00000000a8000000| Complete |  0
| 641|0x00000000a8100000, 0x00000000a8200000, 0x00000000a8200000|100%| E|CS|TAMS 0x00000000a8100000| PB 0x00000000a8100000| Complete |  0
| 642|0x00000000a8200000, 0x00000000a8300000, 0x00000000a8300000|100%| E|CS|TAMS 0x00000000a8200000| PB 0x00000000a8200000| Complete |  0
| 643|0x00000000a8300000, 0x00000000a8400000, 0x00000000a8400000|100%| E|CS|TAMS 0x00000000a8300000| PB 0x00000000a8300000| Complete |  0
| 644|0x00000000a8400000, 0x00000000a8500000, 0x00000000a8500000|100%| E|CS|TAMS 0x00000000a8400000| PB 0x00000000a8400000| Complete |  0
| 645|0x00000000a8500000, 0x00000000a8600000, 0x00000000a8600000|100%| E|CS|TAMS 0x00000000a8500000| PB 0x00000000a8500000| Complete |  0
| 646|0x00000000a8600000, 0x00000000a8700000, 0x00000000a8700000|100%| E|CS|TAMS 0x00000000a8600000| PB 0x00000000a8600000| Complete |  0
| 647|0x00000000a8700000, 0x00000000a8800000, 0x00000000a8800000|100%| E|CS|TAMS 0x00000000a8700000| PB 0x00000000a8700000| Complete |  0
| 648|0x00000000a8800000, 0x00000000a8900000, 0x00000000a8900000|100%| E|CS|TAMS 0x00000000a8800000| PB 0x00000000a8800000| Complete |  0
| 649|0x00000000a8900000, 0x00000000a8a00000, 0x00000000a8a00000|100%| E|CS|TAMS 0x00000000a8900000| PB 0x00000000a8900000| Complete |  0
| 650|0x00000000a8a00000, 0x00000000a8b00000, 0x00000000a8b00000|100%| E|CS|TAMS 0x00000000a8a00000| PB 0x00000000a8a00000| Complete |  0
| 651|0x00000000a8b00000, 0x00000000a8c00000, 0x00000000a8c00000|100%| E|CS|TAMS 0x00000000a8b00000| PB 0x00000000a8b00000| Complete |  0
| 652|0x00000000a8c00000, 0x00000000a8d00000, 0x00000000a8d00000|100%| E|CS|TAMS 0x00000000a8c00000| PB 0x00000000a8c00000| Complete |  0
| 653|0x00000000a8d00000, 0x00000000a8e00000, 0x00000000a8e00000|100%| E|CS|TAMS 0x00000000a8d00000| PB 0x00000000a8d00000| Complete |  0
| 654|0x00000000a8e00000, 0x00000000a8f00000, 0x00000000a8f00000|100%| E|CS|TAMS 0x00000000a8e00000| PB 0x00000000a8e00000| Complete |  0
| 655|0x00000000a8f00000, 0x00000000a9000000, 0x00000000a9000000|100%| E|CS|TAMS 0x00000000a8f00000| PB 0x00000000a8f00000| Complete |  0
| 656|0x00000000a9000000, 0x00000000a9100000, 0x00000000a9100000|100%| E|CS|TAMS 0x00000000a9000000| PB 0x00000000a9000000| Complete |  0
| 657|0x00000000a9100000, 0x00000000a9200000, 0x00000000a9200000|100%| E|CS|TAMS 0x00000000a9100000| PB 0x00000000a9100000| Complete |  0
| 658|0x00000000a9200000, 0x00000000a9300000, 0x00000000a9300000|100%| E|CS|TAMS 0x00000000a9200000| PB 0x00000000a9200000| Complete |  0
| 659|0x00000000a9300000, 0x00000000a9400000, 0x00000000a9400000|100%| E|CS|TAMS 0x00000000a9300000| PB 0x00000000a9300000| Complete |  0
| 660|0x00000000a9400000, 0x00000000a9500000, 0x00000000a9500000|100%| E|CS|TAMS 0x00000000a9400000| PB 0x00000000a9400000| Complete |  0
| 661|0x00000000a9500000, 0x00000000a9600000, 0x00000000a9600000|100%| E|CS|TAMS 0x00000000a9500000| PB 0x00000000a9500000| Complete |  0
|2021|0x00000000fe500000, 0x00000000fe600000, 0x00000000fe600000|100%| E|CS|TAMS 0x00000000fe500000| PB 0x00000000fe500000| Complete |  0
|2022|0x00000000fe600000, 0x00000000fe700000, 0x00000000fe700000|100%| E|CS|TAMS 0x00000000fe600000| PB 0x00000000fe600000| Complete |  0
|2023|0x00000000fe700000, 0x00000000fe800000, 0x00000000fe800000|100%| E|CS|TAMS 0x00000000fe700000| PB 0x00000000fe700000| Complete |  0
|2024|0x00000000fe800000, 0x00000000fe900000, 0x00000000fe900000|100%| E|CS|TAMS 0x00000000fe800000| PB 0x00000000fe800000| Complete |  0
|2025|0x00000000fe900000, 0x00000000fea00000, 0x00000000fea00000|100%| E|CS|TAMS 0x00000000fe900000| PB 0x00000000fe900000| Complete |  0
|2026|0x00000000fea00000, 0x00000000feb00000, 0x00000000feb00000|100%| E|CS|TAMS 0x00000000fea00000| PB 0x00000000fea00000| Complete |  0
|2027|0x00000000feb00000, 0x00000000fec00000, 0x00000000fec00000|100%| E|CS|TAMS 0x00000000feb00000| PB 0x00000000feb00000| Complete |  0
|2028|0x00000000fec00000, 0x00000000fed00000, 0x00000000fed00000|100%| E|CS|TAMS 0x00000000fec00000| PB 0x00000000fec00000| Complete |  0
|2029|0x00000000fed00000, 0x00000000fee00000, 0x00000000fee00000|100%| E|CS|TAMS 0x00000000fed00000| PB 0x00000000fed00000| Complete |  0
|2030|0x00000000fee00000, 0x00000000fef00000, 0x00000000fef00000|100%| E|CS|TAMS 0x00000000fee00000| PB 0x00000000fee00000| Complete |  0
|2031|0x00000000fef00000, 0x00000000ff000000, 0x00000000ff000000|100%| E|CS|TAMS 0x00000000fef00000| PB 0x00000000fef00000| Complete |  0
|2032|0x00000000ff000000, 0x00000000ff100000, 0x00000000ff100000|100%| E|CS|TAMS 0x00000000ff000000| PB 0x00000000ff000000| Complete |  0
|2033|0x00000000ff100000, 0x00000000ff200000, 0x00000000ff200000|100%| E|CS|TAMS 0x00000000ff100000| PB 0x00000000ff100000| Complete |  0
|2034|0x00000000ff200000, 0x00000000ff300000, 0x00000000ff300000|100%| O|  |TAMS 0x00000000ff200000| PB 0x00000000ff200000| Untracked |  0
|2035|0x00000000ff300000, 0x00000000ff400000, 0x00000000ff400000|100%| E|CS|TAMS 0x00000000ff300000| PB 0x00000000ff300000| Complete |  0
|2036|0x00000000ff400000, 0x00000000ff500000, 0x00000000ff500000|100%| E|CS|TAMS 0x00000000ff400000| PB 0x00000000ff400000| Complete |  0
|2037|0x00000000ff500000, 0x00000000ff600000, 0x00000000ff600000|100%| O|  |TAMS 0x00000000ff500000| PB 0x00000000ff500000| Untracked |  0
|2038|0x00000000ff600000, 0x00000000ff700000, 0x00000000ff700000|100%| O|  |TAMS 0x00000000ff600000| PB 0x00000000ff600000| Untracked |  0
|2039|0x00000000ff700000, 0x00000000ff800000, 0x00000000ff800000|100%| O|  |TAMS 0x00000000ff700000| PB 0x00000000ff700000| Untracked |  0
|2040|0x00000000ff800000, 0x00000000ff900000, 0x00000000ff900000|100%| O|  |TAMS 0x00000000ff800000| PB 0x00000000ff800000| Untracked |  0
|2041|0x00000000ff900000, 0x00000000ffa00000, 0x00000000ffa00000|100%| O|  |TAMS 0x00000000ff900000| PB 0x00000000ff900000| Untracked |  0
|2042|0x00000000ffa00000, 0x00000000ffb00000, 0x00000000ffb00000|100%| O|  |TAMS 0x00000000ffa00000| PB 0x00000000ffa00000| Untracked |  0
|2043|0x00000000ffb00000, 0x00000000ffc00000, 0x00000000ffc00000|100%| O|  |TAMS 0x00000000ffb00000| PB 0x00000000ffb00000| Untracked |  0
|2044|0x00000000ffc00000, 0x00000000ffd00000, 0x00000000ffd00000|100%| O|  |TAMS 0x00000000ffc00000| PB 0x00000000ffc00000| Untracked |  0
|2045|0x00000000ffd00000, 0x00000000ffe00000, 0x00000000ffe00000|100%| O|  |TAMS 0x00000000ffd00000| PB 0x00000000ffd00000| Untracked |  0
|2046|0x00000000ffe00000, 0x00000000fff00000, 0x00000000fff00000|100%| E|CS|TAMS 0x00000000ffe00000| PB 0x00000000ffe00000| Complete |  0
|2047|0x00000000fff00000, 0x0000000100000000, 0x0000000100000000|100%| O|  |TAMS 0x00000000fff00000| PB 0x00000000fff00000| Untracked |  0

Card table byte_map: [0x0000015f42090000,0x0000015f42490000] _byte_map_base: 0x0000015f41c90000

Marking Bits: (CMBitMap*) 0x0000015f2f193980
 Bits: [0x0000015f42490000, 0x0000015f44490000)

Polling page: 0x0000015f2d1f0000

Metaspace:
Metaspace        used 232325K, committed 234304K, reserved 1310720K
 class space     used 29883K, committed 30784K, reserved 1048576K

Usage:
  Non-class:    197.70 MB used.
      Class:     29.18 MB used.
       Both:    226.88 MB used.

Virtual space:
  Non-class space:      256.00 MB reserved,     198.75 MB ( 78%) committed,  4 nodes.
      Class space:        1.00 GB reserved,      30.06 MB (  3%) committed,  1 nodes.
             Both:        1.25 GB reserved,     228.81 MB ( 18%) committed. 

Chunk freelists:
   Non-Class:  8.53 MB
       Class:  1.81 MB
        Both:  10.34 MB

MaxMetaspaceSize: unlimited
CompressedClassSpaceSize: 1.00 GB
Initial GC threshold: 21.00 MB
Current GC threshold: 368.69 MB
CDS: off
 - commit_granule_bytes: 65536.
 - commit_granule_words: 8192.
 - virtual_space_node_default_size: 8388608.
 - enlarge_chunks_in_place: 1.
UseCompressedClassPointers 1, UseCompactObjectHeaders 0
Narrow klass pointer bits 32, Max shift 3
Narrow klass base: 0x0000000000000000, Narrow klass shift: 0
Encoding Range: [0x0000000000000000 - 0x0000000100000000), (4294967296 bytes)
Klass Range:    [0x000000001a000000 - 0x000000005a000000), (1073741824 bytes)
Klass ID Range:  [436207616 - 1509949433) (1073741817)
No protection zone.


Internal statistics:

num_allocs_failed_limit: 9.
num_arena_births: 3816.
num_arena_deaths: 2.
num_vsnodes_births: 5.
num_vsnodes_deaths: 0.
num_space_committed: 3664.
num_space_uncommitted: 5.
num_chunks_returned_to_freelist: 46.
num_chunks_taken_from_freelist: 12272.
num_chunk_merges: 15.
num_chunk_splits: 9260.
num_chunks_enlarged: 7275.
num_inconsistent_stats: 0.

CodeHeap 'non-profiled nmethods': size=120064Kb used=16167Kb max_used=17009Kb free=103896Kb
 bounds [0x0000015f3a0e0000, 0x0000015f3b1c0000, 0x0000015f41620000]
CodeHeap 'profiled nmethods': size=120000Kb used=58452Kb max_used=69834Kb free=61547Kb
 bounds [0x0000015f32620000, 0x0000015f36a60000, 0x0000015f39b50000]
CodeHeap 'non-nmethods': size=5696Kb used=2458Kb max_used=2552Kb free=3237Kb
 bounds [0x0000015f39b50000, 0x0000015f39de0000, 0x0000015f3a0e0000]
CodeCache: size=245760Kb, used=77077Kb, max_used=89395Kb, free=168680Kb
 total_blobs=27999, nmethods=26715, adapters=1182, full_count=0
Compilation: enabled, stopped_count=0, restarted_count=0

Compilation events (20 events):
Event: 92.153 Thread 0x0000015f6f605bc0 nmethod 38207 0x0000015f3a746108 code [0x0000015f3a746200, 0x0000015f3a746cc0]
Event: 92.153 Thread 0x0000015f6f605bc0 38223 %     4       com.android.tools.r8.graph.h6::a @ 4 (113 bytes)
Event: 92.158 Thread 0x0000015f47322550 nmethod 38230 0x0000015f32e58288 code [0x0000015f32e58380, 0x0000015f32e5c340]
Event: 92.158 Thread 0x0000015f47322550 38226       3       com.android.tools.r8.graph.r9::a (119 bytes)
Event: 92.160 Thread 0x0000015f47322550 nmethod 38226 0x0000015f32c88688 code [0x0000015f32c88780, 0x0000015f32c893b8]
Event: 92.160 Thread 0x0000015f47322550 38227       3       com.android.tools.r8.graph.r9::b (135 bytes)
Event: 92.161 Thread 0x0000015f47322550 nmethod 38227 0x0000015f32a8fe88 code [0x0000015f32a8ff80, 0x0000015f32a90888]
Event: 92.161 Thread 0x0000015f47322550 38231       3       com.android.tools.r8.internal.bk4::d (38 bytes)
Event: 92.162 Thread 0x0000015f47322550 nmethod 38231 0x0000015f32be5608 code [0x0000015f32be5700, 0x0000015f32be6030]
Event: 92.162 Thread 0x0000015f47322550 38228       1       com.android.tools.r8.graph.i6::C0 (5 bytes)
Event: 92.163 Thread 0x0000015f47322550 nmethod 38228 0x0000015f3aeebb88 code [0x0000015f3aeebc80, 0x0000015f3aeebd48]
Event: 92.163 Thread 0x0000015f47322550 38233       1       com.android.tools.r8.internal.sm::J (2 bytes)
Event: 92.163 Thread 0x0000015f47322550 nmethod 38233 0x0000015f3af59888 code [0x0000015f3af59980, 0x0000015f3af59a48]
Event: 92.180 Thread 0x0000015f6f605bc0 nmethod 38223% 0x0000015f3b02c408 code [0x0000015f3b02c500, 0x0000015f3b02cc40]
Event: 92.180 Thread 0x0000015f6f605bc0 38229       4       java.util.IdentityHashMap::get (60 bytes)
Event: 92.188 Thread 0x0000015f6f605bc0 nmethod 38229 0x0000015f3af59588 code [0x0000015f3af59680, 0x0000015f3af59878]
Event: 92.188 Thread 0x0000015f6f605bc0 38212       4       com.android.tools.r8.graph.t3::a (60 bytes)
Event: 92.206 Thread 0x0000015f6f605bc0 nmethod 38212 0x0000015f3a4d5008 code [0x0000015f3a4d5100, 0x0000015f3a4d5508]
Event: 92.350 Thread 0x0000015f47322550 38234       3       com.android.tools.r8.internal.qo3::a (31 bytes)
Event: 92.351 Thread 0x0000015f47322550 nmethod 38234 0x0000015f3300de08 code [0x0000015f3300df00, 0x0000015f3300e5a0]

GC Heap Usage History (20 events):
Event: 61.367 {heap Before GC invocations=71 (full 0):
 garbage-first heap   total reserved 2097152K, committed 542720K, used 478453K [0x0000000080000000, 0x0000000100000000)
  region size 1024K, 139 young (142336K), 19 survivors (19456K)
}
Event: 61.396 {heap After GC invocations=72 (full 0):
 garbage-first heap   total reserved 2097152K, committed 542720K, used 365222K [0x0000000080000000, 0x0000000100000000)
  region size 1024K, 9 young (9216K), 9 survivors (9216K)
}
Event: 67.456 {heap Before GC invocations=73 (full 0):
 garbage-first heap   total reserved 2097152K, committed 609280K, used 498342K [0x0000000080000000, 0x0000000100000000)
  region size 1024K, 139 young (142336K), 9 survivors (9216K)
}
Event: 67.488 {heap After GC invocations=74 (full 0):
 garbage-first heap   total reserved 2097152K, committed 609280K, used 371907K [0x0000000080000000, 0x0000000100000000)
  region size 1024K, 16 young (16384K), 16 survivors (16384K)
}
Event: 70.588 {heap Before GC invocations=74 (full 0):
 garbage-first heap   total reserved 2097152K, committed 609280K, used 554179K [0x0000000080000000, 0x0000000100000000)
  region size 1024K, 194 young (198656K), 16 survivors (16384K)
}
Event: 70.655 {heap After GC invocations=75 (full 0):
 garbage-first heap   total reserved 2097152K, committed 609280K, used 380332K [0x0000000080000000, 0x0000000100000000)
  region size 1024K, 21 young (21504K), 21 survivors (21504K)
}
Event: 72.530 {heap Before GC invocations=75 (full 0):
 garbage-first heap   total reserved 2097152K, committed 609280K, used 557484K [0x0000000080000000, 0x0000000100000000)
  region size 1024K, 194 young (198656K), 21 survivors (21504K)
}
Event: 72.561 {heap After GC invocations=76 (full 0):
 garbage-first heap   total reserved 2097152K, committed 609280K, used 382438K [0x0000000080000000, 0x0000000100000000)
  region size 1024K, 15 young (15360K), 15 survivors (15360K)
}
Event: 74.815 {heap Before GC invocations=77 (full 0):
 garbage-first heap   total reserved 2097152K, committed 638976K, used 562662K [0x0000000080000000, 0x0000000100000000)
  region size 1024K, 191 young (195584K), 15 survivors (15360K)
}
Event: 74.838 {heap After GC invocations=78 (full 0):
 garbage-first heap   total reserved 2097152K, committed 638976K, used 389786K [0x0000000080000000, 0x0000000100000000)
  region size 1024K, 15 young (15360K), 15 survivors (15360K)
}
Event: 76.696 {heap Before GC invocations=78 (full 0):
 garbage-first heap   total reserved 2097152K, committed 638976K, used 592538K [0x0000000080000000, 0x0000000100000000)
  region size 1024K, 213 young (218112K), 15 survivors (15360K)
}
Event: 76.727 {heap After GC invocations=79 (full 0):
 garbage-first heap   total reserved 2097152K, committed 638976K, used 394108K [0x0000000080000000, 0x0000000100000000)
  region size 1024K, 23 young (23552K), 23 survivors (23552K)
}
Event: 80.285 {heap Before GC invocations=79 (full 0):
 garbage-first heap   total reserved 2097152K, committed 638976K, used 593788K [0x0000000080000000, 0x0000000100000000)
  region size 1024K, 219 young (224256K), 23 survivors (23552K)
}
Event: 80.316 {heap After GC invocations=80 (full 0):
 garbage-first heap   total reserved 2097152K, committed 638976K, used 402292K [0x0000000080000000, 0x0000000100000000)
  region size 1024K, 19 young (19456K), 19 survivors (19456K)
}
Event: 81.388 {heap Before GC invocations=81 (full 0):
 garbage-first heap   total reserved 2097152K, committed 679936K, used 601972K [0x0000000080000000, 0x0000000100000000)
  region size 1024K, 210 young (215040K), 19 survivors (19456K)
}
Event: 81.427 {heap After GC invocations=82 (full 0):
 garbage-first heap   total reserved 2097152K, committed 679936K, used 405810K [0x0000000080000000, 0x0000000100000000)
  region size 1024K, 13 young (13312K), 13 survivors (13312K)
}
Event: 87.751 {heap Before GC invocations=82 (full 0):
 garbage-first heap   total reserved 2097152K, committed 679936K, used 640306K [0x0000000080000000, 0x0000000100000000)
  region size 1024K, 243 young (248832K), 13 survivors (13312K)
}
Event: 87.817 {heap After GC invocations=83 (full 0):
 garbage-first heap   total reserved 2097152K, committed 679936K, used 418192K [0x0000000080000000, 0x0000000100000000)
  region size 1024K, 29 young (29696K), 29 survivors (29696K)
}
Event: 89.595 {heap Before GC invocations=83 (full 0):
 garbage-first heap   total reserved 2097152K, committed 679936K, used 634256K [0x0000000080000000, 0x0000000100000000)
  region size 1024K, 241 young (246784K), 29 survivors (29696K)
}
Event: 89.649 {heap After GC invocations=84 (full 0):
 garbage-first heap   total reserved 2097152K, committed 679936K, used 421446K [0x0000000080000000, 0x0000000100000000)
  region size 1024K, 5 young (5120K), 5 survivors (5120K)
}

Metaspace Usage History (20 events):
Event: 61.367 {metaspace Before GC invocations=71 (full 0):
 Metaspace       used 208484K, committed 210496K, reserved 1245184K
  class space    used 26944K, committed 27904K, reserved 1048576K
}
Event: 61.396 {metaspace After GC invocations=72 (full 0):
 Metaspace       used 208484K, committed 210496K, reserved 1245184K
  class space    used 26944K, committed 27904K, reserved 1048576K
}
Event: 67.457 {metaspace Before GC invocations=73 (full 0):
 Metaspace       used 214751K, committed 216768K, reserved 1245184K
  class space    used 27496K, committed 28480K, reserved 1048576K
}
Event: 67.488 {metaspace After GC invocations=74 (full 0):
 Metaspace       used 214751K, committed 216768K, reserved 1245184K
  class space    used 27496K, committed 28480K, reserved 1048576K
}
Event: 70.588 {metaspace Before GC invocations=74 (full 0):
 Metaspace       used 215808K, committed 217792K, reserved 1245184K
  class space    used 27549K, committed 28480K, reserved 1048576K
}
Event: 70.655 {metaspace After GC invocations=75 (full 0):
 Metaspace       used 215808K, committed 217792K, reserved 1245184K
  class space    used 27549K, committed 28480K, reserved 1048576K
}
Event: 72.530 {metaspace Before GC invocations=75 (full 0):
 Metaspace       used 216051K, committed 218048K, reserved 1245184K
  class space    used 27568K, committed 28544K, reserved 1048576K
}
Event: 72.561 {metaspace After GC invocations=76 (full 0):
 Metaspace       used 216051K, committed 218048K, reserved 1245184K
  class space    used 27568K, committed 28544K, reserved 1048576K
}
Event: 74.815 {metaspace Before GC invocations=77 (full 0):
 Metaspace       used 216160K, committed 218176K, reserved 1245184K
  class space    used 27571K, committed 28544K, reserved 1048576K
}
Event: 74.838 {metaspace After GC invocations=78 (full 0):
 Metaspace       used 216160K, committed 218176K, reserved 1245184K
  class space    used 27571K, committed 28544K, reserved 1048576K
}
Event: 76.696 {metaspace Before GC invocations=78 (full 0):
 Metaspace       used 216325K, committed 218304K, reserved 1245184K
  class space    used 27583K, committed 28544K, reserved 1048576K
}
Event: 76.727 {metaspace After GC invocations=79 (full 0):
 Metaspace       used 216325K, committed 218304K, reserved 1245184K
  class space    used 27583K, committed 28544K, reserved 1048576K
}
Event: 80.285 {metaspace Before GC invocations=79 (full 0):
 Metaspace       used 217099K, committed 219072K, reserved 1245184K
  class space    used 27671K, committed 28608K, reserved 1048576K
}
Event: 80.316 {metaspace After GC invocations=80 (full 0):
 Metaspace       used 217099K, committed 219072K, reserved 1245184K
  class space    used 27671K, committed 28608K, reserved 1048576K
}
Event: 81.388 {metaspace Before GC invocations=81 (full 0):
 Metaspace       used 219759K, committed 221760K, reserved 1245184K
  class space    used 27845K, committed 28800K, reserved 1048576K
}
Event: 81.427 {metaspace After GC invocations=82 (full 0):
 Metaspace       used 219759K, committed 221760K, reserved 1245184K
  class space    used 27845K, committed 28800K, reserved 1048576K
}
Event: 87.751 {metaspace Before GC invocations=82 (full 0):
 Metaspace       used 221103K, committed 223104K, reserved 1245184K
  class space    used 28006K, committed 28928K, reserved 1048576K
}
Event: 87.817 {metaspace After GC invocations=83 (full 0):
 Metaspace       used 221103K, committed 223104K, reserved 1245184K
  class space    used 28006K, committed 28928K, reserved 1048576K
}
Event: 89.595 {metaspace Before GC invocations=83 (full 0):
 Metaspace       used 223341K, committed 225280K, reserved 1310720K
  class space    used 28325K, committed 29248K, reserved 1048576K
}
Event: 89.649 {metaspace After GC invocations=84 (full 0):
 Metaspace       used 223341K, committed 225280K, reserved 1310720K
  class space    used 28325K, committed 29248K, reserved 1048576K
}

Dll operation events (4 events):
Event: 0.009 Loaded shared library C:\Program Files\Android\Android Studio\jbr\bin\java.dll
Event: 0.013 Loaded shared library C:\Program Files\Android\Android Studio\jbr\bin\zip.dll
Event: 0.619 Loaded shared library C:\Program Files\Android\Android Studio\jbr\bin\verify.dll
Event: 37.331 Unloaded dll "C:\Users\SIVA\AppData\Local\Temp\sqlite-3.41.2.2-08d1011e-4344-4b2b-9a83-3fa9e53fc7f2-sqlitejdbc.dll" [0x00007ff8c4640000]

Deoptimization events (20 events):
Event: 91.300 Thread 0x0000015f5aff82b0 DEOPT PACKING pc=0x0000015f3a5bebec sp=0x00000051d22f93b0
Event: 91.300 Thread 0x0000015f5aff82b0 DEOPT UNPACKING pc=0x0000015f39c68582 sp=0x00000051d22f9220 mode 2
Event: 91.301 Thread 0x0000015f5aff82b0 Uncommon trap: trap_request=0xffffff45 fr.pc=0x0000015f3a28b974 relative=0x0000000000000574
Event: 91.301 Thread 0x0000015f5aff82b0 Uncommon trap: reason=unstable_if action=reinterpret pc=0x0000015f3a28b974 method=jdk.internal.ref.CleanerImpl$CleanableList.insert(Ljdk/internal/ref/PhantomCleanable;)V @ 10 c2
Event: 91.301 Thread 0x0000015f5aff82b0 DEOPT PACKING pc=0x0000015f3a28b974 sp=0x00000051d22f7b40
Event: 91.301 Thread 0x0000015f5aff82b0 DEOPT UNPACKING pc=0x0000015f39c68582 sp=0x00000051d22f79d8 mode 2
Event: 91.303 Thread 0x0000015f5aff82b0 Uncommon trap: trap_request=0xffffff45 fr.pc=0x0000015f3a1d9c4c relative=0x00000000000004cc
Event: 91.303 Thread 0x0000015f5aff82b0 Uncommon trap: reason=unstable_if action=reinterpret pc=0x0000015f3a1d9c4c method=jdk.internal.ref.CleanerImpl$CleanableList.insert(Ljdk/internal/ref/PhantomCleanable;)V @ 10 c2
Event: 91.303 Thread 0x0000015f5aff82b0 DEOPT PACKING pc=0x0000015f3a1d9c4c sp=0x00000051d22f90f0
Event: 91.303 Thread 0x0000015f5aff82b0 DEOPT UNPACKING pc=0x0000015f39c68582 sp=0x00000051d22f9068 mode 2
Event: 91.304 Thread 0x0000015f69a0f5b0 Uncommon trap: trap_request=0xffffff45 fr.pc=0x0000015f3acc228c relative=0x0000000000000a0c
Event: 91.304 Thread 0x0000015f69a0f5b0 Uncommon trap: reason=unstable_if action=reinterpret pc=0x0000015f3acc228c method=jdk.internal.ref.CleanerImpl$CleanableList.remove(Ljdk/internal/ref/PhantomCleanable;)Z @ 160 c2
Event: 91.304 Thread 0x0000015f69a0f5b0 DEOPT PACKING pc=0x0000015f3acc228c sp=0x00000051d37feca0
Event: 91.304 Thread 0x0000015f69a0f5b0 DEOPT UNPACKING pc=0x0000015f39c68582 sp=0x00000051d37fe9d8 mode 2
Event: 91.627 Thread 0x0000015f5aff82b0 Uncommon trap: trap_request=0xffffff45 fr.pc=0x0000015f3a2147fc relative=0x000000000000077c
Event: 91.627 Thread 0x0000015f5aff82b0 Uncommon trap: reason=unstable_if action=reinterpret pc=0x0000015f3a2147fc method=java.util.WeakHashMap.remove(Ljava/lang/Object;)Ljava/lang/Object; @ 92 c2
Event: 91.627 Thread 0x0000015f5aff82b0 DEOPT PACKING pc=0x0000015f3a2147fc sp=0x00000051d22f9540
Event: 91.627 Thread 0x0000015f5aff82b0 DEOPT UNPACKING pc=0x0000015f39c68582 sp=0x00000051d22f94f0 mode 2
Event: 92.350 Thread 0x0000015f5087d6b0 DEOPT PACKING pc=0x0000015f327ccb2e sp=0x00000051d1bfd350
Event: 92.351 Thread 0x0000015f5087d6b0 DEOPT UNPACKING pc=0x0000015f39ba1702 sp=0x00000051d1bfc858 mode 0

Classes loaded (20 events):
Event: 81.467 Loading class java/time/format/DateTimeFormatterBuilder$1
Event: 81.467 Loading class java/time/format/DateTimeFormatterBuilder$1 done
Event: 81.467 Loading class java/time/format/DateTimeFormatterBuilder$TextPrinterParser
Event: 81.467 Loading class java/time/format/DateTimeFormatterBuilder$TextPrinterParser done
Event: 81.884 Loading class java/util/DualPivotQuicksort
Event: 81.907 Loading class java/util/DualPivotQuicksort done
Event: 88.534 Loading class java/time/Clock$SystemClock
Event: 88.535 Loading class java/time/Clock$SystemClock done
Event: 88.614 Loading class java/util/zip/ZipOutputStream
Event: 88.616 Loading class java/util/zip/ZipOutputStream done
Event: 88.833 Loading class java/nio/file/FileTreeIterator
Event: 88.833 Loading class java/nio/file/FileTreeIterator done
Event: 88.949 Loading class java/util/zip/ZipInputStream
Event: 88.950 Loading class java/util/zip/ZipInputStream done
Event: 89.795 Loading class java/util/stream/IntPipeline$1
Event: 89.796 Loading class java/util/stream/IntPipeline$1 done
Event: 89.798 Loading class java/util/stream/IntPipeline$1$1
Event: 89.798 Loading class java/util/stream/Sink$ChainedInt
Event: 89.798 Loading class java/util/stream/Sink$ChainedInt done
Event: 89.798 Loading class java/util/stream/IntPipeline$1$1 done

Classes unloaded (20 events):
Event: 37.307 Thread 0x0000015f47190b10 Unloading class 0x000000001b0c0238 'androidx/room/compiler/processing/ksp/KspProcessingEnv$jvmVersion$2'
Event: 37.307 Thread 0x0000015f47190b10 Unloading class 0x000000001b0bbb88 'androidx/room/compiler/processing/XProcessingEnv$Platform'
Event: 37.307 Thread 0x0000015f47190b10 Unloading class 0x000000001b0bb900 'androidx/room/compiler/processing/ksp/KspProcessingEnv$jvmPlatformInfo$2'
Event: 37.307 Thread 0x0000015f47190b10 Unloading class 0x000000001b0bb440 'androidx/room/compiler/processing/XProcessingEnv$Backend'
Event: 37.307 Thread 0x0000015f47190b10 Unloading class 0x000000001b0bb1f8 'androidx/room/compiler/processing/XProcessingEnv$Companion'
Event: 37.307 Thread 0x0000015f47190b10 Unloading class 0x000000001b0bae20 'androidx/room/compiler/processing/ksp/KspProcessingEnv'
Event: 37.307 Thread 0x0000015f47190b10 Unloading class 0x000000001b0babe0 'androidx/room/compiler/processing/XProcessingEnv'
Event: 37.307 Thread 0x0000015f47190b10 Unloading class 0x000000001b0ba958 'androidx/room/compiler/processing/ksp/KspBasicAnnotationProcessor$DelegateLogger'
Event: 37.307 Thread 0x0000015f47190b10 Unloading class 0x000000001b0ba498 'androidx/room/processor/Context$BooleanProcessorOptions'
Event: 37.307 Thread 0x0000015f47190b10 Unloading class 0x000000001b0ba248 'androidx/room/compiler/processing/XProcessingEnvConfig$Builder'
Event: 37.307 Thread 0x0000015f47190b10 Unloading class 0x000000001b0ba000 'androidx/room/compiler/processing/XProcessingEnvConfig$Companion'
Event: 37.307 Thread 0x0000015f47190b10 Unloading class 0x000000001b0b9cb0 'androidx/room/compiler/processing/XProcessingEnvConfig'
Event: 37.307 Thread 0x0000015f47190b10 Unloading class 0x000000001b0b9a68 'androidx/room/DatabaseProcessingStep$Companion'
Event: 37.307 Thread 0x0000015f47190b10 Unloading class 0x000000001b0b97e0 'androidx/room/DatabaseProcessingStep'
Event: 37.307 Thread 0x0000015f47190b10 Unloading class 0x000000001b0b95a0 'androidx/room/compiler/processing/XProcessingStep'
Event: 37.307 Thread 0x0000015f47190b10 Unloading class 0x000000001b0b92d0 'androidx/room/RoomKspProcessor'
Event: 37.307 Thread 0x0000015f47190b10 Unloading class 0x000000001b0b9000 'androidx/room/compiler/processing/ksp/KspBasicAnnotationProcessor'
Event: 37.307 Thread 0x0000015f47190b10 Unloading class 0x000000001abbccc0 'androidx/room/compiler/processing/XBasicAnnotationProcessor'
Event: 37.307 Thread 0x0000015f47190b10 Unloading class 0x000000001abbca60 'com/squareup/moshi/kotlin/codegen/ksp/JsonClassSymbolProcessorProvider'
Event: 37.307 Thread 0x0000015f47190b10 Unloading class 0x000000001abbc800 'androidx/room/RoomKspProcessor$Provider'

Classes redefined (0 events):
No events

Internal exceptions (20 events):
Event: 92.281 Thread 0x0000015f5087d6b0 Exception <a 'sun/nio/fs/WindowsException'{0x00000000a27f28e0}> (0x00000000a27f28e0) 
thrown [s\src\hotspot\share\prims\jni.cpp, line 535]
Event: 92.284 Thread 0x0000015f5087d6b0 Exception <a 'sun/nio/fs/WindowsException'{0x00000000a27f9ba0}> (0x00000000a27f9ba0) 
thrown [s\src\hotspot\share\prims\jni.cpp, line 535]
Event: 92.288 Thread 0x0000015f5b2e3130 Exception <a 'sun/nio/fs/WindowsException'{0x00000000a24a7ff8}> (0x00000000a24a7ff8) 
thrown [s\src\hotspot\share\prims\jni.cpp, line 535]
Event: 92.293 Thread 0x0000015f5b2e3130 Exception <a 'sun/nio/fs/WindowsException'{0x00000000a24b97f8}> (0x00000000a24b97f8) 
thrown [s\src\hotspot\share\prims\jni.cpp, line 535]
Event: 92.298 Thread 0x0000015f5b2e3130 Exception <a 'sun/nio/fs/WindowsException'{0x00000000a23de9e0}> (0x00000000a23de9e0) 
thrown [s\src\hotspot\share\prims\jni.cpp, line 535]
Event: 92.309 Thread 0x0000015f5b2e48a0 Exception <a 'sun/nio/fs/WindowsException'{0x00000000a24c6838}> (0x00000000a24c6838) 
thrown [s\src\hotspot\share\prims\jni.cpp, line 535]
Event: 92.312 Thread 0x0000015f5b2e48a0 Exception <a 'sun/nio/fs/WindowsException'{0x00000000a24cc880}> (0x00000000a24cc880) 
thrown [s\src\hotspot\share\prims\jni.cpp, line 535]
Event: 92.317 Thread 0x0000015f5aff82b0 Exception <a 'sun/nio/fs/WindowsException'{0x00000000a2446760}> (0x00000000a2446760) 
thrown [s\src\hotspot\share\prims\jni.cpp, line 535]
Event: 92.324 Thread 0x0000015f5aff82b0 Exception <a 'sun/nio/fs/WindowsException'{0x00000000a2455848}> (0x00000000a2455848) 
thrown [s\src\hotspot\share\prims\jni.cpp, line 535]
Event: 92.326 Thread 0x0000015f5aff82b0 Exception <a 'sun/nio/fs/WindowsException'{0x00000000a22a95c0}> (0x00000000a22a95c0) 
thrown [s\src\hotspot\share\prims\jni.cpp, line 535]
Event: 92.330 Thread 0x0000015f5aff82b0 Exception <a 'sun/nio/fs/WindowsException'{0x00000000a22bcf18}> (0x00000000a22bcf18) 
thrown [s\src\hotspot\share\prims\jni.cpp, line 535]
Event: 92.334 Thread 0x0000015f5aff82b0 Exception <a 'sun/nio/fs/WindowsException'{0x00000000a22cb7b0}> (0x00000000a22cb7b0) 
thrown [s\src\hotspot\share\prims\jni.cpp, line 535]
Event: 92.336 Thread 0x0000015f5aff82b0 Exception <a 'sun/nio/fs/WindowsException'{0x00000000a22d37c0}> (0x00000000a22d37c0) 
thrown [s\src\hotspot\share\prims\jni.cpp, line 535]
Event: 92.338 Thread 0x0000015f5aff82b0 Exception <a 'sun/nio/fs/WindowsException'{0x00000000a22d9760}> (0x00000000a22d9760) 
thrown [s\src\hotspot\share\prims\jni.cpp, line 535]
Event: 92.341 Thread 0x0000015f5aff82b0 Exception <a 'sun/nio/fs/WindowsException'{0x00000000a22dfff8}> (0x00000000a22dfff8) 
thrown [s\src\hotspot\share\prims\jni.cpp, line 535]
Event: 92.344 Thread 0x0000015f5aff82b0 Exception <a 'sun/nio/fs/WindowsException'{0x00000000a22e5f58}> (0x00000000a22e5f58) 
thrown [s\src\hotspot\share\prims\jni.cpp, line 535]
Event: 92.347 Thread 0x0000015f5aff82b0 Exception <a 'sun/nio/fs/WindowsException'{0x00000000a2156a90}> (0x00000000a2156a90) 
thrown [s\src\hotspot\share\prims\jni.cpp, line 535]
Event: 92.351 Thread 0x0000015f5b2e48a0 Exception <a 'sun/nio/fs/WindowsException'{0x00000000a24e82b8}> (0x00000000a24e82b8) 
thrown [s\src\hotspot\share\prims\jni.cpp, line 535]
Event: 92.354 Thread 0x0000015f5b2e48a0 Exception <a 'sun/nio/fs/WindowsException'{0x00000000a217e858}> (0x00000000a217e858) 
thrown [s\src\hotspot\share\prims\jni.cpp, line 535]
Event: 92.357 Thread 0x0000015f5b2e48a0 Exception <a 'sun/nio/fs/WindowsException'{0x00000000a21845c0}> (0x00000000a21845c0) 
thrown [s\src\hotspot\share\prims\jni.cpp, line 535]

VM Operations (20 events):
Event: 81.388 Executing safepoint VM operation: G1CollectForAllocation (G1 Evacuation Pause)
Event: 81.427 Executing safepoint VM operation: G1CollectForAllocation (G1 Evacuation Pause) done
Event: 83.093 Executing non-safepoint VM operation: HandshakeAllThreads (Deoptimize)
Event: 83.093 Executing non-safepoint VM operation: HandshakeAllThreads (Deoptimize) done
Event: 87.751 Executing safepoint VM operation: G1CollectForAllocation (G1 Evacuation Pause)
Event: 87.817 Executing safepoint VM operation: G1CollectForAllocation (G1 Evacuation Pause) done
Event: 89.595 Executing safepoint VM operation: G1CollectForAllocation (G1 Evacuation Pause)
Event: 89.649 Executing safepoint VM operation: G1CollectForAllocation (G1 Evacuation Pause) done
Event: 90.008 Executing non-safepoint VM operation: HandshakeAllThreads (Deoptimize)
Event: 90.008 Executing non-safepoint VM operation: HandshakeAllThreads (Deoptimize) done
Event: 90.198 Executing safepoint VM operation: G1PauseRemark
Event: 90.229 Executing safepoint VM operation: G1PauseRemark done
Event: 90.241 Executing non-safepoint VM operation: HandshakeAllThreads (Deoptimize)
Event: 90.241 Executing non-safepoint VM operation: HandshakeAllThreads (Deoptimize) done
Event: 90.470 Executing safepoint VM operation: G1PauseCleanup
Event: 90.478 Executing safepoint VM operation: G1PauseCleanup done
Event: 91.942 Executing non-safepoint VM operation: HandshakeAllThreads (Deoptimize)
Event: 91.942 Executing non-safepoint VM operation: HandshakeAllThreads (Deoptimize) done
Event: 91.950 Executing non-safepoint VM operation: HandshakeAllThreads (Deoptimize)
Event: 91.951 Executing non-safepoint VM operation: HandshakeAllThreads (Deoptimize) done

Memory protections (0 events):
No events

Nmethod flushes (20 events):
Event: 90.224 Thread 0x0000015f47190b10 flushing  nmethod 0x0000015f33044488
Event: 90.224 Thread 0x0000015f47190b10 flushing  nmethod 0x0000015f330cf808
Event: 90.224 Thread 0x0000015f47190b10 flushing  nmethod 0x0000015f33d32888
Event: 90.224 Thread 0x0000015f47190b10 flushing  nmethod 0x0000015f33d36508
Event: 90.224 Thread 0x0000015f47190b10 flushing  nmethod 0x0000015f33fbf408
Event: 90.224 Thread 0x0000015f47190b10 flushing  nmethod 0x0000015f34cd9f88
Event: 90.224 Thread 0x0000015f47190b10 flushing  nmethod 0x0000015f34ce5788
Event: 90.224 Thread 0x0000015f47190b10 flushing  nmethod 0x0000015f34f3c488
Event: 90.224 Thread 0x0000015f47190b10 flushing  nmethod 0x0000015f34f3d388
Event: 90.224 Thread 0x0000015f47190b10 flushing  nmethod 0x0000015f34f3e608
Event: 90.224 Thread 0x0000015f47190b10 flushing  nmethod 0x0000015f350e0808
Event: 90.224 Thread 0x0000015f47190b10 flushing  nmethod 0x0000015f3534d088
Event: 90.224 Thread 0x0000015f47190b10 flushing  nmethod 0x0000015f35b6d188
Event: 90.224 Thread 0x0000015f47190b10 flushing  nmethod 0x0000015f35b71488
Event: 90.224 Thread 0x0000015f47190b10 flushing  nmethod 0x0000015f35c08588
Event: 90.224 Thread 0x0000015f47190b10 flushing  nmethod 0x0000015f35d43388
Event: 90.224 Thread 0x0000015f47190b10 flushing  nmethod 0x0000015f369b6b88
Event: 90.224 Thread 0x0000015f47190b10 flushing  nmethod 0x0000015f369d1788
Event: 90.224 Thread 0x0000015f47190b10 flushing  nmethod 0x0000015f369d3088
Event: 90.224 Thread 0x0000015f47190b10 flushing  nmethod 0x0000015f369d7b88

Events (20 events):
Event: 82.699 Thread 0x0000015f4e0594b0 Thread added: 0x0000015f69a0bf00
Event: 82.745 Thread 0x0000015f4e0594b0 Thread added: 0x0000015f69a0de40
Event: 83.821 Thread 0x0000015f4e0594b0 Thread added: 0x0000015f655158a0
Event: 84.011 Thread 0x0000015f5b386f30 Thread exited: 0x0000015f5b386f30
Event: 84.011 Thread 0x0000015f5b386720 Thread exited: 0x0000015f5b386720
Event: 88.485 Thread 0x0000015f47322550 Thread added: 0x0000015f51969880
Event: 88.511 Thread 0x0000015f47322550 Thread added: 0x0000015f5b3826a0
Event: 88.780 Thread 0x0000015f4f26a610 Thread added: 0x0000015f5b2e48a0
Event: 88.783 Thread 0x0000015f4f26a610 Thread added: 0x0000015f5b2e3130
Event: 88.919 Thread 0x0000015f4f26a610 Thread added: 0x0000015f4fd385b0
Event: 89.011 Thread 0x0000015f5aff6370 Thread exited: 0x0000015f5aff6370
Event: 89.039 Thread 0x0000015f5191f2c0 Thread exited: 0x0000015f5191f2c0
Event: 89.341 Thread 0x0000015f4e0594b0 Thread added: 0x0000015f69ae8360
Event: 89.341 Thread 0x0000015f4e0594b0 Thread added: 0x0000015f69ae8b30
Event: 89.388 Thread 0x0000015f4e0594b0 Thread added: 0x0000015f6f4fa410
Event: 89.440 Thread 0x0000015f4e0594b0 Thread added: 0x0000015f69a0f5b0
Event: 89.992 Thread 0x0000015f5b3826a0 Thread exited: 0x0000015f5b3826a0
Event: 89.993 Thread 0x0000015f51969880 Thread exited: 0x0000015f51969880
Event: 92.054 Thread 0x0000015f47322550 Thread added: 0x0000015f6f605bc0
Event: 92.350 Thread 0x0000015f6f605bc0 Thread exited: 0x0000015f6f605bc0


Dynamic libraries:
0x00007ff61a1c0000 - 0x00007ff61a1ca000 	C:\Program Files\Android\Android Studio\jbr\bin\java.exe
0x00007ff931320000 - 0x00007ff931586000 	C:\WINDOWS\SYSTEM32\ntdll.dll
0x00007ff930f40000 - 0x00007ff931009000 	C:\WINDOWS\System32\KERNEL32.DLL
0x00007ff92e8a0000 - 0x00007ff92ec9e000 	C:\WINDOWS\System32\KERNELBASE.dll
0x00007ff92e740000 - 0x00007ff92e88c000 	C:\WINDOWS\System32\ucrtbase.dll
0x00007ff90c710000 - 0x00007ff90c726000 	C:\Program Files\Android\Android Studio\jbr\bin\jli.dll
0x00007ff927de0000 - 0x00007ff927dfb000 	C:\Program Files\Android\Android Studio\jbr\bin\VCRUNTIME140.dll
0x00007ff930400000 - 0x00007ff9305c7000 	C:\WINDOWS\System32\USER32.dll
0x00007ff92f020000 - 0x00007ff92f047000 	C:\WINDOWS\System32\win32u.dll
0x00007ff9117b0000 - 0x00007ff911a42000 	C:\WINDOWS\WinSxS\amd64_microsoft.windows.common-controls_6595b64144ccf1df_6.0.26100.8875_none_3e0d5d42e32fe9dd\COMCTL32.dll
0x00007ff930e30000 - 0x00007ff930e5b000 	C:\WINDOWS\System32\GDI32.dll
0x00007ff92f050000 - 0x00007ff92f0f9000 	C:\WINDOWS\System32\msvcrt.dll
0x00007ff92ecb0000 - 0x00007ff92edda000 	C:\WINDOWS\System32\gdi32full.dll
0x00007ff92e690000 - 0x00007ff92e733000 	C:\WINDOWS\System32\msvcp_win.dll
0x00007ff931120000 - 0x00007ff931152000 	C:\WINDOWS\System32\IMM32.DLL
0x00007ff92ac20000 - 0x00007ff92ac2c000 	C:\Program Files\Android\Android Studio\jbr\bin\vcruntime140_1.dll
0x00007ff919c70000 - 0x00007ff919cfd000 	C:\Program Files\Android\Android Studio\jbr\bin\msvcp140.dll
0x00007ff8a0320000 - 0x00007ff8a11fa000 	C:\Program Files\Android\Android Studio\jbr\bin\server\jvm.dll
0x00007ff930d70000 - 0x00007ff930e27000 	C:\WINDOWS\System32\ADVAPI32.dll
0x00007ff92f100000 - 0x00007ff92f1aa000 	C:\WINDOWS\System32\sechost.dll
0x00007ff92fd60000 - 0x00007ff92fe78000 	C:\WINDOWS\System32\RPCRT4.dll
0x00007ff931250000 - 0x00007ff9312d0000 	C:\WINDOWS\System32\WS2_32.dll
0x00007ff928880000 - 0x00007ff9288b6000 	C:\WINDOWS\SYSTEM32\WINMM.dll
0x00007ff92e3a0000 - 0x00007ff92e3fe000 	C:\WINDOWS\SYSTEM32\POWRPROF.dll
0x00007ff911ca0000 - 0x00007ff911cab000 	C:\WINDOWS\SYSTEM32\VERSION.dll
0x00007ff92e380000 - 0x00007ff92e394000 	C:\WINDOWS\SYSTEM32\UMPDC.dll
0x00007ff92d150000 - 0x00007ff92d16b000 	C:\WINDOWS\SYSTEM32\kernel.appcore.dll
0x00007ff92ac10000 - 0x00007ff92ac1a000 	C:\Program Files\Android\Android Studio\jbr\bin\jimage.dll
0x00007ff92b9d0000 - 0x00007ff92bc12000 	C:\WINDOWS\SYSTEM32\DBGHELP.DLL
0x00007ff92fe80000 - 0x00007ff930203000 	C:\WINDOWS\System32\combase.dll
0x00007ff930320000 - 0x00007ff9303f9000 	C:\WINDOWS\System32\OLEAUT32.dll
0x00007ff9069c0000 - 0x00007ff9069fb000 	C:\WINDOWS\SYSTEM32\dbgcore.DLL
0x00007ff92e5d0000 - 0x00007ff92e67c000 	C:\WINDOWS\System32\bcryptPrimitives.dll
0x00007ff914240000 - 0x00007ff91424e000 	C:\Program Files\Android\Android Studio\jbr\bin\instrument.dll
0x00007ff91e330000 - 0x00007ff91e34f000 	C:\Program Files\Android\Android Studio\jbr\bin\java.dll
0x00007ff92f610000 - 0x00007ff92f7a9000 	C:\WINDOWS\System32\ole32.dll
0x00007ff9305d0000 - 0x00007ff930d62000 	C:\WINDOWS\System32\SHELL32.dll
0x00007ff91af50000 - 0x00007ff91af67000 	C:\Program Files\Android\Android Studio\jbr\bin\zip.dll
0x00007ff92bfa0000 - 0x00007ff92c832000 	C:\WINDOWS\SYSTEM32\windows.storage.dll
0x00007ff931020000 - 0x00007ff931117000 	C:\WINDOWS\System32\SHCORE.dll
0x00007ff92f7b0000 - 0x00007ff92f817000 	C:\WINDOWS\System32\shlwapi.dll
0x00007ff92e460000 - 0x00007ff92e489000 	C:\WINDOWS\SYSTEM32\profapi.dll
0x00007ff91b180000 - 0x00007ff91b190000 	C:\Program Files\Android\Android Studio\jbr\bin\net.dll
0x00007ff92d7d0000 - 0x00007ff92d83c000 	C:\WINDOWS\system32\mswsock.dll
0x00007ff91ae20000 - 0x00007ff91ae36000 	C:\Program Files\Android\Android Studio\jbr\bin\nio.dll
0x00007ff919b00000 - 0x00007ff919b10000 	C:\Program Files\Android\Android Studio\jbr\bin\verify.dll
0x00007ff871550000 - 0x00007ff871577000 	C:\Users\SIVA\.gradle\native\660c5614fbf4a5f2a75b1949f50a0caf5cd603558e7d8a26e50b933a0cfb79d1\windows-amd64\native-platform.dll
0x00007ff90c690000 - 0x00007ff90c707000 	C:\Users\SIVA\.gradle\native\0.2.8\x86_64-windows-gnu\gradle-fileevents.dll
0x00007ff919b30000 - 0x00007ff919b39000 	C:\Program Files\Android\Android Studio\jbr\bin\management.dll
0x00007ff919b20000 - 0x00007ff919b2b000 	C:\Program Files\Android\Android Studio\jbr\bin\management_ext.dll
0x00007ff930310000 - 0x00007ff930318000 	C:\WINDOWS\System32\PSAPI.DLL
0x00007ff92cb90000 - 0x00007ff92cbc3000 	C:\WINDOWS\SYSTEM32\IPHLPAPI.DLL
0x00007ff931240000 - 0x00007ff93124a000 	C:\WINDOWS\System32\NSI.dll
0x00007ff91b070000 - 0x00007ff91b079000 	C:\Program Files\Android\Android Studio\jbr\bin\extnet.dll
0x00007ff92dad0000 - 0x00007ff92daeb000 	C:\WINDOWS\SYSTEM32\CRYPTSP.dll
0x00007ff92d170000 - 0x00007ff92d1a9000 	C:\WINDOWS\system32\rsaenh.dll
0x00007ff92d890000 - 0x00007ff92d8c2000 	C:\WINDOWS\SYSTEM32\USERENV.dll
0x00007ff92e430000 - 0x00007ff92e45a000 	C:\WINDOWS\SYSTEM32\bcrypt.dll
0x00007ff92daf0000 - 0x00007ff92dafc000 	C:\WINDOWS\SYSTEM32\CRYPTBASE.dll
0x00007ff8ebf00000 - 0x00007ff8ebf08000 	C:\WINDOWS\system32\wshunix.dll
0x00007ff911e10000 - 0x00007ff911f9a000 	C:\Program Files\Android\Android Studio\jbr\bin\awt.dll
0x00007ff912da0000 - 0x00007ff912de3000 	C:\Program Files\Android\Android Studio\jbr\bin\nvdaControllerClient.dll
0x00007ff92b380000 - 0x00007ff92b3af000 	C:\WINDOWS\SYSTEM32\dwmapi.dll
0x00007ff90af60000 - 0x00007ff90afd3000 	C:\WINDOWS\SYSTEM32\OLEACC.dll
0x00007ff92ac90000 - 0x00007ff92ad30000 	C:\WINDOWS\SYSTEM32\apphelp.dll
0x00007ff92b0e0000 - 0x00007ff92b189000 	C:\WINDOWS\system32\uxtheme.dll
0x00007ff92f390000 - 0x00007ff92f4ed000 	C:\WINDOWS\System32\MSCTF.dll
0x00007ff92d330000 - 0x00007ff92d366000 	C:\WINDOWS\SYSTEM32\ntmarta.dll

JVMTI agents:
C:\Users\SIVA\.gradle\wrapper\dists\gradle-9.3.1-bin\23ovyewtku6u96viwx3xl3oks\gradle-9.3.1\lib\agents\gradle-instrumentation-agent-9.3.1.jar path:C:\Program Files\Android\Android Studio\jbr\bin\instrument.dll, loaded, initialized, instrumentlib options:none

dbghelp: loaded successfully - version: 4.0.5 - missing functions: none
symbol engine: initialized successfully - sym options: 0x614 - pdb path: .;C:\Program Files\Android\Android Studio\jbr\bin;C:\WINDOWS\SYSTEM32;C:\WINDOWS\WinSxS\amd64_microsoft.windows.common-controls_6595b64144ccf1df_6.0.26100.8875_none_3e0d5d42e32fe9dd;C:\Program Files\Android\Android Studio\jbr\bin\server;C:\Users\SIVA\.gradle\native\660c5614fbf4a5f2a75b1949f50a0caf5cd603558e7d8a26e50b933a0cfb79d1\windows-amd64;C:\Users\SIVA\.gradle\native\0.2.8\x86_64-windows-gnu;C:\Users\SIVA\AppData\Local\Temp

VM Arguments:
jvm_args: --add-opens=java.base/java.lang=ALL-UNNAMED --add-opens=java.base/java.lang.invoke=ALL-UNNAMED --add-opens=java.base/java.util=ALL-UNNAMED --add-opens=java.prefs/java.util.prefs=ALL-UNNAMED --add-exports=jdk.compiler/com.sun.tools.javac.api=ALL-UNNAMED --add-exports=jdk.compiler/com.sun.tools.javac.util=ALL-UNNAMED --add-opens=java.base/java.util=ALL-UNNAMED --add-opens=java.prefs/java.util.prefs=ALL-UNNAMED --add-opens=java.base/java.nio.charset=ALL-UNNAMED --add-opens=java.base/java.net=ALL-UNNAMED --add-opens=java.base/java.util.concurrent=ALL-UNNAMED --add-opens=java.base/java.util.concurrent.atomic=ALL-UNNAMED --add-opens=java.xml/javax.xml.namespace=ALL-UNNAMED --add-opens=java.base/java.time=ALL-UNNAMED --enable-native-access=ALL-UNNAMED -Xmx2048m -Dfile.encoding=UTF-8 -Duser.country=IN -Duser.language=en -Duser.variant -javaagent:C:\Users\SIVA\.gradle\wrapper\dists\gradle-9.3.1-bin\23ovyewtku6u96viwx3xl3oks\gradle-9.3.1\lib\agents\gradle-instrumentation-agent-9.3.1.jar 
java_command: org.gradle.launcher.daemon.bootstrap.GradleDaemon 9.3.1
java_class_path (initial): C:\Users\SIVA\.gradle\wrapper\dists\gradle-9.3.1-bin\23ovyewtku6u96viwx3xl3oks\gradle-9.3.1\lib\gradle-daemon-main-9.3.1.jar
Launcher Type: SUN_STANDARD

[Global flags]
     intx CICompilerCount                          = 4                                         {product} {ergonomic}
     uint ConcGCThreads                            = 3                                         {product} {ergonomic}
     uint G1ConcRefinementThreads                  = 10                                        {product} {ergonomic}
   size_t G1HeapRegionSize                         = 1048576                                   {product} {ergonomic}
   size_t InitialHeapSize                          = 264241152                                 {product} {ergonomic}
   size_t MarkStackSize                            = 4194304                                   {product} {ergonomic}
   size_t MarkStackSizeMax                         = 536870912                                 {product} {ergonomic}
   size_t MaxHeapSize                              = 2147483648                                {product} {command line}
   size_t MaxNewSize                               = 1287651328                                {product} {ergonomic}
   size_t MinHeapDeltaBytes                        = 1048576                                   {product} {ergonomic}
   size_t MinHeapSize                              = 8388608                                   {product} {ergonomic}
    uintx NonNMethodCodeHeapSize                   = 5832704                                {pd product} {ergonomic}
    uintx NonProfiledCodeHeapSize                  = 122945536                              {pd product} {ergonomic}
    uintx ProfiledCodeHeapSize                     = 122880000                              {pd product} {ergonomic}
    uintx ReservedCodeCacheSize                    = 251658240                              {pd product} {ergonomic}
     bool SegmentedCodeCache                       = true                                      {product} {ergonomic}
   size_t SoftMaxHeapSize                          = 2147483648                             {manageable} {ergonomic}
     bool UseCompressedOops                        = true                           {product lp64_product} {ergonomic}
     bool UseG1GC                                  = true                                      {product} {ergonomic}
     bool UseLargePagesIndividualAllocation        = false                                  {pd product} {ergonomic}

Logging:
Log output configuration:
 #0: stdout all=warning uptime,level,tags foldmultilines=false
 #1: stderr all=off uptime,level,tags foldmultilines=false

Release file:
JAVA_VERSION="25.0.2" 
MODULES="java.base java.compiler java.datatransfer java.xml java.prefs java.desktop java.instrument java.logging java.management java.security.sasl java.naming java.rmi java.management.rmi java.net.http java.scripting java.security.jgss java.transaction.xa java.sql java.sql.rowset java.xml.crypto java.se java.smartcardio jdk.accessibility jdk.internal.jvmstat jdk.attach jdk.charsets jdk.internal.opt jdk.zipfs jdk.compiler jdk.crypto.cryptoki jdk.crypto.ec jdk.dynalink jdk.hotspot.agent jdk.httpserver jdk.internal.ed jdk.internal.le jdk.internal.md jdk.internal.vm.ci jdk.jartool jdk.javadoc jdk.jcmd jdk.jdeps jdk.jdwp.agent jdk.jdi jdk.jfr jdk.jlink jdk.localedata jdk.management jdk.management.agent jdk.management.jfr jdk.naming.dns jdk.naming.rmi jdk.net jdk.sctp jdk.security.auth jdk.security.jgss jdk.unsupported jdk.unsupported.desktop jdk.xml.dom" 
IMPLEMENTOR="JetBrains s.r.o." 
JAVA_RUNTIME_VERSION="25.0.2+-15348964-b329.117" 
LIBC="default" 
OS_ARCH="x86_64" 
OS_NAME="Windows" 
SOURCE=".:git:3cf398e84a39" 

Environment Variables:
JAVA_HOME=C:\Program Files\Android\Android Studio\jbr
PATH=C:/Users/SIVA/.gemini/antigravity-ide/bin;C:\Program Files\Common Files\Oracle\Java\javapath;C:\WINDOWS\system32;C:\WINDOWS;C:\WINDOWS\System32\Wbem;C:\WINDOWS\System32\WindowsPowerShell\v1.0\;C:\WINDOWS\System32\OpenSSH\;C:\Program Files\dotnet\;C:\Program Files\nodejs\;C:\Program Files\Git\cmd;C:\Program Files\Go\bin;C:\Program Files\Docker\Docker\resources\bin;C:\Users\SIVA\.local\bin;C:\Users\SIVA\anaconda3;C:\Users\SIVA\anaconda3\Library\mingw-w64\bin;C:\Users\SIVA\anaconda3\Library\usr\bin;C:\Users\SIVA\anaconda3\Library\bin;C:\Users\SIVA\anaconda3\Scripts;C:\Users\SIVA\AppData\Local\Programs\Python\Python312\Scripts\;C:\Users\SIVA\AppData\Local\Programs\Python\Python312\;C:\Users\SIVA\AppData\Local\Microsoft\WindowsApps;C:\Users\SIVA\AppData\Local\Programs\Microsoft VS Code\bin;C:\Users\SIVA\AppData\Roaming\npm;C:\Users\SIVA\AppData\Local\Programs\mongosh\;C:\Users\SIVA\AppData\Local\Programs\Antigravity IDE\bin;C:\Users\SIVA\go\bin
USERNAME=SIVA
OS=Windows_NT
PROCESSOR_IDENTIFIER=Intel64 Family 6 Model 186 Stepping 3, GenuineIntel
TMP=C:\Users\SIVA\AppData\Local\Temp
TEMP=C:\Users\SIVA\AppData\Local\Temp




Compilation memory statistics disabled.

Periodic native trim disabled

JNI global refs:
JNI global refs: 55, weak refs: 3

JNI global refs memory usage: 835, weak refs: 833

Process memory usage:
Resident Set Size: 1295648K (7% of 16454352K total physical memory with 1310796K free physical memory)

OOME stack traces (most recent first):
Classloader memory used:
Loader java.net.URLClassLoader                                                         : 126 M
Loader org.gradle.internal.classloader.VisitableURLClassLoader                         : 39635 K
Loader bootstrap                                                                       : 28712 K
Loader org.gradle.internal.classloader.VisitableURLClassLoader$InstrumentingVisitableURLClassLoader: 24069 K
Loader org.gradle.initialization.MixInLegacyTypesClassLoader                           : 9659 K
Loader jdk.internal.jrtfs.JrtFileSystemProvider$JrtFsLoader                            : 622 K
Loader jdk.internal.loader.ClassLoaders$PlatformClassLoader                            : 262 K
Loader jdk.internal.loader.ClassLoaders$AppClassLoader                                 : 232 K

Classes loaded by more than one classloader:
Class kotlin.sequences.DropTakeSequence                                               : loaded 3 times (x 72B)
Class kotlin.ranges.IntProgression                                                    : loaded 3 times (x 83B)
Class kotlin.io.FileWalkDirection                                                     : loaded 3 times (x 81B)
Class kotlin.sequences.FlatteningSequence                                             : loaded 3 times (x 77B)
Class kotlin.coroutines.jvm.internal.CompletedContinuation                            : loaded 3 times (x 77B)
Class jdk.internal.jimage.decompressor.ResourceDecompressor$StringsProvider           : loaded 3 times (x 72B)
Class kotlin.io.TextStreamsKt                                                         : loaded 3 times (x 73B)
Class kotlin.text.StringsKt__StringsKt                                                : loaded 3 times (x 73B)
Class kotlin.NotImplementedError                                                      : loaded 3 times (x 84B)
Class kotlin.coroutines.CoroutineContext                                              : loaded 3 times (x 72B)
Class kotlin.coroutines.jvm.internal.DebugProbesKt                                    : loaded 3 times (x 73B)
Class kotlin.ranges.IntProgressionIterator                                            : loaded 3 times (x 84B)
Class jdk.internal.jimage.BasicImageReader                                            : loaded 3 times (x 97B)
Class kotlin.collections.CollectionsKt                                                : loaded 3 times (x 73B)
Class kotlin.reflect.KMutableProperty2                                                : loaded 3 times (x 72B)
Class kotlin.io.NoSuchFileException                                                   : loaded 3 times (x 84B)
Class kotlin.reflect.KMutableProperty1                                                : loaded 3 times (x 72B)
Class kotlin.sequences.FilteringSequence$iterator$1                                   : loaded 3 times (x 81B)
Class kotlin.sequences.SequencesKt__SequenceBuilderKt                                 : loaded 3 times (x 73B)
Class kotlin.io.FilesKt__FileTreeWalkKt                                               : loaded 3 times (x 73B)
Class kotlin.coroutines.jvm.internal.CoroutineStackFrame                              : loaded 3 times (x 72B)
Class kotlin.jvm.internal.CollectionToArray                                           : loaded 3 times (x 73B)
Class kotlin.coroutines.intrinsics.IntrinsicsKt__IntrinsicsJvmKt                      : loaded 3 times (x 73B)
Class kotlin.collections.CollectionsKt__ReversedViewsKt                               : loaded 3 times (x 73B)
Class kotlin.jvm.internal.StringCompanionObject                                       : loaded 3 times (x 73B)
Class kotlin.SafePublicationLazyImpl$Companion                                        : loaded 3 times (x 73B)
Class kotlin.jvm.internal.PropertyReference1Impl                                      : loaded 3 times (x 129B)
Class kotlin.jvm.internal.MutablePropertyReference1                                   : loaded 3 times (x 139B)
Class kotlin.reflect.KClassifier                                                      : loaded 3 times (x 72B)
Class kotlin.reflect.KMutableProperty0                                                : loaded 3 times (x 72B)
Class kotlin.coroutines.jvm.internal.SuspendFunction                                  : loaded 3 times (x 72B)
Class kotlin.io.FileTreeWalk                                                          : loaded 3 times (x 77B)
Class kotlin.ranges.IntProgression$Companion                                          : loaded 3 times (x 73B)
Class [Lkotlin.io.FileWalkDirection;                                                  : loaded 3 times (x 71B)
Class kotlin.jvm.internal.markers.KMappedMarker                                       : loaded 3 times (x 72B)
Class [Lkotlin.reflect.KProperty;                                                     : loaded 3 times (x 71B)
Class kotlin.collections.builders.MapBuilder                                          : loaded 3 times (x 114B)
Class jdk.internal.jimage.decompressor.StringSharingDecompressorFactory               : loaded 3 times (x 76B)
Class kotlin.sequences.ConstrainedOnceSequence                                        : loaded 3 times (x 77B)
Class kotlin.NoWhenBranchMatchedException                                             : loaded 3 times (x 84B)
Class kotlin.sequences.TransformingSequence                                           : loaded 3 times (x 77B)
Class kotlin.Lazy                                                                     : loaded 3 times (x 72B)
Class kotlin.jvm.functions.Function19                                                 : loaded 3 times (x 72B)
Class kotlin.reflect.KMutableProperty$Setter                                          : loaded 3 times (x 72B)
Class kotlin.jvm.internal.CallableReference$NoReceiver                                : loaded 3 times (x 73B)
Class kotlin.text.StringsKt__StringBuilderKt                                          : loaded 3 times (x 73B)
Class kotlin.jvm.functions.Function18                                                 : loaded 3 times (x 72B)
Class kotlin.collections.ArraysKt__ArraysJVMKt                                        : loaded 3 times (x 73B)
Class [Lkotlin.reflect.KClass;                                                        : loaded 3 times (x 71B)
Class kotlin.jvm.functions.Function17                                                 : loaded 3 times (x 72B)
Class kotlin.InitializedLazyImpl                                                      : loaded 3 times (x 78B)
Class kotlin.LazyKt                                                                   : loaded 3 times (x 73B)
Class kotlin.collections.SetsKt__SetsKt                                               : loaded 3 times (x 73B)
Class kotlin.jvm.functions.Function16                                                 : loaded 3 times (x 72B)
Class kotlin.coroutines.EmptyCoroutineContext                                         : loaded 3 times (x 79B)
Class kotlin.collections.ArraysKt                                                     : loaded 3 times (x 73B)
Class kotlin.jvm.functions.Function15                                                 : loaded 3 times (x 72B)
Class kotlin.sequences.SequencesKt___SequencesKt                                      : loaded 3 times (x 73B)
Class kotlin.KotlinVersion$Companion                                                  : loaded 3 times (x 73B)
Class kotlin.collections.AbstractList$Companion                                       : loaded 3 times (x 73B)
Class kotlin.text.CharsKt__CharKt                                                     : loaded 3 times (x 73B)
Class kotlin.collections.ArrayDeque$Companion                                         : loaded 3 times (x 73B)
Class kotlin.io.FileTreeWalk$FileTreeWalkIterator                                     : loaded 3 times (x 85B)
Class kotlin.sequences.SequencesKt___SequencesKt$flatMap$2                            : loaded 3 times (x 127B)
Class kotlin.ranges.RangesKt___RangesKt                                               : loaded 3 times (x 73B)
Class kotlin.jvm.functions.Function14                                                 : loaded 3 times (x 72B)
Class kotlin.KotlinNullPointerException                                               : loaded 3 times (x 84B)
Class kotlin.coroutines.ContinuationInterceptor                                       : loaded 3 times (x 72B)
Class kotlin.text.StringsKt__AppendableKt                                             : loaded 3 times (x 73B)
Class kotlin.jvm.functions.Function13                                                 : loaded 3 times (x 72B)
Class kotlin.text.Charsets                                                            : loaded 3 times (x 73B)
Class kotlin.ranges.OpenEndRange                                                      : loaded 3 times (x 72B)
Class kotlin.jvm.internal.AdaptedFunctionReference                                    : loaded 3 times (x 79B)
Class kotlin.sequences.SequenceBuilderIterator                                        : loaded 3 times (x 87B)
Class kotlin.reflect.KProperty$Accessor                                               : loaded 3 times (x 72B)
Class [Lkotlin.reflect.KCallable;                                                     : loaded 3 times (x 71B)
Class kotlin.jvm.internal.ArrayIteratorKt                                             : loaded 3 times (x 73B)
Class jdk.internal.jimage.decompressor.CompressedResourceHeader                       : loaded 3 times (x 73B)
Class kotlin.collections.CollectionsKt__IterablesKt                                   : loaded 3 times (x 73B)
Class kotlin.sequences.SequenceScope                                                  : loaded 3 times (x 75B)
Class kotlin.collections.MapsKt                                                       : loaded 3 times (x 73B)
Class kotlin.jvm.functions.Function12                                                 : loaded 3 times (x 72B)
Class kotlin.sequences.Sequence                                                       : loaded 3 times (x 72B)
Class kotlin.coroutines.intrinsics.CoroutineSingletons                                : loaded 3 times (x 81B)
Class kotlin.collections.builders.MapBuilder$EntryRef                                 : loaded 3 times (x 83B)
Class kotlin.text.StringsKt__StringNumberConversionsJVMKt                             : loaded 3 times (x 73B)
Class jdk.internal.jrtfs.JrtFileSystem                                                : loaded 3 times (x 104B)
Class kotlin.jvm.internal.Intrinsics                                                  : loaded 3 times (x 73B)
Class kotlin.reflect.KAnnotatedElement                                                : loaded 3 times (x 72B)
Class kotlin.collections.CollectionsKt___CollectionsKt$asSequence$$inlined$Sequence$1 : loaded 3 times (x 77B)
Class kotlin.collections.EmptyMap                                                     : loaded 3 times (x 110B)
Class kotlin.jvm.internal.markers.KMutableCollection                                  : loaded 3 times (x 72B)
Class kotlin.jvm.functions.Function11                                                 : loaded 3 times (x 72B)
Class kotlin.jvm.functions.Function20                                                 : loaded 3 times (x 72B)
Class kotlin.ranges.IntRange$Companion                                                : loaded 3 times (x 73B)
Class kotlin.coroutines.intrinsics.IntrinsicsKt                                       : loaded 3 times (x 73B)
Class [Lkotlin.reflect.KClassifier;                                                   : loaded 3 times (x 71B)
Class [Lkotlin.LazyThreadSafetyMode;                                                  : loaded 3 times (x 71B)
Class kotlin.jvm.functions.Function9                                                  : loaded 3 times (x 72B)
Class kotlin.jvm.functions.Function21                                                 : loaded 3 times (x 72B)
Class kotlin.jvm.functions.Function10                                                 : loaded 3 times (x 72B)
Class kotlin.annotation.MustBeDocumented                                              : loaded 3 times (x 72B)
Class kotlin.annotation.AnnotationRetention                                           : loaded 3 times (x 81B)
Class kotlin.collections.MapWithDefault                                               : loaded 3 times (x 72B)
Class kotlin.enums.EnumEntriesKt                                                      : loaded 3 times (x 73B)
Class kotlin.coroutines.jvm.internal.SuspendLambda                                    : loaded 3 times (x 93B)
Class kotlin.coroutines.jvm.internal.ContinuationImpl                                 : loaded 3 times (x 89B)
Class kotlin.jvm.functions.Function22                                                 : loaded 3 times (x 72B)
Class kotlin.collections.builders.MapBuilderEntries                                   : loaded 3 times (x 147B)
Class kotlin.text.StringsKt___StringsKt                                               : loaded 3 times (x 73B)
Class kotlin.collections.CollectionsKt__MutableCollectionsJVMKt                       : loaded 3 times (x 73B)
Class kotlin.collections.builders.MapBuilder$Companion                                : loaded 3 times (x 73B)
Class kotlin.jvm.functions.Function8                                                  : loaded 3 times (x 72B)
Class [Lkotlin.annotation.AnnotationRetention;                                        : loaded 3 times (x 71B)
Class kotlin.reflect.KTypeParameter                                                   : loaded 3 times (x 72B)
Class kotlin.collections.ArraysKt___ArraysJvmKt                                       : loaded 3 times (x 73B)
Class kotlin.collections.CollectionsKt__CollectionsKt                                 : loaded 3 times (x 73B)
Class kotlin.text.StringsKt__RegexExtensionsJVMKt                                     : loaded 3 times (x 73B)
Class kotlin.collections.MapsKt__MapWithDefaultKt                                     : loaded 3 times (x 73B)
Class kotlin.jvm.functions.Function7                                                  : loaded 3 times (x 72B)
Class kotlin.collections.ArraysKt___ArraysKt                                          : loaded 3 times (x 73B)
Class kotlin.text.Regex$Companion                                                     : loaded 3 times (x 73B)
Class kotlin._Assertions                                                              : loaded 3 times (x 73B)
Class kotlin.collections.MapsKt___MapsKt                                              : loaded 3 times (x 73B)
Class kotlin.jvm.functions.Function6                                                  : loaded 3 times (x 72B)
Class kotlin.io.FilesKt                                                               : loaded 3 times (x 73B)
Class kotlin.reflect.KDeclarationContainer                                            : loaded 3 times (x 72B)
Class [Lkotlin.annotation.AnnotationTarget;                                           : loaded 3 times (x 71B)
Class [Lkotlin.coroutines.intrinsics.CoroutineSingletons;                             : loaded 3 times (x 71B)
Class kotlin.text.StringsKt___StringsJvmKt                                            : loaded 3 times (x 73B)
Class kotlin.jvm.internal.FunctionReference                                           : loaded 3 times (x 124B)
Class kotlin.jvm.internal.FunctionBase                                                : loaded 3 times (x 72B)
Class kotlin.enums.EnumEntriesList                                                    : loaded 3 times (x 225B)
Class kotlin.jvm.functions.Function5                                                  : loaded 3 times (x 72B)
Class kotlin.annotation.Retention                                                     : loaded 3 times (x 72B)
Class jdk.internal.jimage.ImageStrings                                                : loaded 3 times (x 72B)
Class kotlin.collections.CollectionsKt___CollectionsKt                                : loaded 3 times (x 73B)
Class kotlin.comparisons.ComparisonsKt___ComparisonsJvmKt                             : loaded 3 times (x 73B)
Class kotlin.collections.EmptySet                                                     : loaded 3 times (x 124B)
Class kotlin.annotation.Target                                                        : loaded 3 times (x 72B)
Class kotlin.jvm.functions.Function4                                                  : loaded 3 times (x 72B)
Class kotlin.collections.MapsKt___MapsJvmKt                                           : loaded 3 times (x 73B)
Class kotlin.collections.builders.AbstractMapBuilderEntrySet                          : loaded 3 times (x 146B)
Class kotlin.collections.CollectionsKt__IteratorsJVMKt                                : loaded 3 times (x 73B)
Class kotlin.jvm.functions.Function3                                                  : loaded 3 times (x 72B)
Class kotlin.io.FileTreeWalk$WalkState                                                : loaded 3 times (x 75B)
Class kotlin.jvm.internal.markers.KMutableIterator                                    : loaded 3 times (x 72B)
Class kotlin.jvm.functions.Function2                                                  : loaded 3 times (x 72B)
Class kotlin.KotlinNothingValueException                                              : loaded 3 times (x 84B)
Class kotlin.Result                                                                   : loaded 3 times (x 74B)
Class kotlin.reflect.KProperty0                                                       : loaded 3 times (x 72B)
Class kotlin.jvm.functions.Function1                                                  : loaded 3 times (x 72B)
Class kotlin.collections.AbstractMutableList                                          : loaded 3 times (x 208B)
Class kotlin.properties.ReadWriteProperty                                             : loaded 3 times (x 72B)
Class jdk.internal.jimage.decompressor.ZipDecompressor                                : loaded 3 times (x 77B)
Class jdk.internal.jrtfs.JrtFileSystemProvider                                        : loaded 3 times (x 103B)
Class kotlin.sequences.TransformingSequence$iterator$1                                : loaded 3 times (x 81B)
Class kotlin.Pair                                                                     : loaded 3 times (x 74B)
Class kotlin.reflect.KProperty1                                                       : loaded 3 times (x 72B)
Class kotlin.reflect.KClass                                                           : loaded 3 times (x 72B)
Class kotlin.jvm.functions.Function0                                                  : loaded 3 times (x 72B)
Class kotlin.collections.ArraysUtilJVM                                                : loaded 3 times (x 73B)
Class kotlin.sequences.FlatteningSequence$iterator$1                                  : loaded 3 times (x 81B)
Class kotlin.sequences.GeneratorSequence$iterator$1                                   : loaded 3 times (x 81B)
Class kotlin.sequences.GeneratorSequence                                              : loaded 3 times (x 77B)
Class kotlin.io.CloseableKt                                                           : loaded 3 times (x 73B)
Class kotlin.reflect.KProperty2                                                       : loaded 3 times (x 72B)
Class kotlin.collections.CollectionsKt__MutableCollectionsKt                          : loaded 3 times (x 73B)
Class kotlin.ranges.RangesKt                                                          : loaded 3 times (x 73B)
Class kotlin.jvm.internal.markers.KMutableIterable                                    : loaded 3 times (x 72B)
Class kotlin.TuplesKt                                                                 : loaded 3 times (x 73B)
Class kotlin.coroutines.CoroutineContext$Element                                      : loaded 3 times (x 72B)
Class kotlin.io.TerminateException                                                    : loaded 3 times (x 84B)
Class kotlin.io.FilesKt__FilePathComponentsKt                                         : loaded 3 times (x 73B)
Class kotlin.Unit                                                                     : loaded 3 times (x 73B)
Class kotlin.reflect.KCallable                                                        : loaded 3 times (x 72B)
Class kotlin.sequences.SequencesKt___SequencesJvmKt                                   : loaded 3 times (x 73B)
Class kotlin.collections.AbstractIterator                                             : loaded 3 times (x 85B)
Class kotlin.text.CharsKt                                                             : loaded 3 times (x 73B)
Class kotlin.jvm.internal.FunctionReferenceImpl                                       : loaded 3 times (x 124B)
Class kotlin.collections.CollectionsKt___CollectionsJvmKt                             : loaded 3 times (x 73B)
Class kotlin.reflect.KType                                                            : loaded 3 times (x 72B)
Class jdk.internal.jimage.ImageLocation                                               : loaded 3 times (x 92B)
Class kotlin.text.CharsKt__CharJVMKt                                                  : loaded 3 times (x 73B)
Class kotlin.Result$Companion                                                         : loaded 3 times (x 73B)
Class kotlin.sequences.FilteringSequence                                              : loaded 3 times (x 77B)
Class kotlin.coroutines.ContinuationInterceptor$Key                                   : loaded 3 times (x 73B)
Class kotlin.coroutines.jvm.internal.BaseContinuationImpl                             : loaded 3 times (x 89B)
Class kotlin.comparisons.ComparisonsKt___ComparisonsKt                                : loaded 3 times (x 73B)
Class kotlin.comparisons.ComparisonsKt                                                : loaded 3 times (x 73B)
Class jdk.internal.jimage.decompressor.ZipDecompressorFactory                         : loaded 3 times (x 76B)
Class kotlin.collections.builders.MapBuilder$EntriesItr                               : loaded 3 times (x 83B)
Class kotlin.ranges.RangesKt__RangesKt                                                : loaded 3 times (x 73B)
Class jdk.internal.jimage.ImageBufferCache$1                                          : loaded 3 times (x 84B)
Class kotlin.jvm.internal.ClassBasedDeclarationContainer                              : loaded 3 times (x 72B)
Class kotlin.collections.SetsKt___SetsKt                                              : loaded 3 times (x 73B)
Class kotlin.sequences.SequencesKt__SequencesKt                                       : loaded 3 times (x 73B)
Class kotlin.coroutines.Continuation                                                  : loaded 3 times (x 72B)
Class kotlin.collections.ArraysKt___ArraysKt$asSequence$$inlined$Sequence$1           : loaded 3 times (x 77B)
Class kotlin.comparisons.ComparisonsKt__ComparisonsKt                                 : loaded 3 times (x 73B)
Class kotlin.UNINITIALIZED_VALUE                                                      : loaded 3 times (x 73B)
Class kotlin.collections.MapsKt__MapsJVMKt                                            : loaded 3 times (x 73B)
Class kotlin.collections.EmptyList                                                    : loaded 3 times (x 176B)
Class kotlin.jvm.internal.ReflectionFactory                                           : loaded 3 times (x 93B)
Class kotlin.jvm.internal.Ref$ObjectRef                                               : loaded 3 times (x 74B)
Class jdk.internal.jimage.ImageBufferCache$2                                          : loaded 3 times (x 93B)
Class kotlin.LazyKt__LazyKt                                                           : loaded 3 times (x 73B)
Class kotlin.text.StringsKt__StringBuilderJVMKt                                       : loaded 3 times (x 73B)
Class kotlin.collections.builders.ListBuilderKt                                       : loaded 3 times (x 73B)
Class kotlin.text.Regex                                                               : loaded 3 times (x 74B)
Class kotlin.collections.ArrayAsCollection                                            : loaded 3 times (x 107B)
Class kotlin.Triple                                                                   : loaded 3 times (x 74B)
Class kotlin.ResultKt                                                                 : loaded 3 times (x 73B)
Class kotlin.sequences.SequencesKt__SequenceBuilderKt$sequence$$inlined$Sequence$1    : loaded 3 times (x 77B)
Class kotlin.collections.AbstractCollection                                           : loaded 3 times (x 119B)
Class kotlin.collections.IndexingIterable                                             : loaded 3 times (x 81B)
Class kotlin.collections.AbstractList                                                 : loaded 3 times (x 199B)
Class kotlin.Result$Failure                                                           : loaded 3 times (x 74B)
Class kotlin.collections.ArraysKt__ArraysKt                                           : loaded 3 times (x 73B)
Class kotlin.sequences.SequencesKt__SequencesJVMKt                                    : loaded 3 times (x 73B)
Class kotlin.io.FilePathComponents                                                    : loaded 3 times (x 74B)
Class kotlin.coroutines.jvm.internal.RestrictedSuspendLambda                          : loaded 3 times (x 93B)
Class jdk.internal.jimage.ImageReader$Directory                                       : loaded 3 times (x 86B)
Class kotlin.SynchronizedLazyImpl                                                     : loaded 3 times (x 78B)
Class kotlin.text.StringsKt__RegexExtensionsKt                                        : loaded 3 times (x 73B)
Class kotlin.collections.EmptyIterator                                                : loaded 3 times (x 91B)
Class kotlin.collections.SetsKt__SetsJVMKt                                            : loaded 3 times (x 73B)
Class kotlin.jvm.internal.SpreadBuilder                                               : loaded 3 times (x 78B)
Class kotlin.Function                                                                 : loaded 3 times (x 72B)
Class jdk.internal.jimage.decompressor.ResourceDecompressorRepository                 : loaded 3 times (x 73B)
Class kotlin.jvm.internal.ArrayIterator                                               : loaded 3 times (x 81B)
Class kotlin.internal.ProgressionUtilKt                                               : loaded 3 times (x 73B)
Class kotlin.io.FileAlreadyExistsException                                            : loaded 3 times (x 84B)
Class kotlin.KotlinVersion                                                            : loaded 3 times (x 76B)
Class kotlin.LazyThreadSafetyMode                                                     : loaded 3 times (x 81B)
Class kotlin.reflect.KMutableProperty                                                 : loaded 3 times (x 72B)
Class kotlin.jvm.internal.MutablePropertyReference                                    : loaded 3 times (x 121B)
Class kotlin.LazyKt__LazyJVMKt$WhenMappings                                           : loaded 3 times (x 73B)
Class jdk.internal.jimage.ImageHeader                                                 : loaded 3 times (x 73B)
Class kotlin.UnsafeLazyImpl                                                           : loaded 3 times (x 78B)
Class kotlin.jvm.internal.PropertyReference1                                          : loaded 3 times (x 129B)
Class kotlin.jvm.internal.PropertyReference                                           : loaded 3 times (x 117B)
Class kotlin.jvm.internal.DefaultConstructorMarker                                    : loaded 3 times (x 73B)
Class kotlin.io.FileSystemException                                                   : loaded 3 times (x 84B)
Class kotlin.sequences.EmptySequence                                                  : loaded 3 times (x 80B)
Class kotlin.collections.IndexingIterator                                             : loaded 3 times (x 81B)
Class jdk.internal.jrtfs.JrtPath                                                      : loaded 3 times (x 124B)
Class jdk.internal.jimage.ImageBufferCache                                            : loaded 3 times (x 73B)
Class kotlin.enums.EnumEntries                                                        : loaded 3 times (x 72B)
Class kotlin.jvm.internal.markers.KMutableMap                                         : loaded 3 times (x 72B)
Class kotlin.properties.ReadOnlyProperty                                              : loaded 3 times (x 72B)
Class kotlin.ranges.IntRange                                                          : loaded 3 times (x 95B)
Class [Lkotlin.reflect.KAnnotatedElement;                                             : loaded 3 times (x 71B)
Class kotlin.jvm.internal.CallableReference                                           : loaded 3 times (x 108B)
Class [Lkotlin.sequences.Sequence;                                                    : loaded 3 times (x 71B)
Class kotlin.jvm.internal.MutablePropertyReference1Impl                               : loaded 3 times (x 139B)
Class kotlin.annotation.AnnotationTarget                                              : loaded 3 times (x 81B)
Class kotlin.ranges.ClosedRange                                                       : loaded 3 times (x 72B)
Class kotlin.text.StringsKt__StringNumberConversionsKt                                : loaded 3 times (x 73B)
Class kotlin.reflect.KProperty                                                        : loaded 3 times (x 72B)
Class kotlin.jvm.internal.Reflection                                                  : loaded 3 times (x 73B)
Class kotlin.jvm.JvmClassMappingKt                                                    : loaded 3 times (x 73B)
Class [Lkotlin.Pair;                                                                  : loaded 3 times (x 71B)
Class kotlin.jvm.internal.markers.KMutableList                                        : loaded 3 times (x 72B)
Class kotlin.io.FilesKt__FileReadWriteKt                                              : loaded 3 times (x 73B)
Class kotlin.jvm.KotlinReflectionNotSupportedError                                    : loaded 3 times (x 84B)
Class jdk.internal.jimage.decompressor.Decompressor                                   : loaded 3 times (x 74B)
Class jdk.internal.jimage.decompressor.ResourceDecompressor                           : loaded 3 times (x 72B)
Class kotlin.collections.IntIterator                                                  : loaded 3 times (x 84B)
Class kotlin.jvm.internal.TypeIntrinsics                                              : loaded 3 times (x 73B)
Class kotlin.LazyKt__LazyJVMKt                                                        : loaded 3 times (x 73B)
Class kotlin.coroutines.CoroutineContext$Key                                          : loaded 3 times (x 72B)
Class kotlin.coroutines.jvm.internal.RestrictedContinuationImpl                       : loaded 3 times (x 89B)
Class kotlin.text.StringsKt                                                           : loaded 3 times (x 73B)
Class kotlin.text.StringsKt__StringsJVMKt                                             : loaded 3 times (x 73B)
Class kotlin.jvm.internal.markers.KMutableSet                                         : loaded 3 times (x 72B)
Class kotlin.collections.SetsKt                                                       : loaded 3 times (x 73B)
Class kotlin.collections.CollectionsKt__IteratorsKt                                   : loaded 3 times (x 73B)
Class kotlin.text.StringsKt__IndentKt                                                 : loaded 3 times (x 73B)
Class kotlin.collections.builders.MapBuilder$Itr                                      : loaded 3 times (x 74B)
Class kotlin.KotlinVersionCurrentValue                                                : loaded 3 times (x 73B)
Class kotlin.sequences.SequencesKt                                                    : loaded 3 times (x 73B)
Class kotlin.collections.ArrayDeque                                                   : loaded 3 times (x 209B)
Class kotlin.collections.IndexedValue                                                 : loaded 3 times (x 74B)
Class jdk.internal.jimage.BasicImageReader$1                                          : loaded 3 times (x 79B)
Class kotlin.reflect.KFunction                                                        : loaded 3 times (x 72B)
Class kotlin.collections.CollectionsKt__CollectionsJVMKt                              : loaded 3 times (x 73B)
Class kotlin.io.FilesKt__UtilsKt                                                      : loaded 3 times (x 73B)
Class jdk.internal.jimage.ImageReader$Node                                            : loaded 3 times (x 86B)
Class kotlin.coroutines.intrinsics.IntrinsicsKt__IntrinsicsKt                         : loaded 3 times (x 73B)
Class jdk.internal.jimage.decompressor.ResourceDecompressorFactory                    : loaded 3 times (x 76B)
Class kotlin.jvm.internal.Lambda                                                      : loaded 3 times (x 77B)
Class [Lkotlin.reflect.KDeclarationContainer;                                         : loaded 3 times (x 71B)
Class kotlin.collections.MapsKt__MapsKt                                               : loaded 3 times (x 73B)
Class kotlin.SafePublicationLazyImpl                                                  : loaded 3 times (x 78B)
Class jdk.internal.jimage.ImageStringsReader                                          : loaded 3 times (x 82B)
Class kotlin.jvm.internal.markers.KMutableMap$Entry                                   : loaded 3 times (x 72B)
Class jdk.internal.jimage.ImageReader$SharedImageReader                               : loaded 3 times (x 97B)
Class kotlin.reflect.KProperty$Getter                                                 : loaded 3 times (x 72B)
Class kotlin.properties.Delegates                                                     : loaded 3 times (x 73B)
Class jdk.internal.jimage.ImageReader                                                 : loaded 3 times (x 77B)
Class kotlin.Metadata                                                                 : loaded 3 times (x 72B)
Class kotlin.collections.AbstractMutableSet                                           : loaded 3 times (x 144B)
Class kotlin.UninitializedPropertyAccessException                                     : loaded 3 times (x 84B)
Class com.google.devtools.ksp.processing.KSPJvmConfig                                 : loaded 2 times (x 74B)
Class com.google.common.cache.LocalCache$ComputingValueReference                      : loaded 2 times (x 98B)
Class com.google.common.collect.ImmutableMap$IteratorBasedImmutableMap                : loaded 2 times (x 128B)
Class com.google.common.collect.SingletonImmutableSet                                 : loaded 2 times (x 148B)
Class kotlinx.coroutines.ExecutorCoroutineDispatcher$Key$1                            : loaded 2 times (x 80B)
Class com.google.common.collect.Iterators$1                                           : loaded 2 times (x 83B)
Class [Lorg.jetbrains.kotlin.cli.common.messages.CompilerMessageSeverity;             : loaded 2 times (x 71B)
Class com.google.common.cache.LocalCache$Segment                                      : loaded 2 times (x 155B)
Class com.google.common.base.Suppliers$SupplierOfInstance                             : loaded 2 times (x 81B)
Class kotlin.time.DurationJvmKt                                                       : loaded 2 times (x 73B)
Class org.jetbrains.kotlin.cli.common.arguments.Freezable                             : loaded 2 times (x 74B)
Class kotlin.reflect.jvm.internal.ReflectProperties                                   : loaded 2 times (x 73B)
Class com.google.common.cache.CacheLoader                                             : loaded 2 times (x 76B)
Class com.google.common.collect.Iterators$4                                           : loaded 2 times (x 84B)
Class com.google.common.collect.AbstractListMultimap                                  : loaded 2 times (x 173B)
Class org.gradle.api.internal.classpath.ModuleRegistry                                : loaded 2 times (x 72B)
Class org.gradle.internal.installation.GradleInstallation$1                           : loaded 2 times (x 77B)
Class kotlinx.coroutines.CoroutineDispatcher$Key                                      : loaded 2 times (x 74B)
Class kotlin.jvm.internal.DoubleCompanionObject                                       : loaded 2 times (x 73B)
Class com.google.devtools.ksp.processing.KSPLogger                                    : loaded 2 times (x 72B)
Class com.google.common.util.concurrent.internal.InternalFutureFailureAccess          : loaded 2 times (x 74B)
Class com.google.common.collect.ImmutableSet$JdkBackedSetBuilderImpl                  : loaded 2 times (x 78B)
Class com.google.common.collect.Iterators$5                                           : loaded 2 times (x 84B)
Class kotlin.text.RegexKt                                                             : loaded 2 times (x 73B)
Class kotlin.time.Duration$Companion                                                  : loaded 2 times (x 73B)
Class [Lkotlinx.coroutines.CoroutineStart;                                            : loaded 2 times (x 71B)
Class kotlinx.coroutines.Job$Key                                                      : loaded 2 times (x 73B)
Class kotlinx.coroutines.DefaultExecutor                                              : loaded 2 times (x 121B)
Class kotlin.reflect.jvm.internal.KDeclarationContainerImpl                           : loaded 2 times (x 86B)
Class com.google.common.cache.LocalCache$LocalManualCache$1                           : loaded 2 times (x 77B)
Class kotlin.time.DurationUnitKt__DurationUnitKt                                      : loaded 2 times (x 73B)
Class com.google.common.base.JdkPattern                                               : loaded 2 times (x 77B)
Class com.google.common.collect.ImmutableList$ReverseImmutableList                    : loaded 2 times (x 211B)
Class com.google.common.collect.ImmutableCollection                                   : loaded 2 times (x 127B)
Class org.gradle.api.internal.classpath.DefaultModuleRegistry                         : loaded 2 times (x 88B)
Class [Lkotlin.reflect.jvm.internal.impl.name.FqName;                                 : loaded 2 times (x 71B)
Class kotlin.reflect.jvm.internal.KPackageImpl                                        : loaded 2 times (x 87B)
Class kotlinx.coroutines.EventLoop                                                    : loaded 2 times (x 106B)
Class kotlin.collections.AbstractSet                                                  : loaded 2 times (x 137B)
Class org.gradle.internal.classpath.ClassPath                                         : loaded 2 times (x 72B)
Class com.google.common.collect.SingletonImmutableList                                : loaded 2 times (x 209B)
Class kotlin.reflect.jvm.internal.impl.name.SpecialNames                              : loaded 2 times (x 73B)
Class com.google.common.cache.CacheBuilder                                            : loaded 2 times (x 74B)
Class org.jetbrains.kotlin.cli.common.arguments.K2JVMCompilerArgumentsConfigurator    : loaded 2 times (x 76B)
Class com.google.common.util.concurrent.ListenableFuture                              : loaded 2 times (x 72B)
Class com.google.common.cache.ReferenceEntry                                          : loaded 2 times (x 72B)
Class com.google.common.collect.Lists                                                 : loaded 2 times (x 73B)
Class com.google.common.base.Converter                                                : loaded 2 times (x 92B)
Class com.google.common.collect.ImmutableSet$CachingAsList                            : loaded 2 times (x 150B)
Class jdk.internal.jimage.BasicImageReader$2                                          : loaded 2 times (x 79B)
Class kotlin.properties.NotNullVar                                                    : loaded 2 times (x 81B)
Class kotlin.time.DurationUnit                                                        : loaded 2 times (x 81B)
Class kotlin.reflect.jvm.internal.impl.resolve.jvm.JvmPrimitiveType                   : loaded 2 times (x 81B)
Class com.google.common.util.concurrent.AbstractFuture                                : loaded 2 times (x 108B)
Class com.google.common.base.FunctionalEquivalence                                    : loaded 2 times (x 85B)
Class com.google.common.collect.Iterators$9                                           : loaded 2 times (x 83B)
Class com.google.common.collect.AbstractMapBasedMultimap                              : loaded 2 times (x 140B)
Class com.google.common.collect.ImmutableAsList                                       : loaded 2 times (x 211B)
Class kotlinx.coroutines.ThreadContextElement                                         : loaded 2 times (x 72B)
Class kotlinx.coroutines.internal.SystemPropsKt__SystemProps_commonKt                 : loaded 2 times (x 73B)
Class kotlinx.coroutines.DispatchedTaskKt                                             : loaded 2 times (x 73B)
Class com.google.common.cache.CacheLoader$SupplierToCacheLoader                       : loaded 2 times (x 77B)
Class org.gradle.internal.classpath.DefaultClassPath$ImmutableUniqueList              : loaded 2 times (x 201B)
Class jdk.internal.jimage.ImageReader$Resource                                        : loaded 2 times (x 86B)
Class kotlin.text.MatchNamedGroupCollection                                           : loaded 2 times (x 72B)
Class kotlinx.coroutines.ChildJob                                                     : loaded 2 times (x 72B)
Class kotlinx.coroutines.scheduling.TasksKt                                           : loaded 2 times (x 73B)
Class kotlinx.coroutines.internal.SystemPropsKt__SystemPropsKt                        : loaded 2 times (x 73B)
Class org.gradle.api.internal.ClassPathRegistry                                       : loaded 2 times (x 72B)
Class com.google.common.collect.Multimap                                              : loaded 2 times (x 72B)
Class com.google.common.primitives.IntsMethodsForWeb                                  : loaded 2 times (x 73B)
Class org.jetbrains.kotlin.cli.common.messages.MessageCollector                       : loaded 2 times (x 72B)
Class kotlin.reflect.jvm.internal.KPropertyImpl                                       : loaded 2 times (x 117B)
Class com.google.common.collect.Maps$EntryTransformer                                 : loaded 2 times (x 72B)
Class org.gradle.internal.service.ServiceLookupException                              : loaded 2 times (x 84B)
Class jdk.internal.jrtfs.JrtFileAttributes                                            : loaded 2 times (x 85B)
Class kotlin.jvm.internal.ShortCompanionObject                                        : loaded 2 times (x 73B)
Class org.gradle.api.internal.DefaultClassPathRegistry                                : loaded 2 times (x 78B)
Class kotlinx.coroutines.ChildHandleNode                                              : loaded 2 times (x 96B)
Class kotlinx.coroutines.scheduling.SchedulerCoroutineDispatcher                      : loaded 2 times (x 109B)
Class [Lcom.google.common.cache.LocalCache$EntryFactory;                              : loaded 2 times (x 71B)
Class org.gradle.internal.classloader.ClassLoaderFactory                              : loaded 2 times (x 72B)
Class kotlinx.coroutines.CompletionHandlerBase                                        : loaded 2 times (x 82B)
Class kotlin.reflect.jvm.internal.impl.builtins.PrimitiveType                         : loaded 2 times (x 81B)
Class org.jetbrains.kotlin.cli.common.arguments.ArgumentParseErrors                   : loaded 2 times (x 74B)
Class com.google.common.cache.LocalCache$LocalManualCache                             : loaded 2 times (x 101B)
Class com.google.common.base.CommonPattern                                            : loaded 2 times (x 76B)
Class org.gradle.internal.service.CachingServiceLocator                               : loaded 2 times (x 84B)
Class kotlin.collections.AbstractMap                                                  : loaded 2 times (x 124B)
Class kotlin.collections.AbstractList$IteratorImpl                                    : loaded 2 times (x 84B)
Class com.google.common.cache.RemovalListener                                         : loaded 2 times (x 72B)
Class com.google.common.math.IntMath                                                  : loaded 2 times (x 73B)
Class kotlinx.coroutines.BlockingEventLoop                                            : loaded 2 times (x 118B)
Class kotlin.coroutines.AbstractCoroutineContextElement                               : loaded 2 times (x 91B)
Class kotlinx.coroutines.ThreadLocalEventLoop                                         : loaded 2 times (x 73B)
Class kotlin.reflect.jvm.internal.ReflectProperties$LazySoftVal                       : loaded 2 times (x 80B)
Class kotlin.reflect.jvm.internal.impl.builtins.StandardNames                         : loaded 2 times (x 73B)
Class kotlin.reflect.jvm.internal.impl.descriptors.runtime.structure.ReflectClassUtilKt: loaded 2 times (x 73B)
Class [Lkotlin.reflect.jvm.internal.impl.builtins.PrimitiveType;                      : loaded 2 times (x 71B)
Class kotlin.sequences.DropWhileSequence                                              : loaded 2 times (x 77B)
Class kotlinx.coroutines.CompletionStateKt                                            : loaded 2 times (x 73B)
Class com.google.common.util.concurrent.AbstractFuture$Cancellation                   : loaded 2 times (x 74B)
Class com.google.common.base.Equivalence                                              : loaded 2 times (x 84B)
Class com.google.common.base.Function                                                 : loaded 2 times (x 72B)
Class kotlin.jvm.internal.markers.KMutableListIterator                                : loaded 2 times (x 72B)
Class kotlinx.coroutines.CoroutineDispatcher$Key$1                                    : loaded 2 times (x 80B)
Class kotlinx.coroutines.CoroutineDispatcher                                          : loaded 2 times (x 101B)
Class [Lorg.jetbrains.kotlin.cli.common.CompilerSystemProperties;                     : loaded 2 times (x 71B)
Class com.google.common.cache.CacheBuilder$OneWeigher                                 : loaded 2 times (x 84B)
Class com.google.common.collect.RegularImmutableList                                  : loaded 2 times (x 215B)
Class com.google.common.base.NullnessCasts                                            : loaded 2 times (x 73B)
Class kotlin.coroutines.CombinedContext                                               : loaded 2 times (x 80B)
Class kotlin.reflect.jvm.internal.KDeclarationContainerImpl$Companion                 : loaded 2 times (x 73B)
Class org.gradle.internal.classloader.ClasspathUtil                                   : loaded 2 times (x 73B)
Class com.google.common.cache.Cache                                                   : loaded 2 times (x 72B)
Class kotlin.collections.builders.SetBuilder                                          : loaded 2 times (x 145B)
Class kotlinx.coroutines.NonDisposableHandle                                          : loaded 2 times (x 80B)
Class com.google.common.cache.LocalCache$Strength                                     : loaded 2 times (x 83B)
Class kotlin.jvm.internal.PropertyReference0                                          : loaded 2 times (x 129B)
Class org.jetbrains.kotlin.cli.common.arguments.ParseCommandLineArgumentsKt           : loaded 2 times (x 73B)
Class kotlin.reflect.full.IllegalCallableAccessException                              : loaded 2 times (x 84B)
Class org.jetbrains.kotlin.config.Services$Companion                                  : loaded 2 times (x 73B)
Class kotlinx.coroutines.internal.LockFreeTaskQueueCore                               : loaded 2 times (x 74B)
Class com.google.common.util.concurrent.LazyLogger                                    : loaded 2 times (x 74B)
Class com.google.common.collect.Maps                                                  : loaded 2 times (x 73B)
Class org.gradle.api.specs.Spec                                                       : loaded 2 times (x 72B)
Class jdk.internal.jimage.ImageReader$SharedImageReader$LocationVisitor               : loaded 2 times (x 72B)
Class kotlinx.coroutines.JobCancellingNode                                            : loaded 2 times (x 92B)
Class org.gradle.api.internal.classpath.UnknownModuleException                        : loaded 2 times (x 84B)
Class kotlin.jvm.internal.PropertyReference2                                          : loaded 2 times (x 129B)
Class com.google.common.cache.Weigher                                                 : loaded 2 times (x 72B)
Class kotlinx.coroutines.CoroutineContextKt                                           : loaded 2 times (x 73B)
Class [Lkotlin.reflect.jvm.internal.impl.builtins.jvm.JavaToKotlinClassMap$PlatformMutabilityMapping;: loaded 2 times (x 71B)
Class kotlin.reflect.jvm.internal.KClassifierImpl                                     : loaded 2 times (x 72B)
Class kotlin.reflect.full.IllegalPropertyDelegateAccessException                      : loaded 2 times (x 84B)
Class kotlinx.coroutines.internal.DispatchedContinuationKt                            : loaded 2 times (x 73B)
Class com.google.common.cache.LocalCache$LoadingValueReference                        : loaded 2 times (x 98B)
Class org.gradle.api.internal.classpath.Module                                        : loaded 2 times (x 72B)
Class kotlin.reflect.jvm.internal.KotlinReflectionInternalError                       : loaded 2 times (x 84B)
Class kotlinx.coroutines.internal.DispatchedContinuation                              : loaded 2 times (x 92B)
Class kotlinx.coroutines.internal.Symbol                                              : loaded 2 times (x 74B)
Class kotlin.reflect.jvm.internal.impl.builtins.jvm.JavaToKotlinClassMap              : loaded 2 times (x 73B)
Class kotlinx.coroutines.Job                                                          : loaded 2 times (x 72B)
Class kotlin.jvm.internal.MutablePropertyReference0Impl                               : loaded 2 times (x 139B)
Class com.google.common.base.Platform                                                 : loaded 2 times (x 73B)
Class com.google.common.collect.Multiset                                              : loaded 2 times (x 72B)
Class com.google.common.collect.ArrayListMultimapGwtSerializationDependencies         : loaded 2 times (x 173B)
Class kotlin.jvm.internal.CharCompanionObject                                         : loaded 2 times (x 73B)
Class com.google.common.collect.AbstractIndexedListIterator                           : loaded 2 times (x 98B)
Class com.google.common.math.MathPreconditions                                        : loaded 2 times (x 73B)
Class kotlinx.coroutines.ExecutorCoroutineDispatcher                                  : loaded 2 times (x 109B)
Class com.google.common.collect.AbstractIterator                                      : loaded 2 times (x 84B)
Class com.google.devtools.ksp.processing.KspGradleLogger$Companion                    : loaded 2 times (x 73B)
Class com.google.common.collect.Maps$8                                                : loaded 2 times (x 84B)
Class com.google.common.primitives.Ints                                               : loaded 2 times (x 73B)
Class org.gradle.api.internal.classpath.DefaultModuleRegistry$DefaultModule           : loaded 2 times (x 88B)
Class kotlinx.coroutines.EventLoopKt                                                  : loaded 2 times (x 73B)
Class com.google.common.collect.BiMap                                                 : loaded 2 times (x 72B)
Class kotlin.coroutines.ContinuationKt                                                : loaded 2 times (x 73B)
Class kotlin.reflect.jvm.internal.impl.builtins.StandardNames$FqNames                 : loaded 2 times (x 73B)
Class kotlinx.coroutines.JobSupport                                                   : loaded 2 times (x 134B)
Class org.gradle.internal.classloader.ClasspathUtil$1                                 : loaded 2 times (x 78B)
Class com.google.common.cache.CacheLoader$UnsupportedLoadingOperationException        : loaded 2 times (x 84B)
Class kotlin.reflect.jvm.internal.ReflectionFactoryImpl                               : loaded 2 times (x 93B)
Class org.gradle.internal.classloader.VisitableURLClassLoader$InstrumentingVisitableURLClassLoader: loaded 2 times (x 124B)
Class kotlinx.coroutines.internal.ThreadLocalKt                                       : loaded 2 times (x 73B)
Class kotlin.collections.ReversedListReadOnly$listIterator$1                          : loaded 2 times (x 92B)
Class kotlinx.coroutines.Job$DefaultImpls                                             : loaded 2 times (x 73B)
Class kotlin.coroutines.CoroutineContext$Element$DefaultImpls                         : loaded 2 times (x 73B)
Class kotlin.time.DurationUnitKt__DurationUnitJvmKt                                   : loaded 2 times (x 73B)
Class kotlin.jvm.JvmStatic                                                            : loaded 2 times (x 72B)
Class [Lkotlin.reflect.jvm.internal.impl.resolve.jvm.JvmPrimitiveType;                : loaded 2 times (x 71B)
Class kotlin.collections.builders.SetBuilder$Companion                                : loaded 2 times (x 73B)
Class kotlin.DeprecationLevel                                                         : loaded 2 times (x 81B)
Class kotlin.io.FileTreeWalk$FileTreeWalkIterator$WhenMappings                        : loaded 2 times (x 73B)
Class [Lcom.google.common.cache.CacheBuilder$NullListener;                            : loaded 2 times (x 71B)
Class com.google.common.math.IntMath$1                                                : loaded 2 times (x 73B)
Class org.gradle.internal.classloader.VisitableURLClassLoader$Spec                    : loaded 2 times (x 76B)
Class org.gradle.internal.classpath.DefaultClassPath                                  : loaded 2 times (x 92B)
Class com.google.common.collect.Lists$StringAsImmutableList                           : loaded 2 times (x 209B)
Class com.google.common.util.concurrent.UncheckedExecutionException                   : loaded 2 times (x 84B)
Class org.jetbrains.kotlin.config.Services                                            : loaded 2 times (x 74B)
Class kotlin.text.DelimitedRangesSequence$iterator$1                                  : loaded 2 times (x 81B)
Class kotlin.reflect.jvm.internal.KMutableProperty1Impl                               : loaded 2 times (x 137B)
Class kotlin.jvm.internal.IntCompanionObject                                          : loaded 2 times (x 73B)
Class jdk.internal.jrtfs.JrtDirectoryStream$1                                         : loaded 2 times (x 85B)
Class com.google.devtools.ksp.processing.KspGradleLogger                              : loaded 2 times (x 81B)
Class kotlin.UInt$Companion                                                           : loaded 2 times (x 73B)
Class kotlin.UInt                                                                     : loaded 2 times (x 76B)
Class com.google.common.collect.Iterators                                             : loaded 2 times (x 73B)
Class com.google.common.io.Closer                                                     : loaded 2 times (x 80B)
Class com.google.common.collect.ImmutableSet                                          : loaded 2 times (x 147B)
Class org.gradle.internal.classloader.ClassLoaderSpec                                 : loaded 2 times (x 73B)
Class kotlin.jvm.internal.LongCompanionObject                                         : loaded 2 times (x 73B)
Class kotlin.collections.ReversedListReadOnly                                         : loaded 2 times (x 200B)
Class kotlin.text.DelimitedRangesSequence                                             : loaded 2 times (x 77B)
Class kotlin.reflect.jvm.internal.ReflectProperties$Val$1                             : loaded 2 times (x 73B)
Class com.google.common.util.concurrent.AbstractFuture$Trusted                        : loaded 2 times (x 72B)
Class kotlin.io.LinesSequence$iterator$1                                              : loaded 2 times (x 81B)
Class com.google.common.cache.CacheStats                                              : loaded 2 times (x 73B)
Class kotlin.time.DurationKt                                                          : loaded 2 times (x 73B)
Class kotlinx.coroutines.CoroutineStart$WhenMappings                                  : loaded 2 times (x 73B)
Class com.google.common.collect.RegularImmutableAsList                                : loaded 2 times (x 219B)
Class kotlin.reflect.jvm.internal.impl.utils.CollectionsKt                            : loaded 2 times (x 73B)
Class kotlinx.coroutines.internal.LimitedDispatcherKt                                 : loaded 2 times (x 73B)
Class com.google.common.collect.AbstractMultimap                                      : loaded 2 times (x 125B)
Class kotlin.jdk7.AutoCloseableKt                                                     : loaded 2 times (x 73B)
Class com.google.common.util.concurrent.AbstractFuture$Listener                       : loaded 2 times (x 74B)
Class com.google.common.io.Closer$Suppressor                                          : loaded 2 times (x 72B)
Class kotlin.collections.AbstractSet$Companion                                        : loaded 2 times (x 73B)
Class com.google.common.cache.LocalCache$2                                            : loaded 2 times (x 144B)
Class org.jetbrains.kotlin.config.Services$Builder                                    : loaded 2 times (x 74B)
Class kotlin.io.FileTreeWalk$DirectoryState                                           : loaded 2 times (x 75B)
Class com.google.common.base.Supplier                                                 : loaded 2 times (x 72B)
Class org.gradle.internal.classloader.VisitableURLClassLoader                         : loaded 2 times (x 118B)
Class [Lkotlin.DeprecationLevel;                                                      : loaded 2 times (x 71B)
Class kotlinx.coroutines.scheduling.GlobalQueue                                       : loaded 2 times (x 74B)
Class com.google.common.collect.AbstractMapEntry                                      : loaded 2 times (x 83B)
Class kotlin.reflect.jvm.internal.KClassImpl                                          : loaded 2 times (x 117B)
Class com.google.common.collect.Iterators$SingletonIterator                           : loaded 2 times (x 83B)
Class com.google.common.cache.LocalCache$1                                            : loaded 2 times (x 91B)
Class org.gradle.internal.Cast                                                        : loaded 2 times (x 73B)
Class org.gradle.api.Action                                                           : loaded 2 times (x 72B)
Class jdk.internal.jrtfs.JrtFileSystem$1                                              : loaded 2 times (x 109B)
Class org.gradle.internal.service.ServiceLocator                                      : loaded 2 times (x 72B)
Class kotlinx.coroutines.CompletedExceptionally                                       : loaded 2 times (x 74B)
Class kotlin.coroutines.AbstractCoroutineContextKey                                   : loaded 2 times (x 74B)
Class com.google.common.collect.UnmodifiableIterator                                  : loaded 2 times (x 82B)
Class org.jetbrains.kotlin.cli.common.messages.GradleStyleMessageRenderer             : loaded 2 times (x 80B)
Class org.jetbrains.kotlin.cli.common.arguments.PreprocessCommandLineArgumentsKt      : loaded 2 times (x 73B)
Class com.google.common.base.Ticker                                                   : loaded 2 times (x 74B)
Class com.google.common.base.Strings                                                  : loaded 2 times (x 73B)
Class kotlinx.coroutines.BuildersKt__BuildersKt                                       : loaded 2 times (x 73B)
Class kotlinx.coroutines.scheduling.NanoTimeSource                                    : loaded 2 times (x 74B)
Class kotlin.jvm.internal.BooleanCompanionObject                                      : loaded 2 times (x 73B)
Class com.google.devtools.ksp.processing.KSPConfig                                    : loaded 2 times (x 74B)
Class [Lcom.google.common.cache.LocalCache$Segment;                                   : loaded 2 times (x 71B)
Class com.google.common.base.Predicate                                                : loaded 2 times (x 72B)
Class [Lcom.google.common.cache.LocalCache$Strength;                                  : loaded 2 times (x 71B)
Class com.google.common.cache.CacheBuilder$1                                          : loaded 2 times (x 87B)
Class com.google.common.collect.ImmutableMap                                          : loaded 2 times (x 122B)
Class org.gradle.internal.classpath.DefaultClassPath$ImmutableUniqueList$Builder      : loaded 2 times (x 77B)
Class com.google.common.base.Joiner                                                   : loaded 2 times (x 81B)
Class kotlinx.coroutines.CoroutineStart                                               : loaded 2 times (x 81B)
Class kotlinx.coroutines.scheduling.UnlimitedIoScheduler                              : loaded 2 times (x 101B)
Class com.google.common.base.MoreObjects                                              : loaded 2 times (x 73B)
Class kotlin.reflect.jvm.internal.KDeclarationContainerImpl$Data                      : loaded 2 times (x 74B)
Class kotlin.reflect.jvm.internal.impl.name.FqNamesUtilKt                             : loaded 2 times (x 73B)
Class com.google.common.cache.LocalCache                                              : loaded 2 times (x 188B)
Class com.google.common.cache.CacheBuilder$2                                          : loaded 2 times (x 81B)
Class kotlinx.coroutines.CoroutineId                                                  : loaded 2 times (x 95B)
Class kotlinx.coroutines.EventLoopImplBase                                            : loaded 2 times (x 118B)
Class kotlin.reflect.jvm.internal.impl.builtins.PrimitiveType$Companion               : loaded 2 times (x 73B)
Class kotlin.collections.builders.ListBuilder                                         : loaded 2 times (x 209B)
Class kotlin.reflect.jvm.internal.KClassImpl$Data                                     : loaded 2 times (x 74B)
Class kotlin.collections.builders.ListBuilder$Companion                               : loaded 2 times (x 73B)
Class kotlinx.coroutines.scheduling.CoroutineScheduler$Companion                      : loaded 2 times (x 73B)
Class jdk.internal.jrtfs.SystemImage$2                                                : loaded 2 times (x 78B)
Class org.jetbrains.kotlin.cli.common.arguments.K2JVMCompilerArguments                : loaded 2 times (x 77B)
Class com.google.common.cache.CacheBuilder$3                                          : loaded 2 times (x 74B)
Class com.google.common.collect.ArrayListMultimap                                     : loaded 2 times (x 173B)
Class org.gradle.api.GradleException                                                  : loaded 2 times (x 84B)
Class com.google.common.collect.ImmutableCollection$Builder                           : loaded 2 times (x 78B)
Class kotlin.collections.AbstractMap$Companion                                        : loaded 2 times (x 73B)
Class com.google.common.collect.Iterators$ArrayItr                                    : loaded 2 times (x 99B)
Class com.google.common.cache.CacheLoader$FunctionToCacheLoader                       : loaded 2 times (x 77B)
Class kotlinx.coroutines.DisposableHandle                                             : loaded 2 times (x 72B)
Class jdk.internal.jrtfs.SystemImage$1                                                : loaded 2 times (x 80B)
Class com.google.common.base.Suppliers$MemoizingSupplier                              : loaded 2 times (x 81B)
Class com.google.common.collect.CollectPreconditions                                  : loaded 2 times (x 73B)
Class kotlinx.coroutines.DefaultExecutorKt                                            : loaded 2 times (x 73B)
Class kotlinx.coroutines.Unconfined                                                   : loaded 2 times (x 101B)
Class kotlinx.coroutines.GlobalScope                                                  : loaded 2 times (x 76B)
Class org.gradle.internal.classloader.InstrumentingClassLoader                        : loaded 2 times (x 72B)
Class org.gradle.internal.classpath.TransformedClassPath                              : loaded 2 times (x 98B)
Class kotlin.reflect.jvm.internal.KTypeParameterOwnerImpl                             : loaded 2 times (x 72B)
Class com.google.common.cache.CacheBuilder$NullListener                               : loaded 2 times (x 84B)
Class jdk.internal.jimage.ImageReader$LinkNode                                        : loaded 2 times (x 86B)
Class com.google.common.collect.SortedMapDifference                                   : loaded 2 times (x 72B)
Class kotlin.collections.builders.MapBuilder$KeysItr                                  : loaded 2 times (x 83B)
Class [Lkotlin.time.DurationUnit;                                                     : loaded 2 times (x 71B)
Class kotlinx.coroutines.AbstractCoroutine                                            : loaded 2 times (x 145B)
Class com.google.common.collect.MapDifference                                         : loaded 2 times (x 72B)
Class kotlin.reflect.jvm.internal.impl.name.Name                                      : loaded 2 times (x 77B)
Class kotlin.reflect.jvm.internal.KPropertyImpl$Companion                             : loaded 2 times (x 73B)
Class com.google.common.cache.LocalCache$Strength$3                                   : loaded 2 times (x 83B)
Class org.jetbrains.kotlin.cli.common.arguments.CommonCompilerArguments               : loaded 2 times (x 76B)
Class com.google.common.cache.LocalCache$EntryFactory                                 : loaded 2 times (x 85B)
Class kotlinx.coroutines.scheduling.DefaultIoScheduler                                : loaded 2 times (x 112B)
Class kotlinx.coroutines.DispatchedTask                                               : loaded 2 times (x 83B)
Class kotlin.reflect.jvm.internal.impl.name.FqNameUnsafe                              : loaded 2 times (x 74B)
Class jdk.internal.jrtfs.JrtFileStore                                                 : loaded 2 times (x 85B)
Class org.jetbrains.kotlin.cli.common.arguments.CommonCompilerArgumentsConfigurator   : loaded 2 times (x 76B)
Class com.google.common.cache.LocalCache$Strength$2                                   : loaded 2 times (x 83B)
Class org.jetbrains.kotlin.cli.common.messages.CompilerMessageSeverity                : loaded 2 times (x 81B)
Class kotlinx.coroutines.internal.SystemPropsKt                                       : loaded 2 times (x 73B)
Class org.gradle.internal.IoActions                                                   : loaded 2 times (x 73B)
Class com.google.common.cache.LocalCache$Strength$1                                   : loaded 2 times (x 83B)
Class kotlinx.coroutines.scheduling.TaskContext                                       : loaded 2 times (x 72B)
Class kotlin.reflect.jvm.internal.impl.name.ClassId                                   : loaded 2 times (x 74B)
Class kotlinx.coroutines.IncompleteStateBox                                           : loaded 2 times (x 74B)
Class org.gradle.internal.service.UnknownServiceException                             : loaded 2 times (x 85B)
Class com.google.common.cache.LocalCache$LocalLoadingCache                            : loaded 2 times (x 136B)
Class kotlin.reflect.jvm.internal.EmptyContainerForLocal                              : loaded 2 times (x 86B)
Class com.google.common.cache.CacheLoader$InvalidCacheLoadException                   : loaded 2 times (x 84B)
Class com.google.common.collect.ImmutableSet$RegularSetBuilderImpl                    : loaded 2 times (x 78B)
Class org.gradle.internal.classloader.SystemClassLoaderSpec                           : loaded 2 times (x 73B)
Class kotlin.text.MatcherMatchResult$groups$1                                         : loaded 2 times (x 153B)
Class kotlinx.coroutines.internal.LockFreeLinkedListNode                              : loaded 2 times (x 77B)
Class org.jetbrains.kotlin.cli.common.CompilerSystemProperties                        : loaded 2 times (x 81B)
Class kotlin.coroutines.CoroutineContext$DefaultImpls                                 : loaded 2 times (x 73B)
Class org.jetbrains.kotlin.cli.common.arguments.Argument                              : loaded 2 times (x 72B)
Class kotlin.jvm.internal.PropertyReference0Impl                                      : loaded 2 times (x 129B)
Class kotlinx.coroutines.Delay                                                        : loaded 2 times (x 72B)
Class kotlinx.coroutines.ParentJob                                                    : loaded 2 times (x 72B)
Class kotlinx.coroutines.JobNode                                                      : loaded 2 times (x 92B)
Class jdk.internal.jrtfs.SystemImage                                                  : loaded 2 times (x 76B)
Class org.gradle.api.internal.ClassPathProvider                                       : loaded 2 times (x 72B)
Class org.jetbrains.kotlin.cli.common.ExitCode                                        : loaded 2 times (x 81B)
Class com.google.common.cache.LoadingCache                                            : loaded 2 times (x 72B)
Class [Lorg.gradle.api.internal.ClassPathProvider;                                    : loaded 2 times (x 71B)
Class kotlin.reflect.jvm.internal.impl.builtins.jvm.JavaToKotlinClassMap$PlatformMutabilityMapping: loaded 2 times (x 74B)
Class kotlin.coroutines.ContinuationInterceptor$DefaultImpls                          : loaded 2 times (x 73B)
Class kotlin.text.MatchResult                                                         : loaded 2 times (x 72B)
Class org.gradle.api.internal.DefaultClassPathProvider                                : loaded 2 times (x 78B)
Class kotlin.io.FileTreeWalk$FileTreeWalkIterator$TopDownDirectoryState               : loaded 2 times (x 75B)
Class com.google.common.base.Suppliers$NonSerializableMemoizingSupplier               : loaded 2 times (x 81B)
Class [Lcom.google.common.cache.Weigher;                                              : loaded 2 times (x 71B)
Class com.google.common.collect.ImmutableSet$SerializedForm                           : loaded 2 times (x 75B)
Class kotlin.reflect.jvm.internal.KCallableImpl                                       : loaded 2 times (x 107B)
Class kotlinx.coroutines.internal.LockFreeTaskQueueCore$Companion                     : loaded 2 times (x 73B)
Class kotlinx.coroutines.EventLoop_commonKt                                           : loaded 2 times (x 73B)
Class com.google.common.collect.ListMultimap                                          : loaded 2 times (x 72B)
Class com.google.common.collect.ImmutableEnumMap                                      : loaded 2 times (x 128B)
Class org.jetbrains.kotlin.cli.common.CompilerSystemProperties$Companion              : loaded 2 times (x 73B)
Class kotlinx.coroutines.DebugKt                                                      : loaded 2 times (x 73B)
Class org.gradle.api.internal.classpath.EffectiveClassPath                            : loaded 2 times (x 92B)
Class kotlin.reflect.jvm.internal.KProperty1Impl                                      : loaded 2 times (x 130B)
Class com.google.common.cache.LocalCache$ValueReference                               : loaded 2 times (x 72B)
Class kotlin.coroutines.jvm.internal.Boxing                                           : loaded 2 times (x 73B)
Class jdk.internal.jrtfs.ExplodedImage                                                : loaded 2 times (x 79B)
Class org.gradle.internal.classloader.ClassLoaderVisitor                              : loaded 2 times (x 78B)
Class kotlinx.coroutines.CopyableThreadContextElement                                 : loaded 2 times (x 72B)
Class kotlin.sequences.SequencesKt___SequencesKt$flatMap$1                            : loaded 2 times (x 127B)
Class org.jetbrains.kotlin.cli.common.arguments.CommonToolArguments                   : loaded 2 times (x 75B)
Class com.google.common.util.concurrent.AbstractFuture$Failure                        : loaded 2 times (x 74B)
Class com.google.common.hash.PrimitiveSink                                            : loaded 2 times (x 72B)
Class com.google.common.base.Equivalence$Equals                                       : loaded 2 times (x 84B)
Class com.google.common.collect.Hashing                                               : loaded 2 times (x 73B)
Class com.google.common.base.PatternCompiler                                          : loaded 2 times (x 72B)
Class com.google.common.base.Preconditions                                            : loaded 2 times (x 73B)
Class kotlin.text.MatcherMatchResult$groupValues$1                                    : loaded 2 times (x 200B)
Class kotlin.reflect.jvm.internal.KProperty0Impl                                      : loaded 2 times (x 130B)
Class kotlin.jvm.internal.FloatCompanionObject                                        : loaded 2 times (x 73B)
Class org.gradle.internal.classloader.DefaultClassLoaderFactory                       : loaded 2 times (x 84B)
Class com.google.common.base.Platform$JdkPatternCompiler                              : loaded 2 times (x 77B)
Class com.google.common.base.Joiner$1                                                 : loaded 2 times (x 82B)
Class com.google.common.collect.PeekingIterator                                       : loaded 2 times (x 72B)
Class com.google.common.base.Suppliers                                                : loaded 2 times (x 73B)
Class [Lcom.google.common.cache.CacheBuilder$OneWeigher;                              : loaded 2 times (x 71B)
Class kotlin.reflect.jvm.internal.impl.name.FqName                                    : loaded 2 times (x 74B)
Class com.google.common.cache.LocalCache$EntryFactory$1                               : loaded 2 times (x 85B)
Class [Lcom.google.common.cache.RemovalListener;                                      : loaded 2 times (x 71B)
Class com.google.common.base.Joiner$2                                                 : loaded 2 times (x 81B)
Class kotlinx.coroutines.scheduling.TaskContextImpl                                   : loaded 2 times (x 77B)
Class kotlin.io.LinesSequence                                                         : loaded 2 times (x 77B)
Class kotlinx.coroutines.EventLoopImplPlatform                                        : loaded 2 times (x 108B)
Class kotlinx.coroutines.scheduling.SchedulerTimeSource                               : loaded 2 times (x 74B)
Class com.google.common.cache.LocalCache$EntryFactory$2                               : loaded 2 times (x 85B)
Class org.gradle.api.internal.classpath.GlobalCacheRootsProvider                      : loaded 2 times (x 72B)
Class kotlinx.coroutines.scheduling.CoroutineScheduler                                : loaded 2 times (x 83B)
Class com.google.common.collect.UnmodifiableListIterator                              : loaded 2 times (x 97B)
Class kotlinx.coroutines.CoroutineScope                                               : loaded 2 times (x 72B)
Class kotlinx.coroutines.ChildHandle                                                  : loaded 2 times (x 72B)
Class com.google.common.cache.LocalCache$EntryFactory$3                               : loaded 2 times (x 85B)
Class com.google.common.base.Ticker$1                                                 : loaded 2 times (x 74B)
Class com.google.common.collect.Maps$BiMapConverter                                   : loaded 2 times (x 92B)
Class kotlinx.coroutines.Incomplete                                                   : loaded 2 times (x 72B)
Class org.jetbrains.kotlin.cli.common.messages.MessageRenderer                        : loaded 2 times (x 72B)
Class com.google.common.cache.LocalCache$EntryFactory$4                               : loaded 2 times (x 85B)
Class com.google.common.collect.ImmutableSet$Builder                                  : loaded 2 times (x 87B)
Class kotlin.concurrent.LocksKt                                                       : loaded 2 times (x 73B)
Class kotlinx.coroutines.AbstractTimeSourceKt                                         : loaded 2 times (x 73B)
Class kotlin.collections.builders.ListBuilder$Itr                                     : loaded 2 times (x 96B)
Class com.google.common.cache.LocalCache$EntryFactory$5                               : loaded 2 times (x 85B)
Class kotlin.jvm.internal.ByteCompanionObject                                         : loaded 2 times (x 73B)
Class kotlin.time.Duration                                                            : loaded 2 times (x 76B)
Class org.jetbrains.kotlin.cli.common.arguments.ArgumentField                         : loaded 2 times (x 74B)
Class kotlin.jvm.internal.MutablePropertyReference2                                   : loaded 2 times (x 139B)
Class com.google.common.cache.LocalCache$EntryFactory$6                               : loaded 2 times (x 85B)
Class org.gradle.internal.installation.CurrentGradleInstallationLocator               : loaded 2 times (x 73B)
Class kotlin.reflect.jvm.internal.ReflectProperties$Val                               : loaded 2 times (x 76B)
Class kotlinx.coroutines.internal.OpDescriptor                                        : loaded 2 times (x 75B)
Class kotlinx.coroutines.Empty                                                        : loaded 2 times (x 77B)
Class org.jetbrains.kotlin.cli.common.messages.CompilerMessageSeverity$Companion      : loaded 2 times (x 73B)
Class kotlin.coroutines.jvm.internal.SpillingKt                                       : loaded 2 times (x 73B)
Class com.google.common.cache.LocalCache$EntryFactory$7                               : loaded 2 times (x 85B)
Class com.google.common.collect.ImmutableList                                         : loaded 2 times (x 208B)
Class org.gradle.internal.service.DefaultServiceLocator                               : loaded 2 times (x 85B)
Class jdk.internal.jrtfs.JrtDirectoryStream                                           : loaded 2 times (x 91B)
Class kotlin.properties.ObservableProperty                                            : loaded 2 times (x 85B)
Class org.gradle.api.internal.classpath.ManifestUtil                                  : loaded 2 times (x 73B)
Class com.google.common.collect.AbstractMapBasedMultimap$WrappedCollection            : loaded 2 times (x 126B)
Class com.google.common.collect.ImmutableList$1                                       : loaded 2 times (x 99B)
Class com.google.common.util.concurrent.ExecutionError                                : loaded 2 times (x 84B)
Class org.jetbrains.kotlin.util.capitalizeDecapitalize.CapitalizeDecapitalizeKt       : loaded 2 times (x 73B)
Class com.google.common.cache.LocalCache$EntryFactory$8                               : loaded 2 times (x 85B)
Class com.google.common.collect.ImmutableSet$SetBuilderImpl                           : loaded 2 times (x 78B)
Class org.gradle.internal.installation.CurrentGradleInstallation                      : loaded 2 times (x 75B)
Class org.gradle.internal.classloader.ClassLoaderHierarchy                            : loaded 2 times (x 72B)
Class kotlin.jvm.internal.Ref$BooleanRef                                              : loaded 2 times (x 73B)
Class kotlinx.coroutines.scheduling.Task                                              : loaded 2 times (x 78B)
Class kotlin.jvm.internal.MutablePropertyReference0                                   : loaded 2 times (x 139B)
Class kotlinx.coroutines.BlockingCoroutine                                            : loaded 2 times (x 145B)
Class kotlin.reflect.jvm.internal.impl.builtins.CompanionObjectMapping                : loaded 2 times (x 73B)
Class kotlinx.coroutines.BuildersKt                                                   : loaded 2 times (x 73B)
Class com.google.common.cache.CacheLoader$1                                           : loaded 2 times (x 77B)
Class com.google.common.collect.ImmutableList$SubList                                 : loaded 2 times (x 211B)
Class org.gradle.util.internal.GUtil                                                  : loaded 2 times (x 73B)
Class kotlinx.coroutines.internal.LockFreeTaskQueue                                   : loaded 2 times (x 74B)
Class kotlinx.coroutines.scheduling.DefaultScheduler                                  : loaded 2 times (x 109B)
Class kotlinx.coroutines.Dispatchers                                                  : loaded 2 times (x 73B)
Class kotlinx.coroutines.CoroutineContextKt$hasCopyableElements$1                     : loaded 2 times (x 80B)
Class kotlinx.coroutines.internal.ThreadContextKt                                     : loaded 2 times (x 73B)
Class kotlin.sequences.DropWhileSequence$iterator$1                                   : loaded 2 times (x 81B)
Class com.google.common.cache.AbstractCache$StatsCounter                              : loaded 2 times (x 72B)
Class org.gradle.internal.classloader.FilteringClassLoader                            : loaded 2 times (x 106B)
Class kotlin.time.DurationUnitKt                                                      : loaded 2 times (x 73B)
Class com.google.common.base.Equivalence$Identity                                     : loaded 2 times (x 84B)
Class kotlinx.coroutines.intrinsics.CancellableKt                                     : loaded 2 times (x 73B)
Class com.google.common.base.PairwiseEquivalence                                      : loaded 2 times (x 85B)
Class kotlin.reflect.jvm.internal.RuntimeTypeMapper                                   : loaded 2 times (x 73B)
Class com.google.common.collect.Iterators$MergingIterator                             : loaded 2 times (x 83B)
Class com.google.common.collect.RegularImmutableSet                                   : loaded 2 times (x 150B)
Class org.gradle.internal.installation.GradleInstallation                             : loaded 2 times (x 77B)
Class kotlinx.coroutines.internal.ResizableAtomicArray                                : loaded 2 times (x 74B)
Class kotlin.text.MatcherMatchResult                                                  : loaded 2 times (x 82B)
Class kotlinx.coroutines.JobSupportKt                                                 : loaded 2 times (x 73B)
Class kotlinx.coroutines.ExecutorCoroutineDispatcher$Key                              : loaded 2 times (x 74B)
Class kotlin.text.MatchGroupCollection                                                : loaded 2 times (x 72B)
Class [Lorg.jetbrains.kotlin.cli.common.ExitCode;                                     : loaded 2 times (x 71B)

---------------  S Y S T E M  ---------------

OS:
 Windows 11 , 64 bit Build 26100 (10.0.26100.8875)
OS uptime: 0 days 23:26 hours
Hyper-V role detected

CPU: total 12 (initial active 12) (6 cores per cpu, 2 threads per core) family 6 model 186 stepping 3 microcode 0x6134, cx8, cmov, fxsr, ht, mmx, 3dnowpref, sse, sse2, sse3, ssse3, sse4.1, sse4.2, popcnt, lzcnt, tsc, tscinvbit, avx, avx2, aes, erms, clmul, bmi1, bmi2, adx, sha, fma, vzeroupper, clflush, clflushopt, clwb, hv, serialize, rdtscp, rdpid, fsrm, gfni, f16c, cet_ibt, cet_ss
Processor Information for the first 12 processors :
  Max Mhz: 1300, Current Mhz: 1300, Mhz Limit: 1300

Memory: 4k page, system-wide physical 16068M (1681M free)
TotalPageFile size 20164M (AvailPageFile size 492M)
current process WorkingSet (physical memory assigned to process): 1267M, peak: 1267M
current process commit charge ("private bytes"): 1301M, peak: 1316M

vm_info: OpenJDK 64-Bit Server VM (25.0.2+-15348964-b329.117) for windows-amd64 JRE (25.0.2+-15348964-b329.117), built on 2026-05-05T18:25:19Z with MS VC++ 16.10 / 16.11 (VS2019)

END.
