#
# There is insufficient memory for the Java Runtime Environment to continue.
# Native memory allocation (mmap) failed to map 92274688 bytes. Error detail: G1 virtual space
# Possible reasons:
#   The system is out of physical RAM or swap space
#   This process is running with CompressedOops enabled, and the Java Heap may be blocking the growth of the native heap
# Possible solutions:
#   Reduce memory load on the system
#   Increase physical memory or swap space
#   Check if swap backing store is full
#   Decrease Java heap size (-Xmx/-Xms)
#   Decrease number of Java threads
#   Decrease Java thread stack sizes (-Xss)
#   Set larger code cache with -XX:ReservedCodeCacheSize=
#   JVM is running with Zero Based Compressed Oops mode in which the Java heap is
#     placed in the first 32GB address space. The Java Heap base address is the
#     maximum limit for the native heap growth. Please use -XX:HeapBaseMinAddress
#     to set the Java Heap base and to place the Java Heap above 32GB virtual address.
# This output file may be truncated or incomplete.
#
#  Out of Memory Error (os_windows.cpp:3766), pid=13664, tid=26064
#
# JRE version: OpenJDK Runtime Environment (25.0.2) (build 25.0.2+-15348964-b329.117)
# Java VM: OpenJDK 64-Bit Server VM (25.0.2+-15348964-b329.117, mixed mode, tiered, compressed oops, compressed class ptrs, g1 gc, windows-amd64)
# No core dump will be written. Minidumps are not enabled by default on client versions of Windows
#

---------------  S U M M A R Y ------------

Command Line: --add-opens=java.base/java.lang=ALL-UNNAMED --add-opens=java.base/java.lang.invoke=ALL-UNNAMED --add-opens=java.base/java.util=ALL-UNNAMED --add-opens=java.prefs/java.util.prefs=ALL-UNNAMED --add-exports=jdk.compiler/com.sun.tools.javac.api=ALL-UNNAMED --add-exports=jdk.compiler/com.sun.tools.javac.util=ALL-UNNAMED --add-opens=java.base/java.util=ALL-UNNAMED --add-opens=java.prefs/java.util.prefs=ALL-UNNAMED --add-opens=java.base/java.nio.charset=ALL-UNNAMED --add-opens=java.base/java.net=ALL-UNNAMED --add-opens=java.base/java.util.concurrent=ALL-UNNAMED --add-opens=java.base/java.util.concurrent.atomic=ALL-UNNAMED --add-opens=java.xml/javax.xml.namespace=ALL-UNNAMED --add-opens=java.base/java.time=ALL-UNNAMED --enable-native-access=ALL-UNNAMED -Xmx4g -Dfile.encoding=UTF-8 -Duser.country=IN -Duser.language=en -Duser.variant -javaagent:C:\Users\SIVA\.gradle\wrapper\dists\gradle-9.3.1-bin\23ovyewtku6u96viwx3xl3oks\gradle-9.3.1\lib\agents\gradle-instrumentation-agent-9.3.1.jar org.gradle.launcher.daemon.bootstrap.GradleDaemon 9.3.1

Host: 13th Gen Intel(R) Core(TM) i5-1334U, 12 cores, 15G,  Windows 11 , 64 bit Build 26100 (10.0.26100.8875)
Time: Tue Aug 11 10:38:47 2026 India Standard Time elapsed time: 71.298587 seconds (0d 0h 1m 11s)

---------------  T H R E A D  ---------------

Current thread (0x0000021437792000):  VMThread "VM Thread"          [id=26064, stack(0x000000b8bae00000,0x000000b8baf00000) (1024K)]

Stack: [0x000000b8bae00000,0x000000b8baf00000]
Native frames: (J=compiled Java code, j=interpreted, Vv=VM code, C=native code)
V  [jvm.dll+0x7bd439]  (no source info available)
V  [jvm.dll+0x78763d]  (no source info available)
V  [jvm.dll+0xa0c885]  (no source info available)
V  [jvm.dll+0xa0ef04]  (no source info available)
V  [jvm.dll+0xa0f603]  (no source info available)
V  [jvm.dll+0x309bf6]  (no source info available)
V  [jvm.dll+0x7b9545]  (no source info available)
V  [jvm.dll+0x7ac047]  (no source info available)
V  [jvm.dll+0x3fdeab]  (no source info available)
V  [jvm.dll+0x406066]  (no source info available)
V  [jvm.dll+0x3f2516]  (no source info available)
V  [jvm.dll+0x3f27f8]  (no source info available)
V  [jvm.dll+0x3c7b82]  (no source info available)
V  [jvm.dll+0x3c7c1a]  (no source info available)
V  [jvm.dll+0x4172d0]  (no source info available)
V  [jvm.dll+0x415bf1]  (no source info available)
V  [jvm.dll+0x3c72b7]  (no source info available)
V  [jvm.dll+0x41502f]  (no source info available)
V  [jvm.dll+0xa158ca]  (no source info available)
V  [jvm.dll+0xa16bd1]  (no source info available)
V  [jvm.dll+0xa17148]  (no source info available)
V  [jvm.dll+0xa173d3]  (no source info available)
V  [jvm.dll+0x9ab9c8]  (no source info available)
V  [jvm.dll+0x7bb985]  (no source info available)
C  [ucrtbase.dll+0x2cd30]  (no source info available)
C  [KERNEL32.DLL+0x2e957]  (no source info available)
C  [ntdll.dll+0xaad6c]  (no source info available)

VM_Operation (0x000000b8bfcfcfc0): G1CollectForAllocation, mode: safepoint, requested by thread 0x0000021441756bb0


---------------  P R O C E S S  ---------------

Threads class SMR info:
_java_thread_list=0x0000021441af5eb0, length=94, elements={
0x000002141b121f10, 0x00000214377ba770, 0x00000214377c8260, 0x00000214377c90c0,
0x00000214377dd0e0, 0x00000214377ddca0, 0x00000214377eaa60, 0x00000214377ec190,
0x00000214377fc590, 0x0000021437b64090, 0x0000021437d83fb0, 0x000002143e307f60,
0x000002143e46d020, 0x000002143e74d970, 0x000002143e49e540, 0x000002143e6d9ef0,
0x000002143e731b40, 0x000002143e732310, 0x000002143e72f430, 0x000002143e72fc00,
0x000002143e6a74b0, 0x000002143e6a8c20, 0x000002143e6a5d40, 0x000002143e6aab60,
0x000002143e6ac2d0, 0x000002143e6aa390, 0x000002143e6a9bc0, 0x000002143fbbefc0,
0x000002143fbbd850, 0x000002143fbbe020, 0x000002143fbc4d80, 0x000002143fbc3610,
0x000002143fbc3de0, 0x000002143e6ad270, 0x0000021440133a10, 0x0000021440139000,
0x0000021440139fa0, 0x000002144013a770, 0x000002143fb22f70, 0x000002143fb21fd0,
0x000002143fb246e0, 0x000002143fb28d30, 0x000002143fb25680, 0x000002143fb27d90,
0x000002143fb28560, 0x0000021440138830, 0x0000021440377110, 0x00000214403778e0,
0x000002144037a7c0, 0x000002144037bf30, 0x000002144037c700, 0x000002144037ced0,
0x000002143e509b50, 0x000002143e508bb0, 0x000002143e50d9d0, 0x000002143e50e970,
0x000002143fbc0f00, 0x000002143f7ba760, 0x000002143f7baf30, 0x000002143f7bbed0,
0x000002143f7bce70, 0x000002143f7bd640, 0x000002143f7bedb0, 0x000002143f7be5e0,
0x000002143f7bfd50, 0x0000021441753500, 0x0000021441756bb0, 0x0000021441757380,
0x0000021441758320, 0x0000021441758af0, 0x000002144175c1a0, 0x000002144175aa30,
0x000002144175c970, 0x000002144175d140, 0x000002144175d910, 0x000002144175e0e0,
0x00000214417607f0, 0x000002144175f080, 0x000002143c0740e0, 0x000002143c077790,
0x000002143c0796d0, 0x000002143c07bde0, 0x000002143c07c5b0, 0x000002143c07cd80,
0x000002143c07a670, 0x000002143c080c00, 0x000002143c07fc60, 0x000002143c07ecc0,
0x000002143c07e4f0, 0x000002143c083310, 0x000002143f7c3bd0, 0x00000214407ca480,
0x00000214407c8540, 0x00000214407c8d10
}

Java Threads: ( => current thread )
  0x000002141b121f10 JavaThread "main"                              [_thread_blocked, id=17556, stack(0x000000b8ba700000,0x000000b8ba800000) (1024K)]
  0x00000214377ba770 JavaThread "Common-Cleaner"             daemon [_thread_blocked, id=4908, stack(0x000000b8baf00000,0x000000b8bb000000) (1024K)]
  0x00000214377c8260 JavaThread "Reference Handler"          daemon [_thread_blocked, id=23132, stack(0x000000b8bb000000,0x000000b8bb100000) (1024K)]
  0x00000214377c90c0 JavaThread "Finalizer"                  daemon [_thread_blocked, id=9740, stack(0x000000b8bb100000,0x000000b8bb200000) (1024K)]
  0x00000214377dd0e0 JavaThread "Signal Dispatcher"          daemon [_thread_blocked, id=7352, stack(0x000000b8bb200000,0x000000b8bb300000) (1024K)]
  0x00000214377ddca0 JavaThread "Attach Listener"            daemon [_thread_blocked, id=25416, stack(0x000000b8bb300000,0x000000b8bb400000) (1024K)]
  0x00000214377eaa60 JavaThread "Service Thread"             daemon [_thread_blocked, id=20988, stack(0x000000b8bb400000,0x000000b8bb500000) (1024K)]
  0x00000214377ec190 JavaThread "Monitor Deflation Thread"   daemon [_thread_blocked, id=23072, stack(0x000000b8bb500000,0x000000b8bb600000) (1024K)]
  0x00000214377fc590 JavaThread "C2 CompilerThread0"         daemon [_thread_blocked, id=9960, stack(0x000000b8bb600000,0x000000b8bb700000) (1024K)]
  0x0000021437b64090 JavaThread "C1 CompilerThread0"         daemon [_thread_blocked, id=18984, stack(0x000000b8bb700000,0x000000b8bb800000) (1024K)]
  0x0000021437d83fb0 JavaThread "Notification Thread"        daemon [_thread_blocked, id=3664, stack(0x000000b8bb800000,0x000000b8bb900000) (1024K)]
  0x000002143e307f60 JavaThread "Daemon health stats"               [_thread_blocked, id=15208, stack(0x000000b8bbf00000,0x000000b8bc000000) (1024K)]
  0x000002143e46d020 JavaThread "Incoming local TCP Connector on port 8410"        [_thread_in_native, id=25956, stack(0x000000b8bc000000,0x000000b8bc100000) (1024K)]
  0x000002143e74d970 JavaThread "Daemon periodic checks"            [_thread_blocked, id=14816, stack(0x000000b8bc100000,0x000000b8bc200000) (1024K)]
  0x000002143e49e540 JavaThread "Daemon"                            [_thread_blocked, id=2604, stack(0x000000b8bc200000,0x000000b8bc300000) (1024K)]
  0x000002143e6d9ef0 JavaThread "Handler for socket connection from /127.0.0.1:8410 to /127.0.0.1:8411"        [_thread_in_native, id=26196, stack(0x000000b8bc300000,0x000000b8bc400000) (1024K)]
  0x000002143e731b40 JavaThread "Cancel handler"                    [_thread_blocked, id=25640, stack(0x000000b8bc900000,0x000000b8bca00000) (1024K)]
  0x000002143e732310 JavaThread "Daemon worker"                     [_thread_blocked, id=9072, stack(0x000000b8bca00000,0x000000b8bcb00000) (1024K)]
  0x000002143e72f430 JavaThread "Asynchronous log dispatcher for DefaultDaemonConnection: socket connection from /127.0.0.1:8410 to /127.0.0.1:8411"        [_thread_blocked, id=9784, stack(0x000000b8bcb00000,0x000000b8bcc00000) (1024K)]
  0x000002143e72fc00 JavaThread "Stdin handler"                     [_thread_blocked, id=7008, stack(0x000000b8bcc00000,0x000000b8bcd00000) (1024K)]
  0x000002143e6a74b0 JavaThread "Daemon client event forwarder"        [_thread_blocked, id=25892, stack(0x000000b8bcd00000,0x000000b8bce00000) (1024K)]
  0x000002143e6a8c20 JavaThread "Cache worker for journal cache (C:\Users\SIVA\.gradle\caches\journal-1)"        [_thread_blocked, id=11716, stack(0x000000b8bcf00000,0x000000b8bd000000) (1024K)]
  0x000002143e6a5d40 JavaThread "File lock request listener"        [_thread_blocked, id=29008, stack(0x000000b8bd000000,0x000000b8bd100000) (1024K)]
  0x000002143e6aab60 JavaThread "Cache worker for file hash cache (C:\Users\SIVA\.gradle\caches\9.3.1\fileHashes)"        [_thread_blocked, id=2672, stack(0x000000b8bd100000,0x000000b8bd200000) (1024K)]
  0x000002143e6ac2d0 JavaThread "Cache worker for file hash cache (C:\Users\SIVA\Downloads\palm\.gradle\9.3.1\fileHashes)"        [_thread_blocked, id=24324, stack(0x000000b8bce00000,0x000000b8bcf00000) (1024K)]
  0x000002143e6aa390 JavaThread "Cache worker for checksums cache (C:\Users\SIVA\Downloads\palm\.gradle\9.3.1\checksums)"        [_thread_blocked, id=11680, stack(0x000000b8bd200000,0x000000b8bd300000) (1024K)]
  0x000002143e6a9bc0 JavaThread "Cache worker for Build Output Cleanup Cache (C:\Users\SIVA\Downloads\palm\.gradle\buildOutputCleanup)"        [_thread_blocked, id=29424, stack(0x000000b8bd400000,0x000000b8bd500000) (1024K)]
  0x000002143fbbefc0 JavaThread "Cache worker for file content cache (C:\Users\SIVA\.gradle\caches\9.3.1\fileContent)"        [_thread_blocked, id=14940, stack(0x000000b8bd600000,0x000000b8bd700000) (1024K)]
  0x000002143fbbd850 JavaThread "File watcher server"        daemon [_thread_blocked, id=22848, stack(0x000000b8bd300000,0x000000b8bd400000) (1024K)]
  0x000002143fbbe020 JavaThread "File watcher consumer"      daemon [_thread_blocked, id=4756, stack(0x000000b8bd500000,0x000000b8bd600000) (1024K)]
  0x000002143fbc4d80 JavaThread "Cache worker for cache directory md-supplier (C:\Users\SIVA\.gradle\caches\9.3.1\md-supplier)"        [_thread_blocked, id=14792, stack(0x000000b8bd800000,0x000000b8bd900000) (1024K)]
  0x000002143fbc3610 JavaThread "Cache worker for cache directory md-rule (C:\Users\SIVA\.gradle\caches\9.3.1\md-rule)"        [_thread_blocked, id=3644, stack(0x000000b8bd900000,0x000000b8bda00000) (1024K)]
  0x000002143fbc3de0 JavaThread "jar transforms"                    [_thread_blocked, id=2192, stack(0x000000b8bd700000,0x000000b8bd800000) (1024K)]
  0x000002143e6ad270 JavaThread "jar transforms Thread 2"           [_thread_blocked, id=6648, stack(0x000000b8bda00000,0x000000b8bdb00000) (1024K)]
  0x0000021440133a10 JavaThread "jar transforms Thread 3"           [_thread_blocked, id=14956, stack(0x000000b8bdc00000,0x000000b8bdd00000) (1024K)]
  0x0000021440139000 JavaThread "Unconstrained build operations"        [_thread_blocked, id=12456, stack(0x000000b8bdd00000,0x000000b8bde00000) (1024K)]
  0x0000021440139fa0 JavaThread "Unconstrained build operations Thread 2"        [_thread_blocked, id=18956, stack(0x000000b8bde00000,0x000000b8bdf00000) (1024K)]
  0x000002144013a770 JavaThread "Unconstrained build operations Thread 3"        [_thread_blocked, id=2344, stack(0x000000b8bdf00000,0x000000b8be000000) (1024K)]
  0x000002143fb22f70 JavaThread "Unconstrained build operations Thread 4"        [_thread_blocked, id=27936, stack(0x000000b8be000000,0x000000b8be100000) (1024K)]
  0x000002143fb21fd0 JavaThread "Unconstrained build operations Thread 5"        [_thread_blocked, id=2740, stack(0x000000b8be100000,0x000000b8be200000) (1024K)]
  0x000002143fb246e0 JavaThread "Unconstrained build operations Thread 6"        [_thread_blocked, id=27880, stack(0x000000b8be200000,0x000000b8be300000) (1024K)]
  0x000002143fb28d30 JavaThread "jar transforms Thread 4"           [_thread_blocked, id=648, stack(0x000000b8be300000,0x000000b8be400000) (1024K)]
  0x000002143fb25680 JavaThread "jar transforms Thread 5"           [_thread_blocked, id=14420, stack(0x000000b8bdb00000,0x000000b8bdc00000) (1024K)]
  0x000002143fb27d90 JavaThread "Unconstrained build operations Thread 7"        [_thread_blocked, id=21080, stack(0x000000b8be400000,0x000000b8be500000) (1024K)]
  0x000002143fb28560 JavaThread "Unconstrained build operations Thread 8"        [_thread_blocked, id=18960, stack(0x000000b8be500000,0x000000b8be600000) (1024K)]
  0x0000021440138830 JavaThread "Unconstrained build operations Thread 9"        [_thread_blocked, id=5044, stack(0x000000b8be600000,0x000000b8be700000) (1024K)]
  0x0000021440377110 JavaThread "jar transforms Thread 6"           [_thread_blocked, id=11896, stack(0x000000b8be700000,0x000000b8be800000) (1024K)]
  0x00000214403778e0 JavaThread "jar transforms Thread 7"           [_thread_blocked, id=5000, stack(0x000000b8be900000,0x000000b8bea00000) (1024K)]
  0x000002144037a7c0 JavaThread "jar transforms Thread 8"           [_thread_blocked, id=24832, stack(0x000000b8bea00000,0x000000b8beb00000) (1024K)]
  0x000002144037bf30 JavaThread "Unconstrained build operations Thread 10"        [_thread_blocked, id=2336, stack(0x000000b8beb00000,0x000000b8bec00000) (1024K)]
  0x000002144037c700 JavaThread "Unconstrained build operations Thread 11"        [_thread_blocked, id=27596, stack(0x000000b8bec00000,0x000000b8bed00000) (1024K)]
  0x000002144037ced0 JavaThread "Unconstrained build operations Thread 12"        [_thread_blocked, id=2656, stack(0x000000b8bed00000,0x000000b8bee00000) (1024K)]
  0x000002143e509b50 JavaThread "Configuration cache report writer"        [_thread_blocked, id=1236, stack(0x000000b8be800000,0x000000b8be900000) (1024K)]
  0x000002143e508bb0 JavaThread "Unconstrained build operations Thread 13"        [_thread_blocked, id=6428, stack(0x000000b8bee00000,0x000000b8bef00000) (1024K)]
  0x000002143e50d9d0 JavaThread "Unconstrained build operations Thread 14"        [_thread_blocked, id=27396, stack(0x000000b8bef00000,0x000000b8bf000000) (1024K)]
  0x000002143e50e970 JavaThread "Unconstrained build operations Thread 15"        [_thread_blocked, id=15692, stack(0x000000b8bf000000,0x000000b8bf100000) (1024K)]
  0x000002143fbc0f00 JavaThread "Unconstrained build operations Thread 16"        [_thread_blocked, id=28876, stack(0x000000b8bf100000,0x000000b8bf200000) (1024K)]
  0x000002143f7ba760 JavaThread "Unconstrained build operations Thread 17"        [_thread_blocked, id=9860, stack(0x000000b8bf200000,0x000000b8bf300000) (1024K)]
  0x000002143f7baf30 JavaThread "Unconstrained build operations Thread 18"        [_thread_blocked, id=3256, stack(0x000000b8bf300000,0x000000b8bf400000) (1024K)]
  0x000002143f7bbed0 JavaThread "Unconstrained build operations Thread 19"        [_thread_blocked, id=25800, stack(0x000000b8bf500000,0x000000b8bf600000) (1024K)]
  0x000002143f7bce70 JavaThread "Unconstrained build operations Thread 20"        [_thread_blocked, id=28488, stack(0x000000b8bf600000,0x000000b8bf700000) (1024K)]
  0x000002143f7bd640 JavaThread "Unconstrained build operations Thread 21"        [_thread_blocked, id=22556, stack(0x000000b8bf700000,0x000000b8bf800000) (1024K)]
  0x000002143f7bedb0 JavaThread "build event listener"              [_thread_blocked, id=8168, stack(0x000000b8bf800000,0x000000b8bf900000) (1024K)]
  0x000002143f7be5e0 JavaThread "Memory manager"                    [_thread_blocked, id=2784, stack(0x000000b8bf900000,0x000000b8bfa00000) (1024K)]
  0x000002143f7bfd50 JavaThread "build event listener"              [_thread_blocked, id=9348, stack(0x000000b8bf400000,0x000000b8bf500000) (1024K)]
  0x0000021441753500 JavaThread "Build operations"                  [_thread_blocked, id=23776, stack(0x000000b8bfb00000,0x000000b8bfc00000) (1024K)]
  0x0000021441756bb0 JavaThread "Unconstrained build operations Thread 22"        [_thread_blocked, id=20668, stack(0x000000b8bfc00000,0x000000b8bfd00000) (1024K)]
  0x0000021441757380 JavaThread "Unconstrained build operations Thread 23"        [_thread_blocked, id=26284, stack(0x000000b8bfd00000,0x000000b8bfe00000) (1024K)]
  0x0000021441758320 JavaThread "Unconstrained build operations Thread 24"        [_thread_blocked, id=12052, stack(0x000000b8bfe00000,0x000000b8bff00000) (1024K)]
  0x0000021441758af0 JavaThread "Unconstrained build operations Thread 25"        [_thread_blocked, id=12672, stack(0x000000b8bff00000,0x000000b8c0000000) (1024K)]
  0x000002144175c1a0 JavaThread "Unconstrained build operations Thread 26"        [_thread_blocked, id=10012, stack(0x000000b8c0000000,0x000000b8c0100000) (1024K)]
  0x000002144175aa30 JavaThread "Unconstrained build operations Thread 27"        [_thread_blocked, id=9912, stack(0x000000b8c0100000,0x000000b8c0200000) (1024K)]
  0x000002144175c970 JavaThread "Unconstrained build operations Thread 28"        [_thread_blocked, id=24724, stack(0x000000b8c0200000,0x000000b8c0300000) (1024K)]
  0x000002144175d140 JavaThread "Unconstrained build operations Thread 29"        [_thread_blocked, id=19108, stack(0x000000b8c0300000,0x000000b8c0400000) (1024K)]
  0x000002144175d910 JavaThread "Unconstrained build operations Thread 30"        [_thread_blocked, id=26372, stack(0x000000b8c0400000,0x000000b8c0500000) (1024K)]
  0x000002144175e0e0 JavaThread "Unconstrained build operations Thread 31"        [_thread_blocked, id=23320, stack(0x000000b8c0500000,0x000000b8c0600000) (1024K)]
  0x00000214417607f0 JavaThread "Unconstrained build operations Thread 32"        [_thread_blocked, id=12740, stack(0x000000b8c0600000,0x000000b8c0700000) (1024K)]
  0x000002144175f080 JavaThread "Exec process"                      [_thread_blocked, id=29356, stack(0x000000b8c0700000,0x000000b8c0800000) (1024K)]
  0x000002143c0740e0 JavaThread "Exec process Thread 2"             [_thread_blocked, id=16380, stack(0x000000b8c0800000,0x000000b8c0900000) (1024K)]
  0x000002143c077790 JavaThread "Exec process Thread 3"             [_thread_blocked, id=10148, stack(0x000000b8c0900000,0x000000b8c0a00000) (1024K)]
  0x000002143c0796d0 JavaThread "Build operations Thread 2"         [_thread_blocked, id=5756, stack(0x000000b8c0b00000,0x000000b8c0c00000) (1024K)]
  0x000002143c07bde0 JavaThread "included builds"                   [_thread_blocked, id=10500, stack(0x000000b8c0a00000,0x000000b8c0b00000) (1024K)]
  0x000002143c07c5b0 JavaThread "Execution worker"                  [_thread_blocked, id=16108, stack(0x000000b8c0c00000,0x000000b8c0d00000) (1024K)]
  0x000002143c07cd80 JavaThread "Execution worker Thread 2"         [_thread_blocked, id=22592, stack(0x000000b8c0d00000,0x000000b8c0e00000) (1024K)]
  0x000002143c07a670 JavaThread "Execution worker Thread 3"         [_thread_blocked, id=8664, stack(0x000000b8c0e00000,0x000000b8c0f00000) (1024K)]
  0x000002143c080c00 JavaThread "Cache worker for execution history cache (C:\Users\SIVA\Downloads\palm\.gradle\9.3.1\executionHistory)"        [_thread_blocked, id=17992, stack(0x000000b8c0f00000,0x000000b8c1000000) (1024K)]
  0x000002143c07fc60 JavaThread "Unconstrained build operations Thread 33"        [_thread_blocked, id=18224, stack(0x000000b8bfa00000,0x000000b8bfb00000) (1024K)]
  0x000002143c07ecc0 JavaThread "Unconstrained build operations Thread 34"        [_thread_blocked, id=5708, stack(0x000000b8c1000000,0x000000b8c1100000) (1024K)]
  0x000002143c07e4f0 JavaThread "Unconstrained build operations Thread 35"        [_thread_blocked, id=29048, stack(0x000000b8c1100000,0x000000b8c1200000) (1024K)]
  0x000002143c083310 JavaThread "Unconstrained build operations Thread 36"        [_thread_blocked, id=8856, stack(0x000000b8c1200000,0x000000b8c1300000) (1024K)]
  0x000002143f7c3bd0 JavaThread "Unconstrained build operations Thread 37"        [_thread_blocked, id=22396, stack(0x000000b8c1300000,0x000000b8c1400000) (1024K)]
  0x00000214407ca480 JavaThread "Unconstrained build operations Thread 38"        [_thread_blocked, id=28816, stack(0x000000b8c1400000,0x000000b8c1500000) (1024K)]
  0x00000214407c8540 JavaThread "Unconstrained build operations Thread 39"        [_thread_blocked, id=18380, stack(0x000000b8c1600000,0x000000b8c1700000) (1024K)]
  0x00000214407c8d10 JavaThread "Unconstrained build operations Thread 40"        [_thread_blocked, id=21864, stack(0x000000b8c1700000,0x000000b8c1800000) (1024K)]
Total: 94

Other Threads:
=>0x0000021437792000 VMThread "VM Thread"                           [id=26064, stack(0x000000b8bae00000,0x000000b8baf00000) (1024K)]
  0x0000021437751ba0 WatcherThread "VM Periodic Task Thread"        [id=25556, stack(0x000000b8bad00000,0x000000b8bae00000) (1024K)]
  0x000002141b18b980 WorkerThread "GC Thread#0"                     [id=12076, stack(0x000000b8ba800000,0x000000b8ba900000) (1024K)]
  0x000002143ca14500 WorkerThread "GC Thread#1"                     [id=18520, stack(0x000000b8bba00000,0x000000b8bbb00000) (1024K)]
  0x000002143ce7a490 WorkerThread "GC Thread#2"                     [id=3172, stack(0x000000b8bbb00000,0x000000b8bbc00000) (1024K)]
  0x000002143ce7a8c0 WorkerThread "GC Thread#3"                     [id=15988, stack(0x000000b8bbc00000,0x000000b8bbd00000) (1024K)]
  0x000002143ce7acf0 WorkerThread "GC Thread#4"                     [id=19268, stack(0x000000b8bbd00000,0x000000b8bbe00000) (1024K)]
  0x000002143c9bbd10 WorkerThread "GC Thread#5"                     [id=18896, stack(0x000000b8bbe00000,0x000000b8bbf00000) (1024K)]
  0x000002143e21a380 WorkerThread "GC Thread#6"                     [id=908, stack(0x000000b8bb900000,0x000000b8bba00000) (1024K)]
  0x000002143e21e430 WorkerThread "GC Thread#7"                     [id=11400, stack(0x000000b8bc400000,0x000000b8bc500000) (1024K)]
  0x000002143e21c600 WorkerThread "GC Thread#8"                     [id=25488, stack(0x000000b8bc500000,0x000000b8bc600000) (1024K)]
  0x000002143e21ac20 WorkerThread "GC Thread#9"                     [id=16516, stack(0x000000b8bc600000,0x000000b8bc700000) (1024K)]
  0x000002141b1a5060 ConcurrentGCThread "G1 Main Marker"            [id=16192, stack(0x000000b8ba900000,0x000000b8baa00000) (1024K)]
  0x000002141b1a5a00 WorkerThread "G1 Conc#0"                       [id=14724, stack(0x000000b8baa00000,0x000000b8bab00000) (1024K)]
  0x000002143e21ca50 WorkerThread "G1 Conc#1"                       [id=4660, stack(0x000000b8bc700000,0x000000b8bc800000) (1024K)]
  0x000002143e21b070 WorkerThread "G1 Conc#2"                       [id=22968, stack(0x000000b8bc800000,0x000000b8bc900000) (1024K)]
  0x0000021437625840 ConcurrentGCThread "G1 Refine#0"               [id=28360, stack(0x000000b8bab00000,0x000000b8bac00000) (1024K)]
  0x0000021437626250 ConcurrentGCThread "G1 Service"                [id=20208, stack(0x000000b8bac00000,0x000000b8bad00000) (1024K)]
Total: 18

Threads with active compile tasks:
Total: 0

VM state: at safepoint (normal execution)

VM Mutex/Monitor currently owned by a thread:  ([mutex/lock_event])
[0x00007ff8a1104698] Threads_lock - owner thread: 0x0000021437792000
[0x00007ff8a1104818] Heap_lock - owner thread: 0x0000021441756bb0

Heap address: 0x0000000700000000, size: 4096 MB, Compressed Oops mode: Zero based, Oop shift amount: 3

CDS archive(s) not mapped
Compressed class space mapped at: 0x000000008e000000-0x00000000ce000000, reserved size: 1073741824
UseCompressedClassPointers 1, UseCompactObjectHeaders 0
Narrow klass pointer bits 32, Max shift 3
Narrow klass base: 0x0000000000000000, Narrow klass shift: 0
Encoding Range: [0x0000000000000000 - 0x0000000100000000), (4294967296 bytes)
Klass Range:    [0x000000008e000000 - 0x00000000ce000000), (1073741824 bytes)
Klass ID Range:  [2382364672 - 3456106489) (1073741817)
No protection zone.

GC Precious Log:
 CardTable entry size: 512
 Card Set container configuration: InlinePtr #cards 4 size 8 Array Of Cards #cards 16 size 48 Howl #buckets 8 coarsen threshold 3686 Howl Bitmap #cards 512 size 80 coarsen threshold 460 Card regions per heap region 1 cards per card region 4096
 CPUs: 12 total, 12 available
 Memory: 16068M
 Large Page Support: Disabled
 NUMA Support: Disabled
 Compressed Oops: Enabled (Zero based)
 Heap Region Size: 2M
 Heap Min Capacity: 8M
 Heap Initial Capacity: 252M
 Heap Max Capacity: 4G
 Pre-touch: Disabled
 Parallel Workers: 10
 Concurrent Workers: 3
 Concurrent Refinement Workers: 10
 Periodic GC: Disabled

Heap:
 garbage-first heap   total reserved 4194304K, committed 450560K, used 141379K [0x0000000700000000, 0x0000000800000000)
  region size 2048K, 7 young (14336K), 7 survivors (14336K)

Heap Regions: E=young(eden), S=young(survivor), O=old, HS=humongous(starts), HC=humongous(continues), CS=collection set, F=free, TAMS=top-at-mark-start, PB=parsable bottom
|   0|0x0000000700000000, 0x0000000700200000, 0x0000000700200000|100%|HS|  |TAMS 0x0000000700000000| PB 0x0000000700000000| Complete |  0
|   1|0x0000000700200000, 0x0000000700400000, 0x0000000700400000|100%|HC|  |TAMS 0x0000000700200000| PB 0x0000000700200000| Complete |  0
|   2|0x0000000700400000, 0x0000000700600000, 0x0000000700600000|100%| O|  |TAMS 0x0000000700400000| PB 0x0000000700400000| Untracked |  0
|   3|0x0000000700600000, 0x0000000700800000, 0x0000000700800000|100%| O|  |TAMS 0x0000000700600000| PB 0x0000000700600000| Untracked |  0
|   4|0x0000000700800000, 0x0000000700a00000, 0x0000000700a00000|100%| O|  |TAMS 0x0000000700800000| PB 0x0000000700800000| Untracked |  0
|   5|0x0000000700a00000, 0x0000000700c00000, 0x0000000700c00000|100%| O|  |TAMS 0x0000000700a00000| PB 0x0000000700a00000| Untracked |  0
|   6|0x0000000700c00000, 0x0000000700e00000, 0x0000000700e00000|100%| O|  |TAMS 0x0000000700c00000| PB 0x0000000700c00000| Untracked |  0
|   7|0x0000000700e00000, 0x0000000701000000, 0x0000000701000000|100%| O|  |TAMS 0x0000000700e00000| PB 0x0000000700e00000| Untracked |  0
|   8|0x0000000701000000, 0x0000000701200000, 0x0000000701200000|100%| O|  |TAMS 0x0000000701000000| PB 0x0000000701000000| Untracked |  0
|   9|0x0000000701200000, 0x0000000701400000, 0x0000000701400000|100%| O|  |TAMS 0x0000000701200000| PB 0x0000000701200000| Untracked |  0
|  10|0x0000000701400000, 0x0000000701600000, 0x0000000701600000|100%| O|  |TAMS 0x0000000701400000| PB 0x0000000701400000| Untracked |  0
|  11|0x0000000701600000, 0x0000000701800000, 0x0000000701800000|100%| O|  |TAMS 0x0000000701600000| PB 0x0000000701600000| Untracked |  0
|  12|0x0000000701800000, 0x0000000701a00000, 0x0000000701a00000|100%| O|  |TAMS 0x0000000701800000| PB 0x0000000701800000| Untracked |  0
|  13|0x0000000701a00000, 0x0000000701c00000, 0x0000000701c00000|100%| O|  |TAMS 0x0000000701a00000| PB 0x0000000701a00000| Untracked |  0
|  14|0x0000000701c00000, 0x0000000701e00000, 0x0000000701e00000|100%| O|  |TAMS 0x0000000701c00000| PB 0x0000000701c00000| Untracked |  0
|  15|0x0000000701e00000, 0x0000000702000000, 0x0000000702000000|100%| O|  |TAMS 0x0000000701e00000| PB 0x0000000701e00000| Untracked |  0
|  16|0x0000000702000000, 0x0000000702200000, 0x0000000702200000|100%| O|  |TAMS 0x0000000702000000| PB 0x0000000702000000| Untracked |  0
|  17|0x0000000702200000, 0x0000000702400000, 0x0000000702400000|100%| O|  |TAMS 0x0000000702200000| PB 0x0000000702200000| Untracked |  0
|  18|0x0000000702400000, 0x0000000702600000, 0x0000000702600000|100%| O|  |TAMS 0x0000000702400000| PB 0x0000000702400000| Untracked |  0
|  19|0x0000000702600000, 0x0000000702800000, 0x0000000702800000|100%| O|  |TAMS 0x0000000702600000| PB 0x0000000702600000| Untracked |  0
|  20|0x0000000702800000, 0x0000000702a00000, 0x0000000702a00000|100%| O|  |TAMS 0x0000000702800000| PB 0x0000000702800000| Untracked |  0
|  21|0x0000000702a00000, 0x0000000702c00000, 0x0000000702c00000|100%| O|  |TAMS 0x0000000702a00000| PB 0x0000000702a00000| Untracked |  0
|  22|0x0000000702c00000, 0x0000000702e00000, 0x0000000702e00000|100%|HS|  |TAMS 0x0000000702c00000| PB 0x0000000702c00000| Complete |  0
|  23|0x0000000702e00000, 0x0000000703000000, 0x0000000703000000|100%|HS|  |TAMS 0x0000000702e00000| PB 0x0000000702e00000| Complete |  0
|  24|0x0000000703000000, 0x0000000703200000, 0x0000000703200000|100%| O|  |TAMS 0x0000000703000000| PB 0x0000000703000000| Untracked |  0
|  25|0x0000000703200000, 0x0000000703400000, 0x0000000703400000|100%| O|  |TAMS 0x0000000703200000| PB 0x0000000703200000| Untracked |  0
|  26|0x0000000703400000, 0x0000000703600000, 0x0000000703600000|100%| O|  |TAMS 0x0000000703400000| PB 0x0000000703400000| Untracked |  0
|  27|0x0000000703600000, 0x0000000703800000, 0x0000000703800000|100%| O|  |TAMS 0x0000000703600000| PB 0x0000000703600000| Untracked |  0
|  28|0x0000000703800000, 0x0000000703a00000, 0x0000000703a00000|100%| O|  |TAMS 0x0000000703800000| PB 0x0000000703800000| Untracked |  0
|  29|0x0000000703a00000, 0x0000000703c00000, 0x0000000703c00000|100%| O|  |TAMS 0x0000000703a00000| PB 0x0000000703a00000| Untracked |  0
|  30|0x0000000703c00000, 0x0000000703e00000, 0x0000000703e00000|100%| O|  |TAMS 0x0000000703c00000| PB 0x0000000703c00000| Untracked |  0
|  31|0x0000000703e00000, 0x0000000704000000, 0x0000000704000000|100%| O|  |TAMS 0x0000000703e00000| PB 0x0000000703e00000| Untracked |  0
|  32|0x0000000704000000, 0x0000000704200000, 0x0000000704200000|100%| O|  |TAMS 0x0000000704000000| PB 0x0000000704000000| Untracked |  0
|  33|0x0000000704200000, 0x0000000704400000, 0x0000000704400000|100%| O|  |TAMS 0x0000000704200000| PB 0x0000000704200000| Untracked |  0
|  34|0x0000000704400000, 0x0000000704600000, 0x0000000704600000|100%| O|  |TAMS 0x0000000704400000| PB 0x0000000704400000| Untracked |  0
|  35|0x0000000704600000, 0x0000000704800000, 0x0000000704800000|100%| O|  |TAMS 0x0000000704600000| PB 0x0000000704600000| Untracked |  0
|  36|0x0000000704800000, 0x0000000704a00000, 0x0000000704a00000|100%| O|  |TAMS 0x0000000704800000| PB 0x0000000704800000| Untracked |  0
|  37|0x0000000704a00000, 0x0000000704c00000, 0x0000000704c00000|100%| O|  |TAMS 0x0000000704a00000| PB 0x0000000704a00000| Untracked |  0
|  38|0x0000000704c00000, 0x0000000704e00000, 0x0000000704e00000|100%| O|  |TAMS 0x0000000704c00000| PB 0x0000000704c00000| Untracked |  0
|  39|0x0000000704e00000, 0x0000000705000000, 0x0000000705000000|100%| O|  |TAMS 0x0000000704e00000| PB 0x0000000704e00000| Untracked |  0
|  40|0x0000000705000000, 0x0000000705200000, 0x0000000705200000|100%| O|  |TAMS 0x0000000705000000| PB 0x0000000705000000| Untracked |  0
|  41|0x0000000705200000, 0x0000000705400000, 0x0000000705400000|100%| O|  |TAMS 0x0000000705200000| PB 0x0000000705200000| Untracked |  0
|  42|0x0000000705400000, 0x0000000705600000, 0x0000000705600000|100%| O|  |TAMS 0x0000000705400000| PB 0x0000000705400000| Untracked |  0
|  43|0x0000000705600000, 0x0000000705800000, 0x0000000705800000|100%| O|  |TAMS 0x0000000705600000| PB 0x0000000705600000| Untracked |  0
|  44|0x0000000705800000, 0x0000000705a00000, 0x0000000705a00000|100%| O|  |TAMS 0x0000000705800000| PB 0x0000000705800000| Untracked |  0
|  45|0x0000000705a00000, 0x0000000705c00000, 0x0000000705c00000|100%| O|  |TAMS 0x0000000705a00000| PB 0x0000000705a00000| Untracked |  0
|  46|0x0000000705c00000, 0x0000000705e00000, 0x0000000705e00000|100%| O|  |TAMS 0x0000000705c00000| PB 0x0000000705c00000| Untracked |  0
|  47|0x0000000705e00000, 0x0000000706000000, 0x0000000706000000|100%| O|  |TAMS 0x0000000705e00000| PB 0x0000000705e00000| Untracked |  0
|  48|0x0000000706000000, 0x0000000706200000, 0x0000000706200000|100%| O|  |TAMS 0x0000000706000000| PB 0x0000000706000000| Untracked |  0
|  49|0x0000000706200000, 0x0000000706400000, 0x0000000706400000|100%| O|  |TAMS 0x0000000706200000| PB 0x0000000706200000| Untracked |  0
|  50|0x0000000706400000, 0x0000000706600000, 0x0000000706600000|100%| O|  |TAMS 0x0000000706400000| PB 0x0000000706400000| Untracked |  0
|  51|0x0000000706600000, 0x0000000706800000, 0x0000000706800000|100%| O|  |TAMS 0x0000000706600000| PB 0x0000000706600000| Untracked |  0
|  52|0x0000000706800000, 0x0000000706856fd0, 0x0000000706a00000| 16%| O|  |TAMS 0x0000000706800000| PB 0x0000000706800000| Untracked |  0
|  53|0x0000000706a00000, 0x0000000706a00000, 0x0000000706c00000|  0%| F|  |TAMS 0x0000000706a00000| PB 0x0000000706a00000| Untracked |  0
|  54|0x0000000706c00000, 0x0000000706c00000, 0x0000000706e00000|  0%| F|  |TAMS 0x0000000706c00000| PB 0x0000000706c00000| Untracked |  0
|  55|0x0000000706e00000, 0x0000000706e00000, 0x0000000707000000|  0%| F|  |TAMS 0x0000000706e00000| PB 0x0000000706e00000| Untracked |  0
|  56|0x0000000707000000, 0x0000000707000000, 0x0000000707200000|  0%| F|  |TAMS 0x0000000707000000| PB 0x0000000707000000| Untracked |  0
|  57|0x0000000707200000, 0x0000000707200000, 0x0000000707400000|  0%| F|  |TAMS 0x0000000707200000| PB 0x0000000707200000| Untracked |  0
|  58|0x0000000707400000, 0x0000000707400000, 0x0000000707600000|  0%| F|  |TAMS 0x0000000707400000| PB 0x0000000707400000| Untracked |  0
|  59|0x0000000707600000, 0x0000000707600000, 0x0000000707800000|  0%| F|  |TAMS 0x0000000707600000| PB 0x0000000707600000| Untracked |  0
|  60|0x0000000707800000, 0x0000000707800000, 0x0000000707a00000|  0%| F|  |TAMS 0x0000000707800000| PB 0x0000000707800000| Untracked |  0
|  61|0x0000000707a00000, 0x0000000707a00000, 0x0000000707c00000|  0%| F|  |TAMS 0x0000000707a00000| PB 0x0000000707a00000| Untracked |  0
|  62|0x0000000707c00000, 0x0000000707c00000, 0x0000000707e00000|  0%| F|  |TAMS 0x0000000707c00000| PB 0x0000000707c00000| Untracked |  0
|  63|0x0000000707e00000, 0x0000000707e00000, 0x0000000708000000|  0%| F|  |TAMS 0x0000000707e00000| PB 0x0000000707e00000| Untracked |  0
|  64|0x0000000708000000, 0x0000000708000000, 0x0000000708200000|  0%| F|  |TAMS 0x0000000708000000| PB 0x0000000708000000| Untracked |  0
|  65|0x0000000708200000, 0x0000000708200000, 0x0000000708400000|  0%| F|  |TAMS 0x0000000708200000| PB 0x0000000708200000| Untracked |  0
|  66|0x0000000708400000, 0x0000000708400000, 0x0000000708600000|  0%| F|  |TAMS 0x0000000708400000| PB 0x0000000708400000| Untracked |  0
|  67|0x0000000708600000, 0x0000000708600000, 0x0000000708800000|  0%| F|  |TAMS 0x0000000708600000| PB 0x0000000708600000| Untracked |  0
|  68|0x0000000708800000, 0x0000000708800000, 0x0000000708a00000|  0%| F|  |TAMS 0x0000000708800000| PB 0x0000000708800000| Untracked |  0
|  69|0x0000000708a00000, 0x0000000708a00000, 0x0000000708c00000|  0%| F|  |TAMS 0x0000000708a00000| PB 0x0000000708a00000| Untracked |  0
|  70|0x0000000708c00000, 0x0000000708c00000, 0x0000000708e00000|  0%| F|  |TAMS 0x0000000708c00000| PB 0x0000000708c00000| Untracked |  0
|  71|0x0000000708e00000, 0x0000000708e00000, 0x0000000709000000|  0%| F|  |TAMS 0x0000000708e00000| PB 0x0000000708e00000| Untracked |  0
|  72|0x0000000709000000, 0x0000000709000000, 0x0000000709200000|  0%| F|  |TAMS 0x0000000709000000| PB 0x0000000709000000| Untracked |  0
|  73|0x0000000709200000, 0x0000000709200000, 0x0000000709400000|  0%| F|  |TAMS 0x0000000709200000| PB 0x0000000709200000| Untracked |  0
|  74|0x0000000709400000, 0x0000000709400000, 0x0000000709600000|  0%| F|  |TAMS 0x0000000709400000| PB 0x0000000709400000| Untracked |  0
|  75|0x0000000709600000, 0x0000000709600000, 0x0000000709800000|  0%| F|  |TAMS 0x0000000709600000| PB 0x0000000709600000| Untracked |  0
|  76|0x0000000709800000, 0x0000000709800000, 0x0000000709a00000|  0%| F|  |TAMS 0x0000000709800000| PB 0x0000000709800000| Untracked |  0
|  77|0x0000000709a00000, 0x0000000709a00000, 0x0000000709c00000|  0%| F|  |TAMS 0x0000000709a00000| PB 0x0000000709a00000| Untracked |  0
|  78|0x0000000709c00000, 0x0000000709db9e00, 0x0000000709e00000| 86%| S|CS|TAMS 0x0000000709c00000| PB 0x0000000709c00000| Complete |  0
|  79|0x0000000709e00000, 0x000000070a000000, 0x000000070a000000|100%| S|CS|TAMS 0x0000000709e00000| PB 0x0000000709e00000| Complete |  0
|  80|0x000000070a000000, 0x000000070a200000, 0x000000070a200000|100%| S|CS|TAMS 0x000000070a000000| PB 0x000000070a000000| Complete |  0
|  81|0x000000070a200000, 0x000000070a400000, 0x000000070a400000|100%| S|CS|TAMS 0x000000070a200000| PB 0x000000070a200000| Complete |  0
|  82|0x000000070a400000, 0x000000070a600000, 0x000000070a600000|100%| S|CS|TAMS 0x000000070a400000| PB 0x000000070a400000| Complete |  0
|  83|0x000000070a600000, 0x000000070a800000, 0x000000070a800000|100%| S|CS|TAMS 0x000000070a600000| PB 0x000000070a600000| Complete |  0
|  84|0x000000070a800000, 0x000000070aa00000, 0x000000070aa00000|100%| S|CS|TAMS 0x000000070a800000| PB 0x000000070a800000| Complete |  0
|  85|0x000000070aa00000, 0x000000070aa00000, 0x000000070ac00000|  0%| F|  |TAMS 0x000000070aa00000| PB 0x000000070aa00000| Untracked |  0
|  86|0x000000070ac00000, 0x000000070ac00000, 0x000000070ae00000|  0%| F|  |TAMS 0x000000070ac00000| PB 0x000000070ac00000| Untracked |  0
|  87|0x000000070ae00000, 0x000000070ae00000, 0x000000070b000000|  0%| F|  |TAMS 0x000000070ae00000| PB 0x000000070ae00000| Untracked |  0
|  88|0x000000070b000000, 0x000000070b000000, 0x000000070b200000|  0%| F|  |TAMS 0x000000070b000000| PB 0x000000070b000000| Untracked |  0
|  89|0x000000070b200000, 0x000000070b200000, 0x000000070b400000|  0%| F|  |TAMS 0x000000070b200000| PB 0x000000070b200000| Untracked |  0
|  90|0x000000070b400000, 0x000000070b400000, 0x000000070b600000|  0%| F|  |TAMS 0x000000070b400000| PB 0x000000070b400000| Untracked |  0
|  91|0x000000070b600000, 0x000000070b600000, 0x000000070b800000|  0%| F|  |TAMS 0x000000070b600000| PB 0x000000070b600000| Untracked |  0
|  92|0x000000070b800000, 0x000000070b800000, 0x000000070ba00000|  0%| F|  |TAMS 0x000000070b800000| PB 0x000000070b800000| Untracked |  0
|  93|0x000000070ba00000, 0x000000070ba00000, 0x000000070bc00000|  0%| F|  |TAMS 0x000000070ba00000| PB 0x000000070ba00000| Untracked |  0
|  94|0x000000070bc00000, 0x000000070bc00000, 0x000000070be00000|  0%| F|  |TAMS 0x000000070bc00000| PB 0x000000070bc00000| Untracked |  0
|  95|0x000000070be00000, 0x000000070be00000, 0x000000070c000000|  0%| F|  |TAMS 0x000000070be00000| PB 0x000000070be00000| Untracked |  0
|  96|0x000000070c000000, 0x000000070c000000, 0x000000070c200000|  0%| F|  |TAMS 0x000000070c000000| PB 0x000000070c000000| Untracked |  0
|  97|0x000000070c200000, 0x000000070c200000, 0x000000070c400000|  0%| F|  |TAMS 0x000000070c200000| PB 0x000000070c200000| Untracked |  0
|  98|0x000000070c400000, 0x000000070c400000, 0x000000070c600000|  0%| F|  |TAMS 0x000000070c400000| PB 0x000000070c400000| Untracked |  0
|  99|0x000000070c600000, 0x000000070c600000, 0x000000070c800000|  0%| F|  |TAMS 0x000000070c600000| PB 0x000000070c600000| Untracked |  0
| 100|0x000000070c800000, 0x000000070c800000, 0x000000070ca00000|  0%| F|  |TAMS 0x000000070c800000| PB 0x000000070c800000| Untracked |  0
| 101|0x000000070ca00000, 0x000000070ca00000, 0x000000070cc00000|  0%| F|  |TAMS 0x000000070ca00000| PB 0x000000070ca00000| Untracked |  0
| 102|0x000000070cc00000, 0x000000070cc00000, 0x000000070ce00000|  0%| F|  |TAMS 0x000000070cc00000| PB 0x000000070cc00000| Untracked |  0
| 103|0x000000070ce00000, 0x000000070ce00000, 0x000000070d000000|  0%| F|  |TAMS 0x000000070ce00000| PB 0x000000070ce00000| Untracked |  0
| 104|0x000000070d000000, 0x000000070d000000, 0x000000070d200000|  0%| F|  |TAMS 0x000000070d000000| PB 0x000000070d000000| Untracked |  0
| 105|0x000000070d200000, 0x000000070d200000, 0x000000070d400000|  0%| F|  |TAMS 0x000000070d200000| PB 0x000000070d200000| Untracked |  0
| 106|0x000000070d400000, 0x000000070d400000, 0x000000070d600000|  0%| F|  |TAMS 0x000000070d400000| PB 0x000000070d400000| Untracked |  0
| 107|0x000000070d600000, 0x000000070d600000, 0x000000070d800000|  0%| F|  |TAMS 0x000000070d600000| PB 0x000000070d600000| Untracked |  0
| 108|0x000000070d800000, 0x000000070d800000, 0x000000070da00000|  0%| F|  |TAMS 0x000000070d800000| PB 0x000000070d800000| Untracked |  0
| 109|0x000000070da00000, 0x000000070da00000, 0x000000070dc00000|  0%| F|  |TAMS 0x000000070da00000| PB 0x000000070da00000| Untracked |  0
| 110|0x000000070dc00000, 0x000000070dc00000, 0x000000070de00000|  0%| F|  |TAMS 0x000000070dc00000| PB 0x000000070dc00000| Untracked |  0
| 111|0x000000070de00000, 0x000000070de00000, 0x000000070e000000|  0%| F|  |TAMS 0x000000070de00000| PB 0x000000070de00000| Untracked |  0
| 112|0x000000070e000000, 0x000000070e000000, 0x000000070e200000|  0%| F|  |TAMS 0x000000070e000000| PB 0x000000070e000000| Untracked |  0
| 113|0x000000070e200000, 0x000000070e200000, 0x000000070e400000|  0%| F|  |TAMS 0x000000070e200000| PB 0x000000070e200000| Untracked |  0
| 114|0x000000070e400000, 0x000000070e400000, 0x000000070e600000|  0%| F|  |TAMS 0x000000070e400000| PB 0x000000070e400000| Untracked |  0
| 115|0x000000070e600000, 0x000000070e600000, 0x000000070e800000|  0%| F|  |TAMS 0x000000070e600000| PB 0x000000070e600000| Untracked |  0
| 116|0x000000070e800000, 0x000000070e800000, 0x000000070ea00000|  0%| F|  |TAMS 0x000000070e800000| PB 0x000000070e800000| Untracked |  0
| 117|0x000000070ea00000, 0x000000070ea00000, 0x000000070ec00000|  0%| F|  |TAMS 0x000000070ea00000| PB 0x000000070ea00000| Untracked |  0
| 118|0x000000070ec00000, 0x000000070ec00000, 0x000000070ee00000|  0%| F|  |TAMS 0x000000070ec00000| PB 0x000000070ec00000| Untracked |  0
| 119|0x000000070ee00000, 0x000000070ee00000, 0x000000070f000000|  0%| F|  |TAMS 0x000000070ee00000| PB 0x000000070ee00000| Untracked |  0
| 120|0x000000070f000000, 0x000000070f000000, 0x000000070f200000|  0%| F|  |TAMS 0x000000070f000000| PB 0x000000070f000000| Untracked |  0
| 121|0x000000070f200000, 0x000000070f200000, 0x000000070f400000|  0%| F|  |TAMS 0x000000070f200000| PB 0x000000070f200000| Untracked |  0
| 122|0x000000070f400000, 0x000000070f400000, 0x000000070f600000|  0%| F|  |TAMS 0x000000070f400000| PB 0x000000070f400000| Untracked |  0
| 123|0x000000070f600000, 0x000000070f600000, 0x000000070f800000|  0%| F|  |TAMS 0x000000070f600000| PB 0x000000070f600000| Untracked |  0
| 124|0x000000070f800000, 0x000000070f800000, 0x000000070fa00000|  0%| F|  |TAMS 0x000000070f800000| PB 0x000000070f800000| Untracked |  0
| 125|0x000000070fa00000, 0x000000070fa00000, 0x000000070fc00000|  0%| F|  |TAMS 0x000000070fa00000| PB 0x000000070fa00000| Untracked |  0
| 126|0x000000070fc00000, 0x000000070fc00000, 0x000000070fe00000|  0%| F|  |TAMS 0x000000070fc00000| PB 0x000000070fc00000| Untracked |  0
| 127|0x000000070fe00000, 0x000000070fe00000, 0x0000000710000000|  0%| F|  |TAMS 0x000000070fe00000| PB 0x000000070fe00000| Untracked |  0
| 128|0x0000000710000000, 0x0000000710000000, 0x0000000710200000|  0%| F|  |TAMS 0x0000000710000000| PB 0x0000000710000000| Untracked |  0
| 129|0x0000000710200000, 0x0000000710200000, 0x0000000710400000|  0%| F|  |TAMS 0x0000000710200000| PB 0x0000000710200000| Untracked |  0
| 130|0x0000000710400000, 0x0000000710400000, 0x0000000710600000|  0%| F|  |TAMS 0x0000000710400000| PB 0x0000000710400000| Untracked |  0
| 131|0x0000000710600000, 0x0000000710600000, 0x0000000710800000|  0%| F|  |TAMS 0x0000000710600000| PB 0x0000000710600000| Untracked |  0
| 132|0x0000000710800000, 0x0000000710800000, 0x0000000710a00000|  0%| F|  |TAMS 0x0000000710800000| PB 0x0000000710800000| Untracked |  0
| 133|0x0000000710a00000, 0x0000000710a00000, 0x0000000710c00000|  0%| F|  |TAMS 0x0000000710a00000| PB 0x0000000710a00000| Untracked |  0
| 134|0x0000000710c00000, 0x0000000710c00000, 0x0000000710e00000|  0%| F|  |TAMS 0x0000000710c00000| PB 0x0000000710c00000| Untracked |  0
| 135|0x0000000710e00000, 0x0000000710e00000, 0x0000000711000000|  0%| F|  |TAMS 0x0000000710e00000| PB 0x0000000710e00000| Untracked |  0
| 136|0x0000000711000000, 0x0000000711000000, 0x0000000711200000|  0%| F|  |TAMS 0x0000000711000000| PB 0x0000000711000000| Untracked |  0
| 137|0x0000000711200000, 0x0000000711200000, 0x0000000711400000|  0%| F|  |TAMS 0x0000000711200000| PB 0x0000000711200000| Untracked |  0
| 138|0x0000000711400000, 0x0000000711400000, 0x0000000711600000|  0%| F|  |TAMS 0x0000000711400000| PB 0x0000000711400000| Untracked |  0
| 139|0x0000000711600000, 0x0000000711600000, 0x0000000711800000|  0%| F|  |TAMS 0x0000000711600000| PB 0x0000000711600000| Untracked |  0
| 140|0x0000000711800000, 0x0000000711800000, 0x0000000711a00000|  0%| F|  |TAMS 0x0000000711800000| PB 0x0000000711800000| Untracked |  0
| 141|0x0000000711a00000, 0x0000000711a00000, 0x0000000711c00000|  0%| F|  |TAMS 0x0000000711a00000| PB 0x0000000711a00000| Untracked |  0
| 142|0x0000000711c00000, 0x0000000711c00000, 0x0000000711e00000|  0%| F|  |TAMS 0x0000000711c00000| PB 0x0000000711c00000| Untracked |  0
| 143|0x0000000711e00000, 0x0000000711e00000, 0x0000000712000000|  0%| F|  |TAMS 0x0000000711e00000| PB 0x0000000711e00000| Untracked |  0
| 144|0x0000000712000000, 0x0000000712000000, 0x0000000712200000|  0%| F|  |TAMS 0x0000000712000000| PB 0x0000000712000000| Untracked |  0
| 145|0x0000000712200000, 0x0000000712200000, 0x0000000712400000|  0%| F|  |TAMS 0x0000000712200000| PB 0x0000000712200000| Untracked |  0
| 146|0x0000000712400000, 0x0000000712400000, 0x0000000712600000|  0%| F|  |TAMS 0x0000000712400000| PB 0x0000000712400000| Untracked |  0
| 147|0x0000000712600000, 0x0000000712600000, 0x0000000712800000|  0%| F|  |TAMS 0x0000000712600000| PB 0x0000000712600000| Untracked |  0
| 148|0x0000000712800000, 0x0000000712800000, 0x0000000712a00000|  0%| F|  |TAMS 0x0000000712800000| PB 0x0000000712800000| Untracked |  0
| 149|0x0000000712a00000, 0x0000000712a00000, 0x0000000712c00000|  0%| F|  |TAMS 0x0000000712a00000| PB 0x0000000712a00000| Untracked |  0
| 150|0x0000000712c00000, 0x0000000712c00000, 0x0000000712e00000|  0%| F|  |TAMS 0x0000000712c00000| PB 0x0000000712c00000| Untracked |  0
| 151|0x0000000712e00000, 0x0000000712e00000, 0x0000000713000000|  0%| F|  |TAMS 0x0000000712e00000| PB 0x0000000712e00000| Untracked |  0
| 152|0x0000000713000000, 0x0000000713000000, 0x0000000713200000|  0%| F|  |TAMS 0x0000000713000000| PB 0x0000000713000000| Untracked |  0
| 153|0x0000000713200000, 0x0000000713200000, 0x0000000713400000|  0%| F|  |TAMS 0x0000000713200000| PB 0x0000000713200000| Untracked |  0
| 154|0x0000000713400000, 0x0000000713400000, 0x0000000713600000|  0%| F|  |TAMS 0x0000000713400000| PB 0x0000000713400000| Untracked |  0
| 155|0x0000000713600000, 0x0000000713600000, 0x0000000713800000|  0%| F|  |TAMS 0x0000000713600000| PB 0x0000000713600000| Untracked |  0
| 156|0x0000000713800000, 0x0000000713800000, 0x0000000713a00000|  0%| F|  |TAMS 0x0000000713800000| PB 0x0000000713800000| Untracked |  0
| 157|0x0000000713a00000, 0x0000000713a00000, 0x0000000713c00000|  0%| F|  |TAMS 0x0000000713a00000| PB 0x0000000713a00000| Untracked |  0
| 158|0x0000000713c00000, 0x0000000713c00000, 0x0000000713e00000|  0%| F|  |TAMS 0x0000000713c00000| PB 0x0000000713c00000| Untracked |  0
| 159|0x0000000713e00000, 0x0000000713e00000, 0x0000000714000000|  0%| F|  |TAMS 0x0000000713e00000| PB 0x0000000713e00000| Untracked |  0
| 160|0x0000000714000000, 0x0000000714000000, 0x0000000714200000|  0%| F|  |TAMS 0x0000000714000000| PB 0x0000000714000000| Untracked |  0
| 161|0x0000000714200000, 0x0000000714200000, 0x0000000714400000|  0%| F|  |TAMS 0x0000000714200000| PB 0x0000000714200000| Untracked |  0
| 162|0x0000000714400000, 0x0000000714400000, 0x0000000714600000|  0%| F|  |TAMS 0x0000000714400000| PB 0x0000000714400000| Untracked |  0
| 163|0x0000000714600000, 0x0000000714600000, 0x0000000714800000|  0%| F|  |TAMS 0x0000000714600000| PB 0x0000000714600000| Untracked |  0
| 164|0x0000000714800000, 0x0000000714800000, 0x0000000714a00000|  0%| F|  |TAMS 0x0000000714800000| PB 0x0000000714800000| Untracked |  0
| 165|0x0000000714a00000, 0x0000000714a00000, 0x0000000714c00000|  0%| F|  |TAMS 0x0000000714a00000| PB 0x0000000714a00000| Untracked |  0
| 166|0x0000000714c00000, 0x0000000714c00000, 0x0000000714e00000|  0%| F|  |TAMS 0x0000000714c00000| PB 0x0000000714c00000| Untracked |  0
| 167|0x0000000714e00000, 0x0000000714e00000, 0x0000000715000000|  0%| F|  |TAMS 0x0000000714e00000| PB 0x0000000714e00000| Untracked |  0
| 168|0x0000000715000000, 0x0000000715000000, 0x0000000715200000|  0%| F|  |TAMS 0x0000000715000000| PB 0x0000000715000000| Untracked |  0
| 169|0x0000000715200000, 0x0000000715200000, 0x0000000715400000|  0%| F|  |TAMS 0x0000000715200000| PB 0x0000000715200000| Untracked |  0
| 170|0x0000000715400000, 0x0000000715400000, 0x0000000715600000|  0%| F|  |TAMS 0x0000000715400000| PB 0x0000000715400000| Untracked |  0
| 171|0x0000000715600000, 0x0000000715600000, 0x0000000715800000|  0%| F|  |TAMS 0x0000000715600000| PB 0x0000000715600000| Untracked |  0
| 172|0x0000000715800000, 0x0000000715800000, 0x0000000715a00000|  0%| F|  |TAMS 0x0000000715800000| PB 0x0000000715800000| Untracked |  0
| 173|0x0000000715a00000, 0x0000000715a00000, 0x0000000715c00000|  0%| F|  |TAMS 0x0000000715a00000| PB 0x0000000715a00000| Untracked |  0
| 174|0x0000000715c00000, 0x0000000715c00000, 0x0000000715e00000|  0%| F|  |TAMS 0x0000000715c00000| PB 0x0000000715c00000| Untracked |  0
| 175|0x0000000715e00000, 0x0000000715e00000, 0x0000000716000000|  0%| F|  |TAMS 0x0000000715e00000| PB 0x0000000715e00000| Untracked |  0
| 176|0x0000000716000000, 0x0000000716000000, 0x0000000716200000|  0%| F|  |TAMS 0x0000000716000000| PB 0x0000000716000000| Untracked |  0
| 177|0x0000000716200000, 0x0000000716200000, 0x0000000716400000|  0%| F|  |TAMS 0x0000000716200000| PB 0x0000000716200000| Untracked |  0
| 178|0x0000000716400000, 0x0000000716400000, 0x0000000716600000|  0%| F|  |TAMS 0x0000000716400000| PB 0x0000000716400000| Untracked |  0
| 179|0x0000000716600000, 0x0000000716600000, 0x0000000716800000|  0%| F|  |TAMS 0x0000000716600000| PB 0x0000000716600000| Untracked |  0
| 180|0x0000000716800000, 0x0000000716800000, 0x0000000716a00000|  0%| F|  |TAMS 0x0000000716800000| PB 0x0000000716800000| Untracked |  0
| 181|0x0000000716a00000, 0x0000000716a00000, 0x0000000716c00000|  0%| F|  |TAMS 0x0000000716a00000| PB 0x0000000716a00000| Untracked |  0
| 182|0x0000000716c00000, 0x0000000716c00000, 0x0000000716e00000|  0%| F|  |TAMS 0x0000000716c00000| PB 0x0000000716c00000| Untracked |  0
| 183|0x0000000716e00000, 0x0000000716e00000, 0x0000000717000000|  0%| F|  |TAMS 0x0000000716e00000| PB 0x0000000716e00000| Untracked |  0
| 184|0x0000000717000000, 0x0000000717000000, 0x0000000717200000|  0%| F|  |TAMS 0x0000000717000000| PB 0x0000000717000000| Untracked |  0
| 185|0x0000000717200000, 0x0000000717200000, 0x0000000717400000|  0%| F|  |TAMS 0x0000000717200000| PB 0x0000000717200000| Untracked |  0
| 186|0x0000000717400000, 0x0000000717400000, 0x0000000717600000|  0%| F|  |TAMS 0x0000000717400000| PB 0x0000000717400000| Untracked |  0
| 187|0x0000000717600000, 0x0000000717600000, 0x0000000717800000|  0%| F|  |TAMS 0x0000000717600000| PB 0x0000000717600000| Untracked |  0
| 188|0x0000000717800000, 0x0000000717800000, 0x0000000717a00000|  0%| F|  |TAMS 0x0000000717800000| PB 0x0000000717800000| Untracked |  0
| 189|0x0000000717a00000, 0x0000000717a00000, 0x0000000717c00000|  0%| F|  |TAMS 0x0000000717a00000| PB 0x0000000717a00000| Untracked |  0
| 190|0x0000000717c00000, 0x0000000717c00000, 0x0000000717e00000|  0%| F|  |TAMS 0x0000000717c00000| PB 0x0000000717c00000| Untracked |  0
| 191|0x0000000717e00000, 0x0000000717e00000, 0x0000000718000000|  0%| F|  |TAMS 0x0000000717e00000| PB 0x0000000717e00000| Untracked |  0
| 192|0x0000000718000000, 0x0000000718000000, 0x0000000718200000|  0%| F|  |TAMS 0x0000000718000000| PB 0x0000000718000000| Untracked |  0
| 193|0x0000000718200000, 0x0000000718200000, 0x0000000718400000|  0%| F|  |TAMS 0x0000000718200000| PB 0x0000000718200000| Untracked |  0
| 194|0x0000000718400000, 0x0000000718400000, 0x0000000718600000|  0%| F|  |TAMS 0x0000000718400000| PB 0x0000000718400000| Untracked |  0
| 195|0x0000000718600000, 0x0000000718600000, 0x0000000718800000|  0%| F|  |TAMS 0x0000000718600000| PB 0x0000000718600000| Untracked |  0
| 196|0x0000000718800000, 0x0000000718800000, 0x0000000718a00000|  0%| F|  |TAMS 0x0000000718800000| PB 0x0000000718800000| Untracked |  0
| 197|0x0000000718a00000, 0x0000000718a00000, 0x0000000718c00000|  0%| F|  |TAMS 0x0000000718a00000| PB 0x0000000718a00000| Untracked |  0
| 198|0x0000000718c00000, 0x0000000718c00000, 0x0000000718e00000|  0%| F|  |TAMS 0x0000000718c00000| PB 0x0000000718c00000| Untracked |  0
| 199|0x0000000718e00000, 0x0000000718e00000, 0x0000000719000000|  0%| F|  |TAMS 0x0000000718e00000| PB 0x0000000718e00000| Untracked |  0
| 200|0x0000000719000000, 0x0000000719000000, 0x0000000719200000|  0%| F|  |TAMS 0x0000000719000000| PB 0x0000000719000000| Untracked |  0
| 201|0x0000000719200000, 0x0000000719200000, 0x0000000719400000|  0%| F|  |TAMS 0x0000000719200000| PB 0x0000000719200000| Untracked |  0
| 202|0x0000000719400000, 0x0000000719400000, 0x0000000719600000|  0%| F|  |TAMS 0x0000000719400000| PB 0x0000000719400000| Untracked |  0
| 203|0x0000000719600000, 0x0000000719600000, 0x0000000719800000|  0%| F|  |TAMS 0x0000000719600000| PB 0x0000000719600000| Untracked |  0
| 204|0x0000000719800000, 0x0000000719800000, 0x0000000719a00000|  0%| F|  |TAMS 0x0000000719800000| PB 0x0000000719800000| Untracked |  0
| 205|0x0000000719a00000, 0x0000000719a00000, 0x0000000719c00000|  0%| F|  |TAMS 0x0000000719a00000| PB 0x0000000719a00000| Untracked |  0
| 206|0x0000000719c00000, 0x0000000719c00000, 0x0000000719e00000|  0%| F|  |TAMS 0x0000000719c00000| PB 0x0000000719c00000| Untracked |  0
| 207|0x0000000719e00000, 0x0000000719e00000, 0x000000071a000000|  0%| F|  |TAMS 0x0000000719e00000| PB 0x0000000719e00000| Untracked |  0
|2036|0x00000007fe800000, 0x00000007fea00000, 0x00000007fea00000|100%| O|  |TAMS 0x00000007fe800000| PB 0x00000007fe800000| Untracked |  0
|2037|0x00000007fea00000, 0x00000007fea00000, 0x00000007fec00000|  0%| F|  |TAMS 0x00000007fea00000| PB 0x00000007fea00000| Untracked |  0
|2038|0x00000007fec00000, 0x00000007fee00000, 0x00000007fee00000|100%| O|  |TAMS 0x00000007fec00000| PB 0x00000007fec00000| Untracked |  0
|2039|0x00000007fee00000, 0x00000007ff000000, 0x00000007ff000000|100%| O|  |TAMS 0x00000007fee00000| PB 0x00000007fee00000| Untracked |  0
|2040|0x00000007ff000000, 0x00000007ff000000, 0x00000007ff200000|  0%| F|  |TAMS 0x00000007ff000000| PB 0x00000007ff000000| Untracked |  0
|2041|0x00000007ff200000, 0x00000007ff400000, 0x00000007ff400000|100%| O|  |TAMS 0x00000007ff200000| PB 0x00000007ff200000| Untracked |  0
|2042|0x00000007ff400000, 0x00000007ff600000, 0x00000007ff600000|100%| O|  |TAMS 0x00000007ff400000| PB 0x00000007ff400000| Untracked |  0
|2043|0x00000007ff600000, 0x00000007ff800000, 0x00000007ff800000|100%| O|  |TAMS 0x00000007ff600000| PB 0x00000007ff600000| Untracked |  0
|2044|0x00000007ff800000, 0x00000007ffa00000, 0x00000007ffa00000|100%| O|  |TAMS 0x00000007ff800000| PB 0x00000007ff800000| Untracked |  0
|2045|0x00000007ffa00000, 0x00000007ffc00000, 0x00000007ffc00000|100%| O|  |TAMS 0x00000007ffa00000| PB 0x00000007ffa00000| Untracked |  0
|2046|0x00000007ffc00000, 0x00000007ffe00000, 0x00000007ffe00000|100%| O|  |TAMS 0x00000007ffc00000| PB 0x00000007ffc00000| Untracked |  0
|2047|0x00000007ffe00000, 0x0000000800000000, 0x0000000800000000|100%| O|  |TAMS 0x00000007ffe00000| PB 0x00000007ffe00000| Untracked |  0

Card table byte_map: [0x00000214304f0000,0x0000021430cf0000] _byte_map_base: 0x000002142ccf0000

Marking Bits: (CMBitMap*) 0x000002141b18bf10
 Bits: [0x0000021430cf0000, 0x0000021434cf0000)

Polling page: 0x000002141fee0000

Metaspace:
Metaspace        used 121555K, committed 123840K, reserved 1179648K
 class space     used 18124K, committed 19200K, reserved 1048576K

Usage:
  Non-class:    101.01 MB used.
      Class:     17.70 MB used.
       Both:    118.71 MB used.

Virtual space:
  Non-class space:      128.00 MB reserved,     102.19 MB ( 80%) committed,  2 nodes.
      Class space:        1.00 GB reserved,      18.75 MB (  2%) committed,  1 nodes.
             Both:        1.12 GB reserved,     120.94 MB ( 10%) committed. 

Chunk freelists:
   Non-Class:  9.80 MB
       Class:  13.16 MB
        Both:  22.95 MB

MaxMetaspaceSize: unlimited
CompressedClassSpaceSize: 1.00 GB
Initial GC threshold: 21.00 MB
Current GC threshold: 201.56 MB
CDS: off
 - commit_granule_bytes: 65536.
 - commit_granule_words: 8192.
 - virtual_space_node_default_size: 8388608.
 - enlarge_chunks_in_place: 1.
UseCompressedClassPointers 1, UseCompactObjectHeaders 0
Narrow klass pointer bits 32, Max shift 3
Narrow klass base: 0x0000000000000000, Narrow klass shift: 0
Encoding Range: [0x0000000000000000 - 0x0000000100000000), (4294967296 bytes)
Klass Range:    [0x000000008e000000 - 0x00000000ce000000), (1073741824 bytes)
Klass ID Range:  [2382364672 - 3456106489) (1073741817)
No protection zone.


Internal statistics:

num_allocs_failed_limit: 9.
num_arena_births: 4514.
num_arena_deaths: 0.
num_vsnodes_births: 3.
num_vsnodes_deaths: 0.
num_space_committed: 1935.
num_space_uncommitted: 0.
num_chunks_returned_to_freelist: 9.
num_chunks_taken_from_freelist: 9560.
num_chunk_merges: 9.
num_chunk_splits: 6317.
num_chunks_enlarged: 4110.
num_inconsistent_stats: 0.

CodeHeap 'non-profiled nmethods': size=120064Kb used=7266Kb max_used=7266Kb free=112797Kb
 bounds [0x0000021427b20000, 0x0000021428240000, 0x000002142f060000]
CodeHeap 'profiled nmethods': size=120000Kb used=18164Kb max_used=19876Kb free=101835Kb
 bounds [0x0000021420060000, 0x00000214213d0000, 0x0000021427590000]
CodeHeap 'non-nmethods': size=5696Kb used=2065Kb max_used=2207Kb free=3630Kb
 bounds [0x0000021427590000, 0x0000021427800000, 0x0000021427b20000]
CodeCache: size=245760Kb, used=27495Kb, max_used=29349Kb, free=218262Kb
 total_blobs=14163, nmethods=13228, adapters=837, full_count=0
Compilation: enabled, stopped_count=0, restarted_count=0

Compilation events (20 events):
Event: 69.618 Thread 0x00000214377fc590 nmethod 16407 0x0000021428232d08 code [0x0000021428232e00, 0x0000021428232f30]
Event: 69.619 Thread 0x0000021437b64090 nmethod 16408 0x0000021420a1c708 code [0x0000021420a1c800, 0x0000021420a1eaf0]
Event: 69.622 Thread 0x00000214377fc590 16409       4       org.gradle.tooling.internal.provider.runner.TaskForTestEventTracker::started (90 bytes)
Event: 69.626 Thread 0x00000214377fc590 nmethod 16409 0x0000021428233008 code [0x0000021428233100, 0x0000021428233350]
Event: 69.640 Thread 0x00000214377fc590 16410       4       java.lang.String::regionMatches (150 bytes)
Event: 69.648 Thread 0x00000214377fc590 nmethod 16410 0x0000021428233388 code [0x0000021428233480, 0x00000214282337e0]
Event: 69.687 Thread 0x00000214377fc590 16411       4       org.gradle.tooling.internal.provider.runner.ProjectConfigurationTracker::started (33 bytes)
Event: 69.692 Thread 0x00000214377fc590 nmethod 16411 0x0000021428233808 code [0x0000021428233900, 0x0000021428233b30]
Event: 69.704 Thread 0x00000214377fc590 16412       4       sun.nio.fs.WindowsPath::resolve (393 bytes)
Event: 69.723 Thread 0x00000214377fc590 nmethod 16412 0x0000021428233b88 code [0x0000021428233c80, 0x0000021428234450]
Event: 69.723 Thread 0x00000214377fc590 16413       4       sun.nio.fs.WindowsPath::resolve (6 bytes)
Event: 69.724 Thread 0x00000214377fc590 nmethod 16413 0x0000021428234488 code [0x0000021428234580, 0x0000021428234620]
Event: 69.733 Thread 0x00000214377fc590 16414       4       org.gradle.internal.operations.BuildOperationDescriptor::<init> (18 bytes)
Event: 69.735 Thread 0x00000214377fc590 nmethod 16414 0x0000021428234788 code [0x0000021428234880, 0x0000021428235228]
Event: 69.740 Thread 0x00000214377fc590 16415       4       com.google.common.collect.ImmutableSortedMap::fromEntries (353 bytes)
Event: 69.775 Thread 0x00000214377fc590 nmethod 16415 0x0000021428235288 code [0x0000021428235380, 0x00000214282373f0]
Event: 69.775 Thread 0x00000214377fc590 16416       4       org.gradle.tooling.internal.provider.runner.ProjectConfigurationTracker::finished (56 bytes)
Event: 69.789 Thread 0x00000214377fc590 nmethod 16416 0x0000021428237488 code [0x0000021428237580, 0x0000021428237c88]
Event: 69.794 Thread 0x00000214377fc590 16417  s    4       jdk.internal.ref.CleanerImpl$CleanableList::remove (211 bytes)
Event: 69.801 Thread 0x00000214377fc590 nmethod 16417 0x0000021428237d08 code [0x0000021428237e00, 0x00000214282389a8]

GC Heap Usage History (20 events):
Event: 64.017 {heap After GC invocations=63 (full 0):
 garbage-first heap   total reserved 4194304K, committed 354304K, used 135342K [0x0000000700000000, 0x0000000800000000)
  region size 2048K, 5 young (10240K), 5 survivors (10240K)
}
Event: 64.526 {heap Before GC invocations=63 (full 0):
 garbage-first heap   total reserved 4194304K, committed 354304K, used 329902K [0x0000000700000000, 0x0000000800000000)
  region size 2048K, 101 young (206848K), 5 survivors (10240K)
}
Event: 64.540 {heap After GC invocations=64 (full 0):
 garbage-first heap   total reserved 4194304K, committed 354304K, used 134987K [0x0000000700000000, 0x0000000800000000)
  region size 2048K, 6 young (12288K), 6 survivors (12288K)
}
Event: 65.074 {heap Before GC invocations=64 (full 0):
 garbage-first heap   total reserved 4194304K, committed 354304K, used 329547K [0x0000000700000000, 0x0000000800000000)
  region size 2048K, 102 young (208896K), 6 survivors (12288K)
}
Event: 65.087 {heap After GC invocations=65 (full 0):
 garbage-first heap   total reserved 4194304K, committed 354304K, used 136173K [0x0000000700000000, 0x0000000800000000)
  region size 2048K, 6 young (12288K), 6 survivors (12288K)
}
Event: 65.668 {heap Before GC invocations=66 (full 0):
 garbage-first heap   total reserved 4194304K, committed 354304K, used 332781K [0x0000000700000000, 0x0000000800000000)
  region size 2048K, 102 young (208896K), 6 survivors (12288K)
}
Event: 65.681 {heap After GC invocations=67 (full 0):
 garbage-first heap   total reserved 4194304K, committed 354304K, used 137083K [0x0000000700000000, 0x0000000800000000)
  region size 2048K, 7 young (14336K), 7 survivors (14336K)
}
Event: 66.164 {heap Before GC invocations=67 (full 0):
 garbage-first heap   total reserved 4194304K, committed 354304K, used 331643K [0x0000000700000000, 0x0000000800000000)
  region size 2048K, 102 young (208896K), 7 survivors (14336K)
}
Event: 66.187 {heap After GC invocations=68 (full 0):
 garbage-first heap   total reserved 4194304K, committed 354304K, used 137918K [0x0000000700000000, 0x0000000800000000)
  region size 2048K, 7 young (14336K), 7 survivors (14336K)
}
Event: 66.663 {heap Before GC invocations=68 (full 0):
 garbage-first heap   total reserved 4194304K, committed 354304K, used 330430K [0x0000000700000000, 0x0000000800000000)
  region size 2048K, 102 young (208896K), 7 survivors (14336K)
}
Event: 66.678 {heap After GC invocations=69 (full 0):
 garbage-first heap   total reserved 4194304K, committed 450560K, used 138341K [0x0000000700000000, 0x0000000800000000)
  region size 2048K, 7 young (14336K), 7 survivors (14336K)
}
Event: 67.294 {heap Before GC invocations=70 (full 0):
 garbage-first heap   total reserved 4194304K, committed 450560K, used 394341K [0x0000000700000000, 0x0000000800000000)
  region size 2048K, 132 young (270336K), 7 survivors (14336K)
}
Event: 67.307 {heap After GC invocations=71 (full 0):
 garbage-first heap   total reserved 4194304K, committed 450560K, used 138888K [0x0000000700000000, 0x0000000800000000)
  region size 2048K, 7 young (14336K), 7 survivors (14336K)
}
Event: 67.833 {heap Before GC invocations=71 (full 0):
 garbage-first heap   total reserved 4194304K, committed 450560K, used 394888K [0x0000000700000000, 0x0000000800000000)
  region size 2048K, 132 young (270336K), 7 survivors (14336K)
}
Event: 67.852 {heap After GC invocations=72 (full 0):
 garbage-first heap   total reserved 4194304K, committed 450560K, used 139318K [0x0000000700000000, 0x0000000800000000)
  region size 2048K, 7 young (14336K), 7 survivors (14336K)
}
Event: 68.506 {heap Before GC invocations=72 (full 0):
 garbage-first heap   total reserved 4194304K, committed 450560K, used 395318K [0x0000000700000000, 0x0000000800000000)
  region size 2048K, 132 young (270336K), 7 survivors (14336K)
}
Event: 68.523 {heap After GC invocations=73 (full 0):
 garbage-first heap   total reserved 4194304K, committed 450560K, used 139437K [0x0000000700000000, 0x0000000800000000)
  region size 2048K, 7 young (14336K), 7 survivors (14336K)
}
Event: 69.188 {heap Before GC invocations=73 (full 0):
 garbage-first heap   total reserved 4194304K, committed 450560K, used 395437K [0x0000000700000000, 0x0000000800000000)
  region size 2048K, 132 young (270336K), 7 survivors (14336K)
}
Event: 69.201 {heap After GC invocations=74 (full 0):
 garbage-first heap   total reserved 4194304K, committed 450560K, used 140439K [0x0000000700000000, 0x0000000800000000)
  region size 2048K, 7 young (14336K), 7 survivors (14336K)
}
Event: 69.825 {heap Before GC invocations=74 (full 0):
 garbage-first heap   total reserved 4194304K, committed 450560K, used 396439K [0x0000000700000000, 0x0000000800000000)
  region size 2048K, 132 young (270336K), 7 survivors (14336K)
}

Metaspace Usage History (20 events):
Event: 64.017 {metaspace After GC invocations=63 (full 0):
 Metaspace       used 121359K, committed 123584K, reserved 1179648K
  class space    used 18097K, committed 19136K, reserved 1048576K
}
Event: 64.526 {metaspace Before GC invocations=63 (full 0):
 Metaspace       used 121360K, committed 123584K, reserved 1179648K
  class space    used 18097K, committed 19136K, reserved 1048576K
}
Event: 64.540 {metaspace After GC invocations=64 (full 0):
 Metaspace       used 121360K, committed 123584K, reserved 1179648K
  class space    used 18097K, committed 19136K, reserved 1048576K
}
Event: 65.074 {metaspace Before GC invocations=64 (full 0):
 Metaspace       used 121360K, committed 123584K, reserved 1179648K
  class space    used 18097K, committed 19136K, reserved 1048576K
}
Event: 65.087 {metaspace After GC invocations=65 (full 0):
 Metaspace       used 121360K, committed 123584K, reserved 1179648K
  class space    used 18097K, committed 19136K, reserved 1048576K
}
Event: 65.668 {metaspace Before GC invocations=66 (full 0):
 Metaspace       used 121524K, committed 123776K, reserved 1179648K
  class space    used 18120K, committed 19200K, reserved 1048576K
}
Event: 65.681 {metaspace After GC invocations=67 (full 0):
 Metaspace       used 121524K, committed 123776K, reserved 1179648K
  class space    used 18120K, committed 19200K, reserved 1048576K
}
Event: 66.164 {metaspace Before GC invocations=67 (full 0):
 Metaspace       used 121553K, committed 123840K, reserved 1179648K
  class space    used 18124K, committed 19200K, reserved 1048576K
}
Event: 66.187 {metaspace After GC invocations=68 (full 0):
 Metaspace       used 121553K, committed 123840K, reserved 1179648K
  class space    used 18124K, committed 19200K, reserved 1048576K
}
Event: 66.663 {metaspace Before GC invocations=68 (full 0):
 Metaspace       used 121553K, committed 123840K, reserved 1179648K
  class space    used 18124K, committed 19200K, reserved 1048576K
}
Event: 66.678 {metaspace After GC invocations=69 (full 0):
 Metaspace       used 121553K, committed 123840K, reserved 1179648K
  class space    used 18124K, committed 19200K, reserved 1048576K
}
Event: 67.294 {metaspace Before GC invocations=70 (full 0):
 Metaspace       used 121553K, committed 123840K, reserved 1179648K
  class space    used 18124K, committed 19200K, reserved 1048576K
}
Event: 67.307 {metaspace After GC invocations=71 (full 0):
 Metaspace       used 121553K, committed 123840K, reserved 1179648K
  class space    used 18124K, committed 19200K, reserved 1048576K
}
Event: 67.833 {metaspace Before GC invocations=71 (full 0):
 Metaspace       used 121553K, committed 123840K, reserved 1179648K
  class space    used 18124K, committed 19200K, reserved 1048576K
}
Event: 67.852 {metaspace After GC invocations=72 (full 0):
 Metaspace       used 121553K, committed 123840K, reserved 1179648K
  class space    used 18124K, committed 19200K, reserved 1048576K
}
Event: 68.506 {metaspace Before GC invocations=72 (full 0):
 Metaspace       used 121554K, committed 123840K, reserved 1179648K
  class space    used 18124K, committed 19200K, reserved 1048576K
}
Event: 68.523 {metaspace After GC invocations=73 (full 0):
 Metaspace       used 121554K, committed 123840K, reserved 1179648K
  class space    used 18124K, committed 19200K, reserved 1048576K
}
Event: 69.188 {metaspace Before GC invocations=73 (full 0):
 Metaspace       used 121554K, committed 123840K, reserved 1179648K
  class space    used 18124K, committed 19200K, reserved 1048576K
}
Event: 69.201 {metaspace After GC invocations=74 (full 0):
 Metaspace       used 121554K, committed 123840K, reserved 1179648K
  class space    used 18124K, committed 19200K, reserved 1048576K
}
Event: 69.825 {metaspace Before GC invocations=74 (full 0):
 Metaspace       used 121555K, committed 123840K, reserved 1179648K
  class space    used 18124K, committed 19200K, reserved 1048576K
}

Dll operation events (3 events):
Event: 0.047 Loaded shared library C:\Program Files\Android\Android Studio\jbr\bin\java.dll
Event: 0.059 Loaded shared library C:\Program Files\Android\Android Studio\jbr\bin\zip.dll
Event: 1.408 Loaded shared library C:\Program Files\Android\Android Studio\jbr\bin\verify.dll

Deoptimization events (20 events):
Event: 65.507 Thread 0x000002143c07a670 Uncommon trap: trap_request=0xffffff45 fr.pc=0x0000021427d726f0 relative=0x0000000000001e70
Event: 65.507 Thread 0x000002143c07a670 Uncommon trap: reason=unstable_if action=reinterpret pc=0x0000021427d726f0 method=java.nio.file.FileTreeWalker.getAttributes(Ljava/nio/file/Path;Z)Ljava/nio/file/attribute/BasicFileAttributes; @ 33 c2
Event: 65.507 Thread 0x000002143c07a670 DEOPT PACKING pc=0x0000021427d726f0 sp=0x000000b8c0efb410
Event: 65.507 Thread 0x000002143c07a670 DEOPT UNPACKING pc=0x00000214276a8d02 sp=0x000000b8c0efb2f8 mode 2
Event: 65.509 Thread 0x000002143c07a670 Uncommon trap: trap_request=0xffffff45 fr.pc=0x0000021427dedea8 relative=0x00000000000002a8
Event: 65.509 Thread 0x000002143c07a670 Uncommon trap: reason=unstable_if action=reinterpret pc=0x0000021427dedea8 method=java.lang.String.regionMatches(ZILjava/lang/String;II)Z @ 1 c2
Event: 65.509 Thread 0x000002143c07a670 DEOPT PACKING pc=0x0000021427dedea8 sp=0x000000b8c0efaa90
Event: 65.509 Thread 0x000002143c07a670 DEOPT UNPACKING pc=0x00000214276a8d02 sp=0x000000b8c0efaa28 mode 2
Event: 65.543 Thread 0x000002143c07a670 Uncommon trap: trap_request=0xffffff45 fr.pc=0x00000214281ed780 relative=0x0000000000001980
Event: 65.543 Thread 0x000002143c07a670 Uncommon trap: reason=unstable_if action=reinterpret pc=0x00000214281ed780 method=org.gradle.internal.snapshot.MerkleDirectorySnapshotBuilder$Directory.fold()Lorg/gradle/internal/snapshot/DirectorySnapshot; @ 31 c2
Event: 65.543 Thread 0x000002143c07a670 DEOPT PACKING pc=0x00000214281ed780 sp=0x000000b8c0efb2d0
Event: 65.543 Thread 0x000002143c07a670 DEOPT UNPACKING pc=0x00000214276a8d02 sp=0x000000b8c0efb2b0 mode 2
Event: 68.096 Thread 0x000002143c07cd80 Uncommon trap: trap_request=0xffffff45 fr.pc=0x00000214281e2d14 relative=0x0000000000005314
Event: 68.096 Thread 0x000002143c07cd80 Uncommon trap: reason=unstable_if action=reinterpret pc=0x00000214281e2d14 method=org.gradle.cache.internal.filelock.LockInfoAccess.readLockInfo(Ljava/io/RandomAccessFile;)Lorg/gradle/cache/internal/filelock/LockInfo; @ 9 c2
Event: 68.096 Thread 0x000002143c07cd80 DEOPT PACKING pc=0x00000214281e2d14 sp=0x000000b8c0df9bf0
Event: 68.096 Thread 0x000002143c07cd80 DEOPT UNPACKING pc=0x00000214276a8d02 sp=0x000000b8c0df9aa8 mode 2
Event: 69.567 Thread 0x0000021441758320 Uncommon trap: trap_request=0xffffff45 fr.pc=0x000002142801a2f4 relative=0x0000000000001474
Event: 69.567 Thread 0x0000021441758320 Uncommon trap: reason=unstable_if action=reinterpret pc=0x000002142801a2f4 method=java.util.concurrent.ConcurrentHashMap.computeIfAbsent(Ljava/lang/Object;Ljava/util/function/Function;)Ljava/lang/Object; @ 104 c2
Event: 69.567 Thread 0x0000021441758320 DEOPT PACKING pc=0x000002142801a2f4 sp=0x000000b8bfefe370
Event: 69.568 Thread 0x0000021441758320 DEOPT UNPACKING pc=0x00000214276a8d02 sp=0x000000b8bfefe2f8 mode 2

Classes loaded (20 events):
Event: 56.717 Loading class java/util/concurrent/ConcurrentLinkedQueue$Itr
Event: 56.717 Loading class java/util/concurrent/ConcurrentLinkedQueue$Itr done
Event: 56.732 Loading class java/time/Instant$1
Event: 56.732 Loading class java/time/Instant$1 done
Event: 57.483 Loading class java/util/stream/ReferencePipeline$4
Event: 57.484 Loading class java/util/stream/IntPipeline$StatelessOp
Event: 57.484 Loading class java/util/stream/IntPipeline$StatelessOp done
Event: 57.485 Loading class java/util/stream/ReferencePipeline$4 done
Event: 57.487 Loading class java/util/stream/ReduceOps$6
Event: 57.487 Loading class java/util/stream/ReduceOps$6 done
Event: 57.488 Loading class java/util/stream/ReduceOps$5ReducingSink
Event: 57.489 Loading class java/util/stream/ReduceOps$5ReducingSink done
Event: 57.489 Loading class java/util/stream/ReferencePipeline$4$1
Event: 57.489 Loading class java/util/stream/ReferencePipeline$4$1 done
Event: 57.507 Loading class java/util/concurrent/ConcurrentSkipListMap$KeySet
Event: 57.509 Loading class java/util/concurrent/ConcurrentSkipListMap$KeySet done
Event: 57.527 Loading class java/util/concurrent/ConcurrentSkipListMap$KeyIterator
Event: 57.527 Loading class java/util/concurrent/ConcurrentSkipListMap$KeyIterator done
Event: 65.501 Loading class java/nio/file/FileTreeWalker$1
Event: 65.501 Loading class java/nio/file/FileTreeWalker$1 done

Classes unloaded (0 events):
No events

Classes redefined (0 events):
No events

Internal exceptions (20 events):
Event: 69.691 Thread 0x000002143c07c5b0 Exception <a 'sun/nio/fs/WindowsException'{0x000000070eb03460}> (0x000000070eb03460) 
thrown [s\src\hotspot\share\prims\jni.cpp, line 535]
Event: 69.701 Thread 0x0000021441758320 Exception <a 'sun/nio/fs/WindowsException'{0x000000070e7349e0}> (0x000000070e7349e0) 
thrown [s\src\hotspot\share\prims\jni.cpp, line 535]
Event: 69.703 Thread 0x000002143f7bbed0 Exception <a 'sun/nio/fs/WindowsException'{0x000000070e7de7a8}> (0x000000070e7de7a8) 
thrown [s\src\hotspot\share\prims\jni.cpp, line 535]
Event: 69.719 Thread 0x000002143c07c5b0 Exception <a 'sun/nio/fs/WindowsException'{0x000000070e0761f0}> (0x000000070e0761f0) 
thrown [s\src\hotspot\share\prims\jni.cpp, line 535]
Event: 69.728 Thread 0x000002143f7bbed0 Exception <a 'sun/nio/fs/WindowsException'{0x000000070dcdefb0}> (0x000000070dcdefb0) 
thrown [s\src\hotspot\share\prims\jni.cpp, line 535]
Event: 69.728 Thread 0x0000021441756bb0 Exception <a 'sun/nio/fs/WindowsException'{0x000000070da15278}> (0x000000070da15278) 
thrown [s\src\hotspot\share\prims\jni.cpp, line 535]
Event: 69.744 Thread 0x000002143c07c5b0 Exception <a 'sun/nio/fs/WindowsException'{0x000000070d6d6f98}> (0x000000070d6d6f98) 
thrown [s\src\hotspot\share\prims\jni.cpp, line 535]
Event: 69.745 Thread 0x0000021441758320 Exception <a 'sun/nio/fs/WindowsException'{0x000000070d76b4d0}> (0x000000070d76b4d0) 
thrown [s\src\hotspot\share\prims\jni.cpp, line 535]
Event: 69.754 Thread 0x000002143f7bbed0 Exception <a 'sun/nio/fs/WindowsException'{0x000000070d0b9450}> (0x000000070d0b9450) 
thrown [s\src\hotspot\share\prims\jni.cpp, line 535]
Event: 69.756 Thread 0x0000021441756bb0 Exception <a 'sun/nio/fs/WindowsException'{0x000000070ce2cd18}> (0x000000070ce2cd18) 
thrown [s\src\hotspot\share\prims\jni.cpp, line 535]
Event: 69.762 Thread 0x0000021441758320 Exception <a 'sun/nio/fs/WindowsException'{0x000000070ccc9098}> (0x000000070ccc9098) 
thrown [s\src\hotspot\share\prims\jni.cpp, line 535]
Event: 69.774 Thread 0x0000021441756bb0 Exception <a 'sun/nio/fs/WindowsException'{0x000000070c9c1fc0}> (0x000000070c9c1fc0) 
thrown [s\src\hotspot\share\prims\jni.cpp, line 535]
Event: 69.781 Thread 0x000002143f7bbed0 Exception <a 'sun/nio/fs/WindowsException'{0x000000070c3ae6b0}> (0x000000070c3ae6b0) 
thrown [s\src\hotspot\share\prims\jni.cpp, line 535]
Event: 69.783 Thread 0x000002143c07c5b0 Exception <a 'sun/nio/fs/WindowsException'{0x000000070c0e3490}> (0x000000070c0e3490) 
thrown [s\src\hotspot\share\prims\jni.cpp, line 535]
Event: 69.785 Thread 0x0000021441758320 Exception <a 'sun/nio/fs/WindowsException'{0x000000070c1ec260}> (0x000000070c1ec260) 
thrown [s\src\hotspot\share\prims\jni.cpp, line 535]
Event: 69.799 Thread 0x000002143f7bbed0 Exception <a 'sun/nio/fs/WindowsException'{0x000000070babb250}> (0x000000070babb250) 
thrown [s\src\hotspot\share\prims\jni.cpp, line 535]
Event: 69.805 Thread 0x0000021441758320 Exception <a 'sun/nio/fs/WindowsException'{0x000000070b765060}> (0x000000070b765060) 
thrown [s\src\hotspot\share\prims\jni.cpp, line 535]
Event: 69.807 Thread 0x000002143c07c5b0 Exception <a 'sun/nio/fs/WindowsException'{0x000000070b4724f8}> (0x000000070b4724f8) 
thrown [s\src\hotspot\share\prims\jni.cpp, line 535]
Event: 69.810 Thread 0x0000021441756bb0 Exception <a 'sun/nio/fs/WindowsException'{0x000000070b27eb40}> (0x000000070b27eb40) 
thrown [s\src\hotspot\share\prims\jni.cpp, line 535]
Event: 69.822 Thread 0x000002143f7bbed0 Exception <a 'sun/nio/fs/WindowsException'{0x000000070aee69b0}> (0x000000070aee69b0) 
thrown [s\src\hotspot\share\prims\jni.cpp, line 535]

VM Operations (20 events):
Event: 65.536 Executing non-safepoint VM operation: HandshakeAllThreads (Deoptimize) done
Event: 65.668 Executing safepoint VM operation: G1CollectForAllocation (G1 Evacuation Pause)
Event: 65.682 Executing safepoint VM operation: G1CollectForAllocation (G1 Evacuation Pause) done
Event: 66.163 Executing safepoint VM operation: G1CollectForAllocation (G1 Evacuation Pause)
Event: 66.187 Executing safepoint VM operation: G1CollectForAllocation (G1 Evacuation Pause) done
Event: 66.662 Executing safepoint VM operation: G1CollectForAllocation (G1 Evacuation Pause)
Event: 66.678 Executing safepoint VM operation: G1CollectForAllocation (G1 Evacuation Pause) done
Event: 66.822 Executing safepoint VM operation: G1PauseRemark
Event: 66.829 Executing safepoint VM operation: G1PauseRemark done
Event: 66.888 Executing safepoint VM operation: G1PauseCleanup
Event: 66.888 Executing safepoint VM operation: G1PauseCleanup done
Event: 67.294 Executing safepoint VM operation: G1CollectForAllocation (G1 Evacuation Pause)
Event: 67.307 Executing safepoint VM operation: G1CollectForAllocation (G1 Evacuation Pause) done
Event: 67.833 Executing safepoint VM operation: G1CollectForAllocation (G1 Evacuation Pause)
Event: 67.852 Executing safepoint VM operation: G1CollectForAllocation (G1 Evacuation Pause) done
Event: 68.505 Executing safepoint VM operation: G1CollectForAllocation (G1 Evacuation Pause)
Event: 68.523 Executing safepoint VM operation: G1CollectForAllocation (G1 Evacuation Pause) done
Event: 69.188 Executing safepoint VM operation: G1CollectForAllocation (G1 Evacuation Pause)
Event: 69.201 Executing safepoint VM operation: G1CollectForAllocation (G1 Evacuation Pause) done
Event: 69.824 Executing safepoint VM operation: G1CollectForAllocation (G1 Evacuation Pause)

Memory protections (0 events):
No events

Nmethod flushes (20 events):
Event: 66.828 Thread 0x0000021437792000 flushing  nmethod 0x0000021420b3cb08
Event: 66.828 Thread 0x0000021437792000 flushing  nmethod 0x00000214200cdc88
Event: 66.828 Thread 0x0000021437792000 flushing  nmethod 0x0000021420b64808
Event: 66.828 Thread 0x0000021437792000 flushing  nmethod 0x0000021420755288
Event: 66.828 Thread 0x0000021437792000 flushing  nmethod 0x000002142098b188
Event: 66.828 Thread 0x0000021437792000 flushing  nmethod 0x0000021420b27f88
Event: 66.828 Thread 0x0000021437792000 flushing  nmethod 0x0000021420b2af88
Event: 66.828 Thread 0x0000021437792000 flushing  nmethod 0x00000214281c5b08
Event: 66.828 Thread 0x0000021437792000 flushing  nmethod 0x00000214206cf688
Event: 66.828 Thread 0x0000021437792000 flushing  nmethod 0x0000021420b35f88
Event: 66.828 Thread 0x0000021437792000 flushing  nmethod 0x00000214200dd288
Event: 66.828 Thread 0x0000021437792000 flushing  nmethod 0x00000214203df108
Event: 66.828 Thread 0x0000021437792000 flushing  nmethod 0x0000021420651f88
Event: 66.828 Thread 0x0000021437792000 flushing  nmethod 0x00000214208b4888
Event: 66.828 Thread 0x0000021437792000 flushing  nmethod 0x0000021421205e88
Event: 66.828 Thread 0x0000021437792000 flushing  nmethod 0x0000021420141d88
Event: 66.828 Thread 0x0000021437792000 flushing  nmethod 0x0000021420722d88
Event: 66.828 Thread 0x0000021437792000 flushing  nmethod 0x0000021420ac2808
Event: 66.828 Thread 0x0000021437792000 flushing  nmethod 0x0000021420b07e88
Event: 66.828 Thread 0x0000021437792000 flushing  nmethod 0x0000021420b0c188

Events (20 events):
Event: 57.750 Thread 0x000002143c07bde0 Thread added: 0x000002143c07fc60
Event: 57.754 Thread 0x000002143c07bde0 Thread added: 0x000002143c07ecc0
Event: 57.762 Thread 0x000002143c07bde0 Thread added: 0x000002143c07e4f0
Event: 57.827 Thread 0x000002143c07a670 Thread added: 0x000002143c083310
Event: 57.829 Thread 0x000002143c07a670 Thread added: 0x000002143f7c3bd0
Event: 57.830 Thread 0x000002143c07a670 Thread added: 0x00000214407ca480
Event: 57.832 Thread 0x0000021437b64090 Thread added: 0x0000021442cc1200
Event: 57.858 Thread 0x000002143c07cd80 Thread added: 0x00000214407c8540
Event: 57.858 Thread 0x000002143c07cd80 Thread added: 0x00000214407c8d10
Event: 58.261 Thread 0x0000021442cc1200 Thread exited: 0x0000021442cc1200
Event: 59.914 Thread 0x00000214377fc590 Thread added: 0x000002144070fd80
Event: 60.077 Thread 0x000002144070fd80 Thread exited: 0x000002144070fd80
Event: 60.438 Thread 0x0000021437b64090 Thread added: 0x0000021448a77ac0
Event: 61.682 Thread 0x0000021448a77ac0 Thread exited: 0x0000021448a77ac0
Event: 62.137 Thread 0x0000021437b64090 Thread added: 0x0000021440710590
Event: 62.913 Thread 0x0000021440710590 Thread exited: 0x0000021440710590
Event: 65.635 Thread 0x0000021437b64090 Thread added: 0x0000021440b5a9c0
Event: 65.911 Thread 0x0000021440b5a9c0 Thread exited: 0x0000021440b5a9c0
Event: 69.080 Thread 0x00000214377fc590 Thread added: 0x000002143f7719a0
Event: 69.391 Thread 0x000002143f7719a0 Thread exited: 0x000002143f7719a0


Dynamic libraries:
0x00007ff61a1c0000 - 0x00007ff61a1ca000 	C:\Program Files\Android\Android Studio\jbr\bin\java.exe
0x00007ff931320000 - 0x00007ff931586000 	C:\WINDOWS\SYSTEM32\ntdll.dll
0x00007ff930f40000 - 0x00007ff931009000 	C:\WINDOWS\System32\KERNEL32.DLL
0x00007ff92e8a0000 - 0x00007ff92ec9e000 	C:\WINDOWS\System32\KERNELBASE.dll
0x00007ff92e740000 - 0x00007ff92e88c000 	C:\WINDOWS\System32\ucrtbase.dll
0x00007ff92ac10000 - 0x00007ff92ac26000 	C:\Program Files\Android\Android Studio\jbr\bin\jli.dll
0x00007ff91af50000 - 0x00007ff91af6b000 	C:\Program Files\Android\Android Studio\jbr\bin\VCRUNTIME140.dll
0x00007ff930400000 - 0x00007ff9305c7000 	C:\WINDOWS\System32\USER32.dll
0x00007ff92f020000 - 0x00007ff92f047000 	C:\WINDOWS\System32\win32u.dll
0x00007ff9117b0000 - 0x00007ff911a42000 	C:\WINDOWS\WinSxS\amd64_microsoft.windows.common-controls_6595b64144ccf1df_6.0.26100.8875_none_3e0d5d42e32fe9dd\COMCTL32.dll
0x00007ff930e30000 - 0x00007ff930e5b000 	C:\WINDOWS\System32\GDI32.dll
0x00007ff92f050000 - 0x00007ff92f0f9000 	C:\WINDOWS\System32\msvcrt.dll
0x00007ff92ecb0000 - 0x00007ff92edda000 	C:\WINDOWS\System32\gdi32full.dll
0x00007ff92e690000 - 0x00007ff92e733000 	C:\WINDOWS\System32\msvcp_win.dll
0x00007ff931120000 - 0x00007ff931152000 	C:\WINDOWS\System32\IMM32.DLL
0x00007ff927df0000 - 0x00007ff927dfc000 	C:\Program Files\Android\Android Studio\jbr\bin\vcruntime140_1.dll
0x00007ff912d60000 - 0x00007ff912ded000 	C:\Program Files\Android\Android Studio\jbr\bin\msvcp140.dll
0x00007ff8a0320000 - 0x00007ff8a11fa000 	C:\Program Files\Android\Android Studio\jbr\bin\server\jvm.dll
0x00007ff930d70000 - 0x00007ff930e27000 	C:\WINDOWS\System32\ADVAPI32.dll
0x00007ff92f100000 - 0x00007ff92f1aa000 	C:\WINDOWS\System32\sechost.dll
0x00007ff92fd60000 - 0x00007ff92fe78000 	C:\WINDOWS\System32\RPCRT4.dll
0x00007ff931250000 - 0x00007ff9312d0000 	C:\WINDOWS\System32\WS2_32.dll
0x00007ff928880000 - 0x00007ff9288b6000 	C:\WINDOWS\SYSTEM32\WINMM.dll
0x00007ff92e3a0000 - 0x00007ff92e3fe000 	C:\WINDOWS\SYSTEM32\POWRPROF.dll
0x00007ff911ca0000 - 0x00007ff911cab000 	C:\WINDOWS\SYSTEM32\VERSION.dll
0x00007ff92e380000 - 0x00007ff92e394000 	C:\WINDOWS\SYSTEM32\UMPDC.dll
0x00007ff92d150000 - 0x00007ff92d16b000 	C:\WINDOWS\SYSTEM32\kernel.appcore.dll
0x00007ff927de0000 - 0x00007ff927dea000 	C:\Program Files\Android\Android Studio\jbr\bin\jimage.dll
0x00007ff92b9d0000 - 0x00007ff92bc12000 	C:\WINDOWS\SYSTEM32\DBGHELP.DLL
0x00007ff92fe80000 - 0x00007ff930203000 	C:\WINDOWS\System32\combase.dll
0x00007ff930320000 - 0x00007ff9303f9000 	C:\WINDOWS\System32\OLEAUT32.dll
0x00007ff9069c0000 - 0x00007ff9069fb000 	C:\WINDOWS\SYSTEM32\dbgcore.DLL
0x00007ff92e5d0000 - 0x00007ff92e67c000 	C:\WINDOWS\System32\bcryptPrimitives.dll
0x00007ff91b180000 - 0x00007ff91b18e000 	C:\Program Files\Android\Android Studio\jbr\bin\instrument.dll
0x00007ff91ae20000 - 0x00007ff91ae3f000 	C:\Program Files\Android\Android Studio\jbr\bin\java.dll
0x00007ff92f610000 - 0x00007ff92f7a9000 	C:\WINDOWS\System32\ole32.dll
0x00007ff9305d0000 - 0x00007ff930d62000 	C:\WINDOWS\System32\SHELL32.dll
0x00007ff919ce0000 - 0x00007ff919cf7000 	C:\Program Files\Android\Android Studio\jbr\bin\zip.dll
0x00007ff92bfa0000 - 0x00007ff92c832000 	C:\WINDOWS\SYSTEM32\windows.storage.dll
0x00007ff931020000 - 0x00007ff931117000 	C:\WINDOWS\System32\SHCORE.dll
0x00007ff92f7b0000 - 0x00007ff92f817000 	C:\WINDOWS\System32\shlwapi.dll
0x00007ff92e460000 - 0x00007ff92e489000 	C:\WINDOWS\SYSTEM32\profapi.dll
0x00007ff919cd0000 - 0x00007ff919ce0000 	C:\Program Files\Android\Android Studio\jbr\bin\net.dll
0x00007ff92d7d0000 - 0x00007ff92d83c000 	C:\WINDOWS\system32\mswsock.dll
0x00007ff919cb0000 - 0x00007ff919cc6000 	C:\Program Files\Android\Android Studio\jbr\bin\nio.dll
0x00007ff91b070000 - 0x00007ff91b080000 	C:\Program Files\Android\Android Studio\jbr\bin\verify.dll
0x00007ff871550000 - 0x00007ff871577000 	C:\Users\SIVA\.gradle\native\660c5614fbf4a5f2a75b1949f50a0caf5cd603558e7d8a26e50b933a0cfb79d1\windows-amd64\native-platform.dll
0x00007ff86ebd0000 - 0x00007ff86ec47000 	C:\Users\SIVA\.gradle\native\0.2.8\x86_64-windows-gnu\gradle-fileevents.dll
0x00007ff919b00000 - 0x00007ff919b09000 	C:\Program Files\Android\Android Studio\jbr\bin\management.dll
0x00007ff914240000 - 0x00007ff91424b000 	C:\Program Files\Android\Android Studio\jbr\bin\management_ext.dll
0x00007ff930310000 - 0x00007ff930318000 	C:\WINDOWS\System32\PSAPI.DLL
0x00007ff92cb90000 - 0x00007ff92cbc3000 	C:\WINDOWS\SYSTEM32\IPHLPAPI.DLL
0x00007ff931240000 - 0x00007ff93124a000 	C:\WINDOWS\System32\NSI.dll
0x00007ff919ca0000 - 0x00007ff919ca9000 	C:\Program Files\Android\Android Studio\jbr\bin\extnet.dll
0x00007ff92dad0000 - 0x00007ff92daeb000 	C:\WINDOWS\SYSTEM32\CRYPTSP.dll
0x00007ff92d170000 - 0x00007ff92d1a9000 	C:\WINDOWS\system32\rsaenh.dll
0x00007ff92d890000 - 0x00007ff92d8c2000 	C:\WINDOWS\SYSTEM32\USERENV.dll
0x00007ff92e430000 - 0x00007ff92e45a000 	C:\WINDOWS\SYSTEM32\bcrypt.dll
0x00007ff92daf0000 - 0x00007ff92dafc000 	C:\WINDOWS\SYSTEM32\CRYPTBASE.dll
0x00007ff8ebf00000 - 0x00007ff8ebf08000 	C:\WINDOWS\system32\wshunix.dll

JVMTI agents:
C:\Users\SIVA\.gradle\wrapper\dists\gradle-9.3.1-bin\23ovyewtku6u96viwx3xl3oks\gradle-9.3.1\lib\agents\gradle-instrumentation-agent-9.3.1.jar path:C:\Program Files\Android\Android Studio\jbr\bin\instrument.dll, loaded, initialized, instrumentlib options:none

dbghelp: loaded successfully - version: 4.0.5 - missing functions: none
symbol engine: initialized successfully - sym options: 0x614 - pdb path: .;C:\Program Files\Android\Android Studio\jbr\bin;C:\WINDOWS\SYSTEM32;C:\WINDOWS\WinSxS\amd64_microsoft.windows.common-controls_6595b64144ccf1df_6.0.26100.8875_none_3e0d5d42e32fe9dd;C:\Program Files\Android\Android Studio\jbr\bin\server;C:\Users\SIVA\.gradle\native\660c5614fbf4a5f2a75b1949f50a0caf5cd603558e7d8a26e50b933a0cfb79d1\windows-amd64;C:\Users\SIVA\.gradle\native\0.2.8\x86_64-windows-gnu

VM Arguments:
jvm_args: --add-opens=java.base/java.lang=ALL-UNNAMED --add-opens=java.base/java.lang.invoke=ALL-UNNAMED --add-opens=java.base/java.util=ALL-UNNAMED --add-opens=java.prefs/java.util.prefs=ALL-UNNAMED --add-exports=jdk.compiler/com.sun.tools.javac.api=ALL-UNNAMED --add-exports=jdk.compiler/com.sun.tools.javac.util=ALL-UNNAMED --add-opens=java.base/java.util=ALL-UNNAMED --add-opens=java.prefs/java.util.prefs=ALL-UNNAMED --add-opens=java.base/java.nio.charset=ALL-UNNAMED --add-opens=java.base/java.net=ALL-UNNAMED --add-opens=java.base/java.util.concurrent=ALL-UNNAMED --add-opens=java.base/java.util.concurrent.atomic=ALL-UNNAMED --add-opens=java.xml/javax.xml.namespace=ALL-UNNAMED --add-opens=java.base/java.time=ALL-UNNAMED --enable-native-access=ALL-UNNAMED -Xmx4g -Dfile.encoding=UTF-8 -Duser.country=IN -Duser.language=en -Duser.variant -javaagent:C:\Users\SIVA\.gradle\wrapper\dists\gradle-9.3.1-bin\23ovyewtku6u96viwx3xl3oks\gradle-9.3.1\lib\agents\gradle-instrumentation-agent-9.3.1.jar 
java_command: org.gradle.launcher.daemon.bootstrap.GradleDaemon 9.3.1
java_class_path (initial): C:\Users\SIVA\.gradle\wrapper\dists\gradle-9.3.1-bin\23ovyewtku6u96viwx3xl3oks\gradle-9.3.1\lib\gradle-daemon-main-9.3.1.jar
Launcher Type: SUN_STANDARD

[Global flags]
     intx CICompilerCount                          = 4                                         {product} {ergonomic}
     uint ConcGCThreads                            = 3                                         {product} {ergonomic}
     uint G1ConcRefinementThreads                  = 10                                        {product} {ergonomic}
   size_t G1HeapRegionSize                         = 2097152                                   {product} {ergonomic}
   size_t InitialHeapSize                          = 264241152                                 {product} {ergonomic}
   size_t MarkStackSize                            = 4194304                                   {product} {ergonomic}
   size_t MarkStackSizeMax                         = 536870912                                 {product} {ergonomic}
   size_t MaxHeapSize                              = 4294967296                                {product} {command line}
   size_t MaxNewSize                               = 2575302656                                {product} {ergonomic}
   size_t MinHeapDeltaBytes                        = 2097152                                   {product} {ergonomic}
   size_t MinHeapSize                              = 8388608                                   {product} {ergonomic}
    uintx NonNMethodCodeHeapSize                   = 5832704                                {pd product} {ergonomic}
    uintx NonProfiledCodeHeapSize                  = 122945536                              {pd product} {ergonomic}
    uintx ProfiledCodeHeapSize                     = 122880000                              {pd product} {ergonomic}
    uintx ReservedCodeCacheSize                    = 251658240                              {pd product} {ergonomic}
     bool SegmentedCodeCache                       = true                                      {product} {ergonomic}
   size_t SoftMaxHeapSize                          = 4294967296                             {manageable} {ergonomic}
     bool UseCompressedOops                        = true                           {product lp64_product} {ergonomic}
     bool UseG1GC                                  = true                                      {product} {ergonomic}
     bool UseLargePagesIndividualAllocation        = false                                  {pd product} {ergonomic}

Logging:
Log output configuration:
 #0: stdout all=warning uptime,level,tags foldmultilines=false
 #1: stderr all=off uptime,level,tags foldmultilines=false

Release file:
JAVA_VERSION="25.0.2" 
MODULES="java.base java.compiler java.datatransfer java.xml java.prefs java.desktop java.instrument java.logging java.management java.security.sasl java.naming java.rmi java.management.rmi java.net.http java.scripting java.security.jgss java.transaction.xa java.sql java.sql.rowset java.xml.crypto java.se java.smartcardio jdk.accessibility jdk.internal.jvmstat jdk.attach jdk.charsets jdk.internal.opt jdk.zipfs jdk.compiler jdk.crypto.cryptoki jdk.crypto.ec jdk.dynalink jdk.hotspot.agent jdk.httpserver jdk.internal.ed jdk.internal.le jdk.internal.md jdk.internal.vm.ci jdk.jartool jdk.javadoc jdk.jcmd jdk.jdeps jdk.jdwp.agent jdk.jdi jdk.jfr jdk.jlink jdk.localedata jdk.management jdk.management.agent jdk.management.jfr jdk.naming.dns jdk.naming.rmi jdk.net jdk.sctp jdk.security.auth jdk.security.jgss jdk.unsupported jdk.unsupported.desktop jdk.xml.dom" 
IMPLEMENTOR="JetBrains s.r.o." 
JAVA_RUNTIME_VERSION="25.0.2+-15348964-b329.117" 
LIBC="default" 
OS_ARCH="x86_64" 
OS_NAME="Windows" 
SOURCE=".:git:3cf398e84a39" 

Environment Variables:
PATH=C:\Program Files\Common Files\Oracle\Java\javapath;C:\WINDOWS\system32;C:\WINDOWS;C:\WINDOWS\System32\Wbem;C:\WINDOWS\System32\WindowsPowerShell\v1.0\;C:\WINDOWS\System32\OpenSSH\;C:\Program Files\dotnet\;C:\Program Files\nodejs\;C:\Program Files\Git\cmd;C:\Program Files\Go\bin;C:\Program Files\Docker\Docker\resources\bin;C:\Users\SIVA\.local\bin;C:\Users\SIVA\anaconda3;C:\Users\SIVA\anaconda3\Library\mingw-w64\bin;C:\Users\SIVA\anaconda3\Library\usr\bin;C:\Users\SIVA\anaconda3\Library\bin;C:\Users\SIVA\anaconda3\Scripts;C:\Users\SIVA\AppData\Local\Programs\Python\Python312\Scripts\;C:\Users\SIVA\AppData\Local\Programs\Python\Python312\;C:\Users\SIVA\AppData\Local\Microsoft\WindowsApps;C:\Users\SIVA\AppData\Local\Programs\Microsoft VS Code\bin;C:\Users\SIVA\AppData\Roaming\npm;C:\Users\SIVA\AppData\Local\Programs\mongosh\;C:\Users\SIVA\AppData\Local\Programs\Antigravity IDE\bin;C:\Users\SIVA\go\bin
USERNAME=SIVA
OS=Windows_NT
PROCESSOR_IDENTIFIER=Intel64 Family 6 Model 186 Stepping 3, GenuineIntel
TMP=C:\Users\SIVA\AppData\Local\Temp
TEMP=C:\Users\SIVA\AppData\Local\Temp




Compilation memory statistics disabled.

Periodic native trim disabled

JNI global refs:
JNI global refs: 25, weak refs: 0

JNI global refs memory usage: 835, weak refs: 833

Process memory usage:
Resident Set Size: 738476K (4% of 16454352K total physical memory with 1428132K free physical memory)

OOME stack traces (most recent first):
Classloader memory used:
Loader org.gradle.internal.classloader.VisitableURLClassLoader                         : 45465 K
Loader bootstrap                                                                       : 30097 K
Loader org.gradle.internal.classloader.VisitableURLClassLoader$InstrumentingVisitableURLClassLoader: 28884 K
Loader org.gradle.initialization.MixInLegacyTypesClassLoader                           : 16218 K
Loader org.gradle.internal.classloader.VisitableURLClassLoader                         : 386 K
Loader jdk.internal.loader.ClassLoaders$AppClassLoader                                 : 226 K
Loader jdk.internal.loader.ClassLoaders$PlatformClassLoader                            : 153 K
Loader org.gradle.groovy.scripts.internal.DefaultScriptCompilationHandler$ScriptClassLoader: 122 K

Classes loaded by more than one classloader:
Class Program                                                                         : loaded 5 times (x 74B)
Class Build_gradle                                                                    : loaded 3 times (x 128B)
Class com.google.common.collect.RegularImmutableMap$KeySet                            : loaded 2 times (x 154B)
Class org.gradle.internal.classloader.FilteringClassLoader                            : loaded 2 times (x 106B)
Class [Lcom.google.common.base.AbstractIterator$State;                                : loaded 2 times (x 71B)
Class com.google.common.io.FileWriteMode                                              : loaded 2 times (x 81B)
Class com.google.common.base.CharMatcher$IsEither                                     : loaded 2 times (x 113B)
Class org.gradle.internal.classloader.ClassLoaderHierarchy                            : loaded 2 times (x 72B)
Class com.google.common.collect.AbstractMapBasedMultimap$WrappedCollection            : loaded 2 times (x 126B)
Class com.google.common.collect.ImmutableEnumSet                                      : loaded 2 times (x 148B)
Class com.google.common.util.concurrent.ExecutionError                                : loaded 2 times (x 84B)
Class com.google.common.collect.ImmutableList$1                                       : loaded 2 times (x 99B)
Class org.gradle.api.internal.classpath.ManifestUtil                                  : loaded 2 times (x 73B)
Class com.google.common.io.ByteArrayDataOutput                                        : loaded 2 times (x 72B)
Class com.google.common.collect.RegularImmutableMap                                   : loaded 2 times (x 122B)
Class com.google.common.collect.ImmutableMap$MapViewOfValuesAsSingletonSets           : loaded 2 times (x 128B)
Class [Lorg.objectweb.asm.Symbol;                                                     : loaded 2 times (x 71B)
Class org.objectweb.asm.ClassVisitor                                                  : loaded 2 times (x 90B)
Class com.google.common.collect.UnmodifiableListIterator                              : loaded 2 times (x 97B)
Class com.google.common.base.Platform$JdkPatternCompiler                              : loaded 2 times (x 77B)
Class org.objectweb.asm.MethodTooLargeException                                       : loaded 2 times (x 84B)
Class [Lcom.google.common.cache.CacheBuilder$OneWeigher;                              : loaded 2 times (x 71B)
Class com.google.common.base.Suppliers                                                : loaded 2 times (x 73B)
Class org.gradle.internal.classloader.DefaultClassLoaderFactory                       : loaded 2 times (x 84B)
Class com.google.common.base.CharMatcher$None                                         : loaded 2 times (x 114B)
Class com.google.common.io.ByteSource$ConcatenatedByteSource                          : loaded 2 times (x 87B)
Class org.gradle.internal.classloader.ClassLoaderVisitor                              : loaded 2 times (x 78B)
Class [Lcom.google.common.collect.ImmutableMapEntry;                                  : loaded 2 times (x 71B)
Class org.gradle.api.internal.classpath.EffectiveClassPath                            : loaded 2 times (x 92B)
Class com.google.common.collect.ListMultimap                                          : loaded 2 times (x 72B)
Class com.google.common.collect.ImmutableEnumMap                                      : loaded 2 times (x 128B)
Class ijJvmDebugger1_kg1bqutnd87yq93gym2j0vib$_run_closure1                           : loaded 2 times (x 140B)
Class com.google.common.base.Splitter                                                 : loaded 2 times (x 74B)
Class com.google.common.collect.Sets$1                                                : loaded 2 times (x 141B)
Class org.objectweb.asm.AnnotationVisitor                                             : loaded 2 times (x 80B)
Class org.gradle.api.internal.DefaultClassPathProvider                                : loaded 2 times (x 78B)
Class com.google.common.collect.Maps$ViewCachingAbstractMap                           : loaded 2 times (x 127B)
Class com.google.common.io.CharSource$ConcatenatedCharSource                          : loaded 2 times (x 88B)
Class com.google.common.collect.Sets$2                                                : loaded 2 times (x 141B)
Class [Lorg.gradle.api.internal.ClassPathProvider;                                    : loaded 2 times (x 71B)
Class org.gradle.api.internal.ClassPathProvider                                       : loaded 2 times (x 72B)
Class com.google.common.base.AbstractIterator$State                                   : loaded 2 times (x 81B)
Class [Lorg.objectweb.asm.AnnotationVisitor;                                          : loaded 2 times (x 71B)
Class com.google.common.collect.Sets$3                                                : loaded 2 times (x 141B)
Class com.google.common.cache.LocalCache$LocalLoadingCache                            : loaded 2 times (x 136B)
Class org.gradle.internal.service.UnknownServiceException                             : loaded 2 times (x 85B)
Class com.google.common.io.ByteArrayDataInput                                         : loaded 2 times (x 72B)
Class com.google.common.collect.Sets$4                                                : loaded 2 times (x 141B)
Class org.objectweb.asm.ModuleVisitor                                                 : loaded 2 times (x 83B)
Class com.google.common.cache.LocalCache$Strength$1                                   : loaded 2 times (x 83B)
Class com.google.common.util.concurrent.SettableFuture                                : loaded 2 times (x 116B)
Class com.google.common.cache.LocalCache$Strength$2                                   : loaded 2 times (x 83B)
Class com.google.common.base.Splitter$1                                               : loaded 2 times (x 79B)
Class com.google.common.io.ByteStreams                                                : loaded 2 times (x 73B)
Class com.google.common.cache.LocalCache$Strength$3                                   : loaded 2 times (x 83B)
Class com.google.common.collect.MapDifference                                         : loaded 2 times (x 72B)
Class org.objectweb.asm.FieldWriter                                                   : loaded 2 times (x 79B)
Class com.google.common.cache.CacheBuilder$NullListener                               : loaded 2 times (x 84B)
Class org.gradle.internal.classpath.TransformedClassPath                              : loaded 2 times (x 98B)
Class org.gradle.internal.classloader.InstrumentingClassLoader                        : loaded 2 times (x 72B)
Class com.google.common.cache.CacheLoader$FunctionToCacheLoader                       : loaded 2 times (x 77B)
Class com.google.common.collect.Iterators$ArrayItr                                    : loaded 2 times (x 99B)
Class com.google.common.base.Equivalence$Identity                                     : loaded 2 times (x 84B)
Class com.google.common.base.Joiner                                                   : loaded 2 times (x 81B)
Class com.google.common.base.MoreObjects                                              : loaded 2 times (x 73B)
Class com.google.common.collect.Platform                                              : loaded 2 times (x 73B)
Class [Lorg.objectweb.asm.Type;                                                       : loaded 2 times (x 71B)
Class com.google.common.collect.UnmodifiableIterator                                  : loaded 2 times (x 82B)
Class org.gradle.internal.service.ServiceLocator                                      : loaded 2 times (x 72B)
Class com.google.common.base.Ascii                                                    : loaded 2 times (x 73B)
Class com.google.common.cache.LocalCache$1                                            : loaded 2 times (x 91B)
Class com.google.common.collect.SingletonImmutableBiMap                               : loaded 2 times (x 145B)
Class com.google.common.collect.Iterators$SingletonIterator                           : loaded 2 times (x 83B)
Class com.google.common.collect.AbstractMapEntry                                      : loaded 2 times (x 83B)
Class com.google.common.io.CharSource$StringCharSource                                : loaded 2 times (x 88B)
Class com.google.common.io.ByteSource$ByteArrayByteSource                             : loaded 2 times (x 87B)
Class com.google.common.collect.Sets$ImprovedAbstractSet                              : loaded 2 times (x 137B)
Class com.google.common.collect.ImmutableList$Builder                                 : loaded 2 times (x 79B)
Class com.google.common.collect.AbstractMultimap                                      : loaded 2 times (x 125B)
Class com.google.common.cache.LocalCache$2                                            : loaded 2 times (x 144B)
Class com.google.common.collect.RegularImmutableAsList                                : loaded 2 times (x 219B)
Class com.google.common.base.Optional                                                 : loaded 2 times (x 82B)
Class com.google.common.util.concurrent.AbstractFuture$Trusted                        : loaded 2 times (x 72B)
Class com.google.common.collect.Iterators                                             : loaded 2 times (x 73B)
Class com.google.common.io.ByteSink$AsCharSink                                        : loaded 2 times (x 82B)
Class com.google.common.collect.Lists$StringAsImmutableList                           : loaded 2 times (x 209B)
Class com.google.common.util.concurrent.UncheckedExecutionException                   : loaded 2 times (x 84B)
Class org.gradle.kotlin.dsl.VersionCatalogAccessorsKt                                 : loaded 2 times (x 73B)
Class com.google.common.collect.AbstractMapBasedMultimap$KeySet$1                     : loaded 2 times (x 84B)
Class org.objectweb.asm.ClassWriter                                                   : loaded 2 times (x 107B)
Class com.google.common.cache.CacheLoader$UnsupportedLoadingOperationException        : loaded 2 times (x 84B)
Class com.google.common.base.CharMatcher$And                                          : loaded 2 times (x 114B)
Class org.gradle.internal.classloader.ClasspathUtil$1                                 : loaded 2 times (x 78B)
Class org.objectweb.asm.FieldVisitor                                                  : loaded 2 times (x 79B)
Class com.google.common.collect.IndexedImmutableSet                                   : loaded 2 times (x 154B)
Class com.google.common.collect.ImmutableMap$1                                        : loaded 2 times (x 83B)
Class com.google.common.collect.BiMap                                                 : loaded 2 times (x 72B)
Class org.gradle.api.internal.classpath.DefaultModuleRegistry$DefaultModule           : loaded 2 times (x 88B)
Class com.google.common.base.Absent                                                   : loaded 2 times (x 82B)
Class com.google.common.primitives.Ints                                               : loaded 2 times (x 73B)
Class com.google.common.collect.AbstractIterator                                      : loaded 2 times (x 84B)
Class com.google.common.collect.ObjectArrays                                          : loaded 2 times (x 73B)
Class com.google.common.math.MathPreconditions                                        : loaded 2 times (x 73B)
Class com.google.common.collect.Multiset                                              : loaded 2 times (x 72B)
Class com.google.common.collect.ArrayListMultimapGwtSerializationDependencies         : loaded 2 times (x 173B)
Class com.google.common.collect.AbstractIndexedListIterator                           : loaded 2 times (x 98B)
Class com.google.common.collect.ImmutableMapEntrySet                                  : loaded 2 times (x 154B)
Class org.gradle.api.internal.classpath.Module                                        : loaded 2 times (x 72B)
Class com.google.common.cache.Weigher                                                 : loaded 2 times (x 72B)
Class org.gradle.api.internal.classpath.UnknownModuleException                        : loaded 2 times (x 84B)
Class com.google.common.base.Stopwatch                                                : loaded 2 times (x 74B)
Class com.google.common.cache.LocalCache$Strength                                     : loaded 2 times (x 83B)
Class com.google.common.cache.Cache                                                   : loaded 2 times (x 72B)
Class com.google.common.base.NullnessCasts                                            : loaded 2 times (x 73B)
Class com.google.common.util.concurrent.AbstractFuture$Cancellation                   : loaded 2 times (x 74B)
Class com.google.common.collect.ImmutableMap$Builder                                  : loaded 2 times (x 84B)
Class com.google.common.base.Present                                                  : loaded 2 times (x 83B)
Class com.google.common.cache.RemovalListener                                         : loaded 2 times (x 72B)
Class org.gradle.api.internal.DefaultClassPathRegistry                                : loaded 2 times (x 78B)
Class com.google.common.primitives.IntsMethodsForWeb                                  : loaded 2 times (x 73B)
Class com.google.common.collect.Multimap                                              : loaded 2 times (x 72B)
Class org.gradle.api.internal.ClassPathRegistry                                       : loaded 2 times (x 72B)
Class org.gradle.internal.classpath.DefaultClassPath$ImmutableUniqueList              : loaded 2 times (x 201B)
Class com.google.common.collect.ImmutableCollection$Builder                           : loaded 2 times (x 78B)
Class com.google.common.io.ByteSink                                                   : loaded 2 times (x 78B)
Class com.google.common.cache.CacheBuilder                                            : loaded 2 times (x 74B)
Class com.google.common.collect.SingletonImmutableList                                : loaded 2 times (x 209B)
Class Settings_gradle$1                                                               : loaded 2 times (x 76B)
Class org.gradle.internal.classpath.ClassPath                                         : loaded 2 times (x 72B)
Class com.google.common.io.Files$FileByteSource                                       : loaded 2 times (x 87B)
Class com.google.common.base.JdkPattern                                               : loaded 2 times (x 77B)
Class com.google.common.collect.ImmutableList$ReverseImmutableList                    : loaded 2 times (x 211B)
Class com.google.common.io.CharSource$CharSequenceCharSource                          : loaded 2 times (x 88B)
Class com.google.errorprone.annotations.DoNotMock                                     : loaded 2 times (x 72B)
Class org.objectweb.asm.SymbolTable$Entry                                             : loaded 2 times (x 75B)
Class org.objectweb.asm.Edge                                                          : loaded 2 times (x 74B)
Class com.google.common.base.Suppliers$SupplierOfInstance                             : loaded 2 times (x 81B)
Class com.google.common.collect.Iterators$1                                           : loaded 2 times (x 83B)
Class ijJvmDebugger1_kg1bqutnd87yq93gym2j0vib                                         : loaded 2 times (x 173B)
Class com.google.common.cache.LocalCache$ComputingValueReference                      : loaded 2 times (x 98B)
Class com.google.common.collect.SingletonImmutableSet                                 : loaded 2 times (x 148B)
Class com.google.common.collect.ImmutableMap$IteratorBasedImmutableMap                : loaded 2 times (x 128B)
Class com.google.common.cache.LocalCache$Segment                                      : loaded 2 times (x 155B)
Class com.google.common.collect.AbstractListMultimap                                  : loaded 2 times (x 173B)
Class [Lorg.objectweb.asm.SymbolTable$Entry;                                          : loaded 2 times (x 71B)
Class com.google.common.cache.CacheLoader                                             : loaded 2 times (x 76B)
Class com.google.common.collect.Iterators$4                                           : loaded 2 times (x 84B)
Class com.google.common.collect.ImmutableBiMap                                        : loaded 2 times (x 145B)
Class ijJvmDebugger1_kg1bqutnd87yq93gym2j0vib$_run_closure1$_closure2                 : loaded 2 times (x 141B)
Class org.gradle.api.internal.classpath.ModuleRegistry                                : loaded 2 times (x 72B)
Class org.gradle.internal.installation.GradleInstallation$1                           : loaded 2 times (x 77B)
Class com.google.common.base.Splitter$SplittingIterator                               : loaded 2 times (x 85B)
Class com.google.common.collect.ImmutableSet$JdkBackedSetBuilderImpl                  : loaded 2 times (x 78B)
Class com.google.common.util.concurrent.internal.InternalFutureFailureAccess          : loaded 2 times (x 74B)
Class com.google.common.collect.Iterators$5                                           : loaded 2 times (x 84B)
Class com.google.common.cache.LocalCache$LocalManualCache$1                           : loaded 2 times (x 77B)
Class com.google.common.base.CharMatcher$ForPredicate                                 : loaded 2 times (x 114B)
Class com.google.common.base.CharMatcher$AnyOf                                        : loaded 2 times (x 114B)
Class com.google.common.collect.ImmutableCollection                                   : loaded 2 times (x 127B)
Class org.gradle.api.internal.classpath.DefaultModuleRegistry                         : loaded 2 times (x 88B)
Class com.google.common.collect.Lists                                                 : loaded 2 times (x 73B)
Class com.google.common.util.concurrent.ListenableFuture                              : loaded 2 times (x 72B)
Class com.google.common.cache.ReferenceEntry                                          : loaded 2 times (x 72B)
Class com.google.common.base.Converter                                                : loaded 2 times (x 92B)
Class com.google.common.collect.ImmutableSet$CachingAsList                            : loaded 2 times (x 150B)
Class com.google.common.collect.AbstractMapBasedMultimap                              : loaded 2 times (x 140B)
Class com.google.common.util.concurrent.AbstractFuture                                : loaded 2 times (x 108B)
Class com.google.common.base.FunctionalEquivalence                                    : loaded 2 times (x 85B)
Class com.google.common.collect.Iterators$9                                           : loaded 2 times (x 83B)
Class com.google.common.collect.ImmutableAsList                                       : loaded 2 times (x 211B)
Class org.objectweb.asm.RecordComponentVisitor                                        : loaded 2 times (x 79B)
Class com.google.common.cache.CacheLoader$SupplierToCacheLoader                       : loaded 2 times (x 77B)
Class org.gradle.internal.service.ServiceLookupException                              : loaded 2 times (x 84B)
Class [Lcom.google.common.cache.LocalCache$EntryFactory;                              : loaded 2 times (x 71B)
Class org.gradle.internal.classloader.ClassLoaderFactory                              : loaded 2 times (x 72B)
Class com.google.common.base.CommonPattern                                            : loaded 2 times (x 76B)
Class com.google.common.cache.LocalCache$LocalManualCache                             : loaded 2 times (x 101B)
Class com.google.common.base.CharMatcher$IsNot                                        : loaded 2 times (x 113B)
Class org.gradle.internal.service.CachingServiceLocator                               : loaded 2 times (x 84B)
Class com.google.common.collect.AbstractMapBasedMultimap$KeySet                       : loaded 2 times (x 139B)
Class com.google.common.math.IntMath                                                  : loaded 2 times (x 73B)
Class com.google.common.collect.ImmutableMapEntry                                     : loaded 2 times (x 87B)
Class com.google.common.base.Equivalence                                              : loaded 2 times (x 84B)
Class com.google.common.base.Function                                                 : loaded 2 times (x 72B)
Class com.google.common.collect.ImmutableMapEntry$NonTerminalImmutableMapEntry        : loaded 2 times (x 87B)
Class com.google.common.cache.CacheBuilder$OneWeigher                                 : loaded 2 times (x 84B)
Class com.google.common.collect.RegularImmutableList                                  : loaded 2 times (x 215B)
Class org.gradle.internal.classloader.ClasspathUtil                                   : loaded 2 times (x 73B)
Class com.google.common.util.concurrent.Uninterruptibles                              : loaded 2 times (x 73B)
Class com.google.common.io.CharSource                                                 : loaded 2 times (x 87B)
Class com.google.common.util.concurrent.LazyLogger                                    : loaded 2 times (x 74B)
Class com.google.common.collect.Maps                                                  : loaded 2 times (x 73B)
Class org.gradle.api.specs.Spec                                                       : loaded 2 times (x 72B)
Class [Lcom.google.common.collect.ImmutableEntry;                                     : loaded 2 times (x 71B)
Class com.google.common.cache.LocalCache$LoadingValueReference                        : loaded 2 times (x 98B)
Class com.google.common.collect.AbstractMapBasedMultimap$AsMap                        : loaded 2 times (x 130B)
Class com.google.common.base.Platform                                                 : loaded 2 times (x 73B)
Class [Lorg.objectweb.asm.AnnotationWriter;                                           : loaded 2 times (x 71B)
Class com.google.common.collect.Maps$8                                                : loaded 2 times (x 84B)
Class com.google.common.collect.Sets$SetView                                          : loaded 2 times (x 140B)
Class com.google.common.cache.LocalCache$StrongValueReference                         : loaded 2 times (x 92B)
Class com.google.common.graph.SuccessorsFunction                                      : loaded 2 times (x 72B)
Class org.objectweb.asm.Type                                                          : loaded 2 times (x 74B)
Class org.gradle.internal.classloader.VisitableURLClassLoader$InstrumentingVisitableURLClassLoader: loaded 2 times (x 124B)
Class com.google.common.io.Files$FileByteSink                                         : loaded 2 times (x 79B)
Class com.google.common.math.IntMath$1                                                : loaded 2 times (x 73B)
Class org.objectweb.asm.ByteVector                                                    : loaded 2 times (x 81B)
Class [Lcom.google.common.cache.CacheBuilder$NullListener;                            : loaded 2 times (x 71B)
Class org.gradle.internal.classloader.VisitableURLClassLoader$Spec                    : loaded 2 times (x 76B)
Class org.gradle.internal.classpath.DefaultClassPath                                  : loaded 2 times (x 92B)
Class com.google.common.base.AbstractIterator                                         : loaded 2 times (x 82B)
Class org.objectweb.asm.Symbol                                                        : loaded 2 times (x 75B)
Class com.google.common.io.Closer                                                     : loaded 2 times (x 80B)
Class com.google.common.base.CharMatcher$BitSetMatcher                                : loaded 2 times (x 114B)
Class com.google.common.collect.RegularImmutableMap$Values                            : loaded 2 times (x 209B)
Class com.google.common.collect.ImmutableSet                                          : loaded 2 times (x 147B)
Class org.gradle.internal.classloader.ClassLoaderSpec                                 : loaded 2 times (x 73B)
Class com.google.common.io.ByteSource$EmptyByteSource                                 : loaded 2 times (x 87B)
Class org.objectweb.asm.AnnotationWriter                                              : loaded 2 times (x 80B)
Class com.google.common.cache.CacheStats                                              : loaded 2 times (x 73B)
Class com.google.common.io.LineProcessor                                              : loaded 2 times (x 72B)
Class com.google.common.io.Closer$Suppressor                                          : loaded 2 times (x 72B)
Class org.objectweb.asm.RecordComponentWriter                                         : loaded 2 times (x 79B)
Class com.google.common.util.concurrent.AbstractFuture$Listener                       : loaded 2 times (x 74B)
Class com.google.common.base.CharMatcher$Or                                           : loaded 2 times (x 114B)
Class Settings_gradle$1$1                                                             : loaded 2 times (x 76B)
Class org.objectweb.asm.Attribute                                                     : loaded 2 times (x 79B)
Class com.google.common.base.Supplier                                                 : loaded 2 times (x 72B)
Class org.gradle.internal.classloader.VisitableURLClassLoader                         : loaded 2 times (x 118B)
Class com.google.common.io.CharSource$AsByteSource                                    : loaded 2 times (x 87B)
Class Settings_gradle                                                                 : loaded 2 times (x 126B)
Class org.gradle.internal.Cast                                                        : loaded 2 times (x 73B)
Class org.gradle.api.Action                                                           : loaded 2 times (x 72B)
Class com.google.common.base.Strings                                                  : loaded 2 times (x 73B)
Class com.google.common.collect.Sets                                                  : loaded 2 times (x 73B)
Class org.objectweb.asm.Handler                                                       : loaded 2 times (x 74B)
Class com.google.common.base.Ticker                                                   : loaded 2 times (x 74B)
Class com.google.common.base.CharMatcher$FastMatcher                                  : loaded 2 times (x 113B)
Class [Lcom.google.common.cache.LocalCache$Segment;                                   : loaded 2 times (x 71B)
Class [Lcom.google.common.cache.LocalCache$Strength;                                  : loaded 2 times (x 71B)
Class com.google.common.cache.CacheBuilder$1                                          : loaded 2 times (x 87B)
Class com.google.common.base.Predicate                                                : loaded 2 times (x 72B)
Class com.google.common.collect.ImmutableMap                                          : loaded 2 times (x 122B)
Class org.gradle.internal.classpath.DefaultClassPath$ImmutableUniqueList$Builder      : loaded 2 times (x 77B)
Class com.google.common.cache.LocalCache                                              : loaded 2 times (x 188B)
Class com.google.common.cache.CacheBuilder$2                                          : loaded 2 times (x 81B)
Class com.google.common.base.CharMatcher$NegatedFastMatcher                           : loaded 2 times (x 115B)
Class com.google.common.collect.ArrayListMultimap                                     : loaded 2 times (x 173B)
Class com.google.common.cache.CacheBuilder$3                                          : loaded 2 times (x 74B)
Class [Lcom.google.common.collect.AbstractMapEntry;                                   : loaded 2 times (x 71B)
Class com.google.common.collect.ImmutableEntry                                        : loaded 2 times (x 84B)
Class org.gradle.api.GradleException                                                  : loaded 2 times (x 84B)
Class com.google.common.io.CharSource$EmptyCharSource                                 : loaded 2 times (x 88B)
Class com.google.common.collect.CollectPreconditions                                  : loaded 2 times (x 73B)
Class [Lcom.google.common.io.FileWriteMode;                                           : loaded 2 times (x 71B)
Class com.google.common.collect.SortedMapDifference                                   : loaded 2 times (x 72B)
Class com.google.common.io.Files                                                      : loaded 2 times (x 73B)
Class com.google.common.cache.LocalCache$EntryFactory                                 : loaded 2 times (x 85B)
Class com.google.common.cache.LocalCache$AbstractReferenceEntry                       : loaded 2 times (x 109B)
Class org.gradle.internal.IoActions                                                   : loaded 2 times (x 73B)
Class org.objectweb.asm.SymbolTable                                                   : loaded 2 times (x 74B)
Class com.google.common.cache.CacheLoader$InvalidCacheLoadException                   : loaded 2 times (x 84B)
Class com.google.common.collect.ImmutableSet$RegularSetBuilderImpl                    : loaded 2 times (x 78B)
Class org.gradle.internal.classloader.SystemClassLoaderSpec                           : loaded 2 times (x 73B)
Class com.google.common.cache.LocalCache$StrongEntry                                  : loaded 2 times (x 110B)
Class com.google.common.util.concurrent.AbstractFuture$TrustedFuture                  : loaded 2 times (x 116B)
Class com.google.common.cache.LoadingCache                                            : loaded 2 times (x 72B)
Class ijKotlinCoroutineJvmDebugInit1_8lh270sg8cgvoho4wu0dv8lct$_run_closure1          : loaded 2 times (x 140B)
Class com.google.common.io.ByteStreams$LimitedInputStream                             : loaded 2 times (x 94B)
Class org.objectweb.asm.MethodWriter                                                  : loaded 2 times (x 107B)
Class [Lcom.google.common.cache.Weigher;                                              : loaded 2 times (x 71B)
Class com.google.common.collect.RegularImmutableMap$BucketOverflowException           : loaded 2 times (x 84B)
Class com.google.common.cache.LocalCache$ValueReference                               : loaded 2 times (x 72B)
Class com.google.common.base.CharMatcher$Negated                                      : loaded 2 times (x 115B)
Class com.google.common.base.CharMatcher$Is                                           : loaded 2 times (x 113B)
Class com.google.common.collect.RegularImmutableBiMap                                 : loaded 2 times (x 150B)
Class com.google.common.hash.PrimitiveSink                                            : loaded 2 times (x 72B)
Class com.google.common.base.PatternCompiler                                          : loaded 2 times (x 72B)
Class com.google.common.util.concurrent.AbstractFuture$Failure                        : loaded 2 times (x 74B)
Class com.google.common.base.Equivalence$Equals                                       : loaded 2 times (x 84B)
Class com.google.common.collect.Hashing                                               : loaded 2 times (x 73B)
Class com.google.common.base.Preconditions                                            : loaded 2 times (x 73B)
Class com.google.common.io.CharSink                                                   : loaded 2 times (x 81B)
Class com.google.common.base.Joiner$1                                                 : loaded 2 times (x 82B)
Class org.objectweb.asm.Label                                                         : loaded 2 times (x 75B)
Class org.objectweb.asm.CurrentFrame                                                  : loaded 2 times (x 75B)
Class org.objectweb.asm.ClassTooLargeException                                        : loaded 2 times (x 84B)
Class com.google.common.base.CharMatcher                                              : loaded 2 times (x 113B)
Class com.google.common.collect.PeekingIterator                                       : loaded 2 times (x 72B)
Class com.google.common.io.ByteSource$AsCharSource                                    : loaded 2 times (x 88B)
Class com.google.common.base.Joiner$2                                                 : loaded 2 times (x 81B)
Class org.objectweb.asm.Frame                                                         : loaded 2 times (x 75B)
Class org.objectweb.asm.MethodVisitor                                                 : loaded 2 times (x 107B)
Class com.google.common.cache.LocalCache$EntryFactory$1                               : loaded 2 times (x 85B)
Class [Lcom.google.common.cache.RemovalListener;                                      : loaded 2 times (x 71B)
Class com.google.common.base.CharMatcher$NamedFastMatcher                             : loaded 2 times (x 114B)
Class com.google.common.base.CharMatcher$1                                            : loaded 2 times (x 115B)
Class ijKotlinCoroutineJvmDebugInit1_8lh270sg8cgvoho4wu0dv8lct$_run_closure1$_closure2: loaded 2 times (x 140B)
Class com.google.common.cache.LocalCache$EntryFactory$2                               : loaded 2 times (x 85B)
Class ijKotlinCoroutineJvmDebugInit1_8lh270sg8cgvoho4wu0dv8lct                        : loaded 2 times (x 173B)
Class org.gradle.api.internal.classpath.GlobalCacheRootsProvider                      : loaded 2 times (x 72B)
Class org.objectweb.asm.ModuleWriter                                                  : loaded 2 times (x 83B)
Class com.google.common.cache.LocalCache$EntryFactory$3                               : loaded 2 times (x 85B)
Class com.google.common.base.Ticker$1                                                 : loaded 2 times (x 74B)
Class com.google.common.collect.Maps$BiMapConverter                                   : loaded 2 times (x 92B)
Class com.google.common.collect.ImmutableMapEntrySet$RegularEntrySet                  : loaded 2 times (x 154B)
Class com.google.common.collect.ImmutableSet$Builder                                  : loaded 2 times (x 87B)
Class com.google.common.cache.LocalCache$EntryFactory$4                               : loaded 2 times (x 85B)
Class com.google.common.base.CharMatcher$InRange                                      : loaded 2 times (x 113B)
Class com.google.common.io.ByteStreams$1                                              : loaded 2 times (x 87B)
Class com.google.common.cache.LocalCache$EntryFactory$5                               : loaded 2 times (x 85B)
Class com.google.common.base.PairwiseEquivalence                                      : loaded 2 times (x 85B)
Class com.google.common.cache.LocalCache$EntryFactory$6                               : loaded 2 times (x 85B)
Class org.gradle.internal.installation.CurrentGradleInstallationLocator               : loaded 2 times (x 73B)
Class com.google.common.io.ByteSource$SlicedByteSource                                : loaded 2 times (x 87B)
Class com.google.common.collect.Maps$KeySet                                           : loaded 2 times (x 139B)
Class com.google.common.collect.ImmutableSet$EmptySetBuilderImpl                      : loaded 2 times (x 78B)
Class com.google.common.cache.LocalCache$EntryFactory$7                               : loaded 2 times (x 85B)
Class com.google.common.collect.ImmutableList                                         : loaded 2 times (x 208B)
Class org.gradle.internal.service.DefaultServiceLocator                               : loaded 2 times (x 85B)
Class com.google.common.cache.LocalCache$EntryFactory$8                               : loaded 2 times (x 85B)
Class com.google.common.collect.ImmutableSet$SetBuilderImpl                           : loaded 2 times (x 78B)
Class org.gradle.internal.installation.CurrentGradleInstallation                      : loaded 2 times (x 75B)
Class com.google.common.cache.CacheLoader$1                                           : loaded 2 times (x 77B)
Class com.google.common.collect.ForwardingObject                                      : loaded 2 times (x 74B)
Class com.google.common.collect.ImmutableList$SubList                                 : loaded 2 times (x 211B)
Class org.gradle.util.internal.GUtil                                                  : loaded 2 times (x 73B)
Class com.google.common.io.ByteSource                                                 : loaded 2 times (x 86B)
Class com.google.common.cache.AbstractCache$StatsCounter                              : loaded 2 times (x 72B)
Class com.google.common.collect.Iterators$MergingIterator                             : loaded 2 times (x 83B)
Class com.google.common.collect.RegularImmutableSet                                   : loaded 2 times (x 150B)
Class org.gradle.internal.installation.GradleInstallation                             : loaded 2 times (x 77B)
Class com.google.common.base.Splitter$Strategy                                        : loaded 2 times (x 72B)
Class com.google.common.collect.Iterables                                             : loaded 2 times (x 73B)

---------------  S Y S T E M  ---------------

OS:
 Windows 11 , 64 bit Build 26100 (10.0.26100.8875)
OS uptime: 0 days 20:46 hours
Hyper-V role detected

CPU: total 12 (initial active 12) (6 cores per cpu, 2 threads per core) family 6 model 186 stepping 3 microcode 0x6134, cx8, cmov, fxsr, ht, mmx, 3dnowpref, sse, sse2, sse3, ssse3, sse4.1, sse4.2, popcnt, lzcnt, tsc, tscinvbit, avx, avx2, aes, erms, clmul, bmi1, bmi2, adx, sha, fma, vzeroupper, clflush, clflushopt, clwb, hv, serialize, rdtscp, rdpid, fsrm, gfni, f16c, cet_ibt, cet_ss
Processor Information for the first 12 processors :
  Max Mhz: 1300, Current Mhz: 1300, Mhz Limit: 1300

Memory: 4k page, system-wide physical 16068M (1397M free)
TotalPageFile size 20164M (AvailPageFile size 121M)
current process WorkingSet (physical memory assigned to process): 724M, peak: 748M
current process commit charge ("private bytes"): 761M, peak: 872M

vm_info: OpenJDK 64-Bit Server VM (25.0.2+-15348964-b329.117) for windows-amd64 JRE (25.0.2+-15348964-b329.117), built on 2026-05-05T18:25:19Z with MS VC++ 16.10 / 16.11 (VS2019)

END.
