#
# There is insufficient memory for the Java Runtime Environment to continue.
# Native memory allocation (malloc) failed to allocate 23730328 bytes. Error detail: Chunk::new
# Possible reasons:
#   The system is out of physical RAM or swap space
#   This process is running with CompressedOops enabled, and the Java Heap may be blocking the growth of the native heap
# Possible solutions:
#   Reduce memory load on the system
#   Increase physical memory or swap space
#   Check if swap backing store is full
#   Decrease Java heap size (-Xmx/-Xms)
#   Decrease number of Java threads
#   Decrease Java thread stack sizes (-Xss)
#   Set larger code cache with -XX:ReservedCodeCacheSize=
#   JVM is running with Zero Based Compressed Oops mode in which the Java heap is
#     placed in the first 32GB address space. The Java Heap base address is the
#     maximum limit for the native heap growth. Please use -XX:HeapBaseMinAddress
#     to set the Java Heap base and to place the Java Heap above 32GB virtual address.
# This output file may be truncated or incomplete.
#
#  Out of Memory Error (arena.cpp:186), pid=29380, tid=23644
#
# JRE version: OpenJDK Runtime Environment (25.0.2) (build 25.0.2+-15348964-b329.117)
# Java VM: OpenJDK 64-Bit Server VM (25.0.2+-15348964-b329.117, mixed mode, tiered, compressed oops, compressed class ptrs, g1 gc, windows-amd64)
# No core dump will be written. Minidumps are not enabled by default on client versions of Windows
#

---------------  S U M M A R Y ------------

Command Line: --add-opens=java.base/java.lang=ALL-UNNAMED --add-opens=java.base/java.lang.invoke=ALL-UNNAMED --add-opens=java.base/java.util=ALL-UNNAMED --add-opens=java.prefs/java.util.prefs=ALL-UNNAMED --add-exports=jdk.compiler/com.sun.tools.javac.api=ALL-UNNAMED --add-exports=jdk.compiler/com.sun.tools.javac.util=ALL-UNNAMED --add-opens=java.base/java.util=ALL-UNNAMED --add-opens=java.prefs/java.util.prefs=ALL-UNNAMED --add-opens=java.base/java.nio.charset=ALL-UNNAMED --add-opens=java.base/java.net=ALL-UNNAMED --add-opens=java.base/java.util.concurrent=ALL-UNNAMED --add-opens=java.base/java.util.concurrent.atomic=ALL-UNNAMED --add-opens=java.xml/javax.xml.namespace=ALL-UNNAMED --add-opens=java.base/java.time=ALL-UNNAMED --enable-native-access=ALL-UNNAMED -Xmx4g -Dfile.encoding=UTF-8 -Duser.country=IN -Duser.language=en -Duser.variant -javaagent:C:\Users\SIVA\.gradle\wrapper\dists\gradle-9.3.1-bin\23ovyewtku6u96viwx3xl3oks\gradle-9.3.1\lib\agents\gradle-instrumentation-agent-9.3.1.jar org.gradle.launcher.daemon.bootstrap.GradleDaemon 9.3.1

Host: 13th Gen Intel(R) Core(TM) i5-1334U, 12 cores, 15G,  Windows 11 , 64 bit Build 26100 (10.0.26100.8875)
Time: Mon Aug 10 21:58:09 2026 India Standard Time elapsed time: 66.201390 seconds (0d 0h 1m 6s)

---------------  T H R E A D  ---------------

Current thread (0x0000022762605870):  JavaThread "C2 CompilerThread1" daemon [_thread_in_native, id=23644, stack(0x000000a112c00000,0x000000a112d00000) (1024K)]


Current CompileTask:
C2:66201 24329   !   4       org.jetbrains.kotlin.metadata.ProtoBuf$Class::<init> (2594 bytes)

Stack: [0x000000a112c00000,0x000000a112d00000]
Native frames: (J=compiled Java code, j=interpreted, Vv=VM code, C=native code)
V  [jvm.dll+0x7bd439]  (no source info available)
V  [jvm.dll+0x78763d]  (no source info available)
V  [jvm.dll+0xa0c885]  (no source info available)
V  [jvm.dll+0xa0ef04]  (no source info available)
V  [jvm.dll+0xa0f603]  (no source info available)
V  [jvm.dll+0x309bf6]  (no source info available)
V  [jvm.dll+0x10ea69]  (no source info available)
V  [jvm.dll+0x10ed92]  (no source info available)
V  [jvm.dll+0x1a9837]  (no source info available)
V  [jvm.dll+0x3bec92]  (no source info available)
V  [jvm.dll+0x7c2cb7]  (no source info available)
V  [jvm.dll+0x2ce046]  (no source info available)
V  [jvm.dll+0x2cd221]  (no source info available)
V  [jvm.dll+0x242ffa]  (no source info available)
V  [jvm.dll+0x2dcc05]  (no source info available)
V  [jvm.dll+0x2dae06]  (no source info available)
V  [jvm.dll+0x49b59e]  (no source info available)
V  [jvm.dll+0x9ab9c8]  (no source info available)
V  [jvm.dll+0x7bb985]  (no source info available)
C  [ucrtbase.dll+0x2cd30]  (no source info available)
C  [KERNEL32.DLL+0x2e957]  (no source info available)
C  [ntdll.dll+0xaad6c]  (no source info available)

Lock stack of current Java thread (top to bottom):


---------------  P R O C E S S  ---------------

Threads class SMR info:
_java_thread_list=0x000002276531d020, length=77, elements={
0x000002273e070fc0, 0x00000227586a7920, 0x00000227586a8f50, 0x0000022758a40080,
0x0000022758a423c0, 0x0000022758a42f80, 0x00000227586c9e20, 0x00000227586cd560,
0x0000022758513c20, 0x0000022758514430, 0x000002275d025e90, 0x000002275f41bcc0,
0x000002275f6728b0, 0x000002275f4d5940, 0x000002275f6d00f0, 0x000002275f6d08b0,
0x000002275f6fb810, 0x000002275f3cf220, 0x000002275f3cdab0, 0x000002275f864f50,
0x000002275f8637e0, 0x000002275f863fb0, 0x000002275fcdb7e0, 0x000002275fcdb010,
0x000002275fcd90d0, 0x000002275fcd98a0, 0x000002275fcd8900, 0x000002275fcde6c0,
0x000002275fcdcf50, 0x000002275fcdd720, 0x00000227586c2a60, 0x0000022761085c40,
0x00000227610873b0, 0x0000022761086410, 0x0000022761086be0, 0x00000227606a1fb0,
0x00000227606a2780, 0x00000227606a17e0, 0x00000227606a2f50, 0x0000022760a34400,
0x0000022760a34bd0, 0x0000022761154d70, 0x0000022761155540, 0x00000227606a78c0,
0x0000022761ba46c0, 0x0000022761ba4e90, 0x0000022761ba3720, 0x0000022761ba3ef0,
0x000002276267e340, 0x00000227606a0840, 0x00000227606a1010, 0x000002276069d890,
0x0000022763575730, 0x0000022762614840, 0x00000227617513b0, 0x0000022761752b20,
0x0000022761750be0, 0x0000022760ee68b0, 0x0000022760ee60e0, 0x0000022760ee7080,
0x0000022764f561e0, 0x0000022761753ac0, 0x0000022761754290, 0x000002275fcddef0,
0x000002275fcdc780, 0x000002275f3cabd0, 0x0000022762b53a70, 0x0000022762b54240,
0x0000022762b52ad0, 0x0000022761465c60, 0x0000022762aeafa0, 0x0000022762aeb770,
0x000002276466ae40, 0x0000022764667f60, 0x0000022762ea3760, 0x0000022762605870,
0x0000022763cae930
}

Java Threads: ( => current thread )
  0x000002273e070fc0 JavaThread "main"                              [_thread_blocked, id=26196, stack(0x000000a112f00000,0x000000a113000000) (1024K)]
  0x00000227586a7920 JavaThread "Common-Cleaner"             daemon [_thread_blocked, id=25244, stack(0x000000a113700000,0x000000a113800000) (1024K)]
  0x00000227586a8f50 JavaThread "Reference Handler"          daemon [_thread_blocked, id=20732, stack(0x000000a113800000,0x000000a113900000) (1024K)]
  0x0000022758a40080 JavaThread "Finalizer"                  daemon [_thread_blocked, id=26504, stack(0x000000a113900000,0x000000a113a00000) (1024K)]
  0x0000022758a423c0 JavaThread "Signal Dispatcher"          daemon [_thread_blocked, id=2408, stack(0x000000a113a00000,0x000000a113b00000) (1024K)]
  0x0000022758a42f80 JavaThread "Attach Listener"            daemon [_thread_blocked, id=27544, stack(0x000000a113b00000,0x000000a113c00000) (1024K)]
  0x00000227586c9e20 JavaThread "Service Thread"             daemon [_thread_blocked, id=3040, stack(0x000000a113c00000,0x000000a113d00000) (1024K)]
  0x00000227586cd560 JavaThread "Monitor Deflation Thread"   daemon [_thread_blocked, id=16056, stack(0x000000a113d00000,0x000000a113e00000) (1024K)]
  0x0000022758513c20 JavaThread "C2 CompilerThread0"         daemon [_thread_blocked, id=27872, stack(0x000000a113e00000,0x000000a113f00000) (1024K)]
  0x0000022758514430 JavaThread "C1 CompilerThread0"         daemon [_thread_blocked, id=22512, stack(0x000000a113f00000,0x000000a114000000) (1024K)]
  0x000002275d025e90 JavaThread "Notification Thread"        daemon [_thread_blocked, id=19744, stack(0x000000a114000000,0x000000a114100000) (1024K)]
  0x000002275f41bcc0 JavaThread "Daemon health stats"               [_thread_blocked, id=24168, stack(0x000000a114800000,0x000000a114900000) (1024K)]
  0x000002275f6728b0 JavaThread "Incoming local TCP Connector on port 1509"        [_thread_in_native, id=27492, stack(0x000000a114900000,0x000000a114a00000) (1024K)]
  0x000002275f4d5940 JavaThread "Daemon periodic checks"            [_thread_blocked, id=19172, stack(0x000000a114a00000,0x000000a114b00000) (1024K)]
  0x000002275f6d00f0 JavaThread "Daemon"                            [_thread_blocked, id=10052, stack(0x000000a114b00000,0x000000a114c00000) (1024K)]
  0x000002275f6d08b0 JavaThread "Handler for socket connection from /127.0.0.1:1509 to /127.0.0.1:1510"        [_thread_in_native, id=4756, stack(0x000000a114c00000,0x000000a114d00000) (1024K)]
  0x000002275f6fb810 JavaThread "Cancel handler"                    [_thread_blocked, id=14700, stack(0x000000a115300000,0x000000a115400000) (1024K)]
  0x000002275f3cf220 JavaThread "Daemon worker"                     [_thread_in_native, id=11008, stack(0x000000a115400000,0x000000a115500000) (1024K)]
  0x000002275f3cdab0 JavaThread "Asynchronous log dispatcher for DefaultDaemonConnection: socket connection from /127.0.0.1:1509 to /127.0.0.1:1510"        [_thread_blocked, id=14828, stack(0x000000a115500000,0x000000a115600000) (1024K)]
  0x000002275f864f50 JavaThread "Stdin handler"                     [_thread_blocked, id=25708, stack(0x000000a115600000,0x000000a115700000) (1024K)]
  0x000002275f8637e0 JavaThread "Daemon client event forwarder"        [_thread_blocked, id=4968, stack(0x000000a115700000,0x000000a115800000) (1024K)]
  0x000002275f863fb0 JavaThread "Cache worker for journal cache (C:\Users\SIVA\.gradle\caches\journal-1)"        [_thread_blocked, id=24172, stack(0x000000a115800000,0x000000a115900000) (1024K)]
  0x000002275fcdb7e0 JavaThread "File lock request listener"        [_thread_in_native, id=23576, stack(0x000000a115900000,0x000000a115a00000) (1024K)]
  0x000002275fcdb010 JavaThread "Cache worker for file hash cache (C:\Users\SIVA\.gradle\caches\9.3.1\fileHashes)"        [_thread_blocked, id=22924, stack(0x000000a115a00000,0x000000a115b00000) (1024K)]
  0x000002275fcd90d0 JavaThread "Cache worker for file hash cache (C:\Users\SIVA\Downloads\palm\.gradle\9.3.1\fileHashes)"        [_thread_blocked, id=26672, stack(0x000000a115b00000,0x000000a115c00000) (1024K)]
  0x000002275fcd98a0 JavaThread "Cache worker for Build Output Cleanup Cache (C:\Users\SIVA\Downloads\palm\.gradle\buildOutputCleanup)"        [_thread_blocked, id=13768, stack(0x000000a115c00000,0x000000a115d00000) (1024K)]
  0x000002275fcd8900 JavaThread "File watcher server"        daemon [_thread_in_native, id=13912, stack(0x000000a115d00000,0x000000a115e00000) (1024K)]
  0x000002275fcde6c0 JavaThread "File watcher consumer"      daemon [_thread_blocked, id=26532, stack(0x000000a115e00000,0x000000a115f00000) (1024K)]
  0x000002275fcdcf50 JavaThread "jar transforms"                    [_thread_blocked, id=28760, stack(0x000000a114200000,0x000000a114300000) (1024K)]
  0x000002275fcdd720 JavaThread "jar transforms Thread 2"           [_thread_blocked, id=6096, stack(0x000000a115f00000,0x000000a116000000) (1024K)]
  0x00000227586c2a60 JavaThread "jar transforms Thread 3"           [_thread_blocked, id=29532, stack(0x000000a116000000,0x000000a116100000) (1024K)]
  0x0000022761085c40 JavaThread "jar transforms Thread 4"           [_thread_blocked, id=18360, stack(0x000000a116100000,0x000000a116200000) (1024K)]
  0x00000227610873b0 JavaThread "jar transforms Thread 5"           [_thread_blocked, id=24088, stack(0x000000a116200000,0x000000a116300000) (1024K)]
  0x0000022761086410 JavaThread "jar transforms Thread 6"           [_thread_blocked, id=28396, stack(0x000000a116300000,0x000000a116400000) (1024K)]
  0x0000022761086be0 JavaThread "jar transforms Thread 7"           [_thread_blocked, id=21184, stack(0x000000a116400000,0x000000a116500000) (1024K)]
  0x00000227606a1fb0 JavaThread "jar transforms Thread 8"           [_thread_blocked, id=26712, stack(0x000000a116500000,0x000000a116600000) (1024K)]
  0x00000227606a2780 JavaThread "jar transforms Thread 9"           [_thread_blocked, id=21960, stack(0x000000a116600000,0x000000a116700000) (1024K)]
  0x00000227606a17e0 JavaThread "jar transforms Thread 10"          [_thread_blocked, id=17396, stack(0x000000a116700000,0x000000a116800000) (1024K)]
  0x00000227606a2f50 JavaThread "jar transforms Thread 11"          [_thread_blocked, id=17644, stack(0x000000a116800000,0x000000a116900000) (1024K)]
  0x0000022760a34400 JavaThread "Cache worker for checksums cache (C:\Users\SIVA\Downloads\palm\.gradle\9.3.1\checksums)"        [_thread_blocked, id=8116, stack(0x000000a116900000,0x000000a116a00000) (1024K)]
  0x0000022760a34bd0 JavaThread "Cache worker for file content cache (C:\Users\SIVA\.gradle\caches\9.3.1\fileContent)"        [_thread_blocked, id=29000, stack(0x000000a116a00000,0x000000a116b00000) (1024K)]
  0x0000022761154d70 JavaThread "Cache worker for cache directory md-supplier (C:\Users\SIVA\.gradle\caches\9.3.1\md-supplier)"        [_thread_blocked, id=29384, stack(0x000000a116b00000,0x000000a116c00000) (1024K)]
  0x0000022761155540 JavaThread "Cache worker for cache directory md-rule (C:\Users\SIVA\.gradle\caches\9.3.1\md-rule)"        [_thread_blocked, id=6304, stack(0x000000a116c00000,0x000000a116d00000) (1024K)]
  0x00000227606a78c0 JavaThread "jar transforms Thread 12"          [_thread_blocked, id=29648, stack(0x000000a116e00000,0x000000a116f00000) (1024K)]
  0x0000022761ba46c0 JavaThread "Unconstrained build operations"        [_thread_blocked, id=10952, stack(0x000000a116f00000,0x000000a117000000) (1024K)]
  0x0000022761ba4e90 JavaThread "Unconstrained build operations Thread 2"        [_thread_blocked, id=20892, stack(0x000000a117000000,0x000000a117100000) (1024K)]
  0x0000022761ba3720 JavaThread "Unconstrained build operations Thread 3"        [_thread_blocked, id=24196, stack(0x000000a117100000,0x000000a117200000) (1024K)]
  0x0000022761ba3ef0 JavaThread "Unconstrained build operations Thread 4"        [_thread_blocked, id=21812, stack(0x000000a117200000,0x000000a117300000) (1024K)]
  0x000002276267e340 JavaThread "Unconstrained build operations Thread 5"        [_thread_blocked, id=18708, stack(0x000000a117300000,0x000000a117400000) (1024K)]
  0x00000227606a0840 JavaThread "Unconstrained build operations Thread 6"        [_thread_blocked, id=15544, stack(0x000000a117400000,0x000000a117500000) (1024K)]
  0x00000227606a1010 JavaThread "Unconstrained build operations Thread 7"        [_thread_blocked, id=20904, stack(0x000000a117500000,0x000000a117600000) (1024K)]
  0x000002276069d890 JavaThread "Unconstrained build operations Thread 8"        [_thread_blocked, id=15428, stack(0x000000a117600000,0x000000a117700000) (1024K)]
  0x0000022763575730 JavaThread "Unconstrained build operations Thread 9"        [_thread_blocked, id=25536, stack(0x000000a117700000,0x000000a117800000) (1024K)]
  0x0000022762614840 JavaThread "Unconstrained build operations Thread 10"        [_thread_blocked, id=17788, stack(0x000000a117800000,0x000000a117900000) (1024K)]
  0x00000227617513b0 JavaThread "Unconstrained build operations Thread 11"        [_thread_blocked, id=28692, stack(0x000000a114100000,0x000000a114200000) (1024K)]
  0x0000022761752b20 JavaThread "Unconstrained build operations Thread 12"        [_thread_blocked, id=25012, stack(0x000000a116d00000,0x000000a116e00000) (1024K)]
  0x0000022761750be0 JavaThread "Unconstrained build operations Thread 13"        [_thread_blocked, id=26100, stack(0x000000a117900000,0x000000a117a00000) (1024K)]
  0x0000022760ee68b0 JavaThread "Kotlin DSL Writer"                 [_thread_blocked, id=11848, stack(0x000000a117b00000,0x000000a117c00000) (1024K)]
  0x0000022760ee60e0 JavaThread "Unconstrained build operations Thread 14"        [_thread_blocked, id=29188, stack(0x000000a112d00000,0x000000a112e00000) (1024K)]
  0x0000022760ee7080 JavaThread "Unconstrained build operations Thread 15"        [_thread_blocked, id=25832, stack(0x000000a117a00000,0x000000a117b00000) (1024K)]
  0x0000022764f561e0 JavaThread "Unconstrained build operations Thread 16"        [_thread_blocked, id=25008, stack(0x000000a117d00000,0x000000a117e00000) (1024K)]
  0x0000022761753ac0 JavaThread "Unconstrained build operations Thread 17"        [_thread_blocked, id=17084, stack(0x000000a117e00000,0x000000a117f00000) (1024K)]
  0x0000022761754290 JavaThread "Unconstrained build operations Thread 18"        [_thread_blocked, id=12952, stack(0x000000a117f00000,0x000000a118000000) (1024K)]
  0x000002275fcddef0 JavaThread "Unconstrained build operations Thread 19"        [_thread_blocked, id=3064, stack(0x000000a118000000,0x000000a118100000) (1024K)]
  0x000002275fcdc780 JavaThread "Unconstrained build operations Thread 20"        [_thread_blocked, id=24988, stack(0x000000a118100000,0x000000a118200000) (1024K)]
  0x000002275f3cabd0 JavaThread "Unconstrained build operations Thread 21"        [_thread_blocked, id=13420, stack(0x000000a118200000,0x000000a118300000) (1024K)]
  0x0000022762b53a70 JavaThread "Unconstrained build operations Thread 22"        [_thread_blocked, id=20604, stack(0x000000a118300000,0x000000a118400000) (1024K)]
  0x0000022762b54240 JavaThread "Unconstrained build operations Thread 23"        [_thread_blocked, id=26124, stack(0x000000a118400000,0x000000a118500000) (1024K)]
  0x0000022762b52ad0 JavaThread "Unconstrained build operations Thread 24"        [_thread_blocked, id=14236, stack(0x000000a118500000,0x000000a118600000) (1024K)]
  0x0000022761465c60 JavaThread "Unconstrained build operations Thread 25"        [_thread_blocked, id=9468, stack(0x000000a118600000,0x000000a118700000) (1024K)]
  0x0000022762aeafa0 JavaThread "Unconstrained build operations Thread 26"        [_thread_blocked, id=12700, stack(0x000000a118700000,0x000000a118800000) (1024K)]
  0x0000022762aeb770 JavaThread "Unconstrained build operations Thread 27"        [_thread_blocked, id=15736, stack(0x000000a118800000,0x000000a118900000) (1024K)]
  0x000002276466ae40 JavaThread "Unconstrained build operations Thread 28"        [_thread_blocked, id=27440, stack(0x000000a118d00000,0x000000a118e00000) (1024K)]
  0x0000022764667f60 JavaThread "Unconstrained build operations Thread 29"        [_thread_blocked, id=26104, stack(0x000000a118e00000,0x000000a118f00000) (1024K)]
  0x0000022762ea3760 JavaThread "Unconstrained build operations Thread 30"        [_thread_blocked, id=11980, stack(0x000000a118f00000,0x000000a119000000) (1024K)]
=>0x0000022762605870 JavaThread "C2 CompilerThread1"         daemon [_thread_in_native, id=23644, stack(0x000000a112c00000,0x000000a112d00000) (1024K)]
  0x0000022763cae930 JavaThread "C2 CompilerThread2"         daemon [_thread_blocked, id=28628, stack(0x000000a112e00000,0x000000a112f00000) (1024K)]
Total: 77

Other Threads:
  0x000002275867c0d0 VMThread "VM Thread"                           [id=21688, stack(0x000000a113600000,0x000000a113700000) (1024K)]
  0x000002275863d220 WatcherThread "VM Periodic Task Thread"        [id=25772, stack(0x000000a113500000,0x000000a113600000) (1024K)]
  0x000002273e0d8ef0 WorkerThread "GC Thread#0"                     [id=19836, stack(0x000000a113000000,0x000000a113100000) (1024K)]
  0x000002275867af90 WorkerThread "GC Thread#1"                     [id=18376, stack(0x000000a114300000,0x000000a114400000) (1024K)]
  0x000002275867b830 WorkerThread "GC Thread#2"                     [id=28800, stack(0x000000a114400000,0x000000a114500000) (1024K)]
  0x000002275867bc80 WorkerThread "GC Thread#3"                     [id=27304, stack(0x000000a114500000,0x000000a114600000) (1024K)]
  0x000002275867d660 WorkerThread "GC Thread#4"                     [id=16988, stack(0x000000a114600000,0x000000a114700000) (1024K)]
  0x000002275867dab0 WorkerThread "GC Thread#5"                     [id=23580, stack(0x000000a114700000,0x000000a114800000) (1024K)]
  0x000002275eff4e30 WorkerThread "GC Thread#6"                     [id=3108, stack(0x000000a114d00000,0x000000a114e00000) (1024K)]
  0x000002275eff56d0 WorkerThread "GC Thread#7"                     [id=25380, stack(0x000000a114e00000,0x000000a114f00000) (1024K)]
  0x000002275eff3cf0 WorkerThread "GC Thread#8"                     [id=17384, stack(0x000000a114f00000,0x000000a115000000) (1024K)]
  0x000002275eff5f70 WorkerThread "GC Thread#9"                     [id=20304, stack(0x000000a115000000,0x000000a115100000) (1024K)]
  0x000002273e0f1fc0 ConcurrentGCThread "G1 Main Marker"            [id=29304, stack(0x000000a113100000,0x000000a113200000) (1024K)]
  0x000002273e0f3a40 WorkerThread "G1 Conc#0"                       [id=12580, stack(0x000000a113200000,0x000000a113300000) (1024K)]
  0x000002275eff3000 WorkerThread "G1 Conc#1"                       [id=8176, stack(0x000000a115100000,0x000000a115200000) (1024K)]
  0x000002275eff4140 WorkerThread "G1 Conc#2"                       [id=28804, stack(0x000000a115200000,0x000000a115300000) (1024K)]
  0x0000022758505180 ConcurrentGCThread "G1 Refine#0"               [id=14528, stack(0x000000a113300000,0x000000a113400000) (1024K)]
  0x0000022758506a50 ConcurrentGCThread "G1 Service"                [id=15136, stack(0x000000a113400000,0x000000a113500000) (1024K)]
Total: 18

Threads with active compile tasks:
C2 CompilerThread1  66346 24329   !   4       org.jetbrains.kotlin.metadata.ProtoBuf$Class::<init> (2594 bytes)
Total: 1

VM state: not at safepoint (normal execution)

VM Mutex/Monitor currently owned by a thread: None

Heap address: 0x0000000700000000, size: 4096 MB, Compressed Oops mode: Zero based, Oop shift amount: 3

CDS archive(s) not mapped
Compressed class space mapped at: 0x000000008b000000-0x00000000cb000000, reserved size: 1073741824
UseCompressedClassPointers 1, UseCompactObjectHeaders 0
Narrow klass pointer bits 32, Max shift 3
Narrow klass base: 0x0000000000000000, Narrow klass shift: 0
Encoding Range: [0x0000000000000000 - 0x0000000100000000), (4294967296 bytes)
Klass Range:    [0x000000008b000000 - 0x00000000cb000000), (1073741824 bytes)
Klass ID Range:  [2332033024 - 3405774841) (1073741817)
No protection zone.

GC Precious Log:
 CardTable entry size: 512
 Card Set container configuration: InlinePtr #cards 4 size 8 Array Of Cards #cards 16 size 48 Howl #buckets 8 coarsen threshold 3686 Howl Bitmap #cards 512 size 80 coarsen threshold 460 Card regions per heap region 1 cards per card region 4096
 CPUs: 12 total, 12 available
 Memory: 16068M
 Large Page Support: Disabled
 NUMA Support: Disabled
 Compressed Oops: Enabled (Zero based)
 Heap Region Size: 2M
 Heap Min Capacity: 8M
 Heap Initial Capacity: 252M
 Heap Max Capacity: 4G
 Pre-touch: Disabled
 Parallel Workers: 10
 Concurrent Workers: 3
 Concurrent Refinement Workers: 10
 Periodic GC: Disabled

Heap:
 garbage-first heap   total reserved 4194304K, committed 501760K, used 261353K [0x0000000700000000, 0x0000000800000000)
  region size 2048K, 59 young (120832K), 11 survivors (22528K)

Heap Regions: E=young(eden), S=young(survivor), O=old, HS=humongous(starts), HC=humongous(continues), CS=collection set, F=free, TAMS=top-at-mark-start, PB=parsable bottom
|   0|0x0000000700000000, 0x0000000700200000, 0x0000000700200000|100%|HS|  |TAMS 0x0000000700000000| PB 0x0000000700000000| Complete |  0
|   1|0x0000000700200000, 0x0000000700400000, 0x0000000700400000|100%|HC|  |TAMS 0x0000000700200000| PB 0x0000000700200000| Complete |  0
|   2|0x0000000700400000, 0x0000000700600000, 0x0000000700600000|100%| O|  |TAMS 0x0000000700400000| PB 0x0000000700400000| Untracked |  0
|   3|0x0000000700600000, 0x0000000700800000, 0x0000000700800000|100%| O|  |TAMS 0x0000000700600000| PB 0x0000000700600000| Untracked |  0
|   4|0x0000000700800000, 0x0000000700a00000, 0x0000000700a00000|100%| O|  |TAMS 0x0000000700800000| PB 0x0000000700800000| Untracked |  0
|   5|0x0000000700a00000, 0x0000000700c00000, 0x0000000700c00000|100%| O|  |TAMS 0x0000000700a00000| PB 0x0000000700a00000| Untracked |  0
|   6|0x0000000700c00000, 0x0000000700e00000, 0x0000000700e00000|100%| O|  |TAMS 0x0000000700c00000| PB 0x0000000700c00000| Untracked |  0
|   7|0x0000000700e00000, 0x0000000700ffd160, 0x0000000701000000| 99%| O|  |TAMS 0x0000000700e00000| PB 0x0000000700e00000| Untracked |  0
|   8|0x0000000701000000, 0x0000000701200000, 0x0000000701200000|100%|HS|  |TAMS 0x0000000701000000| PB 0x0000000701000000| Complete |  0
|   9|0x0000000701200000, 0x0000000701400000, 0x0000000701400000|100%|HC|  |TAMS 0x0000000701200000| PB 0x0000000701200000| Complete |  0
|  10|0x0000000701400000, 0x0000000701600000, 0x0000000701600000|100%|HC|  |TAMS 0x0000000701400000| PB 0x0000000701400000| Complete |  0
|  11|0x0000000701600000, 0x0000000701800000, 0x0000000701800000|100%|HS|  |TAMS 0x0000000701600000| PB 0x0000000701600000| Complete |  0
|  12|0x0000000701800000, 0x0000000701a00000, 0x0000000701a00000|100%|HC|  |TAMS 0x0000000701800000| PB 0x0000000701800000| Complete |  0
|  13|0x0000000701a00000, 0x0000000701c00000, 0x0000000701c00000|100%|HC|  |TAMS 0x0000000701a00000| PB 0x0000000701a00000| Complete |  0
|  14|0x0000000701c00000, 0x0000000701e00000, 0x0000000701e00000|100%| O|  |TAMS 0x0000000701c00000| PB 0x0000000701c00000| Untracked |  0
|  15|0x0000000701e00000, 0x0000000702000000, 0x0000000702000000|100%| O|  |TAMS 0x0000000701e00000| PB 0x0000000701e00000| Untracked |  0
|  16|0x0000000702000000, 0x0000000702200000, 0x0000000702200000|100%| O|  |TAMS 0x0000000702000000| PB 0x0000000702000000| Untracked |  0
|  17|0x0000000702200000, 0x0000000702400000, 0x0000000702400000|100%| O|  |TAMS 0x0000000702200000| PB 0x0000000702200000| Untracked |  0
|  18|0x0000000702400000, 0x0000000702600000, 0x0000000702600000|100%| O|  |TAMS 0x0000000702400000| PB 0x0000000702400000| Untracked |  0
|  19|0x0000000702600000, 0x0000000702800000, 0x0000000702800000|100%| O|  |TAMS 0x0000000702600000| PB 0x0000000702600000| Untracked |  0
|  20|0x0000000702800000, 0x0000000702a00000, 0x0000000702a00000|100%| O|  |TAMS 0x0000000702800000| PB 0x0000000702800000| Untracked |  0
|  21|0x0000000702a00000, 0x0000000702c00000, 0x0000000702c00000|100%| O|  |TAMS 0x0000000702a00000| PB 0x0000000702a00000| Untracked |  0
|  22|0x0000000702c00000, 0x0000000702e00000, 0x0000000702e00000|100%| O|  |TAMS 0x0000000702c00000| PB 0x0000000702c00000| Untracked |  0
|  23|0x0000000702e00000, 0x0000000703000000, 0x0000000703000000|100%| O|  |TAMS 0x0000000702e00000| PB 0x0000000702e00000| Untracked |  0
|  24|0x0000000703000000, 0x0000000703200000, 0x0000000703200000|100%| O|  |TAMS 0x0000000703000000| PB 0x0000000703000000| Untracked |  0
|  25|0x0000000703200000, 0x0000000703400000, 0x0000000703400000|100%| O|  |TAMS 0x0000000703200000| PB 0x0000000703200000| Untracked |  0
|  26|0x0000000703400000, 0x0000000703600000, 0x0000000703600000|100%| O|  |TAMS 0x0000000703400000| PB 0x0000000703400000| Untracked |  0
|  27|0x0000000703600000, 0x0000000703800000, 0x0000000703800000|100%| O|  |TAMS 0x0000000703600000| PB 0x0000000703600000| Untracked |  0
|  28|0x0000000703800000, 0x0000000703a00000, 0x0000000703a00000|100%| O|  |TAMS 0x0000000703800000| PB 0x0000000703800000| Untracked |  0
|  29|0x0000000703a00000, 0x0000000703c00000, 0x0000000703c00000|100%| O|  |TAMS 0x0000000703a00000| PB 0x0000000703a00000| Untracked |  0
|  30|0x0000000703c00000, 0x0000000703e00000, 0x0000000703e00000|100%| O|  |TAMS 0x0000000703c00000| PB 0x0000000703c00000| Untracked |  0
|  31|0x0000000703e00000, 0x0000000704000000, 0x0000000704000000|100%| O|  |TAMS 0x0000000703e00000| PB 0x0000000703e00000| Untracked |  0
|  32|0x0000000704000000, 0x0000000704200000, 0x0000000704200000|100%| O|  |TAMS 0x0000000704000000| PB 0x0000000704000000| Untracked |  0
|  33|0x0000000704200000, 0x0000000704400000, 0x0000000704400000|100%| O|  |TAMS 0x0000000704200000| PB 0x0000000704200000| Untracked |  0
|  34|0x0000000704400000, 0x0000000704600000, 0x0000000704600000|100%| O|  |TAMS 0x0000000704400000| PB 0x0000000704400000| Untracked |  0
|  35|0x0000000704600000, 0x0000000704800000, 0x0000000704800000|100%| O|  |TAMS 0x0000000704600000| PB 0x0000000704600000| Untracked |  0
|  36|0x0000000704800000, 0x0000000704a00000, 0x0000000704a00000|100%| O|  |TAMS 0x0000000704800000| PB 0x0000000704800000| Untracked |  0
|  37|0x0000000704a00000, 0x0000000704c00000, 0x0000000704c00000|100%| O|  |TAMS 0x0000000704a00000| PB 0x0000000704a00000| Untracked |  0
|  38|0x0000000704c00000, 0x0000000704e00000, 0x0000000704e00000|100%| O|  |TAMS 0x0000000704c00000| PB 0x0000000704c00000| Untracked |  0
|  39|0x0000000704e00000, 0x0000000704e00000, 0x0000000705000000|  0%| F|  |TAMS 0x0000000704e00000| PB 0x0000000704e00000| Untracked |  0
|  40|0x0000000705000000, 0x0000000705200000, 0x0000000705200000|100%| O|  |TAMS 0x0000000705000000| PB 0x0000000705000000| Untracked |  0
|  41|0x0000000705200000, 0x0000000705400000, 0x0000000705400000|100%| O|  |TAMS 0x0000000705200000| PB 0x0000000705200000| Untracked |  0
|  42|0x0000000705400000, 0x0000000705600000, 0x0000000705600000|100%|HS|  |TAMS 0x0000000705400000| PB 0x0000000705400000| Complete |  0
|  43|0x0000000705600000, 0x0000000705800000, 0x0000000705800000|100%| O|  |TAMS 0x0000000705600000| PB 0x0000000705600000| Untracked |  0
|  44|0x0000000705800000, 0x0000000705a00000, 0x0000000705a00000|100%| O|  |TAMS 0x0000000705800000| PB 0x0000000705800000| Untracked |  0
|  45|0x0000000705a00000, 0x0000000705c00000, 0x0000000705c00000|100%| O|  |TAMS 0x0000000705a00000| PB 0x0000000705a00000| Untracked |  0
|  46|0x0000000705c00000, 0x0000000705e00000, 0x0000000705e00000|100%| O|  |TAMS 0x0000000705c00000| PB 0x0000000705c00000| Untracked |  0
|  47|0x0000000705e00000, 0x0000000706000000, 0x0000000706000000|100%| O|  |TAMS 0x0000000705e00000| PB 0x0000000705e00000| Untracked |  0
|  48|0x0000000706000000, 0x0000000706200000, 0x0000000706200000|100%| O|  |TAMS 0x0000000706000000| PB 0x0000000706000000| Untracked |  0
|  49|0x0000000706200000, 0x0000000706400000, 0x0000000706400000|100%| O|  |TAMS 0x0000000706200000| PB 0x0000000706200000| Untracked |  0
|  50|0x0000000706400000, 0x0000000706600000, 0x0000000706600000|100%| O|  |TAMS 0x0000000706400000| PB 0x0000000706400000| Untracked |  0
|  51|0x0000000706600000, 0x0000000706800000, 0x0000000706800000|100%| O|  |TAMS 0x0000000706600000| PB 0x0000000706600000| Untracked |  0
|  52|0x0000000706800000, 0x0000000706a00000, 0x0000000706a00000|100%| O|  |TAMS 0x0000000706800000| PB 0x0000000706800000| Untracked |  0
|  53|0x0000000706a00000, 0x0000000706c00000, 0x0000000706c00000|100%| O|  |TAMS 0x0000000706a00000| PB 0x0000000706a00000| Untracked |  0
|  54|0x0000000706c00000, 0x0000000706c00000, 0x0000000706e00000|  0%| F|  |TAMS 0x0000000706c00000| PB 0x0000000706c00000| Untracked |  0
|  55|0x0000000706e00000, 0x0000000707000000, 0x0000000707000000|100%| O|  |TAMS 0x0000000706e00000| PB 0x0000000706e00000| Untracked |  0
|  56|0x0000000707000000, 0x00000007070f7f60, 0x0000000707200000| 48%| O|  |TAMS 0x0000000707000000| PB 0x0000000707000000| Untracked |  0
|  57|0x0000000707200000, 0x0000000707400000, 0x0000000707400000|100%| O|  |TAMS 0x0000000707200000| PB 0x0000000707200000| Untracked |  0
|  58|0x0000000707400000, 0x0000000707600000, 0x0000000707600000|100%| O|  |TAMS 0x0000000707400000| PB 0x0000000707400000| Untracked |  0
|  59|0x0000000707600000, 0x0000000707800000, 0x0000000707800000|100%| O|  |TAMS 0x0000000707600000| PB 0x0000000707600000| Untracked |  0
|  60|0x0000000707800000, 0x0000000707a00000, 0x0000000707a00000|100%| O|  |TAMS 0x0000000707800000| PB 0x0000000707800000| Untracked |  0
|  61|0x0000000707a00000, 0x0000000707c00000, 0x0000000707c00000|100%| O|  |TAMS 0x0000000707a00000| PB 0x0000000707a00000| Untracked |  0
|  62|0x0000000707c00000, 0x0000000707e00000, 0x0000000707e00000|100%| O|  |TAMS 0x0000000707c00000| PB 0x0000000707c00000| Untracked |  0
|  63|0x0000000707e00000, 0x0000000708000000, 0x0000000708000000|100%| O|  |TAMS 0x0000000707e00000| PB 0x0000000707e00000| Untracked |  0
|  64|0x0000000708000000, 0x0000000708200000, 0x0000000708200000|100%| O|  |TAMS 0x0000000708000000| PB 0x0000000708000000| Untracked |  0
|  65|0x0000000708200000, 0x0000000708400000, 0x0000000708400000|100%| O|  |TAMS 0x0000000708200000| PB 0x0000000708200000| Untracked |  0
|  66|0x0000000708400000, 0x0000000708600000, 0x0000000708600000|100%| O|  |TAMS 0x0000000708400000| PB 0x0000000708400000| Untracked |  0
|  67|0x0000000708600000, 0x0000000708800000, 0x0000000708800000|100%| O|  |TAMS 0x0000000708600000| PB 0x0000000708600000| Untracked |  0
|  68|0x0000000708800000, 0x0000000708a00000, 0x0000000708a00000|100%| O|  |TAMS 0x0000000708800000| PB 0x0000000708800000| Untracked |  0
|  69|0x0000000708a00000, 0x0000000708c00000, 0x0000000708c00000|100%| O|  |TAMS 0x0000000708a00000| PB 0x0000000708a00000| Untracked |  0
|  70|0x0000000708c00000, 0x0000000708c00000, 0x0000000708e00000|  0%| F|  |TAMS 0x0000000708c00000| PB 0x0000000708c00000| Untracked |  0
|  71|0x0000000708e00000, 0x0000000708e00000, 0x0000000709000000|  0%| F|  |TAMS 0x0000000708e00000| PB 0x0000000708e00000| Untracked |  0
|  72|0x0000000709000000, 0x0000000709000000, 0x0000000709200000|  0%| F|  |TAMS 0x0000000709000000| PB 0x0000000709000000| Untracked |  0
|  73|0x0000000709200000, 0x0000000709200000, 0x0000000709400000|  0%| F|  |TAMS 0x0000000709200000| PB 0x0000000709200000| Untracked |  0
|  74|0x0000000709400000, 0x0000000709400000, 0x0000000709600000|  0%| F|  |TAMS 0x0000000709400000| PB 0x0000000709400000| Untracked |  0
|  75|0x0000000709600000, 0x0000000709600000, 0x0000000709800000|  0%| F|  |TAMS 0x0000000709600000| PB 0x0000000709600000| Untracked |  0
|  76|0x0000000709800000, 0x0000000709800000, 0x0000000709a00000|  0%| F|  |TAMS 0x0000000709800000| PB 0x0000000709800000| Untracked |  0
|  77|0x0000000709a00000, 0x0000000709a00000, 0x0000000709c00000|  0%| F|  |TAMS 0x0000000709a00000| PB 0x0000000709a00000| Untracked |  0
|  78|0x0000000709c00000, 0x0000000709c00000, 0x0000000709e00000|  0%| F|  |TAMS 0x0000000709c00000| PB 0x0000000709c00000| Untracked |  0
|  79|0x0000000709e00000, 0x0000000709e00000, 0x000000070a000000|  0%| F|  |TAMS 0x0000000709e00000| PB 0x0000000709e00000| Untracked |  0
|  80|0x000000070a000000, 0x000000070a000000, 0x000000070a200000|  0%| F|  |TAMS 0x000000070a000000| PB 0x000000070a000000| Untracked |  0
|  81|0x000000070a200000, 0x000000070a200000, 0x000000070a400000|  0%| F|  |TAMS 0x000000070a200000| PB 0x000000070a200000| Untracked |  0
|  82|0x000000070a400000, 0x000000070a400000, 0x000000070a600000|  0%| F|  |TAMS 0x000000070a400000| PB 0x000000070a400000| Untracked |  0
|  83|0x000000070a600000, 0x000000070a600000, 0x000000070a800000|  0%| F|  |TAMS 0x000000070a600000| PB 0x000000070a600000| Untracked |  0
|  84|0x000000070a800000, 0x000000070a845540, 0x000000070aa00000| 13%| S|CS|TAMS 0x000000070a800000| PB 0x000000070a800000| Complete |  0
|  85|0x000000070aa00000, 0x000000070aa00000, 0x000000070ac00000|  0%| F|  |TAMS 0x000000070aa00000| PB 0x000000070aa00000| Untracked |  0
|  86|0x000000070ac00000, 0x000000070ac00000, 0x000000070ae00000|  0%| F|  |TAMS 0x000000070ac00000| PB 0x000000070ac00000| Untracked |  0
|  87|0x000000070ae00000, 0x000000070ae00000, 0x000000070b000000|  0%| F|  |TAMS 0x000000070ae00000| PB 0x000000070ae00000| Untracked |  0
|  88|0x000000070b000000, 0x000000070b000000, 0x000000070b200000|  0%| F|  |TAMS 0x000000070b000000| PB 0x000000070b000000| Untracked |  0
|  89|0x000000070b200000, 0x000000070b200000, 0x000000070b400000|  0%| F|  |TAMS 0x000000070b200000| PB 0x000000070b200000| Untracked |  0
|  90|0x000000070b400000, 0x000000070b400000, 0x000000070b600000|  0%| F|  |TAMS 0x000000070b400000| PB 0x000000070b400000| Untracked |  0
|  91|0x000000070b600000, 0x000000070b600000, 0x000000070b800000|  0%| F|  |TAMS 0x000000070b600000| PB 0x000000070b600000| Untracked |  0
|  92|0x000000070b800000, 0x000000070b800000, 0x000000070ba00000|  0%| F|  |TAMS 0x000000070b800000| PB 0x000000070b800000| Untracked |  0
|  93|0x000000070ba00000, 0x000000070ba00000, 0x000000070bc00000|  0%| F|  |TAMS 0x000000070ba00000| PB 0x000000070ba00000| Untracked |  0
|  94|0x000000070bc00000, 0x000000070bc00000, 0x000000070be00000|  0%| F|  |TAMS 0x000000070bc00000| PB 0x000000070bc00000| Untracked |  0
|  95|0x000000070be00000, 0x000000070c000000, 0x000000070c000000|100%| S|CS|TAMS 0x000000070be00000| PB 0x000000070be00000| Complete |  0
|  96|0x000000070c000000, 0x000000070c200000, 0x000000070c200000|100%| S|CS|TAMS 0x000000070c000000| PB 0x000000070c000000| Complete |  0
|  97|0x000000070c200000, 0x000000070c400000, 0x000000070c400000|100%| S|CS|TAMS 0x000000070c200000| PB 0x000000070c200000| Complete |  0
|  98|0x000000070c400000, 0x000000070c600000, 0x000000070c600000|100%| S|CS|TAMS 0x000000070c400000| PB 0x000000070c400000| Complete |  0
|  99|0x000000070c600000, 0x000000070c800000, 0x000000070c800000|100%| S|CS|TAMS 0x000000070c600000| PB 0x000000070c600000| Complete |  0
| 100|0x000000070c800000, 0x000000070ca00000, 0x000000070ca00000|100%| S|CS|TAMS 0x000000070c800000| PB 0x000000070c800000| Complete |  0
| 101|0x000000070ca00000, 0x000000070cc00000, 0x000000070cc00000|100%| S|CS|TAMS 0x000000070ca00000| PB 0x000000070ca00000| Complete |  0
| 102|0x000000070cc00000, 0x000000070ce00000, 0x000000070ce00000|100%| S|CS|TAMS 0x000000070cc00000| PB 0x000000070cc00000| Complete |  0
| 103|0x000000070ce00000, 0x000000070d000000, 0x000000070d000000|100%| S|CS|TAMS 0x000000070ce00000| PB 0x000000070ce00000| Complete |  0
| 104|0x000000070d000000, 0x000000070d200000, 0x000000070d200000|100%| S|CS|TAMS 0x000000070d000000| PB 0x000000070d000000| Complete |  0
| 105|0x000000070d200000, 0x000000070d200000, 0x000000070d400000|  0%| F|  |TAMS 0x000000070d200000| PB 0x000000070d200000| Untracked |  0
| 106|0x000000070d400000, 0x000000070d400000, 0x000000070d600000|  0%| F|  |TAMS 0x000000070d400000| PB 0x000000070d400000| Untracked |  0
| 107|0x000000070d600000, 0x000000070d600000, 0x000000070d800000|  0%| F|  |TAMS 0x000000070d600000| PB 0x000000070d600000| Untracked |  0
| 108|0x000000070d800000, 0x000000070d800000, 0x000000070da00000|  0%| F|  |TAMS 0x000000070d800000| PB 0x000000070d800000| Untracked |  0
| 109|0x000000070da00000, 0x000000070da00000, 0x000000070dc00000|  0%| F|  |TAMS 0x000000070da00000| PB 0x000000070da00000| Untracked |  0
| 110|0x000000070dc00000, 0x000000070dc00000, 0x000000070de00000|  0%| F|  |TAMS 0x000000070dc00000| PB 0x000000070dc00000| Untracked |  0
| 111|0x000000070de00000, 0x000000070de00000, 0x000000070e000000|  0%| F|  |TAMS 0x000000070de00000| PB 0x000000070de00000| Untracked |  0
| 112|0x000000070e000000, 0x000000070e000000, 0x000000070e200000|  0%| F|  |TAMS 0x000000070e000000| PB 0x000000070e000000| Untracked |  0
| 113|0x000000070e200000, 0x000000070e200000, 0x000000070e400000|  0%| F|  |TAMS 0x000000070e200000| PB 0x000000070e200000| Untracked |  0
| 114|0x000000070e400000, 0x000000070e400000, 0x000000070e600000|  0%| F|  |TAMS 0x000000070e400000| PB 0x000000070e400000| Untracked |  0
| 115|0x000000070e600000, 0x000000070e600000, 0x000000070e800000|  0%| F|  |TAMS 0x000000070e600000| PB 0x000000070e600000| Untracked |  0
| 116|0x000000070e800000, 0x000000070e800000, 0x000000070ea00000|  0%| F|  |TAMS 0x000000070e800000| PB 0x000000070e800000| Untracked |  0
| 117|0x000000070ea00000, 0x000000070ea00000, 0x000000070ec00000|  0%| F|  |TAMS 0x000000070ea00000| PB 0x000000070ea00000| Untracked |  0
| 118|0x000000070ec00000, 0x000000070ec00000, 0x000000070ee00000|  0%| F|  |TAMS 0x000000070ec00000| PB 0x000000070ec00000| Untracked |  0
| 119|0x000000070ee00000, 0x000000070ee00000, 0x000000070f000000|  0%| F|  |TAMS 0x000000070ee00000| PB 0x000000070ee00000| Untracked |  0
| 120|0x000000070f000000, 0x000000070f000000, 0x000000070f200000|  0%| F|  |TAMS 0x000000070f000000| PB 0x000000070f000000| Untracked |  0
| 121|0x000000070f200000, 0x000000070f200000, 0x000000070f400000|  0%| F|  |TAMS 0x000000070f200000| PB 0x000000070f200000| Untracked |  0
| 122|0x000000070f400000, 0x000000070f400000, 0x000000070f600000|  0%| F|  |TAMS 0x000000070f400000| PB 0x000000070f400000| Untracked |  0
| 123|0x000000070f600000, 0x000000070f600000, 0x000000070f800000|  0%| F|  |TAMS 0x000000070f600000| PB 0x000000070f600000| Untracked |  0
| 124|0x000000070f800000, 0x000000070f800000, 0x000000070fa00000|  0%| F|  |TAMS 0x000000070f800000| PB 0x000000070f800000| Untracked |  0
| 125|0x000000070fa00000, 0x000000070fa00000, 0x000000070fc00000|  0%| F|  |TAMS 0x000000070fa00000| PB 0x000000070fa00000| Untracked |  0
| 126|0x000000070fc00000, 0x000000070fc00000, 0x000000070fe00000|  0%| F|  |TAMS 0x000000070fc00000| PB 0x000000070fc00000| Untracked |  0
| 127|0x000000070fe00000, 0x000000070fe00000, 0x0000000710000000|  0%| F|  |TAMS 0x000000070fe00000| PB 0x000000070fe00000| Untracked |  0
| 128|0x0000000710000000, 0x0000000710000000, 0x0000000710200000|  0%| F|  |TAMS 0x0000000710000000| PB 0x0000000710000000| Untracked |  0
| 129|0x0000000710200000, 0x0000000710200000, 0x0000000710400000|  0%| F|  |TAMS 0x0000000710200000| PB 0x0000000710200000| Untracked |  0
| 130|0x0000000710400000, 0x0000000710400000, 0x0000000710600000|  0%| F|  |TAMS 0x0000000710400000| PB 0x0000000710400000| Untracked |  0
| 131|0x0000000710600000, 0x0000000710600000, 0x0000000710800000|  0%| F|  |TAMS 0x0000000710600000| PB 0x0000000710600000| Untracked |  0
| 132|0x0000000710800000, 0x0000000710800000, 0x0000000710a00000|  0%| F|  |TAMS 0x0000000710800000| PB 0x0000000710800000| Untracked |  0
| 133|0x0000000710a00000, 0x0000000710a00000, 0x0000000710c00000|  0%| F|  |TAMS 0x0000000710a00000| PB 0x0000000710a00000| Untracked |  0
| 134|0x0000000710c00000, 0x0000000710c00000, 0x0000000710e00000|  0%| F|  |TAMS 0x0000000710c00000| PB 0x0000000710c00000| Untracked |  0
| 135|0x0000000710e00000, 0x0000000710e00000, 0x0000000711000000|  0%| F|  |TAMS 0x0000000710e00000| PB 0x0000000710e00000| Untracked |  0
| 136|0x0000000711000000, 0x0000000711000000, 0x0000000711200000|  0%| F|  |TAMS 0x0000000711000000| PB 0x0000000711000000| Untracked |  0
| 137|0x0000000711200000, 0x0000000711200000, 0x0000000711400000|  0%| F|  |TAMS 0x0000000711200000| PB 0x0000000711200000| Untracked |  0
| 138|0x0000000711400000, 0x0000000711400000, 0x0000000711600000|  0%| F|  |TAMS 0x0000000711400000| PB 0x0000000711400000| Untracked |  0
| 139|0x0000000711600000, 0x0000000711600000, 0x0000000711800000|  0%| F|  |TAMS 0x0000000711600000| PB 0x0000000711600000| Untracked |  0
| 140|0x0000000711800000, 0x0000000711800000, 0x0000000711a00000|  0%| F|  |TAMS 0x0000000711800000| PB 0x0000000711800000| Untracked |  0
| 141|0x0000000711a00000, 0x0000000711a00000, 0x0000000711c00000|  0%| F|  |TAMS 0x0000000711a00000| PB 0x0000000711a00000| Untracked |  0
| 142|0x0000000711c00000, 0x0000000711c00000, 0x0000000711e00000|  0%| F|  |TAMS 0x0000000711c00000| PB 0x0000000711c00000| Untracked |  0
| 143|0x0000000711e00000, 0x0000000711e00000, 0x0000000712000000|  0%| F|  |TAMS 0x0000000711e00000| PB 0x0000000711e00000| Untracked |  0
| 144|0x0000000712000000, 0x0000000712000000, 0x0000000712200000|  0%| F|  |TAMS 0x0000000712000000| PB 0x0000000712000000| Untracked |  0
| 145|0x0000000712200000, 0x0000000712200000, 0x0000000712400000|  0%| F|  |TAMS 0x0000000712200000| PB 0x0000000712200000| Untracked |  0
| 146|0x0000000712400000, 0x0000000712400000, 0x0000000712600000|  0%| F|  |TAMS 0x0000000712400000| PB 0x0000000712400000| Untracked |  0
| 147|0x0000000712600000, 0x0000000712600000, 0x0000000712800000|  0%| F|  |TAMS 0x0000000712600000| PB 0x0000000712600000| Untracked |  0
| 148|0x0000000712800000, 0x0000000712800000, 0x0000000712a00000|  0%| F|  |TAMS 0x0000000712800000| PB 0x0000000712800000| Untracked |  0
| 149|0x0000000712a00000, 0x0000000712a00000, 0x0000000712c00000|  0%| F|  |TAMS 0x0000000712a00000| PB 0x0000000712a00000| Untracked |  0
| 150|0x0000000712c00000, 0x0000000712c00000, 0x0000000712e00000|  0%| F|  |TAMS 0x0000000712c00000| PB 0x0000000712c00000| Untracked |  0
| 151|0x0000000712e00000, 0x0000000712e00000, 0x0000000713000000|  0%| F|  |TAMS 0x0000000712e00000| PB 0x0000000712e00000| Untracked |  0
| 152|0x0000000713000000, 0x0000000713000000, 0x0000000713200000|  0%| F|  |TAMS 0x0000000713000000| PB 0x0000000713000000| Untracked |  0
| 153|0x0000000713200000, 0x0000000713200000, 0x0000000713400000|  0%| F|  |TAMS 0x0000000713200000| PB 0x0000000713200000| Untracked |  0
| 154|0x0000000713400000, 0x0000000713400000, 0x0000000713600000|  0%| F|  |TAMS 0x0000000713400000| PB 0x0000000713400000| Untracked |  0
| 155|0x0000000713600000, 0x0000000713600000, 0x0000000713800000|  0%| F|  |TAMS 0x0000000713600000| PB 0x0000000713600000| Untracked |  0
| 156|0x0000000713800000, 0x0000000713800000, 0x0000000713a00000|  0%| F|  |TAMS 0x0000000713800000| PB 0x0000000713800000| Untracked |  0
| 157|0x0000000713a00000, 0x0000000713a00000, 0x0000000713c00000|  0%| F|  |TAMS 0x0000000713a00000| PB 0x0000000713a00000| Untracked |  0
| 158|0x0000000713c00000, 0x0000000713c00000, 0x0000000713e00000|  0%| F|  |TAMS 0x0000000713c00000| PB 0x0000000713c00000| Untracked |  0
| 159|0x0000000713e00000, 0x0000000713e00000, 0x0000000714000000|  0%| F|  |TAMS 0x0000000713e00000| PB 0x0000000713e00000| Untracked |  0
| 160|0x0000000714000000, 0x0000000714000000, 0x0000000714200000|  0%| F|  |TAMS 0x0000000714000000| PB 0x0000000714000000| Untracked |  0
| 161|0x0000000714200000, 0x0000000714200000, 0x0000000714400000|  0%| F|  |TAMS 0x0000000714200000| PB 0x0000000714200000| Untracked |  0
| 162|0x0000000714400000, 0x0000000714400000, 0x0000000714600000|  0%| F|  |TAMS 0x0000000714400000| PB 0x0000000714400000| Untracked |  0
| 163|0x0000000714600000, 0x0000000714600000, 0x0000000714800000|  0%| F|  |TAMS 0x0000000714600000| PB 0x0000000714600000| Untracked |  0
| 164|0x0000000714800000, 0x0000000714800000, 0x0000000714a00000|  0%| F|  |TAMS 0x0000000714800000| PB 0x0000000714800000| Untracked |  0
| 165|0x0000000714a00000, 0x0000000714a00000, 0x0000000714c00000|  0%| F|  |TAMS 0x0000000714a00000| PB 0x0000000714a00000| Untracked |  0
| 166|0x0000000714c00000, 0x0000000714c00000, 0x0000000714e00000|  0%| F|  |TAMS 0x0000000714c00000| PB 0x0000000714c00000| Untracked |  0
| 167|0x0000000714e00000, 0x0000000714e00000, 0x0000000715000000|  0%| F|  |TAMS 0x0000000714e00000| PB 0x0000000714e00000| Untracked |  0
| 168|0x0000000715000000, 0x0000000715000000, 0x0000000715200000|  0%| F|  |TAMS 0x0000000715000000| PB 0x0000000715000000| Untracked |  0
| 169|0x0000000715200000, 0x0000000715200000, 0x0000000715400000|  0%| F|  |TAMS 0x0000000715200000| PB 0x0000000715200000| Untracked |  0
| 170|0x0000000715400000, 0x0000000715400000, 0x0000000715600000|  0%| F|  |TAMS 0x0000000715400000| PB 0x0000000715400000| Untracked |  0
| 171|0x0000000715600000, 0x0000000715600000, 0x0000000715800000|  0%| F|  |TAMS 0x0000000715600000| PB 0x0000000715600000| Untracked |  0
| 172|0x0000000715800000, 0x0000000715800000, 0x0000000715a00000|  0%| F|  |TAMS 0x0000000715800000| PB 0x0000000715800000| Untracked |  0
| 173|0x0000000715a00000, 0x0000000715a00000, 0x0000000715c00000|  0%| F|  |TAMS 0x0000000715a00000| PB 0x0000000715a00000| Untracked |  0
| 174|0x0000000715c00000, 0x0000000715c00000, 0x0000000715e00000|  0%| F|  |TAMS 0x0000000715c00000| PB 0x0000000715c00000| Untracked |  0
| 175|0x0000000715e00000, 0x0000000715e00000, 0x0000000716000000|  0%| F|  |TAMS 0x0000000715e00000| PB 0x0000000715e00000| Untracked |  0
| 176|0x0000000716000000, 0x0000000716000000, 0x0000000716200000|  0%| F|  |TAMS 0x0000000716000000| PB 0x0000000716000000| Untracked |  0
| 177|0x0000000716200000, 0x0000000716200000, 0x0000000716400000|  0%| F|  |TAMS 0x0000000716200000| PB 0x0000000716200000| Untracked |  0
| 178|0x0000000716400000, 0x0000000716400000, 0x0000000716600000|  0%| F|  |TAMS 0x0000000716400000| PB 0x0000000716400000| Untracked |  0
| 179|0x0000000716600000, 0x0000000716600000, 0x0000000716800000|  0%| F|  |TAMS 0x0000000716600000| PB 0x0000000716600000| Untracked |  0
| 180|0x0000000716800000, 0x0000000716800000, 0x0000000716a00000|  0%| F|  |TAMS 0x0000000716800000| PB 0x0000000716800000| Untracked |  0
| 181|0x0000000716a00000, 0x0000000716a00000, 0x0000000716c00000|  0%| F|  |TAMS 0x0000000716a00000| PB 0x0000000716a00000| Untracked |  0
| 182|0x0000000716c00000, 0x0000000716c00000, 0x0000000716e00000|  0%| F|  |TAMS 0x0000000716c00000| PB 0x0000000716c00000| Untracked |  0
| 183|0x0000000716e00000, 0x0000000716e00000, 0x0000000717000000|  0%| F|  |TAMS 0x0000000716e00000| PB 0x0000000716e00000| Untracked |  0
| 184|0x0000000717000000, 0x0000000717000000, 0x0000000717200000|  0%| F|  |TAMS 0x0000000717000000| PB 0x0000000717000000| Untracked |  0
| 185|0x0000000717200000, 0x0000000717200000, 0x0000000717400000|  0%| F|  |TAMS 0x0000000717200000| PB 0x0000000717200000| Untracked |  0
| 186|0x0000000717400000, 0x0000000717400000, 0x0000000717600000|  0%| F|  |TAMS 0x0000000717400000| PB 0x0000000717400000| Untracked |  0
| 187|0x0000000717600000, 0x0000000717600000, 0x0000000717800000|  0%| F|  |TAMS 0x0000000717600000| PB 0x0000000717600000| Untracked |  0
| 188|0x0000000717800000, 0x0000000717800000, 0x0000000717a00000|  0%| F|  |TAMS 0x0000000717800000| PB 0x0000000717800000| Untracked |  0
| 189|0x0000000717a00000, 0x0000000717a00000, 0x0000000717c00000|  0%| F|  |TAMS 0x0000000717a00000| PB 0x0000000717a00000| Untracked |  0
| 190|0x0000000717c00000, 0x0000000717c00000, 0x0000000717e00000|  0%| F|  |TAMS 0x0000000717c00000| PB 0x0000000717c00000| Untracked |  0
| 191|0x0000000717e00000, 0x0000000717e00000, 0x0000000718000000|  0%| F|  |TAMS 0x0000000717e00000| PB 0x0000000717e00000| Untracked |  0
| 192|0x0000000718000000, 0x0000000718000000, 0x0000000718200000|  0%| F|  |TAMS 0x0000000718000000| PB 0x0000000718000000| Untracked |  0
| 193|0x0000000718200000, 0x0000000718200000, 0x0000000718400000|  0%| F|  |TAMS 0x0000000718200000| PB 0x0000000718200000| Untracked |  0
| 194|0x0000000718400000, 0x0000000718600000, 0x0000000718600000|100%| E|  |TAMS 0x0000000718400000| PB 0x0000000718400000| Complete |  0
| 195|0x0000000718600000, 0x0000000718800000, 0x0000000718800000|100%| E|CS|TAMS 0x0000000718600000| PB 0x0000000718600000| Complete |  0
| 196|0x0000000718800000, 0x0000000718a00000, 0x0000000718a00000|100%| E|CS|TAMS 0x0000000718800000| PB 0x0000000718800000| Complete |  0
| 197|0x0000000718a00000, 0x0000000718c00000, 0x0000000718c00000|100%| E|CS|TAMS 0x0000000718a00000| PB 0x0000000718a00000| Complete |  0
| 198|0x0000000718c00000, 0x0000000718e00000, 0x0000000718e00000|100%| E|CS|TAMS 0x0000000718c00000| PB 0x0000000718c00000| Complete |  0
| 199|0x0000000718e00000, 0x0000000719000000, 0x0000000719000000|100%| E|CS|TAMS 0x0000000718e00000| PB 0x0000000718e00000| Complete |  0
| 200|0x0000000719000000, 0x0000000719200000, 0x0000000719200000|100%| E|CS|TAMS 0x0000000719000000| PB 0x0000000719000000| Complete |  0
| 201|0x0000000719200000, 0x0000000719400000, 0x0000000719400000|100%| E|CS|TAMS 0x0000000719200000| PB 0x0000000719200000| Complete |  0
| 202|0x0000000719400000, 0x0000000719600000, 0x0000000719600000|100%| E|CS|TAMS 0x0000000719400000| PB 0x0000000719400000| Complete |  0
| 203|0x0000000719600000, 0x0000000719800000, 0x0000000719800000|100%| E|CS|TAMS 0x0000000719600000| PB 0x0000000719600000| Complete |  0
| 204|0x0000000719800000, 0x0000000719a00000, 0x0000000719a00000|100%| E|CS|TAMS 0x0000000719800000| PB 0x0000000719800000| Complete |  0
| 205|0x0000000719a00000, 0x0000000719c00000, 0x0000000719c00000|100%| E|CS|TAMS 0x0000000719a00000| PB 0x0000000719a00000| Complete |  0
| 206|0x0000000719c00000, 0x0000000719e00000, 0x0000000719e00000|100%| E|CS|TAMS 0x0000000719c00000| PB 0x0000000719c00000| Complete |  0
| 207|0x0000000719e00000, 0x000000071a000000, 0x000000071a000000|100%| E|CS|TAMS 0x0000000719e00000| PB 0x0000000719e00000| Complete |  0
| 208|0x000000071a000000, 0x000000071a200000, 0x000000071a200000|100%| E|CS|TAMS 0x000000071a000000| PB 0x000000071a000000| Complete |  0
| 209|0x000000071a200000, 0x000000071a400000, 0x000000071a400000|100%| E|CS|TAMS 0x000000071a200000| PB 0x000000071a200000| Complete |  0
| 210|0x000000071a400000, 0x000000071a600000, 0x000000071a600000|100%| E|CS|TAMS 0x000000071a400000| PB 0x000000071a400000| Complete |  0
| 211|0x000000071a600000, 0x000000071a800000, 0x000000071a800000|100%| E|CS|TAMS 0x000000071a600000| PB 0x000000071a600000| Complete |  0
| 212|0x000000071a800000, 0x000000071aa00000, 0x000000071aa00000|100%| E|CS|TAMS 0x000000071a800000| PB 0x000000071a800000| Complete |  0
| 213|0x000000071aa00000, 0x000000071ac00000, 0x000000071ac00000|100%| E|CS|TAMS 0x000000071aa00000| PB 0x000000071aa00000| Complete |  0
| 214|0x000000071ac00000, 0x000000071ae00000, 0x000000071ae00000|100%| E|CS|TAMS 0x000000071ac00000| PB 0x000000071ac00000| Complete |  0
| 215|0x000000071ae00000, 0x000000071b000000, 0x000000071b000000|100%| E|CS|TAMS 0x000000071ae00000| PB 0x000000071ae00000| Complete |  0
| 216|0x000000071b000000, 0x000000071b200000, 0x000000071b200000|100%| E|CS|TAMS 0x000000071b000000| PB 0x000000071b000000| Complete |  0
| 217|0x000000071b200000, 0x000000071b400000, 0x000000071b400000|100%| E|CS|TAMS 0x000000071b200000| PB 0x000000071b200000| Complete |  0
| 218|0x000000071b400000, 0x000000071b600000, 0x000000071b600000|100%| E|CS|TAMS 0x000000071b400000| PB 0x000000071b400000| Complete |  0
| 219|0x000000071b600000, 0x000000071b800000, 0x000000071b800000|100%| E|CS|TAMS 0x000000071b600000| PB 0x000000071b600000| Complete |  0
| 220|0x000000071b800000, 0x000000071ba00000, 0x000000071ba00000|100%| E|CS|TAMS 0x000000071b800000| PB 0x000000071b800000| Complete |  0
| 221|0x000000071ba00000, 0x000000071bc00000, 0x000000071bc00000|100%| E|CS|TAMS 0x000000071ba00000| PB 0x000000071ba00000| Complete |  0
| 222|0x000000071bc00000, 0x000000071be00000, 0x000000071be00000|100%| E|CS|TAMS 0x000000071bc00000| PB 0x000000071bc00000| Complete |  0
| 223|0x000000071be00000, 0x000000071c000000, 0x000000071c000000|100%| E|CS|TAMS 0x000000071be00000| PB 0x000000071be00000| Complete |  0
| 224|0x000000071c000000, 0x000000071c200000, 0x000000071c200000|100%| E|CS|TAMS 0x000000071c000000| PB 0x000000071c000000| Complete |  0
| 225|0x000000071c200000, 0x000000071c400000, 0x000000071c400000|100%| E|CS|TAMS 0x000000071c200000| PB 0x000000071c200000| Complete |  0
| 226|0x000000071c400000, 0x000000071c600000, 0x000000071c600000|100%| E|CS|TAMS 0x000000071c400000| PB 0x000000071c400000| Complete |  0
| 227|0x000000071c600000, 0x000000071c800000, 0x000000071c800000|100%| E|CS|TAMS 0x000000071c600000| PB 0x000000071c600000| Complete |  0
| 228|0x000000071c800000, 0x000000071ca00000, 0x000000071ca00000|100%| E|CS|TAMS 0x000000071c800000| PB 0x000000071c800000| Complete |  0
|2032|0x00000007fe000000, 0x00000007fe200000, 0x00000007fe200000|100%| E|CS|TAMS 0x00000007fe000000| PB 0x00000007fe000000| Complete |  0
|2033|0x00000007fe200000, 0x00000007fe400000, 0x00000007fe400000|100%| E|CS|TAMS 0x00000007fe200000| PB 0x00000007fe200000| Complete |  0
|2034|0x00000007fe400000, 0x00000007fe600000, 0x00000007fe600000|100%| E|CS|TAMS 0x00000007fe400000| PB 0x00000007fe400000| Complete |  0
|2035|0x00000007fe600000, 0x00000007fe800000, 0x00000007fe800000|100%| E|CS|TAMS 0x00000007fe600000| PB 0x00000007fe600000| Complete |  0
|2036|0x00000007fe800000, 0x00000007fea00000, 0x00000007fea00000|100%| E|CS|TAMS 0x00000007fe800000| PB 0x00000007fe800000| Complete |  0
|2037|0x00000007fea00000, 0x00000007fec00000, 0x00000007fec00000|100%| E|CS|TAMS 0x00000007fea00000| PB 0x00000007fea00000| Complete |  0
|2038|0x00000007fec00000, 0x00000007fee00000, 0x00000007fee00000|100%| E|CS|TAMS 0x00000007fec00000| PB 0x00000007fec00000| Complete |  0
|2039|0x00000007fee00000, 0x00000007ff000000, 0x00000007ff000000|100%| E|CS|TAMS 0x00000007fee00000| PB 0x00000007fee00000| Complete |  0
|2040|0x00000007ff000000, 0x00000007ff200000, 0x00000007ff200000|100%| E|CS|TAMS 0x00000007ff000000| PB 0x00000007ff000000| Complete |  0
|2041|0x00000007ff200000, 0x00000007ff400000, 0x00000007ff400000|100%| E|CS|TAMS 0x00000007ff200000| PB 0x00000007ff200000| Complete |  0
|2042|0x00000007ff400000, 0x00000007ff600000, 0x00000007ff600000|100%| E|CS|TAMS 0x00000007ff400000| PB 0x00000007ff400000| Complete |  0
|2043|0x00000007ff600000, 0x00000007ff800000, 0x00000007ff800000|100%| E|CS|TAMS 0x00000007ff600000| PB 0x00000007ff600000| Complete |  0
|2044|0x00000007ff800000, 0x00000007ffa00000, 0x00000007ffa00000|100%| O|  |TAMS 0x00000007ff800000| PB 0x00000007ff800000| Untracked |  0
|2045|0x00000007ffa00000, 0x00000007ffc00000, 0x00000007ffc00000|100%| O|  |TAMS 0x00000007ffa00000| PB 0x00000007ffa00000| Untracked |  0
|2046|0x00000007ffc00000, 0x00000007ffe00000, 0x00000007ffe00000|100%| O|  |TAMS 0x00000007ffc00000| PB 0x00000007ffc00000| Untracked |  0
|2047|0x00000007ffe00000, 0x0000000800000000, 0x0000000800000000|100%| E|CS|TAMS 0x00000007ffe00000| PB 0x00000007ffe00000| Complete |  0

Card table byte_map: [0x00000227513c0000,0x0000022751bc0000] _byte_map_base: 0x000002274dbc0000

Marking Bits: (CMBitMap*) 0x000002273e0d9680
 Bits: [0x0000022751bc0000, 0x0000022755bc0000)

Polling page: 0x000002273bec0000

Metaspace:
Metaspace        used 169615K, committed 171584K, reserved 1245184K
 class space     used 23005K, committed 23936K, reserved 1048576K

Usage:
  Non-class:    143.17 MB used.
      Class:     22.47 MB used.
       Both:    165.64 MB used.

Virtual space:
  Non-class space:      192.00 MB reserved,     144.19 MB ( 75%) committed,  3 nodes.
      Class space:        1.00 GB reserved,      23.38 MB (  2%) committed,  1 nodes.
             Both:        1.19 GB reserved,     167.56 MB ( 14%) committed. 

Chunk freelists:
   Non-Class:  15.19 MB
       Class:  8.58 MB
        Both:  23.77 MB

MaxMetaspaceSize: unlimited
CompressedClassSpaceSize: 1.00 GB
Initial GC threshold: 21.00 MB
Current GC threshold: 279.19 MB
CDS: off
 - commit_granule_bytes: 65536.
 - commit_granule_words: 8192.
 - virtual_space_node_default_size: 8388608.
 - enlarge_chunks_in_place: 1.
UseCompressedClassPointers 1, UseCompactObjectHeaders 0
Narrow klass pointer bits 32, Max shift 3
Narrow klass base: 0x0000000000000000, Narrow klass shift: 0
Encoding Range: [0x0000000000000000 - 0x0000000100000000), (4294967296 bytes)
Klass Range:    [0x000000008b000000 - 0x00000000cb000000), (1073741824 bytes)
Klass ID Range:  [2332033024 - 3405774841) (1073741817)
No protection zone.


Internal statistics:

num_allocs_failed_limit: 9.
num_arena_births: 3708.
num_arena_deaths: 10.
num_vsnodes_births: 4.
num_vsnodes_deaths: 0.
num_space_committed: 2680.
num_space_uncommitted: 0.
num_chunks_returned_to_freelist: 25.
num_chunks_taken_from_freelist: 9792.
num_chunk_merges: 9.
num_chunk_splits: 7068.
num_chunks_enlarged: 5319.
num_inconsistent_stats: 0.

CodeHeap 'non-profiled nmethods': size=120064Kb used=11710Kb max_used=11710Kb free=108353Kb
 bounds [0x0000022749020000, 0x0000022749ba0000, 0x0000022750560000]
CodeHeap 'profiled nmethods': size=120000Kb used=28130Kb max_used=30605Kb free=91869Kb
 bounds [0x0000022741560000, 0x0000022743390000, 0x0000022748a90000]
CodeHeap 'non-nmethods': size=5696Kb used=2327Kb max_used=2521Kb free=3368Kb
 bounds [0x0000022748a90000, 0x0000022748d20000, 0x0000022749020000]
CodeCache: size=245760Kb, used=42167Kb, max_used=44836Kb, free=203590Kb
 total_blobs=18870, nmethods=17696, adapters=1074, full_count=0
Compilation: enabled, stopped_count=0, restarted_count=0

Compilation events (20 events):
Event: 65.779 Thread 0x0000022763cae930 nmethod 24354 0x0000022749240a08 code [0x0000022749240b00, 0x0000022749240fd8]
Event: 65.781 Thread 0x0000022763cae930 24355       4       org.jetbrains.kotlin.incremental.classpathDiff.impl.ClassFileWithContents$$Lambda/0x000000008c609eb8::invoke (8 bytes)
Event: 65.786 Thread 0x0000022758513c20 24356       4       org.jetbrains.kotlin.incremental.KotlinClassInfo$$Lambda/0x000000008c71fb50::invoke (8 bytes)
Event: 65.790 Thread 0x0000022758513c20 nmethod 24356 0x000002274943e288 code [0x000002274943e380, 0x000002274943eaa0]
Event: 65.790 Thread 0x0000022758513c20 24357       4       org.jetbrains.kotlin.incremental.KotlinClassInfo::constantsInCompanionObject_delegate$lambda$0 (48 bytes)
Event: 65.794 Thread 0x0000022758513c20 nmethod 24357 0x0000022749342988 code [0x0000022749342a80, 0x0000022749343180]
Event: 65.796 Thread 0x0000022758513c20 24358       4       org.jetbrains.kotlin.incremental.classpathDiff.impl.BasicClassInfo$Companion::compute (179 bytes)
Event: 65.805 Thread 0x0000022758514430 24359       3       org.jetbrains.org.objectweb.asm.MethodVisitor::visitFrame (22 bytes)
Event: 65.806 Thread 0x0000022758514430 nmethod 24359 0x000002274199a488 code [0x000002274199a580, 0x000002274199a770]
Event: 65.806 Thread 0x0000022758514430 24360       3       org.jetbrains.org.objectweb.asm.Handler::putExceptionTable (63 bytes)
Event: 65.806 Thread 0x0000022758514430 nmethod 24360 0x00000227417a5788 code [0x00000227417a5880, 0x00000227417a5cb8]
Event: 65.812 Thread 0x0000022758514430 24361       1       org.jetbrains.kotlin.inline.InlineFunction::getKotlinFunctionName (5 bytes)
Event: 65.812 Thread 0x0000022758514430 nmethod 24361 0x000002274937e288 code [0x000002274937e380, 0x000002274937e448]
Event: 65.812 Thread 0x0000022758514430 24362       3       org.jetbrains.org.objectweb.asm.Label::addForwardReference (102 bytes)
Event: 65.812 Thread 0x0000022758514430 nmethod 24362 0x0000022741d67d08 code [0x0000022741d67e00, 0x0000022741d682d8]
Event: 65.812 Thread 0x0000022758514430 24363       3       org.jetbrains.org.objectweb.asm.MethodWriter::visitJumpInsn (495 bytes)
Event: 65.813 Thread 0x0000022758514430 nmethod 24363 0x0000022741789208 code [0x0000022741789300, 0x000002274178a500]
Event: 65.814 Thread 0x0000022758514430 24364       3       org.jetbrains.org.objectweb.asm.tree.FrameNode::accept (184 bytes)
Event: 65.814 Thread 0x0000022758514430 nmethod 24364 0x0000022741cf0388 code [0x0000022741cf0480, 0x0000022741cf1040]
Event: 65.827 Thread 0x0000022758514430 24366       3       org.jetbrains.kotlin.inline.InlineUtilKt::isPrivate (20 bytes)

GC Heap Usage History (20 events):
Event: 60.795 {heap After GC invocations=75 (full 0):
 garbage-first heap   total reserved 4194304K, committed 417792K, used 155599K [0x0000000700000000, 0x0000000800000000)
  region size 2048K, 8 young (16384K), 8 survivors (16384K)
}
Event: 61.074 {heap Before GC invocations=75 (full 0):
 garbage-first heap   total reserved 4194304K, committed 417792K, used 387023K [0x0000000700000000, 0x0000000800000000)
  region size 2048K, 122 young (249856K), 8 survivors (16384K)
}
Event: 61.083 {heap After GC invocations=76 (full 0):
 garbage-first heap   total reserved 4194304K, committed 417792K, used 155861K [0x0000000700000000, 0x0000000800000000)
  region size 2048K, 9 young (18432K), 9 survivors (18432K)
}
Event: 61.426 {heap Before GC invocations=76 (full 0):
 garbage-first heap   total reserved 4194304K, committed 417792K, used 387285K [0x0000000700000000, 0x0000000800000000)
  region size 2048K, 122 young (249856K), 9 survivors (18432K)
}
Event: 61.435 {heap After GC invocations=77 (full 0):
 garbage-first heap   total reserved 4194304K, committed 501760K, used 154356K [0x0000000700000000, 0x0000000800000000)
  region size 2048K, 9 young (18432K), 9 survivors (18432K)
}
Event: 62.332 {heap Before GC invocations=78 (full 0):
 garbage-first heap   total reserved 4194304K, committed 501760K, used 434932K [0x0000000700000000, 0x0000000800000000)
  region size 2048K, 147 young (301056K), 9 survivors (18432K)
}
Event: 62.353 {heap After GC invocations=79 (full 0):
 garbage-first heap   total reserved 4194304K, committed 501760K, used 159907K [0x0000000700000000, 0x0000000800000000)
  region size 2048K, 10 young (20480K), 10 survivors (20480K)
}
Event: 63.338 {heap Before GC invocations=79 (full 0):
 garbage-first heap   total reserved 4194304K, committed 501760K, used 440483K [0x0000000700000000, 0x0000000800000000)
  region size 2048K, 147 young (301056K), 10 survivors (20480K)
}
Event: 63.350 {heap After GC invocations=80 (full 0):
 garbage-first heap   total reserved 4194304K, committed 501760K, used 160170K [0x0000000700000000, 0x0000000800000000)
  region size 2048K, 12 young (24576K), 12 survivors (24576K)
}
Event: 63.737 {heap Before GC invocations=80 (full 0):
 garbage-first heap   total reserved 4194304K, committed 501760K, used 436650K [0x0000000700000000, 0x0000000800000000)
  region size 2048K, 147 young (301056K), 12 survivors (24576K)
}
Event: 63.747 {heap After GC invocations=81 (full 0):
 garbage-first heap   total reserved 4194304K, committed 501760K, used 161552K [0x0000000700000000, 0x0000000800000000)
  region size 2048K, 8 young (16384K), 8 survivors (16384K)
}
Event: 64.213 {heap Before GC invocations=82 (full 0):
 garbage-first heap   total reserved 4194304K, committed 501760K, used 446224K [0x0000000700000000, 0x0000000800000000)
  region size 2048K, 147 young (301056K), 8 survivors (16384K)
}
Event: 64.221 {heap After GC invocations=83 (full 0):
 garbage-first heap   total reserved 4194304K, committed 501760K, used 159902K [0x0000000700000000, 0x0000000800000000)
  region size 2048K, 8 young (16384K), 8 survivors (16384K)
}
Event: 64.606 {heap Before GC invocations=83 (full 0):
 garbage-first heap   total reserved 4194304K, committed 501760K, used 444574K [0x0000000700000000, 0x0000000800000000)
  region size 2048K, 147 young (301056K), 8 survivors (16384K)
}
Event: 64.614 {heap After GC invocations=84 (full 0):
 garbage-first heap   total reserved 4194304K, committed 501760K, used 151672K [0x0000000700000000, 0x0000000800000000)
  region size 2048K, 5 young (10240K), 5 survivors (10240K)
}
Event: 64.993 {heap Before GC invocations=84 (full 0):
 garbage-first heap   total reserved 4194304K, committed 501760K, used 374904K [0x0000000700000000, 0x0000000800000000)
  region size 2048K, 115 young (235520K), 5 survivors (10240K)
}
Event: 64.999 {heap After GC invocations=85 (full 0):
 garbage-first heap   total reserved 4194304K, committed 501760K, used 151762K [0x0000000700000000, 0x0000000800000000)
  region size 2048K, 5 young (10240K), 5 survivors (10240K)
}
Event: 65.608 {heap Before GC invocations=86 (full 0):
 garbage-first heap   total reserved 4194304K, committed 501760K, used 444626K [0x0000000700000000, 0x0000000800000000)
  region size 2048K, 147 young (301056K), 5 survivors (10240K)
}
Event: 65.617 {heap After GC invocations=87 (full 0):
 garbage-first heap   total reserved 4194304K, committed 501760K, used 164006K [0x0000000700000000, 0x0000000800000000)
  region size 2048K, 10 young (20480K), 10 survivors (20480K)
}
Event: 65.998 {heap Before GC invocations=87 (full 0):
 garbage-first heap   total reserved 4194304K, committed 501760K, used 444582K [0x0000000700000000, 0x0000000800000000)
  region size 2048K, 147 young (301056K), 10 survivors (20480K)
}

Metaspace Usage History (20 events):
Event: 60.795 {metaspace After GC invocations=75 (full 0):
 Metaspace       used 168811K, committed 170816K, reserved 1245184K
  class space    used 22932K, committed 23872K, reserved 1048576K
}
Event: 61.074 {metaspace Before GC invocations=75 (full 0):
 Metaspace       used 168826K, committed 170816K, reserved 1245184K
  class space    used 22932K, committed 23872K, reserved 1048576K
}
Event: 61.083 {metaspace After GC invocations=76 (full 0):
 Metaspace       used 168826K, committed 170816K, reserved 1245184K
  class space    used 22932K, committed 23872K, reserved 1048576K
}
Event: 61.426 {metaspace Before GC invocations=76 (full 0):
 Metaspace       used 168852K, committed 170880K, reserved 1245184K
  class space    used 22934K, committed 23872K, reserved 1048576K
}
Event: 61.435 {metaspace After GC invocations=77 (full 0):
 Metaspace       used 168852K, committed 170880K, reserved 1245184K
  class space    used 22934K, committed 23872K, reserved 1048576K
}
Event: 62.332 {metaspace Before GC invocations=78 (full 0):
 Metaspace       used 168930K, committed 170944K, reserved 1245184K
  class space    used 22948K, committed 23872K, reserved 1048576K
}
Event: 62.353 {metaspace After GC invocations=79 (full 0):
 Metaspace       used 168930K, committed 170944K, reserved 1245184K
  class space    used 22948K, committed 23872K, reserved 1048576K
}
Event: 63.338 {metaspace Before GC invocations=79 (full 0):
 Metaspace       used 169469K, committed 171456K, reserved 1245184K
  class space    used 22995K, committed 23936K, reserved 1048576K
}
Event: 63.350 {metaspace After GC invocations=80 (full 0):
 Metaspace       used 169469K, committed 171456K, reserved 1245184K
  class space    used 22995K, committed 23936K, reserved 1048576K
}
Event: 63.737 {metaspace Before GC invocations=80 (full 0):
 Metaspace       used 169507K, committed 171520K, reserved 1245184K
  class space    used 22999K, committed 23936K, reserved 1048576K
}
Event: 63.747 {metaspace After GC invocations=81 (full 0):
 Metaspace       used 169507K, committed 171520K, reserved 1245184K
  class space    used 22999K, committed 23936K, reserved 1048576K
}
Event: 64.213 {metaspace Before GC invocations=82 (full 0):
 Metaspace       used 169536K, committed 171520K, reserved 1245184K
  class space    used 23001K, committed 23936K, reserved 1048576K
}
Event: 64.221 {metaspace After GC invocations=83 (full 0):
 Metaspace       used 169536K, committed 171520K, reserved 1245184K
  class space    used 23001K, committed 23936K, reserved 1048576K
}
Event: 64.606 {metaspace Before GC invocations=83 (full 0):
 Metaspace       used 169540K, committed 171520K, reserved 1245184K
  class space    used 23002K, committed 23936K, reserved 1048576K
}
Event: 64.614 {metaspace After GC invocations=84 (full 0):
 Metaspace       used 169540K, committed 171520K, reserved 1245184K
  class space    used 23002K, committed 23936K, reserved 1048576K
}
Event: 64.993 {metaspace Before GC invocations=84 (full 0):
 Metaspace       used 169574K, committed 171584K, reserved 1245184K
  class space    used 23005K, committed 23936K, reserved 1048576K
}
Event: 64.999 {metaspace After GC invocations=85 (full 0):
 Metaspace       used 169574K, committed 171584K, reserved 1245184K
  class space    used 23005K, committed 23936K, reserved 1048576K
}
Event: 65.608 {metaspace Before GC invocations=86 (full 0):
 Metaspace       used 169599K, committed 171584K, reserved 1245184K
  class space    used 23005K, committed 23936K, reserved 1048576K
}
Event: 65.617 {metaspace After GC invocations=87 (full 0):
 Metaspace       used 169599K, committed 171584K, reserved 1245184K
  class space    used 23005K, committed 23936K, reserved 1048576K
}
Event: 65.998 {metaspace Before GC invocations=87 (full 0):
 Metaspace       used 169614K, committed 171584K, reserved 1245184K
  class space    used 23005K, committed 23936K, reserved 1048576K
}

Dll operation events (3 events):
Event: 0.014 Loaded shared library C:\Program Files\Android\Android Studio\jbr\bin\java.dll
Event: 0.019 Loaded shared library C:\Program Files\Android\Android Studio\jbr\bin\zip.dll
Event: 0.506 Loaded shared library C:\Program Files\Android\Android Studio\jbr\bin\verify.dll

Deoptimization events (20 events):
Event: 65.205 Thread 0x000002275f3cf220 DEOPT PACKING pc=0x0000022749b0fc54 sp=0x000000a1154f59b0
Event: 65.205 Thread 0x000002275f3cf220 DEOPT UNPACKING pc=0x0000022748ba8d02 sp=0x000000a1154f5950 mode 2
Event: 65.206 Thread 0x000002275f3cf220 Uncommon trap: trap_request=0xffffff45 fr.pc=0x0000022749b1c2d0 relative=0x00000000000002d0
Event: 65.206 Thread 0x000002275f3cf220 Uncommon trap: reason=unstable_if action=reinterpret pc=0x0000022749b1c2d0 method=org.jetbrains.org.objectweb.asm.AnnotationWriter.computeAnnotationsSize(Lorg/jetbrains/org/objectweb/asm/AnnotationWriter;Lorg/jetbrains/org/objectweb/asm/AnnotationWriter;L
Event: 65.206 Thread 0x000002275f3cf220 DEOPT PACKING pc=0x0000022749b1c2d0 sp=0x000000a1154f5900
Event: 65.206 Thread 0x000002275f3cf220 DEOPT UNPACKING pc=0x0000022748ba8d02 sp=0x000000a1154f5818 mode 2
Event: 65.206 Thread 0x000002275f3cf220 Uncommon trap: trap_request=0xffffff45 fr.pc=0x0000022749b1ce78 relative=0x0000000000000978
Event: 65.206 Thread 0x000002275f3cf220 Uncommon trap: reason=unstable_if action=reinterpret pc=0x0000022749b1ce78 method=org.jetbrains.org.objectweb.asm.FieldWriter.putFieldInfo(Lorg/jetbrains/org/objectweb/asm/ByteVector;)V @ 135 c2
Event: 65.206 Thread 0x000002275f3cf220 DEOPT PACKING pc=0x0000022749b1ce78 sp=0x000000a1154f58e0
Event: 65.206 Thread 0x000002275f3cf220 DEOPT UNPACKING pc=0x0000022748ba8d02 sp=0x000000a1154f5888 mode 2
Event: 65.443 Thread 0x000002275f3cf220 Uncommon trap: trap_request=0xffffffde fr.pc=0x0000022749a41e30 relative=0x0000000000000530
Event: 65.443 Thread 0x000002275f3cf220 Uncommon trap: reason=class_check action=maybe_recompile pc=0x0000022749a41e30 method=java.io.BufferedOutputStream.write([BII)V @ 19 c2
Event: 65.443 Thread 0x000002275f3cf220 DEOPT PACKING pc=0x0000022749a41e30 sp=0x000000a1154f5c70
Event: 65.443 Thread 0x000002275f3cf220 DEOPT UNPACKING pc=0x0000022748ba8d02 sp=0x000000a1154f5c08 mode 2
Event: 65.522 Thread 0x000002275f3cf220 Uncommon trap: trap_request=0xffffffde fr.pc=0x0000022749a41e30 relative=0x0000000000000530
Event: 65.522 Thread 0x000002275f3cf220 Uncommon trap: reason=class_check action=maybe_recompile pc=0x0000022749a41e30 method=java.io.BufferedOutputStream.write([BII)V @ 19 c2
Event: 65.522 Thread 0x000002275f3cf220 DEOPT PACKING pc=0x0000022749a41e30 sp=0x000000a1154f59c0
Event: 65.522 Thread 0x000002275f3cf220 DEOPT UNPACKING pc=0x0000022748ba8d02 sp=0x000000a1154f5958 mode 2
Event: 65.574 Thread 0x000002275f3cf220 DEOPT PACKING pc=0x0000022742856249 sp=0x000000a1154f5be0
Event: 65.574 Thread 0x000002275f3cf220 DEOPT UNPACKING pc=0x0000022748ae1702 sp=0x000000a1154f50d0 mode 0

Classes loaded (20 events):
Event: 28.216 Loading class sun/security/ssl/SSLEngineOutputRecord$HandshakeMemo
Event: 28.216 Loading class sun/security/ssl/SSLEngineOutputRecord$RecordMemo
Event: 28.216 Loading class sun/security/ssl/SSLEngineOutputRecord$RecordMemo done
Event: 28.216 Loading class sun/security/ssl/SSLEngineOutputRecord$HandshakeMemo done
Event: 28.284 Loading class sun/security/ssl/PreSharedKeyExtension$SHPreSharedKeySpec
Event: 28.285 Loading class sun/security/ssl/PreSharedKeyExtension$SHPreSharedKeySpec done
Event: 31.497 Loading class com/sun/org/apache/xerces/internal/dom/DeferredCommentImpl
Event: 31.497 Loading class com/sun/org/apache/xerces/internal/dom/CommentImpl
Event: 31.497 Loading class com/sun/org/apache/xerces/internal/dom/CommentImpl done
Event: 31.498 Loading class com/sun/org/apache/xerces/internal/dom/DeferredCommentImpl done
Event: 41.700 Loading class sun/security/ssl/Alert
Event: 41.700 Loading class sun/security/ssl/Alert done
Event: 41.701 Loading class sun/security/ssl/Alert$AlertConsumer
Event: 41.701 Loading class sun/security/ssl/Alert$AlertConsumer done
Event: 41.701 Loading class sun/security/ssl/Alert$Level
Event: 41.701 Loading class sun/security/ssl/Alert$Level done
Event: 49.684 Loading class java/util/concurrent/locks/ReentrantReadWriteLock$Sync$HoldCounter
Event: 49.684 Loading class java/util/concurrent/locks/ReentrantReadWriteLock$Sync$HoldCounter done
Event: 62.880 Loading class java/lang/reflect/InaccessibleObjectException
Event: 62.881 Loading class java/lang/reflect/InaccessibleObjectException done

Classes unloaded (20 events):
Event: 7.597 Thread 0x000002275867c0d0 Unloading class 0x000000008b870538 '_BuildScript_$_run_closure1'
Event: 7.597 Thread 0x000002275867c0d0 Unloading class 0x000000008b870000 '_BuildScript_'
Event: 8.249 Thread 0x000002275867c0d0 Unloading class 0x000000008b8e8428 '_BuildScript_$_run_closure1$_closure2'
Event: 8.249 Thread 0x000002275867c0d0 Unloading class 0x000000008b8e8000 '_BuildScript_$_run_closure1'
Event: 8.249 Thread 0x000002275867c0d0 Unloading class 0x000000008b8e3800 '_BuildScript_'
Event: 10.691 Thread 0x000002275867c0d0 Unloading class 0x000000008ba14960 '_BuildScript_$_run_closure1$_closure2'
Event: 10.691 Thread 0x000002275867c0d0 Unloading class 0x000000008ba14538 '_BuildScript_$_run_closure1'
Event: 10.691 Thread 0x000002275867c0d0 Unloading class 0x000000008ba14000 '_BuildScript_'
Event: 10.691 Thread 0x000002275867c0d0 Unloading class 0x000000008ba08428 '_BuildScript_$_run_closure2'
Event: 10.691 Thread 0x000002275867c0d0 Unloading class 0x000000008ba08000 '_BuildScript_$_run_closure1'
Event: 10.691 Thread 0x000002275867c0d0 Unloading class 0x000000008b8e3800 '_BuildScript_'
Event: 18.521 Thread 0x000002275867c0d0 Unloading class 0x000000008ba195f0 '_BuildScript_$_run_closure1$_closure3'
Event: 18.521 Thread 0x000002275867c0d0 Unloading class 0x000000008ba191c8 '_BuildScript_$_run_closure1$_closure2'
Event: 18.521 Thread 0x000002275867c0d0 Unloading class 0x000000008ba18d98 '_BuildScript_$_run_closure1'
Event: 18.521 Thread 0x000002275867c0d0 Unloading class 0x000000008ba18860 '_BuildScript_'
Event: 18.521 Thread 0x000002275867c0d0 Unloading class 0x000000008ba18430 'JetGradlePlugin$_apply_closure1$_closure2$_closure3'
Event: 18.521 Thread 0x000002275867c0d0 Unloading class 0x000000008ba18000 'JetGradlePlugin$_apply_closure1$_closure2'
Event: 18.521 Thread 0x000002275867c0d0 Unloading class 0x000000008ba16800 'JetGradlePlugin$_apply_closure1'
Event: 18.521 Thread 0x000002275867c0d0 Unloading class 0x000000008b8e3b10 'JetGradlePlugin'
Event: 18.521 Thread 0x000002275867c0d0 Unloading class 0x000000008b8e3800 'RegistryProcessor'

Classes redefined (0 events):
No events

Internal exceptions (20 events):
Event: 61.646 Thread 0x0000022762ea3760 Exception <a 'sun/nio/fs/WindowsException'{0x00000007189bd848}> (0x00000007189bd848) 
thrown [s\src\hotspot\share\prims\jni.cpp, line 535]
Event: 61.646 Thread 0x000002275f3cf220 Exception <a 'sun/nio/fs/WindowsException'{0x0000000718af5a20}> (0x0000000718af5a20) 
thrown [s\src\hotspot\share\prims\jni.cpp, line 535]
Event: 61.648 Thread 0x000002275f3cf220 Exception <a 'sun/nio/fs/WindowsException'{0x0000000718afbc98}> (0x0000000718afbc98) 
thrown [s\src\hotspot\share\prims\jni.cpp, line 535]
Event: 61.650 Thread 0x0000022764667f60 Exception <a 'sun/nio/fs/WindowsException'{0x00000007186f67d8}> (0x00000007186f67d8) 
thrown [s\src\hotspot\share\prims\jni.cpp, line 535]
Event: 61.652 Thread 0x000002275f3cf220 Exception <a 'sun/nio/fs/WindowsException'{0x000000071847c1d0}> (0x000000071847c1d0) 
thrown [s\src\hotspot\share\prims\jni.cpp, line 535]
Event: 61.652 Thread 0x000002275f3cf220 Exception <a 'sun/nio/fs/WindowsException'{0x0000000718480e40}> (0x0000000718480e40) 
thrown [s\src\hotspot\share\prims\jni.cpp, line 535]
Event: 61.653 Thread 0x000002275f3cf220 Exception <a 'sun/nio/fs/WindowsException'{0x000000071848c280}> (0x000000071848c280) 
thrown [s\src\hotspot\share\prims\jni.cpp, line 535]
Event: 61.653 Thread 0x000002275f3cf220 Exception <a 'sun/nio/fs/WindowsException'{0x000000071848e658}> (0x000000071848e658) 
thrown [s\src\hotspot\share\prims\jni.cpp, line 535]
Event: 61.653 Thread 0x000002275f3cf220 Exception <a 'sun/nio/fs/WindowsException'{0x0000000718490c38}> (0x0000000718490c38) 
thrown [s\src\hotspot\share\prims\jni.cpp, line 535]
Event: 61.653 Thread 0x000002275f3cf220 Exception <a 'sun/nio/fs/WindowsException'{0x00000007184934a0}> (0x00000007184934a0) 
thrown [s\src\hotspot\share\prims\jni.cpp, line 535]
Event: 61.655 Thread 0x0000022762ea3760 Exception <a 'sun/nio/fs/WindowsException'{0x00000007185d8a98}> (0x00000007185d8a98) 
thrown [s\src\hotspot\share\prims\jni.cpp, line 535]
Event: 61.657 Thread 0x000002275f3cf220 Exception <a 'sun/nio/fs/WindowsException'{0x00000007184b90b8}> (0x00000007184b90b8) 
thrown [s\src\hotspot\share\prims\jni.cpp, line 535]
Event: 61.659 Thread 0x0000022764667f60 Exception <a 'sun/nio/fs/WindowsException'{0x0000000718293e40}> (0x0000000718293e40) 
thrown [s\src\hotspot\share\prims\jni.cpp, line 535]
Event: 61.663 Thread 0x000002275f3cf220 Exception <a 'sun/nio/fs/WindowsException'{0x000000071804d888}> (0x000000071804d888) 
thrown [s\src\hotspot\share\prims\jni.cpp, line 535]
Event: 61.669 Thread 0x000002275f3cf220 Exception <a 'sun/nio/fs/WindowsException'{0x0000000717e2e8b8}> (0x0000000717e2e8b8) 
thrown [s\src\hotspot\share\prims\jni.cpp, line 535]
Event: 63.984 Thread 0x000002275f3cf220 Implicit null exception at 0x0000022749ab3715 to 0x0000022749ab3f6c
Event: 63.984 Thread 0x000002275f3cf220 Implicit null exception at 0x00000227493bad34 to 0x00000227493bb8a0
Event: 63.985 Thread 0x000002275f3cf220 Implicit null exception at 0x00000227497c6ab5 to 0x00000227497c6f40
Event: 64.921 Thread 0x000002275f3cf220 Implicit null exception at 0x0000022749ade846 to 0x0000022749ade920
Event: 65.155 Thread 0x000002275f3cf220 Implicit null exception at 0x00000227497c722c to 0x00000227497c7490

VM Operations (20 events):
Event: 63.350 Executing safepoint VM operation: G1CollectForAllocation (G1 Evacuation Pause) done
Event: 63.737 Executing safepoint VM operation: G1CollectForAllocation (G1 Evacuation Pause)
Event: 63.747 Executing safepoint VM operation: G1CollectForAllocation (G1 Evacuation Pause) done
Event: 63.815 Executing safepoint VM operation: G1PauseRemark
Event: 63.822 Executing safepoint VM operation: G1PauseRemark done
Event: 63.847 Executing safepoint VM operation: G1PauseCleanup
Event: 63.847 Executing safepoint VM operation: G1PauseCleanup done
Event: 64.213 Executing safepoint VM operation: G1CollectForAllocation (G1 Evacuation Pause)
Event: 64.221 Executing safepoint VM operation: G1CollectForAllocation (G1 Evacuation Pause) done
Event: 64.606 Executing safepoint VM operation: G1CollectForAllocation (G1 Evacuation Pause)
Event: 64.614 Executing safepoint VM operation: G1CollectForAllocation (G1 Evacuation Pause) done
Event: 64.993 Executing safepoint VM operation: G1TryInitiateConcMark (G1 Humongous Allocation)
Event: 64.999 Executing safepoint VM operation: G1TryInitiateConcMark (G1 Humongous Allocation) done
Event: 65.084 Executing safepoint VM operation: G1PauseRemark
Event: 65.093 Executing safepoint VM operation: G1PauseRemark done
Event: 65.121 Executing safepoint VM operation: G1PauseCleanup
Event: 65.121 Executing safepoint VM operation: G1PauseCleanup done
Event: 65.608 Executing safepoint VM operation: G1CollectForAllocation (G1 Evacuation Pause)
Event: 65.617 Executing safepoint VM operation: G1CollectForAllocation (G1 Evacuation Pause) done
Event: 65.997 Executing safepoint VM operation: G1CollectForAllocation (G1 Evacuation Pause)

Memory protections (0 events):
No events

Nmethod flushes (20 events):
Event: 65.090 Thread 0x000002275867c0d0 flushing  nmethod 0x0000022741fef308
Event: 65.090 Thread 0x000002275867c0d0 flushing  nmethod 0x0000022741ff1008
Event: 65.090 Thread 0x000002275867c0d0 flushing  nmethod 0x0000022742134788
Event: 65.090 Thread 0x000002275867c0d0 flushing  nmethod 0x00000227421ca908
Event: 65.090 Thread 0x000002275867c0d0 flushing  nmethod 0x0000022742262e08
Event: 65.090 Thread 0x000002275867c0d0 flushing  nmethod 0x000002274258cd88
Event: 65.090 Thread 0x000002275867c0d0 flushing  nmethod 0x000002274258d208
Event: 65.090 Thread 0x000002275867c0d0 flushing  nmethod 0x00000227425f3588
Event: 65.090 Thread 0x000002275867c0d0 flushing  nmethod 0x0000022742850688
Event: 65.090 Thread 0x000002275867c0d0 flushing  nmethod 0x0000022742e6d088
Event: 65.090 Thread 0x000002275867c0d0 flushing  nmethod 0x00000227421a9408
Event: 65.090 Thread 0x000002275867c0d0 flushing  nmethod 0x00000227421ab088
Event: 65.090 Thread 0x000002275867c0d0 flushing  nmethod 0x00000227421afb88
Event: 65.090 Thread 0x000002275867c0d0 flushing  nmethod 0x00000227421b4808
Event: 65.090 Thread 0x000002275867c0d0 flushing  nmethod 0x0000022742277f08
Event: 65.090 Thread 0x000002275867c0d0 flushing  nmethod 0x00000227425e1208
Event: 65.090 Thread 0x000002275867c0d0 flushing  nmethod 0x0000022742e61f08
Event: 65.090 Thread 0x000002275867c0d0 flushing  nmethod 0x0000022742e64708
Event: 65.090 Thread 0x000002275867c0d0 flushing  nmethod 0x0000022742f1a888
Event: 65.090 Thread 0x000002275867c0d0 flushing  nmethod 0x0000022743314788

Events (20 events):
Event: 41.416 Thread 0x000002275f3cf220 Thread added: 0x000002275f3cabd0
Event: 45.716 Thread 0x000002275f3cf220 Thread added: 0x0000022762b53a70
Event: 45.716 Thread 0x000002275f3cf220 Thread added: 0x0000022762b54240
Event: 45.716 Thread 0x000002275f3cf220 Thread added: 0x0000022762b52ad0
Event: 46.377 Thread 0x0000022758514430 Thread added: 0x0000022762d90e10
Event: 46.956 Thread 0x0000022758514430 Thread added: 0x00000227609d9470
Event: 47.581 Thread 0x00000227609d9470 Thread exited: 0x00000227609d9470
Event: 47.802 Thread 0x0000022762d90e10 Thread exited: 0x0000022762d90e10
Event: 56.231 Thread 0x000002275f3cf220 Thread added: 0x0000022761465c60
Event: 56.234 Thread 0x000002275f3cf220 Thread added: 0x0000022762aeafa0
Event: 56.236 Thread 0x000002275f3cf220 Thread added: 0x0000022762aeb770
Event: 56.257 Thread 0x0000022758514430 Thread added: 0x00000227609d9470
Event: 56.257 Thread 0x0000022758514430 Thread added: 0x0000022762d90e10
Event: 57.266 Thread 0x000002275f3cf220 Thread added: 0x000002276466ae40
Event: 57.267 Thread 0x000002275f3cf220 Thread added: 0x0000022764667f60
Event: 57.268 Thread 0x000002275f3cf220 Thread added: 0x0000022762ea3760
Event: 60.462 Thread 0x0000022762d90e10 Thread exited: 0x0000022762d90e10
Event: 61.920 Thread 0x00000227609d9470 Thread exited: 0x00000227609d9470
Event: 62.953 Thread 0x0000022758513c20 Thread added: 0x0000022762605870
Event: 62.977 Thread 0x0000022758514430 Thread added: 0x0000022763cae930


Dynamic libraries:
0x00007ff613bd0000 - 0x00007ff613bda000 	C:\Program Files\Android\Android Studio\jbr\bin\java.exe
0x00007ff931320000 - 0x00007ff931586000 	C:\WINDOWS\SYSTEM32\ntdll.dll
0x00007ff930f40000 - 0x00007ff931009000 	C:\WINDOWS\System32\KERNEL32.DLL
0x00007ff92e8a0000 - 0x00007ff92ec9e000 	C:\WINDOWS\System32\KERNELBASE.dll
0x00007ff92e740000 - 0x00007ff92e88c000 	C:\WINDOWS\System32\ucrtbase.dll
0x00007ff91b210000 - 0x00007ff91b22b000 	C:\Program Files\Android\Android Studio\jbr\bin\VCRUNTIME140.dll
0x00007ff91b2e0000 - 0x00007ff91b2f6000 	C:\Program Files\Android\Android Studio\jbr\bin\jli.dll
0x00007ff930400000 - 0x00007ff9305c7000 	C:\WINDOWS\System32\USER32.dll
0x00007ff92f020000 - 0x00007ff92f047000 	C:\WINDOWS\System32\win32u.dll
0x00007ff930e30000 - 0x00007ff930e5b000 	C:\WINDOWS\System32\GDI32.dll
0x00007ff9117b0000 - 0x00007ff911a42000 	C:\WINDOWS\WinSxS\amd64_microsoft.windows.common-controls_6595b64144ccf1df_6.0.26100.8875_none_3e0d5d42e32fe9dd\COMCTL32.dll
0x00007ff92ecb0000 - 0x00007ff92edda000 	C:\WINDOWS\System32\gdi32full.dll
0x00007ff92f050000 - 0x00007ff92f0f9000 	C:\WINDOWS\System32\msvcrt.dll
0x00007ff92e690000 - 0x00007ff92e733000 	C:\WINDOWS\System32\msvcp_win.dll
0x00007ff931120000 - 0x00007ff931152000 	C:\WINDOWS\System32\IMM32.DLL
0x00007ff928740000 - 0x00007ff92874c000 	C:\Program Files\Android\Android Studio\jbr\bin\vcruntime140_1.dll
0x00007ff9104e0000 - 0x00007ff91056d000 	C:\Program Files\Android\Android Studio\jbr\bin\msvcp140.dll
0x00007ff892870000 - 0x00007ff89374a000 	C:\Program Files\Android\Android Studio\jbr\bin\server\jvm.dll
0x00007ff930d70000 - 0x00007ff930e27000 	C:\WINDOWS\System32\ADVAPI32.dll
0x00007ff92f100000 - 0x00007ff92f1aa000 	C:\WINDOWS\System32\sechost.dll
0x00007ff92fd60000 - 0x00007ff92fe78000 	C:\WINDOWS\System32\RPCRT4.dll
0x00007ff931250000 - 0x00007ff9312d0000 	C:\WINDOWS\System32\WS2_32.dll
0x00007ff928880000 - 0x00007ff9288b6000 	C:\WINDOWS\SYSTEM32\WINMM.dll
0x00007ff92e3a0000 - 0x00007ff92e3fe000 	C:\WINDOWS\SYSTEM32\POWRPROF.dll
0x00007ff911ca0000 - 0x00007ff911cab000 	C:\WINDOWS\SYSTEM32\VERSION.dll
0x00007ff92e380000 - 0x00007ff92e394000 	C:\WINDOWS\SYSTEM32\UMPDC.dll
0x00007ff92d150000 - 0x00007ff92d16b000 	C:\WINDOWS\SYSTEM32\kernel.appcore.dll
0x00007ff927fa0000 - 0x00007ff927faa000 	C:\Program Files\Android\Android Studio\jbr\bin\jimage.dll
0x00007ff92b9d0000 - 0x00007ff92bc12000 	C:\WINDOWS\SYSTEM32\DBGHELP.DLL
0x00007ff92fe80000 - 0x00007ff930203000 	C:\WINDOWS\System32\combase.dll
0x00007ff930320000 - 0x00007ff9303f9000 	C:\WINDOWS\System32\OLEAUT32.dll
0x00007ff9069c0000 - 0x00007ff9069fb000 	C:\WINDOWS\SYSTEM32\dbgcore.DLL
0x00007ff92e5d0000 - 0x00007ff92e67c000 	C:\WINDOWS\System32\bcryptPrimitives.dll
0x00007ff91b230000 - 0x00007ff91b23e000 	C:\Program Files\Android\Android Studio\jbr\bin\instrument.dll
0x00007ff91b190000 - 0x00007ff91b1af000 	C:\Program Files\Android\Android Studio\jbr\bin\java.dll
0x00007ff92f610000 - 0x00007ff92f7a9000 	C:\WINDOWS\System32\ole32.dll
0x00007ff9305d0000 - 0x00007ff930d62000 	C:\WINDOWS\System32\SHELL32.dll
0x00007ff91b170000 - 0x00007ff91b187000 	C:\Program Files\Android\Android Studio\jbr\bin\zip.dll
0x00007ff92bfa0000 - 0x00007ff92c832000 	C:\WINDOWS\SYSTEM32\windows.storage.dll
0x00007ff931020000 - 0x00007ff931117000 	C:\WINDOWS\System32\SHCORE.dll
0x00007ff92f7b0000 - 0x00007ff92f817000 	C:\WINDOWS\System32\shlwapi.dll
0x00007ff92e460000 - 0x00007ff92e489000 	C:\WINDOWS\SYSTEM32\profapi.dll
0x00007ff927df0000 - 0x00007ff927e00000 	C:\Program Files\Android\Android Studio\jbr\bin\net.dll
0x00007ff92d7d0000 - 0x00007ff92d83c000 	C:\WINDOWS\system32\mswsock.dll
0x00007ff91ae40000 - 0x00007ff91ae56000 	C:\Program Files\Android\Android Studio\jbr\bin\nio.dll
0x00007ff912b80000 - 0x00007ff912b90000 	C:\Program Files\Android\Android Studio\jbr\bin\verify.dll
0x00007ff9122f0000 - 0x00007ff912317000 	C:\Users\SIVA\.gradle\native\660c5614fbf4a5f2a75b1949f50a0caf5cd603558e7d8a26e50b933a0cfb79d1\windows-amd64\native-platform.dll
0x00007ff8c2290000 - 0x00007ff8c2307000 	C:\Users\SIVA\.gradle\native\0.2.8\x86_64-windows-gnu\gradle-fileevents.dll
0x00007ff91b200000 - 0x00007ff91b209000 	C:\Program Files\Android\Android Studio\jbr\bin\management.dll
0x00007ff912da0000 - 0x00007ff912dab000 	C:\Program Files\Android\Android Studio\jbr\bin\management_ext.dll
0x00007ff930310000 - 0x00007ff930318000 	C:\WINDOWS\System32\PSAPI.DLL
0x00007ff92cb90000 - 0x00007ff92cbc3000 	C:\WINDOWS\SYSTEM32\IPHLPAPI.DLL
0x00007ff931240000 - 0x00007ff93124a000 	C:\WINDOWS\System32\NSI.dll
0x00007ff926c30000 - 0x00007ff926c39000 	C:\Program Files\Android\Android Studio\jbr\bin\extnet.dll
0x00007ff92dad0000 - 0x00007ff92daeb000 	C:\WINDOWS\SYSTEM32\CRYPTSP.dll
0x00007ff92d170000 - 0x00007ff92d1a9000 	C:\WINDOWS\system32\rsaenh.dll
0x00007ff92d890000 - 0x00007ff92d8c2000 	C:\WINDOWS\SYSTEM32\USERENV.dll
0x00007ff92e430000 - 0x00007ff92e45a000 	C:\WINDOWS\SYSTEM32\bcrypt.dll
0x00007ff92daf0000 - 0x00007ff92dafc000 	C:\WINDOWS\SYSTEM32\CRYPTBASE.dll
0x00007ff8ebf00000 - 0x00007ff8ebf08000 	C:\WINDOWS\system32\wshunix.dll
0x00007ff92d330000 - 0x00007ff92d366000 	C:\WINDOWS\SYSTEM32\ntmarta.dll
0x00007ff92cc20000 - 0x00007ff92cd76000 	C:\WINDOWS\SYSTEM32\DNSAPI.dll
0x00007ff92d5d0000 - 0x00007ff92d5dd000 	C:\WINDOWS\SYSTEM32\DSPARSE.dll
0x000000006c530000 - 0x000000006c556000 	C:\Program Files\Bonjour\mdnsNSP.dll
0x00007ff91f160000 - 0x00007ff91f16b000 	C:\Windows\System32\rasadhlp.dll
0x00007ff926d70000 - 0x00007ff926df6000 	C:\WINDOWS\System32\fwpuclnt.dll

JVMTI agents:
C:\Users\SIVA\.gradle\wrapper\dists\gradle-9.3.1-bin\23ovyewtku6u96viwx3xl3oks\gradle-9.3.1\lib\agents\gradle-instrumentation-agent-9.3.1.jar path:C:\Program Files\Android\Android Studio\jbr\bin\instrument.dll, loaded, initialized, instrumentlib options:none

dbghelp: loaded successfully - version: 4.0.5 - missing functions: none
symbol engine: initialized successfully - sym options: 0x614 - pdb path: .;C:\Program Files\Android\Android Studio\jbr\bin;C:\WINDOWS\SYSTEM32;C:\WINDOWS\WinSxS\amd64_microsoft.windows.common-controls_6595b64144ccf1df_6.0.26100.8875_none_3e0d5d42e32fe9dd;C:\Program Files\Android\Android Studio\jbr\bin\server;C:\Users\SIVA\.gradle\native\660c5614fbf4a5f2a75b1949f50a0caf5cd603558e7d8a26e50b933a0cfb79d1\windows-amd64;C:\Users\SIVA\.gradle\native\0.2.8\x86_64-windows-gnu;C:\Program Files\Bonjour

VM Arguments:
jvm_args: --add-opens=java.base/java.lang=ALL-UNNAMED --add-opens=java.base/java.lang.invoke=ALL-UNNAMED --add-opens=java.base/java.util=ALL-UNNAMED --add-opens=java.prefs/java.util.prefs=ALL-UNNAMED --add-exports=jdk.compiler/com.sun.tools.javac.api=ALL-UNNAMED --add-exports=jdk.compiler/com.sun.tools.javac.util=ALL-UNNAMED --add-opens=java.base/java.util=ALL-UNNAMED --add-opens=java.prefs/java.util.prefs=ALL-UNNAMED --add-opens=java.base/java.nio.charset=ALL-UNNAMED --add-opens=java.base/java.net=ALL-UNNAMED --add-opens=java.base/java.util.concurrent=ALL-UNNAMED --add-opens=java.base/java.util.concurrent.atomic=ALL-UNNAMED --add-opens=java.xml/javax.xml.namespace=ALL-UNNAMED --add-opens=java.base/java.time=ALL-UNNAMED --enable-native-access=ALL-UNNAMED -Xmx4g -Dfile.encoding=UTF-8 -Duser.country=IN -Duser.language=en -Duser.variant -javaagent:C:\Users\SIVA\.gradle\wrapper\dists\gradle-9.3.1-bin\23ovyewtku6u96viwx3xl3oks\gradle-9.3.1\lib\agents\gradle-instrumentation-agent-9.3.1.jar 
java_command: org.gradle.launcher.daemon.bootstrap.GradleDaemon 9.3.1
java_class_path (initial): C:\Users\SIVA\.gradle\wrapper\dists\gradle-9.3.1-bin\23ovyewtku6u96viwx3xl3oks\gradle-9.3.1\lib\gradle-daemon-main-9.3.1.jar
Launcher Type: SUN_STANDARD

[Global flags]
     intx CICompilerCount                          = 4                                         {product} {ergonomic}
     uint ConcGCThreads                            = 3                                         {product} {ergonomic}
     uint G1ConcRefinementThreads                  = 10                                        {product} {ergonomic}
   size_t G1HeapRegionSize                         = 2097152                                   {product} {ergonomic}
   size_t InitialHeapSize                          = 264241152                                 {product} {ergonomic}
   size_t MarkStackSize                            = 4194304                                   {product} {ergonomic}
   size_t MarkStackSizeMax                         = 536870912                                 {product} {ergonomic}
   size_t MaxHeapSize                              = 4294967296                                {product} {command line}
   size_t MaxNewSize                               = 2575302656                                {product} {ergonomic}
   size_t MinHeapDeltaBytes                        = 2097152                                   {product} {ergonomic}
   size_t MinHeapSize                              = 8388608                                   {product} {ergonomic}
    uintx NonNMethodCodeHeapSize                   = 5832704                                {pd product} {ergonomic}
    uintx NonProfiledCodeHeapSize                  = 122945536                              {pd product} {ergonomic}
    uintx ProfiledCodeHeapSize                     = 122880000                              {pd product} {ergonomic}
    uintx ReservedCodeCacheSize                    = 251658240                              {pd product} {ergonomic}
     bool SegmentedCodeCache                       = true                                      {product} {ergonomic}
   size_t SoftMaxHeapSize                          = 4294967296                             {manageable} {ergonomic}
     bool UseCompressedOops                        = true                           {product lp64_product} {ergonomic}
     bool UseG1GC                                  = true                                      {product} {ergonomic}
     bool UseLargePagesIndividualAllocation        = false                                  {pd product} {ergonomic}

Logging:
Log output configuration:
 #0: stdout all=warning uptime,level,tags foldmultilines=false
 #1: stderr all=off uptime,level,tags foldmultilines=false

Release file:
JAVA_VERSION="25.0.2" 
MODULES="java.base java.compiler java.datatransfer java.xml java.prefs java.desktop java.instrument java.logging java.management java.security.sasl java.naming java.rmi java.management.rmi java.net.http java.scripting java.security.jgss java.transaction.xa java.sql java.sql.rowset java.xml.crypto java.se java.smartcardio jdk.accessibility jdk.internal.jvmstat jdk.attach jdk.charsets jdk.internal.opt jdk.zipfs jdk.compiler jdk.crypto.cryptoki jdk.crypto.ec jdk.dynalink jdk.hotspot.agent jdk.httpserver jdk.internal.ed jdk.internal.le jdk.internal.md jdk.internal.vm.ci jdk.jartool jdk.javadoc jdk.jcmd jdk.jdeps jdk.jdwp.agent jdk.jdi jdk.jfr jdk.jlink jdk.localedata jdk.management jdk.management.agent jdk.management.jfr jdk.naming.dns jdk.naming.rmi jdk.net jdk.sctp jdk.security.auth jdk.security.jgss jdk.unsupported jdk.unsupported.desktop jdk.xml.dom" 
IMPLEMENTOR="JetBrains s.r.o." 
JAVA_RUNTIME_VERSION="25.0.2+-15348964-b329.117" 
LIBC="default" 
OS_ARCH="x86_64" 
OS_NAME="Windows" 
SOURCE=".:git:3cf398e84a39" 

Environment Variables:
PATH=C:\Program Files\Common Files\Oracle\Java\javapath;C:\WINDOWS\system32;C:\WINDOWS;C:\WINDOWS\System32\Wbem;C:\WINDOWS\System32\WindowsPowerShell\v1.0\;C:\WINDOWS\System32\OpenSSH\;C:\Program Files\dotnet\;C:\Program Files\nodejs\;C:\Program Files\Git\cmd;C:\Program Files\Go\bin;C:\Program Files\Docker\Docker\resources\bin;C:\Users\SIVA\.local\bin;C:\Users\SIVA\anaconda3;C:\Users\SIVA\anaconda3\Library\mingw-w64\bin;C:\Users\SIVA\anaconda3\Library\usr\bin;C:\Users\SIVA\anaconda3\Library\bin;C:\Users\SIVA\anaconda3\Scripts;C:\Users\SIVA\AppData\Local\Programs\Python\Python312\Scripts\;C:\Users\SIVA\AppData\Local\Programs\Python\Python312\;C:\Users\SIVA\AppData\Local\Microsoft\WindowsApps;C:\Users\SIVA\AppData\Local\Programs\Microsoft VS Code\bin;C:\Users\SIVA\AppData\Roaming\npm;C:\Users\SIVA\AppData\Local\Programs\mongosh\;C:\Users\SIVA\AppData\Local\Programs\Antigravity IDE\bin;C:\Users\SIVA\go\bin
USERNAME=SIVA
OS=Windows_NT
PROCESSOR_IDENTIFIER=Intel64 Family 6 Model 186 Stepping 3, GenuineIntel
TMP=C:\Users\SIVA\AppData\Local\Temp
TEMP=C:\Users\SIVA\AppData\Local\Temp




Compilation memory statistics disabled.

Periodic native trim disabled

JNI global refs:
JNI global refs: 26, weak refs: 0

JNI global refs memory usage: 835, weak refs: 201

Process memory usage:
Resident Set Size: 938532K (5% of 16454352K total physical memory with 1289004K free physical memory)

OOME stack traces (most recent first):
Classloader memory used:
Loader org.gradle.internal.classloader.VisitableURLClassLoader                         : 112 M
Loader bootstrap                                                                       : 32143 K
Loader org.gradle.initialization.MixInLegacyTypesClassLoader                           : 11641 K
Loader jdk.internal.loader.ClassLoaders$AppClassLoader                                 : 8288 K
Loader org.gradle.internal.classloader.VisitableURLClassLoader                         : 1005 K
Loader org.gradle.internal.classloader.VisitableURLClassLoader$InstrumentingVisitableURLClassLoader: 711 K
Loader jdk.internal.loader.ClassLoaders$PlatformClassLoader                            : 602 K
Loader jdk.internal.jrtfs.JrtFileSystemProvider$JrtFsLoader                            : 325 K
Loader org.gradle.groovy.scripts.internal.DefaultScriptCompilationHandler$ScriptClassLoader: 89304 B

Classes loaded by more than one classloader:
Class org.gradle.internal.IoActions                                                   : loaded 3 times (x 73B)
Class org.gradle.api.Action                                                           : loaded 3 times (x 72B)
Class org.gradle.internal.Cast                                                        : loaded 3 times (x 73B)
Class org.gradle.api.GradleException                                                  : loaded 3 times (x 84B)
Class Program                                                                         : loaded 3 times (x 74B)
Class jdk.internal.jimage.decompressor.StringSharingDecompressorFactory               : loaded 2 times (x 76B)
Class com.google.common.collect.UnmodifiableListIterator                              : loaded 2 times (x 97B)
Class org.gradle.internal.operations.MultipleBuildOperationFailures                   : loaded 2 times (x 97B)
Class org.gradle.internal.classloader.DefaultClassLoaderFactory                       : loaded 2 times (x 84B)
Class org.gradle.internal.classloader.ClassLoaderVisitor                              : loaded 2 times (x 78B)
Class org.gradle.api.internal.classpath.EffectiveClassPath                            : loaded 2 times (x 92B)
Class org.gradle.tooling.internal.gradle.DefaultProjectIdentifier                     : loaded 2 times (x 88B)
Class org.gradle.api.internal.DefaultClassPathProvider                                : loaded 2 times (x 78B)
Class [Lorg.gradle.api.internal.ClassPathProvider;                                    : loaded 2 times (x 71B)
Class org.gradle.api.internal.ClassPathProvider                                       : loaded 2 times (x 72B)
Class jdk.internal.jrtfs.SystemImage                                                  : loaded 2 times (x 76B)
Class sync_studio_tooling_enigq4dpzyu6vj62lro0e8mzn                                   : loaded 2 times (x 173B)
Class org.gradle.internal.service.UnknownServiceException                             : loaded 2 times (x 85B)
Class jdk.internal.jimage.ImageReader$LinkNode                                        : loaded 2 times (x 86B)
Class org.gradle.internal.classpath.TransformedClassPath                              : loaded 2 times (x 98B)
Class org.gradle.internal.classloader.InstrumentingClassLoader                        : loaded 2 times (x 72B)
Class jdk.internal.jrtfs.SystemImage$1                                                : loaded 2 times (x 80B)
Class com.google.common.collect.Iterators$ArrayItr                                    : loaded 2 times (x 99B)
Class jdk.internal.jrtfs.SystemImage$2                                                : loaded 2 times (x 78B)
Class com.google.common.collect.UnmodifiableIterator                                  : loaded 2 times (x 82B)
Class org.gradle.internal.service.ServiceLocator                                      : loaded 2 times (x 72B)
Class jdk.internal.jrtfs.JrtFileSystemProvider                                        : loaded 2 times (x 103B)
Class com.intellij.gradle.toolingExtension.util.GradleVersionUtil                     : loaded 2 times (x 73B)
Class com.google.common.collect.Iterators$SingletonIterator                           : loaded 2 times (x 83B)
Class org.gradle.tooling.model.UnsupportedMethodException                             : loaded 2 times (x 84B)
Class com.google.common.collect.Iterators                                             : loaded 2 times (x 73B)
Class jdk.internal.jimage.ImageLocation                                               : loaded 2 times (x 92B)
Class jdk.internal.jrtfs.JrtDirectoryStream$1                                         : loaded 2 times (x 85B)
Class com.google.common.collect.Lists$StringAsImmutableList                           : loaded 2 times (x 209B)
Class ijInit1_caqvkmaubisg4cvaqrlpdgw5f$_run_closure1                                 : loaded 2 times (x 141B)
Class jdk.internal.jimage.ImageBufferCache$1                                          : loaded 2 times (x 84B)
Class org.gradle.internal.time.DefaultTimer                                           : loaded 2 times (x 82B)
Class org.gradle.internal.classloader.ClasspathUtil$1                                 : loaded 2 times (x 78B)
Class jdk.internal.jimage.ImageBufferCache$2                                          : loaded 2 times (x 93B)
Class org.gradle.api.internal.classpath.DefaultModuleRegistry$DefaultModule           : loaded 2 times (x 88B)
Class com.google.common.collect.AbstractIterator                                      : loaded 2 times (x 84B)
Class com.google.common.collect.AbstractIndexedListIterator                           : loaded 2 times (x 98B)
Class org.gradle.internal.time.DefaultCountdownTimer                                  : loaded 2 times (x 90B)
Class org.gradle.tooling.internal.gradle.DefaultBuildIdentifier                       : loaded 2 times (x 81B)
Class org.gradle.api.internal.classpath.Module                                        : loaded 2 times (x 72B)
Class org.gradle.api.internal.classpath.UnknownModuleException                        : loaded 2 times (x 84B)
Class jdk.internal.jimage.ImageHeader                                                 : loaded 2 times (x 73B)
Class org.gradle.tooling.internal.gradle.GradleProjectIdentity                        : loaded 2 times (x 72B)
Class org.gradle.api.internal.DefaultClassPathRegistry                                : loaded 2 times (x 78B)
Class org.gradle.api.internal.ClassPathRegistry                                       : loaded 2 times (x 72B)
Class org.gradle.internal.classpath.DefaultClassPath$ImmutableUniqueList              : loaded 2 times (x 201B)
Class jdk.internal.jimage.decompressor.ResourceDecompressor                           : loaded 2 times (x 72B)
Class ijInit1_caqvkmaubisg4cvaqrlpdgw5f                                               : loaded 2 times (x 173B)
Class Settings_gradle$1                                                               : loaded 2 times (x 76B)
Class org.gradle.api.internal.classpath.ManifestUtil                                  : loaded 2 times (x 73B)
Class org.gradle.internal.classpath.ClassPath                                         : loaded 2 times (x 72B)
Class jdk.internal.jimage.ImageStringsReader                                          : loaded 2 times (x 82B)
Class com.google.common.collect.Iterators$1                                           : loaded 2 times (x 83B)
Class org.gradle.tooling.model.Model                                                  : loaded 2 times (x 72B)
Class kotlin.UninitializedPropertyAccessException                                     : loaded 2 times (x 84B)
Class jdk.internal.jimage.ImageReader                                                 : loaded 2 times (x 77B)
Class jdk.internal.jimage.ImageReader$SharedImageReader                               : loaded 2 times (x 97B)
Class com.google.common.collect.Iterators$4                                           : loaded 2 times (x 84B)
Class org.gradle.api.internal.classpath.ModuleRegistry                                : loaded 2 times (x 72B)
Class org.gradle.internal.installation.GradleInstallation$1                           : loaded 2 times (x 77B)
Class jdk.internal.jimage.decompressor.ResourceDecompressorFactory                    : loaded 2 times (x 76B)
Class com.google.common.collect.Iterators$5                                           : loaded 2 times (x 84B)
Class jdk.internal.jimage.ImageReader$Node                                            : loaded 2 times (x 86B)
Class com.google.common.collect.ImmutableCollection                                   : loaded 2 times (x 127B)
Class org.gradle.api.internal.classpath.DefaultModuleRegistry                         : loaded 2 times (x 88B)
Class jdk.internal.jimage.BasicImageReader$1                                          : loaded 2 times (x 79B)
Class com.google.common.collect.Lists                                                 : loaded 2 times (x 73B)
Class com.google.common.collect.Iterators$9                                           : loaded 2 times (x 83B)
Class jdk.internal.jimage.decompressor.Decompressor                                   : loaded 2 times (x 74B)
Class jdk.internal.jimage.ImageReader$Resource                                        : loaded 2 times (x 86B)
Class org.gradle.internal.time.MonotonicClock                                         : loaded 2 times (x 79B)
Class org.gradle.internal.service.ServiceLookupException                              : loaded 2 times (x 84B)
Class jdk.internal.jrtfs.JrtFileAttributes                                            : loaded 2 times (x 85B)
Class org.gradle.internal.classloader.ClassLoaderFactory                              : loaded 2 times (x 72B)
Class org.gradle.internal.service.CachingServiceLocator                               : loaded 2 times (x 84B)
Class org.gradle.internal.time.TimeSource                                             : loaded 2 times (x 72B)
Class org.gradle.tooling.internal.gradle.GradleBuildIdentity                          : loaded 2 times (x 72B)
Class org.gradle.internal.exceptions.ResolutionProvider                               : loaded 2 times (x 72B)
Class jdk.internal.jimage.ImageBufferCache                                            : loaded 2 times (x 73B)
Class jdk.internal.jrtfs.JrtPath                                                      : loaded 2 times (x 124B)
Class org.gradle.tooling.model.ProjectIdentifier                                      : loaded 2 times (x 72B)
Class org.gradle.internal.classloader.ClasspathUtil                                   : loaded 2 times (x 73B)
Class org.gradle.internal.time.TimeSource$1                                           : loaded 2 times (x 79B)
Class org.gradle.api.specs.Spec                                                       : loaded 2 times (x 72B)
Class jdk.internal.jimage.ImageReader$SharedImageReader$LocationVisitor               : loaded 2 times (x 72B)
Class jdk.internal.jimage.decompressor.ResourceDecompressorRepository                 : loaded 2 times (x 73B)
Class com.intellij.gradle.toolingExtension.impl.model.utilDummyModel.DummyModel       : loaded 2 times (x 72B)
Class org.gradle.internal.time.Clock                                                  : loaded 2 times (x 72B)
Class jdk.internal.jimage.ImageReader$Directory                                       : loaded 2 times (x 86B)
Class org.gradle.internal.classloader.VisitableURLClassLoader$InstrumentingVisitableURLClassLoader: loaded 2 times (x 124B)
Class org.gradle.internal.classloader.VisitableURLClassLoader$Spec                    : loaded 2 times (x 76B)
Class org.gradle.internal.classpath.DefaultClassPath                                  : loaded 2 times (x 92B)
Class jdk.internal.jimage.decompressor.ZipDecompressorFactory                         : loaded 2 times (x 76B)
Class org.gradle.util.internal.DefaultGradleVersion                                   : loaded 2 times (x 84B)
Class org.gradle.internal.classloader.ClassLoaderSpec                                 : loaded 2 times (x 73B)
Class Settings_gradle$1$1                                                             : loaded 2 times (x 76B)
Class org.gradle.internal.classloader.VisitableURLClassLoader                         : loaded 2 times (x 118B)
Class Settings_gradle                                                                 : loaded 2 times (x 126B)
Class org.gradle.internal.classloader.ClassLoaderHierarchy                            : loaded 2 times (x 72B)
Class jdk.internal.jimage.BasicImageReader                                            : loaded 2 times (x 97B)
Class jdk.internal.jimage.decompressor.ZipDecompressor                                : loaded 2 times (x 77B)
Class org.gradle.internal.classpath.DefaultClassPath$ImmutableUniqueList$Builder      : loaded 2 times (x 77B)
Class sync_studio_tooling_enigq4dpzyu6vj62lro0e8mzn$_run_closure1                     : loaded 2 times (x 140B)
Class org.gradle.internal.exceptions.NonGradleCauseExceptionsHolder                   : loaded 2 times (x 72B)
Class jdk.internal.jimage.ImageStrings                                                : loaded 2 times (x 72B)
Class org.gradle.internal.classloader.FilteringClassLoader                            : loaded 2 times (x 106B)
Class org.gradle.internal.classloader.SystemClassLoaderSpec                           : loaded 2 times (x 73B)
Class kotlin.jvm.internal.Intrinsics                                                  : loaded 2 times (x 73B)
Class org.gradle.internal.exceptions.MultiCauseException                              : loaded 2 times (x 72B)
Class org.gradle.internal.time.CountdownTimer                                         : loaded 2 times (x 72B)
Class jdk.internal.jrtfs.JrtFileSystem                                                : loaded 2 times (x 104B)
Class org.gradle.tooling.model.ProjectModel                                           : loaded 2 times (x 72B)
Class jdk.internal.jimage.decompressor.CompressedResourceHeader                       : loaded 2 times (x 73B)
Class kotlin.KotlinNullPointerException                                               : loaded 2 times (x 84B)
Class org.gradle.internal.exceptions.DefaultMultiCauseException                       : loaded 2 times (x 97B)
Class com.google.common.base.Preconditions                                            : loaded 2 times (x 73B)
Class com.google.common.collect.PeekingIterator                                       : loaded 2 times (x 72B)
Class org.gradle.internal.time.Time                                                   : loaded 2 times (x 73B)
Class org.gradle.api.internal.classpath.GlobalCacheRootsProvider                      : loaded 2 times (x 72B)
Class org.gradle.tooling.model.BuildIdentifier                                        : loaded 2 times (x 72B)
Class kotlin.NoWhenBranchMatchedException                                             : loaded 2 times (x 84B)
Class org.gradle.internal.time.Timer                                                  : loaded 2 times (x 72B)
Class org.gradle.internal.installation.CurrentGradleInstallationLocator               : loaded 2 times (x 73B)
Class com.google.common.collect.ImmutableList                                         : loaded 2 times (x 208B)
Class org.gradle.internal.service.DefaultServiceLocator                               : loaded 2 times (x 85B)
Class jdk.internal.jrtfs.JrtDirectoryStream                                           : loaded 2 times (x 91B)
Class org.gradle.util.GradleVersion                                                   : loaded 2 times (x 83B)
Class org.gradle.internal.installation.CurrentGradleInstallation                      : loaded 2 times (x 75B)
Class org.gradle.util.internal.GUtil                                                  : loaded 2 times (x 73B)
Class com.google.common.collect.Iterators$MergingIterator                             : loaded 2 times (x 83B)
Class org.gradle.internal.installation.GradleInstallation                             : loaded 2 times (x 77B)
Class jdk.internal.jimage.decompressor.ResourceDecompressor$StringsProvider           : loaded 2 times (x 72B)

---------------  S Y S T E M  ---------------

OS:
 Windows 11 , 64 bit Build 26100 (10.0.26100.8875)
OS uptime: 0 days 8:05 hours
Hyper-V role detected

CPU: total 12 (initial active 12) (6 cores per cpu, 2 threads per core) family 6 model 186 stepping 3 microcode 0x6134, cx8, cmov, fxsr, ht, mmx, 3dnowpref, sse, sse2, sse3, ssse3, sse4.1, sse4.2, popcnt, lzcnt, tsc, tscinvbit, avx, avx2, aes, erms, clmul, bmi1, bmi2, adx, sha, fma, vzeroupper, clflush, clflushopt, clwb, hv, serialize, rdtscp, rdpid, fsrm, gfni, f16c, cet_ibt, cet_ss
Processor Information for the first 12 processors :
  Max Mhz: 1300, Current Mhz: 1300, Mhz Limit: 1300

Memory: 4k page, system-wide physical 16068M (1268M free)
TotalPageFile size 20164M (AvailPageFile size 48M)
current process WorkingSet (physical memory assigned to process): 916M, peak: 926M
current process commit charge ("private bytes"): 943M, peak: 973M

vm_info: OpenJDK 64-Bit Server VM (25.0.2+-15348964-b329.117) for windows-amd64 JRE (25.0.2+-15348964-b329.117), built on 2026-05-05T18:25:19Z with MS VC++ 16.10 / 16.11 (VS2019)

END.
