#
# There is insufficient memory for the Java Runtime Environment to continue.
# Native memory allocation (malloc) failed to allocate 13217176 bytes. Error detail: Chunk::new
# Possible reasons:
#   The system is out of physical RAM or swap space
#   This process is running with CompressedOops enabled, and the Java Heap may be blocking the growth of the native heap
# Possible solutions:
#   Reduce memory load on the system
#   Increase physical memory or swap space
#   Check if swap backing store is full
#   Decrease Java heap size (-Xmx/-Xms)
#   Decrease number of Java threads
#   Decrease Java thread stack sizes (-Xss)
#   Set larger code cache with -XX:ReservedCodeCacheSize=
#   JVM is running with Zero Based Compressed Oops mode in which the Java heap is
#     placed in the first 32GB address space. The Java Heap base address is the
#     maximum limit for the native heap growth. Please use -XX:HeapBaseMinAddress
#     to set the Java Heap base and to place the Java Heap above 32GB virtual address.
# This output file may be truncated or incomplete.
#
#  Out of Memory Error (arena.cpp:186), pid=24180, tid=26584
#
# JRE version: OpenJDK Runtime Environment (25.0.2) (build 25.0.2+-15348964-b329.117)
# Java VM: OpenJDK 64-Bit Server VM (25.0.2+-15348964-b329.117, mixed mode, tiered, compressed oops, compressed class ptrs, g1 gc, windows-amd64)
# No core dump will be written. Minidumps are not enabled by default on client versions of Windows
#

---------------  S U M M A R Y ------------

Command Line: --add-opens=java.base/java.lang=ALL-UNNAMED --add-opens=java.base/java.lang.invoke=ALL-UNNAMED --add-opens=java.base/java.util=ALL-UNNAMED --add-opens=java.prefs/java.util.prefs=ALL-UNNAMED --add-exports=jdk.compiler/com.sun.tools.javac.api=ALL-UNNAMED --add-exports=jdk.compiler/com.sun.tools.javac.util=ALL-UNNAMED --add-opens=java.base/java.util=ALL-UNNAMED --add-opens=java.prefs/java.util.prefs=ALL-UNNAMED --add-opens=java.base/java.nio.charset=ALL-UNNAMED --add-opens=java.base/java.net=ALL-UNNAMED --add-opens=java.base/java.util.concurrent=ALL-UNNAMED --add-opens=java.base/java.util.concurrent.atomic=ALL-UNNAMED --add-opens=java.xml/javax.xml.namespace=ALL-UNNAMED --add-opens=java.base/java.time=ALL-UNNAMED --enable-native-access=ALL-UNNAMED -Xmx4g -Dfile.encoding=UTF-8 -Duser.country=IN -Duser.language=en -Duser.variant -javaagent:C:\Users\SIVA\.gradle\wrapper\dists\gradle-9.3.1-bin\23ovyewtku6u96viwx3xl3oks\gradle-9.3.1\lib\agents\gradle-instrumentation-agent-9.3.1.jar org.gradle.launcher.daemon.bootstrap.GradleDaemon 9.3.1

Host: 13th Gen Intel(R) Core(TM) i5-1334U, 12 cores, 15G,  Windows 11 , 64 bit Build 26100 (10.0.26100.8875)
Time: Mon Aug 10 22:36:35 2026 India Standard Time elapsed time: 1647.657396 seconds (0d 0h 27m 27s)

---------------  T H R E A D  ---------------

Current thread (0x00000264408152b0):  JavaThread "C2 CompilerThread0" daemon [_thread_in_native, id=26584, stack(0x000000eadca00000,0x000000eadcb00000) (1024K)]


Current CompileTask:
C2:1647657 63490       4       com.android.tools.r8.internal.n43::a (500 bytes)

Stack: [0x000000eadca00000,0x000000eadcb00000]
Native frames: (J=compiled Java code, j=interpreted, Vv=VM code, C=native code)
V  [jvm.dll+0x7bd439]  (no source info available)
V  [jvm.dll+0x78763d]  (no source info available)
V  [jvm.dll+0xa0c885]  (no source info available)
V  [jvm.dll+0xa0ef04]  (no source info available)
V  [jvm.dll+0xa0f603]  (no source info available)
V  [jvm.dll+0x309bf6]  (no source info available)
V  [jvm.dll+0x10ea69]  (no source info available)
V  [jvm.dll+0x10ed92]  (no source info available)
V  [jvm.dll+0x1a9837]  (no source info available)
V  [jvm.dll+0x3bec92]  (no source info available)
V  [jvm.dll+0x7c2cb7]  (no source info available)
V  [jvm.dll+0x2ce046]  (no source info available)
V  [jvm.dll+0x2cd221]  (no source info available)
V  [jvm.dll+0x242ffa]  (no source info available)
V  [jvm.dll+0x2dcc05]  (no source info available)
V  [jvm.dll+0x2dae06]  (no source info available)
V  [jvm.dll+0x49b59e]  (no source info available)
V  [jvm.dll+0x9ab9c8]  (no source info available)
V  [jvm.dll+0x7bb985]  (no source info available)
C  [ucrtbase.dll+0x2cd30]  (no source info available)
C  [KERNEL32.DLL+0x2e957]  (no source info available)
C  [ntdll.dll+0xaad6c]  (no source info available)

Lock stack of current Java thread (top to bottom):


---------------  P R O C E S S  ---------------

Threads class SMR info:
_java_thread_list=0x00000264621aca60, length=111, elements={
0x000002642623f7e0, 0x00000264407db920, 0x00000264407faf50, 0x00000264407fbdb0,
0x000002644080e790, 0x000002644080ef50, 0x000002644080fb10, 0x00000264408106d0,
0x00000264408152b0, 0x000002644081def0, 0x0000026440efddc0, 0x00000264471c0170,
0x00000264474c8c80, 0x00000264475d2770, 0x000002644793cee0, 0x000002644793d6b0,
0x000002644793e650, 0x0000026447941d00, 0x0000026448da66a0, 0x0000026448da8db0,
0x0000026448da9580, 0x0000026448da5ed0, 0x0000026448da9d50, 0x0000026448da7640,
0x0000026448da7e10, 0x0000026448dacc30, 0x0000026448dad400, 0x0000026448dabc90,
0x0000026448dac460, 0x000002644913b8c0, 0x000002644913a150, 0x00000264491406e0,
0x000002644ab61e00, 0x0000026452d78f50, 0x0000026452d76840, 0x000002644ab5cfe0,
0x000002644ab5c040, 0x000002644ab63d40, 0x000002644ab60690, 0x000002644ab68b60,
0x000002644ab673f0, 0x000002644ab654b0, 0x000002644ab69b00, 0x0000026452d7c600,
0x0000026452d7ae90, 0x0000026452d79ef0, 0x0000026452d7e540, 0x0000026452d7d5a0,
0x0000026452d80480, 0x0000026452d7ed10, 0x0000026452d84300, 0x0000026452d84ad0,
0x0000026447f82070, 0x0000026447f7e9c0, 0x0000026447f84f50, 0x0000026447f87660,
0x0000026447f87e30, 0x0000026447f8c480, 0x0000026447f8cc50, 0x0000026447f89d70,
0x000002644a5e3d60, 0x000002644a5e1650, 0x000002644c099e10, 0x000002644c09dc90,
0x000002644c09a5e0, 0x000002644c0a0b70, 0x000002644c0a3280, 0x000002644c0a8870,
0x0000026448a5b840, 0x0000026448a5df50, 0x0000026448a60660, 0x0000026448a61dd0,
0x0000026448a625a0, 0x0000026448a62d70, 0x00000264489ba630, 0x00000264489bc570,
0x00000264489bdce0, 0x00000264489be4b0, 0x00000264489bec80, 0x00000264475bd6d0,
0x00000264475c1d20, 0x000002644793bf40, 0x000002644ab5d7b0, 0x000002644ab5df80,
0x000002644913ef70, 0x000002644913ff10, 0x0000026452d777e0, 0x000002644c09e460,
0x000002644c09ec30, 0x0000026447f7f960, 0x0000026452d05fe0, 0x0000026452d09e60,
0x0000026452d067b0, 0x0000026452d086f0, 0x0000026452d0f450, 0x0000026452d0c570,
0x0000026452d10bc0, 0x0000026452d1c740, 0x0000026452d14270, 0x0000026452d1e680,
0x0000026452d21d30, 0x0000026452d24440, 0x000002644a5ddfa0, 0x000002644a5dc830,
0x000002644c0a22e0, 0x000002644c0a6930, 0x0000026449614a80, 0x0000026452d07750,
0x0000026452d188c0, 0x0000026449958040, 0x000002644bd2ef80
}

Java Threads: ( => current thread )
  0x000002642623f7e0 JavaThread "main"                              [_thread_blocked, id=2992, stack(0x000000eadbb00000,0x000000eadbc00000) (1024K)]
  0x00000264407db920 JavaThread "Common-Cleaner"             daemon [_thread_blocked, id=5848, stack(0x000000eadc300000,0x000000eadc400000) (1024K)]
  0x00000264407faf50 JavaThread "Reference Handler"          daemon [_thread_blocked, id=23436, stack(0x000000eadc400000,0x000000eadc500000) (1024K)]
  0x00000264407fbdb0 JavaThread "Finalizer"                  daemon [_thread_blocked, id=27332, stack(0x000000eadc500000,0x000000eadc600000) (1024K)]
  0x000002644080e790 JavaThread "Signal Dispatcher"          daemon [_thread_blocked, id=1212, stack(0x000000eadc600000,0x000000eadc700000) (1024K)]
  0x000002644080ef50 JavaThread "Attach Listener"            daemon [_thread_blocked, id=11904, stack(0x000000eadc700000,0x000000eadc800000) (1024K)]
  0x000002644080fb10 JavaThread "Service Thread"             daemon [_thread_blocked, id=2252, stack(0x000000eadc800000,0x000000eadc900000) (1024K)]
  0x00000264408106d0 JavaThread "Monitor Deflation Thread"   daemon [_thread_blocked, id=26052, stack(0x000000eadc900000,0x000000eadca00000) (1024K)]
=>0x00000264408152b0 JavaThread "C2 CompilerThread0"         daemon [_thread_in_native, id=26584, stack(0x000000eadca00000,0x000000eadcb00000) (1024K)]
  0x000002644081def0 JavaThread "C1 CompilerThread0"         daemon [_thread_blocked, id=6136, stack(0x000000eadcb00000,0x000000eadcc00000) (1024K)]
  0x0000026440efddc0 JavaThread "Notification Thread"        daemon [_thread_blocked, id=8524, stack(0x000000eadcc00000,0x000000eadcd00000) (1024K)]
  0x00000264471c0170 JavaThread "Daemon health stats"               [_thread_blocked, id=18992, stack(0x000000eadce00000,0x000000eadcf00000) (1024K)]
  0x00000264474c8c80 JavaThread "Incoming local TCP Connector on port 6595"        [_thread_in_native, id=17480, stack(0x000000eadd400000,0x000000eadd500000) (1024K)]
  0x00000264475d2770 JavaThread "Daemon periodic checks"            [_thread_blocked, id=23944, stack(0x000000eadd500000,0x000000eadd600000) (1024K)]
  0x000002644793cee0 JavaThread "Cache worker for journal cache (C:\Users\SIVA\.gradle\caches\journal-1)"        [_thread_blocked, id=11456, stack(0x000000eade300000,0x000000eade400000) (1024K)]
  0x000002644793d6b0 JavaThread "File lock request listener"        [_thread_in_native, id=28620, stack(0x000000eade400000,0x000000eade500000) (1024K)]
  0x000002644793e650 JavaThread "Cache worker for file hash cache (C:\Users\SIVA\.gradle\caches\9.3.1\fileHashes)"        [_thread_blocked, id=23468, stack(0x000000eade500000,0x000000eade600000) (1024K)]
  0x0000026447941d00 JavaThread "File watcher server"        daemon [_thread_blocked, id=1148, stack(0x000000eade800000,0x000000eade900000) (1024K)]
  0x0000026448da66a0 JavaThread "File watcher consumer"      daemon [_thread_blocked, id=14248, stack(0x000000eade900000,0x000000eadea00000) (1024K)]
  0x0000026448da8db0 JavaThread "jar transforms"                    [_thread_blocked, id=19724, stack(0x000000eadea00000,0x000000eadeb00000) (1024K)]
  0x0000026448da9580 JavaThread "jar transforms Thread 2"           [_thread_blocked, id=8432, stack(0x000000eadeb00000,0x000000eadec00000) (1024K)]
  0x0000026448da5ed0 JavaThread "jar transforms Thread 3"           [_thread_blocked, id=28880, stack(0x000000eadec00000,0x000000eaded00000) (1024K)]
  0x0000026448da9d50 JavaThread "jar transforms Thread 4"           [_thread_blocked, id=22524, stack(0x000000eaded00000,0x000000eadee00000) (1024K)]
  0x0000026448da7640 JavaThread "jar transforms Thread 5"           [_thread_blocked, id=26360, stack(0x000000eadee00000,0x000000eadef00000) (1024K)]
  0x0000026448da7e10 JavaThread "jar transforms Thread 6"           [_thread_blocked, id=11024, stack(0x000000eadef00000,0x000000eadf000000) (1024K)]
  0x0000026448dacc30 JavaThread "jar transforms Thread 7"           [_thread_blocked, id=26884, stack(0x000000eadf000000,0x000000eadf100000) (1024K)]
  0x0000026448dad400 JavaThread "jar transforms Thread 8"           [_thread_blocked, id=21448, stack(0x000000eadf100000,0x000000eadf200000) (1024K)]
  0x0000026448dabc90 JavaThread "jar transforms Thread 9"           [_thread_blocked, id=24572, stack(0x000000eadf200000,0x000000eadf300000) (1024K)]
  0x0000026448dac460 JavaThread "jar transforms Thread 10"          [_thread_blocked, id=28496, stack(0x000000eadf300000,0x000000eadf400000) (1024K)]
  0x000002644913b8c0 JavaThread "jar transforms Thread 11"          [_thread_blocked, id=10744, stack(0x000000eadf400000,0x000000eadf500000) (1024K)]
  0x000002644913a150 JavaThread "jar transforms Thread 12"          [_thread_blocked, id=10044, stack(0x000000eadf500000,0x000000eadf600000) (1024K)]
  0x00000264491406e0 JavaThread "Cache worker for file content cache (C:\Users\SIVA\.gradle\caches\9.3.1\fileContent)"        [_thread_blocked, id=11100, stack(0x000000eadf700000,0x000000eadf800000) (1024K)]
  0x000002644ab61e00 JavaThread "Memory manager"                    [_thread_blocked, id=21824, stack(0x000000eadcd00000,0x000000eadce00000) (1024K)]
  0x0000026452d78f50 JavaThread "Daemon Thread 3"                   [_thread_blocked, id=23632, stack(0x000000eadb800000,0x000000eadb900000) (1024K)]
  0x0000026452d76840 JavaThread "Daemon worker Thread 3"            [_thread_blocked, id=25960, stack(0x000000eadd600000,0x000000eadd700000) (1024K)]
  0x000002644ab5cfe0 JavaThread "Handler for socket connection from /127.0.0.1:6595 to /127.0.0.1:12659"        [_thread_in_native, id=9220, stack(0x000000eadb900000,0x000000eadba00000) (1024K)]
  0x000002644ab5c040 JavaThread "Cancel handler"                    [_thread_blocked, id=19348, stack(0x000000eadba00000,0x000000eadbb00000) (1024K)]
  0x000002644ab63d40 JavaThread "Asynchronous log dispatcher for DefaultDaemonConnection: socket connection from /127.0.0.1:6595 to /127.0.0.1:12659"        [_thread_blocked, id=27972, stack(0x000000eadde00000,0x000000eaddf00000) (1024K)]
  0x000002644ab60690 JavaThread "Stdin handler"                     [_thread_blocked, id=18120, stack(0x000000eaddf00000,0x000000eade000000) (1024K)]
  0x000002644ab68b60 JavaThread "Daemon client event forwarder"        [_thread_blocked, id=14236, stack(0x000000eade000000,0x000000eade100000) (1024K)]
  0x000002644ab673f0 JavaThread "Cache worker for file hash cache (C:\Users\SIVA\Downloads\palm\.gradle\9.3.1\fileHashes)"        [_thread_blocked, id=2344, stack(0x000000eade100000,0x000000eade200000) (1024K)]
  0x000002644ab654b0 JavaThread "Cache worker for checksums cache (C:\Users\SIVA\Downloads\palm\.gradle\9.3.1\checksums)"        [_thread_blocked, id=14828, stack(0x000000eade200000,0x000000eade300000) (1024K)]
  0x000002644ab69b00 JavaThread "Cache worker for Build Output Cleanup Cache (C:\Users\SIVA\Downloads\palm\.gradle\buildOutputCleanup)"        [_thread_blocked, id=25336, stack(0x000000eade600000,0x000000eade700000) (1024K)]
  0x0000026452d7c600 JavaThread "Cache worker for cache directory md-supplier (C:\Users\SIVA\.gradle\caches\9.3.1\md-supplier)"        [_thread_blocked, id=3816, stack(0x000000eade700000,0x000000eade800000) (1024K)]
  0x0000026452d7ae90 JavaThread "Cache worker for cache directory md-rule (C:\Users\SIVA\.gradle\caches\9.3.1\md-rule)"        [_thread_blocked, id=7792, stack(0x000000eadf800000,0x000000eadf900000) (1024K)]
  0x0000026452d79ef0 JavaThread "Unconstrained build operations"        [_thread_blocked, id=1732, stack(0x000000eadf900000,0x000000eadfa00000) (1024K)]
  0x0000026452d7e540 JavaThread "Unconstrained build operations Thread 2"        [_thread_blocked, id=20388, stack(0x000000eadfa00000,0x000000eadfb00000) (1024K)]
  0x0000026452d7d5a0 JavaThread "Unconstrained build operations Thread 3"        [_thread_blocked, id=14188, stack(0x000000eadfb00000,0x000000eadfc00000) (1024K)]
  0x0000026452d80480 JavaThread "Unconstrained build operations Thread 4"        [_thread_blocked, id=25148, stack(0x000000eadfe00000,0x000000eadff00000) (1024K)]
  0x0000026452d7ed10 JavaThread "Unconstrained build operations Thread 5"        [_thread_blocked, id=24184, stack(0x000000eadff00000,0x000000eae0000000) (1024K)]
  0x0000026452d84300 JavaThread "Unconstrained build operations Thread 6"        [_thread_blocked, id=14164, stack(0x000000eae0000000,0x000000eae0100000) (1024K)]
  0x0000026452d84ad0 JavaThread "Unconstrained build operations Thread 7"        [_thread_blocked, id=10772, stack(0x000000eae0100000,0x000000eae0200000) (1024K)]
  0x0000026447f82070 JavaThread "Unconstrained build operations Thread 8"        [_thread_blocked, id=22204, stack(0x000000eae0200000,0x000000eae0300000) (1024K)]
  0x0000026447f7e9c0 JavaThread "Configuration cache report writer"        [_thread_blocked, id=13340, stack(0x000000eadfc00000,0x000000eadfd00000) (1024K)]
  0x0000026447f84f50 JavaThread "Unconstrained build operations Thread 9"        [_thread_blocked, id=7400, stack(0x000000eae0300000,0x000000eae0400000) (1024K)]
  0x0000026447f87660 JavaThread "Unconstrained build operations Thread 10"        [_thread_blocked, id=16500, stack(0x000000eae0400000,0x000000eae0500000) (1024K)]
  0x0000026447f87e30 JavaThread "Unconstrained build operations Thread 11"        [_thread_blocked, id=19972, stack(0x000000eae0500000,0x000000eae0600000) (1024K)]
  0x0000026447f8c480 JavaThread "Unconstrained build operations Thread 12"        [_thread_blocked, id=10876, stack(0x000000eae0600000,0x000000eae0700000) (1024K)]
  0x0000026447f8cc50 JavaThread "Unconstrained build operations Thread 13"        [_thread_blocked, id=4428, stack(0x000000eae0700000,0x000000eae0800000) (1024K)]
  0x0000026447f89d70 JavaThread "Unconstrained build operations Thread 14"        [_thread_blocked, id=4384, stack(0x000000eae0800000,0x000000eae0900000) (1024K)]
  0x000002644a5e3d60 JavaThread "build event listener"              [_thread_blocked, id=11320, stack(0x000000eae0a00000,0x000000eae0b00000) (1024K)]
  0x000002644a5e1650 JavaThread "build event listener"              [_thread_blocked, id=6672, stack(0x000000eae0b00000,0x000000eae0c00000) (1024K)]
  0x000002644c099e10 JavaThread "Build operations"                  [_thread_blocked, id=10488, stack(0x000000eadfd00000,0x000000eadfe00000) (1024K)]
  0x000002644c09dc90 JavaThread "Unconstrained build operations Thread 15"        [_thread_blocked, id=27016, stack(0x000000eae0900000,0x000000eae0a00000) (1024K)]
  0x000002644c09a5e0 JavaThread "Unconstrained build operations Thread 16"        [_thread_blocked, id=29116, stack(0x000000eae0c00000,0x000000eae0d00000) (1024K)]
  0x000002644c0a0b70 JavaThread "Unconstrained build operations Thread 17"        [_thread_blocked, id=26244, stack(0x000000eae0d00000,0x000000eae0e00000) (1024K)]
  0x000002644c0a3280 JavaThread "Unconstrained build operations Thread 18"        [_thread_blocked, id=1864, stack(0x000000eae1000000,0x000000eae1100000) (1024K)]
  0x000002644c0a8870 JavaThread "Unconstrained build operations Thread 19"        [_thread_blocked, id=10816, stack(0x000000eae1100000,0x000000eae1200000) (1024K)]
  0x0000026448a5b840 JavaThread "Unconstrained build operations Thread 20"        [_thread_blocked, id=21100, stack(0x000000eae1200000,0x000000eae1300000) (1024K)]
  0x0000026448a5df50 JavaThread "Unconstrained build operations Thread 21"        [_thread_blocked, id=26300, stack(0x000000eae1300000,0x000000eae1400000) (1024K)]
  0x0000026448a60660 JavaThread "Unconstrained build operations Thread 22"        [_thread_blocked, id=1020, stack(0x000000eae1400000,0x000000eae1500000) (1024K)]
  0x0000026448a61dd0 JavaThread "Unconstrained build operations Thread 23"        [_thread_blocked, id=22848, stack(0x000000eae1500000,0x000000eae1600000) (1024K)]
  0x0000026448a625a0 JavaThread "Unconstrained build operations Thread 24"        [_thread_blocked, id=23928, stack(0x000000eae0e00000,0x000000eae0f00000) (1024K)]
  0x0000026448a62d70 JavaThread "Unconstrained build operations Thread 25"        [_thread_blocked, id=9100, stack(0x000000eae0f00000,0x000000eae1000000) (1024K)]
  0x00000264489ba630 JavaThread "Unconstrained build operations Thread 26"        [_thread_blocked, id=25972, stack(0x000000eae1600000,0x000000eae1700000) (1024K)]
  0x00000264489bc570 JavaThread "Unconstrained build operations Thread 27"        [_thread_blocked, id=22336, stack(0x000000eae1700000,0x000000eae1800000) (1024K)]
  0x00000264489bdce0 JavaThread "Unconstrained build operations Thread 28"        [_thread_blocked, id=16932, stack(0x000000eae1800000,0x000000eae1900000) (1024K)]
  0x00000264489be4b0 JavaThread "Unconstrained build operations Thread 29"        [_thread_blocked, id=6612, stack(0x000000eae1900000,0x000000eae1a00000) (1024K)]
  0x00000264489bec80 JavaThread "Unconstrained build operations Thread 30"        [_thread_blocked, id=14272, stack(0x000000eae1a00000,0x000000eae1b00000) (1024K)]
  0x00000264475bd6d0 JavaThread "Unconstrained build operations Thread 31"        [_thread_blocked, id=14780, stack(0x000000eadd700000,0x000000eadd800000) (1024K)]
  0x00000264475c1d20 JavaThread "Unconstrained build operations Thread 32"        [_thread_blocked, id=23988, stack(0x000000eae1c00000,0x000000eae1d00000) (1024K)]
  0x000002644793bf40 JavaThread "Build operations Thread 2"         [_thread_blocked, id=15176, stack(0x000000eae2000000,0x000000eae2100000) (1024K)]
  0x000002644ab5d7b0 JavaThread "included builds"                   [_thread_blocked, id=18148, stack(0x000000eae2200000,0x000000eae2300000) (1024K)]
  0x000002644ab5df80 JavaThread "Execution worker"                  [_thread_blocked, id=27916, stack(0x000000eae2300000,0x000000eae2400000) (1024K)]
  0x000002644913ef70 JavaThread "Execution worker Thread 2"         [_thread_blocked, id=3044, stack(0x000000eae2400000,0x000000eae2500000) (1024K)]
  0x000002644913ff10 JavaThread "Execution worker Thread 3"         [_thread_blocked, id=22868, stack(0x000000eae2500000,0x000000eae2600000) (1024K)]
  0x0000026452d777e0 JavaThread "Cache worker for execution history cache (C:\Users\SIVA\Downloads\palm\.gradle\9.3.1\executionHistory)"        [_thread_blocked, id=28012, stack(0x000000eae2600000,0x000000eae2700000) (1024K)]
  0x000002644c09e460 JavaThread "Unconstrained build operations Thread 33"        [_thread_blocked, id=18464, stack(0x000000eae2700000,0x000000eae2800000) (1024K)]
  0x000002644c09ec30 JavaThread "Unconstrained build operations Thread 34"        [_thread_blocked, id=16696, stack(0x000000eae2800000,0x000000eae2900000) (1024K)]
  0x0000026447f7f960 JavaThread "Unconstrained build operations Thread 35"        [_thread_blocked, id=1016, stack(0x000000eae2900000,0x000000eae2a00000) (1024K)]
  0x0000026452d05fe0 JavaThread "Unconstrained build operations Thread 36"        [_thread_blocked, id=16648, stack(0x000000eae2b00000,0x000000eae2c00000) (1024K)]
  0x0000026452d09e60 JavaThread "Unconstrained build operations Thread 37"        [_thread_blocked, id=14392, stack(0x000000eae2c00000,0x000000eae2d00000) (1024K)]
  0x0000026452d067b0 JavaThread "Unconstrained build operations Thread 38"        [_thread_blocked, id=5616, stack(0x000000eae2d00000,0x000000eae2e00000) (1024K)]
  0x0000026452d086f0 JavaThread "WorkerExecutor Queue"              [_thread_blocked, id=20120, stack(0x000000eae2100000,0x000000eae2200000) (1024K)]
  0x0000026452d0f450 JavaThread "Unconstrained build operations Thread 39"        [_thread_blocked, id=28476, stack(0x000000eae3100000,0x000000eae3200000) (1024K)]
  0x0000026452d0c570 JavaThread "Unconstrained build operations Thread 40"        [_thread_blocked, id=26284, stack(0x000000eae3200000,0x000000eae3300000) (1024K)]
  0x0000026452d10bc0 JavaThread "WorkerExecutor Queue Thread 4"        [_thread_blocked, id=23032, stack(0x000000eae3300000,0x000000eae3400000) (1024K)]
  0x0000026452d1c740 JavaThread "WorkerExecutor Queue Thread 5"        [_thread_blocked, id=4564, stack(0x000000eae2e00000,0x000000eae2f00000) (1024K)]
  0x0000026452d14270 JavaThread "WorkerExecutor Queue Thread 6"        [_thread_blocked, id=27676, stack(0x000000eae2f00000,0x000000eae3000000) (1024K)]
  0x0000026452d1e680 JavaThread "Java2D Disposer"            daemon [_thread_blocked, id=24884, stack(0x000000eae3600000,0x000000eae3700000) (1024K)]
  0x0000026452d21d30 JavaThread "AWT-Windows"                daemon [_thread_in_native, id=6844, stack(0x000000eae3800000,0x000000eae3900000) (1024K)]
  0x0000026452d24440 JavaThread "DefaultDispatcher-worker-1" daemon [_thread_blocked, id=21764, stack(0x000000eae3a00000,0x000000eae3b00000) (1024K)]
  0x000002644a5ddfa0 JavaThread "DefaultDispatcher-worker-2" daemon [_thread_blocked, id=22944, stack(0x000000eae3b00000,0x000000eae3c00000) (1024K)]
  0x000002644a5dc830 JavaThread "DefaultDispatcher-worker-3" daemon [_thread_blocked, id=16212, stack(0x000000eae3700000,0x000000eae3800000) (1024K)]
  0x000002644c0a22e0 JavaThread "Periodic tasks thread"      daemon [_thread_blocked, id=21372, stack(0x000000eae3900000,0x000000eae3a00000) (1024K)]
  0x000002644c0a6930 JavaThread "ApplicationImpl pooled thread 1"        [_thread_blocked, id=10940, stack(0x000000eae3c00000,0x000000eae3d00000) (1024K)]
  0x0000026449614a80 JavaThread "ForkJoinPool.commonPool-worker-1" daemon [_thread_blocked, id=26760, stack(0x000000eae3d00000,0x000000eae3e00000) (1024K)]
  0x0000026452d07750 JavaThread "ForkJoinPool.commonPool-worker-2" daemon [_thread_blocked, id=3556, stack(0x000000eae3e00000,0x000000eae3f00000) (1024K)]
  0x0000026452d188c0 JavaThread "ForkJoinPool.commonPool-worker-3" daemon [_thread_blocked, id=21180, stack(0x000000eae3f00000,0x000000eae4000000) (1024K)]
  0x0000026449958040 JavaThread "C2 CompilerThread1"         daemon [_thread_in_native, id=26148, stack(0x000000eae1b00000,0x000000eae1c00000) (1024K)]
  0x000002644bd2ef80 JavaThread "C2 CompilerThread2"         daemon [_thread_in_native, id=21060, stack(0x000000eae1d00000,0x000000eae1e00000) (1024K)]
Total: 111

Other Threads:
  0x00000264407b4e10 VMThread "VM Thread"                           [id=27552, stack(0x000000eadc200000,0x000000eadc300000) (1024K)]
  0x0000026440779480 WatcherThread "VM Periodic Task Thread"        [id=24360, stack(0x000000eadc100000,0x000000eadc200000) (1024K)]
  0x00000264262a8740 WorkerThread "GC Thread#0"                     [id=15924, stack(0x000000eadbc00000,0x000000eadbd00000) (1024K)]
  0x0000026445b041e0 WorkerThread "GC Thread#1"                     [id=3228, stack(0x000000eadcf00000,0x000000eadd000000) (1024K)]
  0x0000026445b04610 WorkerThread "GC Thread#2"                     [id=12620, stack(0x000000eadd000000,0x000000eadd100000) (1024K)]
  0x0000026445b04a40 WorkerThread "GC Thread#3"                     [id=28920, stack(0x000000eadd100000,0x000000eadd200000) (1024K)]
  0x0000026445b04e70 WorkerThread "GC Thread#4"                     [id=14488, stack(0x000000eadd200000,0x000000eadd300000) (1024K)]
  0x0000026445b8e8e0 WorkerThread "GC Thread#5"                     [id=20056, stack(0x000000eadd300000,0x000000eadd400000) (1024K)]
  0x00000264457af060 WorkerThread "GC Thread#6"                     [id=21900, stack(0x000000eadd800000,0x000000eadd900000) (1024K)]
  0x00000264457afd50 WorkerThread "GC Thread#7"                     [id=11768, stack(0x000000eadd900000,0x000000eadda00000) (1024K)]
  0x00000264457b05f0 WorkerThread "GC Thread#8"                     [id=24808, stack(0x000000eadda00000,0x000000eaddb00000) (1024K)]
  0x00000264457ae370 WorkerThread "GC Thread#9"                     [id=13364, stack(0x000000eaddb00000,0x000000eaddc00000) (1024K)]
  0x00000264262c1810 ConcurrentGCThread "G1 Main Marker"            [id=8416, stack(0x000000eadbd00000,0x000000eadbe00000) (1024K)]
  0x00000264262c23b0 WorkerThread "G1 Conc#0"                       [id=6532, stack(0x000000eadbe00000,0x000000eadbf00000) (1024K)]
  0x00000264457adad0 WorkerThread "G1 Conc#1"                       [id=22960, stack(0x000000eaddc00000,0x000000eaddd00000) (1024K)]
  0x00000264457b0a40 WorkerThread "G1 Conc#2"                       [id=25848, stack(0x000000eaddd00000,0x000000eadde00000) (1024K)]
  0x000002644064c080 ConcurrentGCThread "G1 Refine#0"               [id=23460, stack(0x000000eadbf00000,0x000000eadc000000) (1024K)]
  0x000002644064fbb0 ConcurrentGCThread "G1 Service"                [id=4492, stack(0x000000eadc000000,0x000000eadc100000) (1024K)]
Total: 18

Threads with active compile tasks:
C2 CompilerThread0  1649017 63490       4       com.android.tools.r8.internal.n43::a (500 bytes)
C1 CompilerThread0  1649017 63562 %     2       com.android.tools.r8.internal.t81::a @ 1863 (3877 bytes)
C2 CompilerThread1  1649017 63407       4       com.android.tools.r8.internal.xh::c (2136 bytes)
C2 CompilerThread2  1649017 63413 % !   4       com.android.tools.r8.internal.d91::a @ 961 (4378 bytes)
Total: 4

VM state: at safepoint (normal execution)

VM Mutex/Monitor currently owned by a thread:  ([mutex/lock_event])
[0x00007ff893654698] Threads_lock - owner thread: 0x00000264407b4e10
[0x00007ff893654818] Heap_lock - owner thread: 0x0000026448a625a0

Heap address: 0x0000000700000000, size: 4096 MB, Compressed Oops mode: Zero based, Oop shift amount: 3

CDS archive(s) not mapped
Compressed class space mapped at: 0x000000003d000000-0x000000007d000000, reserved size: 1073741824
UseCompressedClassPointers 1, UseCompactObjectHeaders 0
Narrow klass pointer bits 32, Max shift 3
Narrow klass base: 0x0000000000000000, Narrow klass shift: 0
Encoding Range: [0x0000000000000000 - 0x0000000100000000), (4294967296 bytes)
Klass Range:    [0x000000003d000000 - 0x000000007d000000), (1073741824 bytes)
Klass ID Range:  [1023410176 - 2097151993) (1073741817)
No protection zone.

GC Precious Log:
 CardTable entry size: 512
 Card Set container configuration: InlinePtr #cards 4 size 8 Array Of Cards #cards 16 size 48 Howl #buckets 8 coarsen threshold 3686 Howl Bitmap #cards 512 size 80 coarsen threshold 460 Card regions per heap region 1 cards per card region 4096
 CPUs: 12 total, 12 available
 Memory: 16068M
 Large Page Support: Disabled
 NUMA Support: Disabled
 Compressed Oops: Enabled (Zero based)
 Heap Region Size: 2M
 Heap Min Capacity: 8M
 Heap Initial Capacity: 252M
 Heap Max Capacity: 4G
 Pre-touch: Disabled
 Parallel Workers: 10
 Concurrent Workers: 3
 Concurrent Refinement Workers: 10
 Periodic GC: Disabled

Heap:
 garbage-first heap   total reserved 4194304K, committed 1120256K, used 774944K [0x0000000700000000, 0x0000000800000000)
  region size 2048K, 17 young (34816K), 17 survivors (34816K)

Heap Regions: E=young(eden), S=young(survivor), O=old, HS=humongous(starts), HC=humongous(continues), CS=collection set, F=free, TAMS=top-at-mark-start, PB=parsable bottom
|   0|0x0000000700000000, 0x0000000700200000, 0x0000000700200000|100%|HS|  |TAMS 0x0000000700000000| PB 0x0000000700000000| Complete |  0
|   1|0x0000000700200000, 0x0000000700400000, 0x0000000700400000|100%|HC|  |TAMS 0x0000000700200000| PB 0x0000000700200000| Complete |  0
|   2|0x0000000700400000, 0x0000000700600000, 0x0000000700600000|100%| O|  |TAMS 0x0000000700400000| PB 0x0000000700400000| Untracked |  0
|   3|0x0000000700600000, 0x0000000700800000, 0x0000000700800000|100%| O|  |TAMS 0x0000000700600000| PB 0x0000000700600000| Untracked |  0
|   4|0x0000000700800000, 0x0000000700a00000, 0x0000000700a00000|100%|HS|  |TAMS 0x0000000700800000| PB 0x0000000700800000| Complete |  0
|   5|0x0000000700a00000, 0x0000000700c00000, 0x0000000700c00000|100%| O|  |TAMS 0x0000000700a00000| PB 0x0000000700a00000| Untracked |  0
|   6|0x0000000700c00000, 0x0000000700e00000, 0x0000000700e00000|100%|HS|  |TAMS 0x0000000700c00000| PB 0x0000000700c00000| Complete |  0
|   7|0x0000000700e00000, 0x0000000701000000, 0x0000000701000000|100%|HC|  |TAMS 0x0000000700e00000| PB 0x0000000700e00000| Complete |  0
|   8|0x0000000701000000, 0x0000000701200000, 0x0000000701200000|100%|HC|  |TAMS 0x0000000701000000| PB 0x0000000701000000| Complete |  0
|   9|0x0000000701200000, 0x0000000701400000, 0x0000000701400000|100%|HS|  |TAMS 0x0000000701200000| PB 0x0000000701200000| Complete |  0
|  10|0x0000000701400000, 0x0000000701600000, 0x0000000701600000|100%|HC|  |TAMS 0x0000000701400000| PB 0x0000000701400000| Complete |  0
|  11|0x0000000701600000, 0x0000000701800000, 0x0000000701800000|100%|HC|  |TAMS 0x0000000701600000| PB 0x0000000701600000| Complete |  0
|  12|0x0000000701800000, 0x0000000701a00000, 0x0000000701a00000|100%| O|  |TAMS 0x0000000701800000| PB 0x0000000701800000| Untracked |  0
|  13|0x0000000701a00000, 0x0000000701c00000, 0x0000000701c00000|100%| O|  |TAMS 0x0000000701a00000| PB 0x0000000701a00000| Untracked |  0
|  14|0x0000000701c00000, 0x0000000701e00000, 0x0000000701e00000|100%| O|  |TAMS 0x0000000701c00000| PB 0x0000000701c00000| Untracked |  0
|  15|0x0000000701e00000, 0x0000000702000000, 0x0000000702000000|100%| O|  |TAMS 0x0000000701e00000| PB 0x0000000701e00000| Untracked |  0
|  16|0x0000000702000000, 0x0000000702200000, 0x0000000702200000|100%| O|  |TAMS 0x0000000702000000| PB 0x0000000702000000| Untracked |  0
|  17|0x0000000702200000, 0x0000000702400000, 0x0000000702400000|100%| O|  |TAMS 0x0000000702200000| PB 0x0000000702200000| Untracked |  0
|  18|0x0000000702400000, 0x0000000702600000, 0x0000000702600000|100%| O|  |TAMS 0x0000000702400000| PB 0x0000000702400000| Untracked |  0
|  19|0x0000000702600000, 0x0000000702800000, 0x0000000702800000|100%| O|  |TAMS 0x0000000702600000| PB 0x0000000702600000| Untracked |  0
|  20|0x0000000702800000, 0x0000000702a00000, 0x0000000702a00000|100%| O|  |TAMS 0x0000000702800000| PB 0x0000000702800000| Untracked |  0
|  21|0x0000000702a00000, 0x0000000702c00000, 0x0000000702c00000|100%| O|  |TAMS 0x0000000702a00000| PB 0x0000000702a00000| Untracked |  0
|  22|0x0000000702c00000, 0x0000000702e00000, 0x0000000702e00000|100%| O|  |TAMS 0x0000000702c00000| PB 0x0000000702c00000| Untracked |  0
|  23|0x0000000702e00000, 0x0000000703000000, 0x0000000703000000|100%| O|  |TAMS 0x0000000702e00000| PB 0x0000000702e00000| Untracked |  0
|  24|0x0000000703000000, 0x0000000703200000, 0x0000000703200000|100%| O|  |TAMS 0x0000000703000000| PB 0x0000000703000000| Untracked |  0
|  25|0x0000000703200000, 0x0000000703400000, 0x0000000703400000|100%| O|  |TAMS 0x0000000703200000| PB 0x0000000703200000| Untracked |  0
|  26|0x0000000703400000, 0x0000000703600000, 0x0000000703600000|100%| O|  |TAMS 0x0000000703400000| PB 0x0000000703400000| Untracked |  0
|  27|0x0000000703600000, 0x0000000703800000, 0x0000000703800000|100%| O|  |TAMS 0x0000000703600000| PB 0x0000000703600000| Untracked |  0
|  28|0x0000000703800000, 0x0000000703a00000, 0x0000000703a00000|100%| O|  |TAMS 0x0000000703800000| PB 0x0000000703800000| Untracked |  0
|  29|0x0000000703a00000, 0x0000000703c00000, 0x0000000703c00000|100%| O|  |TAMS 0x0000000703a00000| PB 0x0000000703a00000| Untracked |  0
|  30|0x0000000703c00000, 0x0000000703e00000, 0x0000000703e00000|100%| O|  |TAMS 0x0000000703c00000| PB 0x0000000703c00000| Untracked |  0
|  31|0x0000000703e00000, 0x0000000704000000, 0x0000000704000000|100%| O|  |TAMS 0x0000000703e00000| PB 0x0000000703e00000| Untracked |  0
|  32|0x0000000704000000, 0x0000000704200000, 0x0000000704200000|100%| O|  |TAMS 0x0000000704000000| PB 0x0000000704000000| Untracked |  0
|  33|0x0000000704200000, 0x0000000704400000, 0x0000000704400000|100%| O|  |TAMS 0x0000000704200000| PB 0x0000000704200000| Untracked |  0
|  34|0x0000000704400000, 0x0000000704600000, 0x0000000704600000|100%| O|  |TAMS 0x0000000704400000| PB 0x0000000704400000| Untracked |  0
|  35|0x0000000704600000, 0x0000000704600000, 0x0000000704800000|  0%| F|  |TAMS 0x0000000704600000| PB 0x0000000704600000| Untracked |  0
|  36|0x0000000704800000, 0x0000000704a00000, 0x0000000704a00000|100%|HS|  |TAMS 0x0000000704800000| PB 0x0000000704800000| Complete |  0
|  37|0x0000000704a00000, 0x0000000704c00000, 0x0000000704c00000|100%| O|  |TAMS 0x0000000704a00000| PB 0x0000000704a00000| Untracked |  0
|  38|0x0000000704c00000, 0x0000000704e00000, 0x0000000704e00000|100%| O|  |TAMS 0x0000000704c00000| PB 0x0000000704c00000| Untracked |  0
|  39|0x0000000704e00000, 0x0000000705000000, 0x0000000705000000|100%| O|  |TAMS 0x0000000704e00000| PB 0x0000000704e00000| Untracked |  0
|  40|0x0000000705000000, 0x0000000705200000, 0x0000000705200000|100%| O|  |TAMS 0x0000000705000000| PB 0x0000000705000000| Untracked |  0
|  41|0x0000000705200000, 0x0000000705400000, 0x0000000705400000|100%| O|  |TAMS 0x0000000705200000| PB 0x0000000705200000| Untracked |  0
|  42|0x0000000705400000, 0x0000000705600000, 0x0000000705600000|100%| O|  |TAMS 0x0000000705400000| PB 0x0000000705400000| Untracked |  0
|  43|0x0000000705600000, 0x0000000705800000, 0x0000000705800000|100%|HS|  |TAMS 0x0000000705600000| PB 0x0000000705600000| Complete |  0
|  44|0x0000000705800000, 0x0000000705a00000, 0x0000000705a00000|100%| O|  |TAMS 0x0000000705800000| PB 0x0000000705800000| Untracked |  0
|  45|0x0000000705a00000, 0x0000000705c00000, 0x0000000705c00000|100%| O|  |TAMS 0x0000000705a00000| PB 0x0000000705a00000| Untracked |  0
|  46|0x0000000705c00000, 0x0000000705e00000, 0x0000000705e00000|100%| O|  |TAMS 0x0000000705c00000| PB 0x0000000705c00000| Untracked |  0
|  47|0x0000000705e00000, 0x0000000706000000, 0x0000000706000000|100%| O|  |TAMS 0x0000000705e00000| PB 0x0000000705e00000| Untracked |  0
|  48|0x0000000706000000, 0x0000000706200000, 0x0000000706200000|100%| O|  |TAMS 0x0000000706000000| PB 0x0000000706000000| Untracked |  0
|  49|0x0000000706200000, 0x0000000706400000, 0x0000000706400000|100%| O|  |TAMS 0x0000000706200000| PB 0x0000000706200000| Untracked |  0
|  50|0x0000000706400000, 0x0000000706600000, 0x0000000706600000|100%| O|  |TAMS 0x0000000706400000| PB 0x0000000706400000| Untracked |  0
|  51|0x0000000706600000, 0x0000000706800000, 0x0000000706800000|100%| O|  |TAMS 0x0000000706600000| PB 0x0000000706600000| Untracked |  0
|  52|0x0000000706800000, 0x0000000706a00000, 0x0000000706a00000|100%| O|  |TAMS 0x0000000706800000| PB 0x0000000706800000| Untracked |  0
|  53|0x0000000706a00000, 0x0000000706c00000, 0x0000000706c00000|100%| O|  |TAMS 0x0000000706a00000| PB 0x0000000706a00000| Untracked |  0
|  54|0x0000000706c00000, 0x0000000706e00000, 0x0000000706e00000|100%| O|  |TAMS 0x0000000706c00000| PB 0x0000000706c00000| Untracked |  0
|  55|0x0000000706e00000, 0x0000000707000000, 0x0000000707000000|100%| O|  |TAMS 0x0000000706e00000| PB 0x0000000706e00000| Untracked |  0
|  56|0x0000000707000000, 0x0000000707200000, 0x0000000707200000|100%| O|  |TAMS 0x0000000707000000| PB 0x0000000707000000| Untracked |  0
|  57|0x0000000707200000, 0x0000000707400000, 0x0000000707400000|100%| O|  |TAMS 0x0000000707200000| PB 0x0000000707200000| Untracked |  0
|  58|0x0000000707400000, 0x0000000707600000, 0x0000000707600000|100%| O|  |TAMS 0x0000000707400000| PB 0x0000000707400000| Untracked |  0
|  59|0x0000000707600000, 0x0000000707600000, 0x0000000707800000|  0%| F|  |TAMS 0x0000000707600000| PB 0x0000000707600000| Untracked |  0
|  60|0x0000000707800000, 0x0000000707a00000, 0x0000000707a00000|100%| O|  |TAMS 0x0000000707800000| PB 0x0000000707800000| Untracked |  0
|  61|0x0000000707a00000, 0x0000000707c00000, 0x0000000707c00000|100%| O|  |TAMS 0x0000000707a00000| PB 0x0000000707a00000| Untracked |  0
|  62|0x0000000707c00000, 0x0000000707e00000, 0x0000000707e00000|100%| O|  |TAMS 0x0000000707c00000| PB 0x0000000707c00000| Untracked |  0
|  63|0x0000000707e00000, 0x0000000708000000, 0x0000000708000000|100%| O|  |TAMS 0x0000000707e00000| PB 0x0000000707e00000| Untracked |  0
|  64|0x0000000708000000, 0x0000000708200000, 0x0000000708200000|100%| O|  |TAMS 0x0000000708000000| PB 0x0000000708000000| Untracked |  0
|  65|0x0000000708200000, 0x0000000708400000, 0x0000000708400000|100%| O|  |TAMS 0x0000000708200000| PB 0x0000000708200000| Untracked |  0
|  66|0x0000000708400000, 0x0000000708600000, 0x0000000708600000|100%| O|  |TAMS 0x0000000708400000| PB 0x0000000708400000| Untracked |  0
|  67|0x0000000708600000, 0x0000000708800000, 0x0000000708800000|100%| O|  |TAMS 0x0000000708600000| PB 0x0000000708600000| Untracked |  0
|  68|0x0000000708800000, 0x0000000708a00000, 0x0000000708a00000|100%| O|  |TAMS 0x0000000708800000| PB 0x0000000708800000| Untracked |  0
|  69|0x0000000708a00000, 0x0000000708c00000, 0x0000000708c00000|100%| O|  |TAMS 0x0000000708a00000| PB 0x0000000708a00000| Untracked |  0
|  70|0x0000000708c00000, 0x0000000708e00000, 0x0000000708e00000|100%| O|  |TAMS 0x0000000708c00000| PB 0x0000000708c00000| Untracked |  0
|  71|0x0000000708e00000, 0x0000000709000000, 0x0000000709000000|100%| O|  |TAMS 0x0000000708e00000| PB 0x0000000708e00000| Untracked |  0
|  72|0x0000000709000000, 0x0000000709200000, 0x0000000709200000|100%| O|  |TAMS 0x0000000709000000| PB 0x0000000709000000| Untracked |  0
|  73|0x0000000709200000, 0x0000000709400000, 0x0000000709400000|100%| O|  |TAMS 0x0000000709200000| PB 0x0000000709200000| Untracked |  0
|  74|0x0000000709400000, 0x0000000709600000, 0x0000000709600000|100%| O|  |TAMS 0x0000000709400000| PB 0x0000000709400000| Untracked |  0
|  75|0x0000000709600000, 0x0000000709800000, 0x0000000709800000|100%| O|  |TAMS 0x0000000709600000| PB 0x0000000709600000| Untracked |  0
|  76|0x0000000709800000, 0x0000000709a00000, 0x0000000709a00000|100%|HS|  |TAMS 0x0000000709800000| PB 0x0000000709800000| Complete |  0
|  77|0x0000000709a00000, 0x0000000709c00000, 0x0000000709c00000|100%|HC|  |TAMS 0x0000000709a00000| PB 0x0000000709a00000| Complete |  0
|  78|0x0000000709c00000, 0x0000000709e00000, 0x0000000709e00000|100%| O|  |TAMS 0x0000000709c00000| PB 0x0000000709c00000| Untracked |  0
|  79|0x0000000709e00000, 0x000000070a000000, 0x000000070a000000|100%| O|  |TAMS 0x0000000709e00000| PB 0x0000000709e00000| Untracked |  0
|  80|0x000000070a000000, 0x000000070a200000, 0x000000070a200000|100%| O|  |TAMS 0x000000070a000000| PB 0x000000070a000000| Untracked |  0
|  81|0x000000070a200000, 0x000000070a400000, 0x000000070a400000|100%| O|  |TAMS 0x000000070a200000| PB 0x000000070a200000| Untracked |  0
|  82|0x000000070a400000, 0x000000070a600000, 0x000000070a600000|100%| O|  |TAMS 0x000000070a400000| PB 0x000000070a400000| Untracked |  0
|  83|0x000000070a600000, 0x000000070a800000, 0x000000070a800000|100%| O|  |TAMS 0x000000070a600000| PB 0x000000070a600000| Untracked |  0
|  84|0x000000070a800000, 0x000000070aa00000, 0x000000070aa00000|100%| O|  |TAMS 0x000000070a800000| PB 0x000000070a800000| Untracked |  0
|  85|0x000000070aa00000, 0x000000070ac00000, 0x000000070ac00000|100%| O|  |TAMS 0x000000070aa00000| PB 0x000000070aa00000| Untracked |  0
|  86|0x000000070ac00000, 0x000000070ae00000, 0x000000070ae00000|100%| O|  |TAMS 0x000000070ac00000| PB 0x000000070ac00000| Untracked |  0
|  87|0x000000070ae00000, 0x000000070b000000, 0x000000070b000000|100%| O|  |TAMS 0x000000070ae00000| PB 0x000000070ae00000| Untracked |  0
|  88|0x000000070b000000, 0x000000070b200000, 0x000000070b200000|100%| O|  |TAMS 0x000000070b000000| PB 0x000000070b000000| Untracked |  0
|  89|0x000000070b200000, 0x000000070b400000, 0x000000070b400000|100%| O|  |TAMS 0x000000070b200000| PB 0x000000070b200000| Untracked |  0
|  90|0x000000070b400000, 0x000000070b600000, 0x000000070b600000|100%| O|  |TAMS 0x000000070b400000| PB 0x000000070b400000| Untracked |  0
|  91|0x000000070b600000, 0x000000070b800000, 0x000000070b800000|100%| O|  |TAMS 0x000000070b600000| PB 0x000000070b600000| Untracked |  0
|  92|0x000000070b800000, 0x000000070ba00000, 0x000000070ba00000|100%|HS|  |TAMS 0x000000070b800000| PB 0x000000070b800000| Complete |  0
|  93|0x000000070ba00000, 0x000000070bc00000, 0x000000070bc00000|100%|HC|  |TAMS 0x000000070ba00000| PB 0x000000070ba00000| Complete |  0
|  94|0x000000070bc00000, 0x000000070be00000, 0x000000070be00000|100%|HC|  |TAMS 0x000000070bc00000| PB 0x000000070bc00000| Complete |  0
|  95|0x000000070be00000, 0x000000070c000000, 0x000000070c000000|100%| O|  |TAMS 0x000000070be00000| PB 0x000000070be00000| Untracked |  0
|  96|0x000000070c000000, 0x000000070c200000, 0x000000070c200000|100%| O|  |TAMS 0x000000070c000000| PB 0x000000070c000000| Untracked |  0
|  97|0x000000070c200000, 0x000000070c400000, 0x000000070c400000|100%| O|  |TAMS 0x000000070c200000| PB 0x000000070c200000| Untracked |  0
|  98|0x000000070c400000, 0x000000070c600000, 0x000000070c600000|100%| O|  |TAMS 0x000000070c400000| PB 0x000000070c400000| Untracked |  0
|  99|0x000000070c600000, 0x000000070c800000, 0x000000070c800000|100%| O|  |TAMS 0x000000070c600000| PB 0x000000070c600000| Untracked |  0
| 100|0x000000070c800000, 0x000000070ca00000, 0x000000070ca00000|100%| O|  |TAMS 0x000000070c800000| PB 0x000000070c800000| Untracked |  0
| 101|0x000000070ca00000, 0x000000070cc00000, 0x000000070cc00000|100%| O|  |TAMS 0x000000070ca00000| PB 0x000000070ca00000| Untracked |  0
| 102|0x000000070cc00000, 0x000000070ce00000, 0x000000070ce00000|100%| O|  |TAMS 0x000000070cc00000| PB 0x000000070cc00000| Untracked |  0
| 103|0x000000070ce00000, 0x000000070d000000, 0x000000070d000000|100%| O|  |TAMS 0x000000070ce00000| PB 0x000000070ce00000| Untracked |  0
| 104|0x000000070d000000, 0x000000070d200000, 0x000000070d200000|100%| O|  |TAMS 0x000000070d000000| PB 0x000000070d000000| Untracked |  0
| 105|0x000000070d200000, 0x000000070d400000, 0x000000070d400000|100%| O|  |TAMS 0x000000070d200000| PB 0x000000070d200000| Untracked |  0
| 106|0x000000070d400000, 0x000000070d600000, 0x000000070d600000|100%| O|  |TAMS 0x000000070d400000| PB 0x000000070d400000| Untracked |  0
| 107|0x000000070d600000, 0x000000070d600000, 0x000000070d800000|  0%| F|  |TAMS 0x000000070d600000| PB 0x000000070d600000| Untracked |  0
| 108|0x000000070d800000, 0x000000070da00000, 0x000000070da00000|100%| O|  |TAMS 0x000000070d800000| PB 0x000000070d800000| Untracked |  0
| 109|0x000000070da00000, 0x000000070dc00000, 0x000000070dc00000|100%| O|  |TAMS 0x000000070da00000| PB 0x000000070da00000| Untracked |  0
| 110|0x000000070dc00000, 0x000000070de00000, 0x000000070de00000|100%| O|  |TAMS 0x000000070dc00000| PB 0x000000070dc00000| Untracked |  0
| 111|0x000000070de00000, 0x000000070e000000, 0x000000070e000000|100%| O|  |TAMS 0x000000070de00000| PB 0x000000070de00000| Untracked |  0
| 112|0x000000070e000000, 0x000000070e200000, 0x000000070e200000|100%| O|  |TAMS 0x000000070e000000| PB 0x000000070e000000| Untracked |  0
| 113|0x000000070e200000, 0x000000070e200000, 0x000000070e400000|  0%| F|  |TAMS 0x000000070e200000| PB 0x000000070e200000| Untracked |  0
| 114|0x000000070e400000, 0x000000070e600000, 0x000000070e600000|100%| O|  |TAMS 0x000000070e400000| PB 0x000000070e400000| Untracked |  0
| 115|0x000000070e600000, 0x000000070e800000, 0x000000070e800000|100%| O|  |TAMS 0x000000070e600000| PB 0x000000070e600000| Untracked |  0
| 116|0x000000070e800000, 0x000000070ea00000, 0x000000070ea00000|100%| O|  |TAMS 0x000000070e800000| PB 0x000000070e800000| Untracked |  0
| 117|0x000000070ea00000, 0x000000070ec00000, 0x000000070ec00000|100%| O|  |TAMS 0x000000070ea00000| PB 0x000000070ea00000| Untracked |  0
| 118|0x000000070ec00000, 0x000000070ee00000, 0x000000070ee00000|100%| O|  |TAMS 0x000000070ec00000| PB 0x000000070ec00000| Untracked |  0
| 119|0x000000070ee00000, 0x000000070f000000, 0x000000070f000000|100%| O|  |TAMS 0x000000070ee00000| PB 0x000000070ee00000| Untracked |  0
| 120|0x000000070f000000, 0x000000070f200000, 0x000000070f200000|100%| O|  |TAMS 0x000000070f000000| PB 0x000000070f000000| Untracked |  0
| 121|0x000000070f200000, 0x000000070f400000, 0x000000070f400000|100%| O|  |TAMS 0x000000070f200000| PB 0x000000070f200000| Untracked |  0
| 122|0x000000070f400000, 0x000000070f600000, 0x000000070f600000|100%| O|  |TAMS 0x000000070f400000| PB 0x000000070f400000| Untracked |  0
| 123|0x000000070f600000, 0x000000070f800000, 0x000000070f800000|100%| O|  |TAMS 0x000000070f600000| PB 0x000000070f600000| Untracked |  0
| 124|0x000000070f800000, 0x000000070fa00000, 0x000000070fa00000|100%| O|  |TAMS 0x000000070f800000| PB 0x000000070f800000| Untracked |  0
| 125|0x000000070fa00000, 0x000000070fc00000, 0x000000070fc00000|100%| O|  |TAMS 0x000000070fa00000| PB 0x000000070fa00000| Untracked |  0
| 126|0x000000070fc00000, 0x000000070fe00000, 0x000000070fe00000|100%| O|  |TAMS 0x000000070fc00000| PB 0x000000070fc00000| Untracked |  0
| 127|0x000000070fe00000, 0x0000000710000000, 0x0000000710000000|100%| O|  |TAMS 0x000000070fe00000| PB 0x000000070fe00000| Untracked |  0
| 128|0x0000000710000000, 0x0000000710200000, 0x0000000710200000|100%| O|  |TAMS 0x0000000710000000| PB 0x0000000710000000| Untracked |  0
| 129|0x0000000710200000, 0x0000000710400000, 0x0000000710400000|100%| O|  |TAMS 0x0000000710200000| PB 0x0000000710200000| Untracked |  0
| 130|0x0000000710400000, 0x0000000710600000, 0x0000000710600000|100%| O|  |TAMS 0x0000000710400000| PB 0x0000000710400000| Untracked |  0
| 131|0x0000000710600000, 0x0000000710600000, 0x0000000710800000|  0%| F|  |TAMS 0x0000000710600000| PB 0x0000000710600000| Untracked |  0
| 132|0x0000000710800000, 0x0000000710a00000, 0x0000000710a00000|100%| O|  |TAMS 0x0000000710800000| PB 0x0000000710800000| Untracked |  0
| 133|0x0000000710a00000, 0x0000000710c00000, 0x0000000710c00000|100%| O|  |TAMS 0x0000000710a00000| PB 0x0000000710a00000| Untracked |  0
| 134|0x0000000710c00000, 0x0000000710e00000, 0x0000000710e00000|100%| O|  |TAMS 0x0000000710c00000| PB 0x0000000710c00000| Untracked |  0
| 135|0x0000000710e00000, 0x0000000711000000, 0x0000000711000000|100%| O|  |TAMS 0x0000000710e00000| PB 0x0000000710e00000| Untracked |  0
| 136|0x0000000711000000, 0x0000000711200000, 0x0000000711200000|100%| O|  |TAMS 0x0000000711000000| PB 0x0000000711000000| Untracked |  0
| 137|0x0000000711200000, 0x0000000711400000, 0x0000000711400000|100%| O|  |TAMS 0x0000000711200000| PB 0x0000000711200000| Untracked |  0
| 138|0x0000000711400000, 0x0000000711600000, 0x0000000711600000|100%| O|  |TAMS 0x0000000711400000| PB 0x0000000711400000| Untracked |  0
| 139|0x0000000711600000, 0x0000000711800000, 0x0000000711800000|100%| O|  |TAMS 0x0000000711600000| PB 0x0000000711600000| Untracked |  0
| 140|0x0000000711800000, 0x0000000711a00000, 0x0000000711a00000|100%| O|  |TAMS 0x0000000711800000| PB 0x0000000711800000| Untracked |  0
| 141|0x0000000711a00000, 0x0000000711c00000, 0x0000000711c00000|100%| O|  |TAMS 0x0000000711a00000| PB 0x0000000711a00000| Untracked |  0
| 142|0x0000000711c00000, 0x0000000711e00000, 0x0000000711e00000|100%| O|  |TAMS 0x0000000711c00000| PB 0x0000000711c00000| Untracked |  0
| 143|0x0000000711e00000, 0x0000000712000000, 0x0000000712000000|100%| O|  |TAMS 0x0000000711e00000| PB 0x0000000711e00000| Untracked |  0
| 144|0x0000000712000000, 0x0000000712200000, 0x0000000712200000|100%| O|  |TAMS 0x0000000712000000| PB 0x0000000712000000| Untracked |  0
| 145|0x0000000712200000, 0x0000000712400000, 0x0000000712400000|100%| O|  |TAMS 0x0000000712200000| PB 0x0000000712200000| Untracked |  0
| 146|0x0000000712400000, 0x0000000712600000, 0x0000000712600000|100%| O|  |TAMS 0x0000000712400000| PB 0x0000000712400000| Untracked |  0
| 147|0x0000000712600000, 0x0000000712800000, 0x0000000712800000|100%| O|  |TAMS 0x0000000712600000| PB 0x0000000712600000| Untracked |  0
| 148|0x0000000712800000, 0x0000000712a00000, 0x0000000712a00000|100%| O|  |TAMS 0x0000000712800000| PB 0x0000000712800000| Untracked |  0
| 149|0x0000000712a00000, 0x0000000712c00000, 0x0000000712c00000|100%| O|  |TAMS 0x0000000712a00000| PB 0x0000000712a00000| Untracked |  0
| 150|0x0000000712c00000, 0x0000000712e00000, 0x0000000712e00000|100%| O|  |TAMS 0x0000000712c00000| PB 0x0000000712c00000| Untracked |  0
| 151|0x0000000712e00000, 0x0000000713000000, 0x0000000713000000|100%| O|  |TAMS 0x0000000712e00000| PB 0x0000000712e00000| Untracked |  0
| 152|0x0000000713000000, 0x0000000713200000, 0x0000000713200000|100%| O|  |TAMS 0x0000000713000000| PB 0x0000000713000000| Untracked |  0
| 153|0x0000000713200000, 0x0000000713400000, 0x0000000713400000|100%| O|  |TAMS 0x0000000713200000| PB 0x0000000713200000| Untracked |  0
| 154|0x0000000713400000, 0x0000000713600000, 0x0000000713600000|100%| O|  |TAMS 0x0000000713400000| PB 0x0000000713400000| Untracked |  0
| 155|0x0000000713600000, 0x0000000713800000, 0x0000000713800000|100%| O|  |TAMS 0x0000000713600000| PB 0x0000000713600000| Untracked |  0
| 156|0x0000000713800000, 0x0000000713a00000, 0x0000000713a00000|100%| O|  |TAMS 0x0000000713800000| PB 0x0000000713800000| Untracked |  0
| 157|0x0000000713a00000, 0x0000000713c00000, 0x0000000713c00000|100%| O|  |TAMS 0x0000000713a00000| PB 0x0000000713a00000| Untracked |  0
| 158|0x0000000713c00000, 0x0000000713e00000, 0x0000000713e00000|100%| O|  |TAMS 0x0000000713c00000| PB 0x0000000713c00000| Untracked |  0
| 159|0x0000000713e00000, 0x0000000714000000, 0x0000000714000000|100%| O|  |TAMS 0x0000000713e00000| PB 0x0000000713e00000| Untracked |  0
| 160|0x0000000714000000, 0x0000000714200000, 0x0000000714200000|100%| O|  |TAMS 0x0000000714000000| PB 0x0000000714000000| Untracked |  0
| 161|0x0000000714200000, 0x0000000714200000, 0x0000000714400000|  0%| F|  |TAMS 0x0000000714200000| PB 0x0000000714200000| Untracked |  0
| 162|0x0000000714400000, 0x0000000714600000, 0x0000000714600000|100%| O|  |TAMS 0x0000000714400000| PB 0x0000000714400000| Untracked |  0
| 163|0x0000000714600000, 0x0000000714600000, 0x0000000714800000|  0%| F|  |TAMS 0x0000000714600000| PB 0x0000000714600000| Untracked |  0
| 164|0x0000000714800000, 0x0000000714a00000, 0x0000000714a00000|100%| O|  |TAMS 0x0000000714800000| PB 0x0000000714800000| Untracked |  0
| 165|0x0000000714a00000, 0x0000000714c00000, 0x0000000714c00000|100%| O|  |TAMS 0x0000000714a00000| PB 0x0000000714a00000| Untracked |  0
| 166|0x0000000714c00000, 0x0000000714e00000, 0x0000000714e00000|100%| O|  |TAMS 0x0000000714c00000| PB 0x0000000714c00000| Untracked |  0
| 167|0x0000000714e00000, 0x0000000715000000, 0x0000000715000000|100%| O|  |TAMS 0x0000000714e00000| PB 0x0000000714e00000| Untracked |  0
| 168|0x0000000715000000, 0x0000000715200000, 0x0000000715200000|100%| O|  |TAMS 0x0000000715000000| PB 0x0000000715000000| Untracked |  0
| 169|0x0000000715200000, 0x0000000715400000, 0x0000000715400000|100%| O|  |TAMS 0x0000000715200000| PB 0x0000000715200000| Untracked |  0
| 170|0x0000000715400000, 0x0000000715600000, 0x0000000715600000|100%| O|  |TAMS 0x0000000715400000| PB 0x0000000715400000| Untracked |  0
| 171|0x0000000715600000, 0x0000000715800000, 0x0000000715800000|100%| O|  |TAMS 0x0000000715600000| PB 0x0000000715600000| Untracked |  0
| 172|0x0000000715800000, 0x0000000715a00000, 0x0000000715a00000|100%| O|  |TAMS 0x0000000715800000| PB 0x0000000715800000| Untracked |  0
| 173|0x0000000715a00000, 0x0000000715c00000, 0x0000000715c00000|100%| O|  |TAMS 0x0000000715a00000| PB 0x0000000715a00000| Untracked |  0
| 174|0x0000000715c00000, 0x0000000715e00000, 0x0000000715e00000|100%| O|  |TAMS 0x0000000715c00000| PB 0x0000000715c00000| Untracked |  0
| 175|0x0000000715e00000, 0x0000000716000000, 0x0000000716000000|100%| O|  |TAMS 0x0000000715e00000| PB 0x0000000715e00000| Untracked |  0
| 176|0x0000000716000000, 0x0000000716200000, 0x0000000716200000|100%| O|  |TAMS 0x0000000716000000| PB 0x0000000716000000| Untracked |  0
| 177|0x0000000716200000, 0x0000000716400000, 0x0000000716400000|100%| O|  |TAMS 0x0000000716200000| PB 0x0000000716200000| Untracked |  0
| 178|0x0000000716400000, 0x0000000716600000, 0x0000000716600000|100%| O|  |TAMS 0x0000000716400000| PB 0x0000000716400000| Untracked |  0
| 179|0x0000000716600000, 0x0000000716800000, 0x0000000716800000|100%| O|  |TAMS 0x0000000716600000| PB 0x0000000716600000| Untracked |  0
| 180|0x0000000716800000, 0x0000000716a00000, 0x0000000716a00000|100%| O|  |TAMS 0x0000000716800000| PB 0x0000000716800000| Untracked |  0
| 181|0x0000000716a00000, 0x0000000716c00000, 0x0000000716c00000|100%| O|  |TAMS 0x0000000716a00000| PB 0x0000000716a00000| Untracked |  0
| 182|0x0000000716c00000, 0x0000000716e00000, 0x0000000716e00000|100%| O|  |TAMS 0x0000000716c00000| PB 0x0000000716c00000| Untracked |  0
| 183|0x0000000716e00000, 0x0000000717000000, 0x0000000717000000|100%| O|  |TAMS 0x0000000716e00000| PB 0x0000000716e00000| Untracked |  0
| 184|0x0000000717000000, 0x0000000717200000, 0x0000000717200000|100%| O|  |TAMS 0x0000000717000000| PB 0x0000000717000000| Untracked |  0
| 185|0x0000000717200000, 0x0000000717400000, 0x0000000717400000|100%| O|  |TAMS 0x0000000717200000| PB 0x0000000717200000| Untracked |  0
| 186|0x0000000717400000, 0x0000000717600000, 0x0000000717600000|100%| O|  |TAMS 0x0000000717400000| PB 0x0000000717400000| Untracked |  0
| 187|0x0000000717600000, 0x0000000717800000, 0x0000000717800000|100%| O|  |TAMS 0x0000000717600000| PB 0x0000000717600000| Untracked |  0
| 188|0x0000000717800000, 0x0000000717a00000, 0x0000000717a00000|100%| O|  |TAMS 0x0000000717800000| PB 0x0000000717800000| Untracked |  0
| 189|0x0000000717a00000, 0x0000000717c00000, 0x0000000717c00000|100%| O|  |TAMS 0x0000000717a00000| PB 0x0000000717a00000| Untracked |  0
| 190|0x0000000717c00000, 0x0000000717e00000, 0x0000000717e00000|100%| O|  |TAMS 0x0000000717c00000| PB 0x0000000717c00000| Untracked |  0
| 191|0x0000000717e00000, 0x0000000718000000, 0x0000000718000000|100%| O|  |TAMS 0x0000000717e00000| PB 0x0000000717e00000| Untracked |  0
| 192|0x0000000718000000, 0x0000000718200000, 0x0000000718200000|100%| O|  |TAMS 0x0000000718000000| PB 0x0000000718000000| Untracked |  0
| 193|0x0000000718200000, 0x0000000718400000, 0x0000000718400000|100%| O|  |TAMS 0x0000000718200000| PB 0x0000000718200000| Untracked |  0
| 194|0x0000000718400000, 0x0000000718600000, 0x0000000718600000|100%| O|  |TAMS 0x0000000718400000| PB 0x0000000718400000| Untracked |  0
| 195|0x0000000718600000, 0x0000000718800000, 0x0000000718800000|100%| O|  |TAMS 0x0000000718600000| PB 0x0000000718600000| Untracked |  0
| 196|0x0000000718800000, 0x0000000718a00000, 0x0000000718a00000|100%| O|  |TAMS 0x0000000718800000| PB 0x0000000718800000| Untracked |  0
| 197|0x0000000718a00000, 0x0000000718c00000, 0x0000000718c00000|100%| O|  |TAMS 0x0000000718a00000| PB 0x0000000718a00000| Untracked |  0
| 198|0x0000000718c00000, 0x0000000718e00000, 0x0000000718e00000|100%| O|  |TAMS 0x0000000718c00000| PB 0x0000000718c00000| Untracked |  0
| 199|0x0000000718e00000, 0x0000000719000000, 0x0000000719000000|100%| O|  |TAMS 0x0000000718e00000| PB 0x0000000718e00000| Untracked |  0
| 200|0x0000000719000000, 0x0000000719200000, 0x0000000719200000|100%| O|  |TAMS 0x0000000719000000| PB 0x0000000719000000| Untracked |  0
| 201|0x0000000719200000, 0x0000000719400000, 0x0000000719400000|100%| O|  |TAMS 0x0000000719200000| PB 0x0000000719200000| Untracked |  0
| 202|0x0000000719400000, 0x0000000719600000, 0x0000000719600000|100%| O|  |TAMS 0x0000000719400000| PB 0x0000000719400000| Untracked |  0
| 203|0x0000000719600000, 0x0000000719800000, 0x0000000719800000|100%| O|  |TAMS 0x0000000719600000| PB 0x0000000719600000| Untracked |  0
| 204|0x0000000719800000, 0x0000000719a00000, 0x0000000719a00000|100%| O|  |TAMS 0x0000000719800000| PB 0x0000000719800000| Untracked |  0
| 205|0x0000000719a00000, 0x0000000719c00000, 0x0000000719c00000|100%| O|  |TAMS 0x0000000719a00000| PB 0x0000000719a00000| Untracked |  0
| 206|0x0000000719c00000, 0x0000000719e00000, 0x0000000719e00000|100%| O|  |TAMS 0x0000000719c00000| PB 0x0000000719c00000| Untracked |  0
| 207|0x0000000719e00000, 0x000000071a000000, 0x000000071a000000|100%| O|  |TAMS 0x0000000719e00000| PB 0x0000000719e00000| Untracked |  0
| 208|0x000000071a000000, 0x000000071a200000, 0x000000071a200000|100%| O|  |TAMS 0x000000071a000000| PB 0x000000071a000000| Untracked |  0
| 209|0x000000071a200000, 0x000000071a400000, 0x000000071a400000|100%| O|  |TAMS 0x000000071a200000| PB 0x000000071a200000| Untracked |  0
| 210|0x000000071a400000, 0x000000071a600000, 0x000000071a600000|100%| O|  |TAMS 0x000000071a400000| PB 0x000000071a400000| Untracked |  0
| 211|0x000000071a600000, 0x000000071a800000, 0x000000071a800000|100%| O|  |TAMS 0x000000071a600000| PB 0x000000071a600000| Untracked |  0
| 212|0x000000071a800000, 0x000000071aa00000, 0x000000071aa00000|100%| O|  |TAMS 0x000000071a800000| PB 0x000000071a800000| Untracked |  0
| 213|0x000000071aa00000, 0x000000071ac00000, 0x000000071ac00000|100%| O|  |TAMS 0x000000071aa00000| PB 0x000000071aa00000| Untracked |  0
| 214|0x000000071ac00000, 0x000000071ae00000, 0x000000071ae00000|100%| O|  |TAMS 0x000000071ac00000| PB 0x000000071ac00000| Untracked |  0
| 215|0x000000071ae00000, 0x000000071b000000, 0x000000071b000000|100%| O|  |TAMS 0x000000071ae00000| PB 0x000000071ae00000| Untracked |  0
| 216|0x000000071b000000, 0x000000071b200000, 0x000000071b200000|100%| O|  |TAMS 0x000000071b000000| PB 0x000000071b000000| Untracked |  0
| 217|0x000000071b200000, 0x000000071b400000, 0x000000071b400000|100%| O|  |TAMS 0x000000071b200000| PB 0x000000071b200000| Untracked |  0
| 218|0x000000071b400000, 0x000000071b600000, 0x000000071b600000|100%| O|  |TAMS 0x000000071b400000| PB 0x000000071b400000| Untracked |  0
| 219|0x000000071b600000, 0x000000071b800000, 0x000000071b800000|100%| O|  |TAMS 0x000000071b600000| PB 0x000000071b600000| Untracked |  0
| 220|0x000000071b800000, 0x000000071ba00000, 0x000000071ba00000|100%| O|  |TAMS 0x000000071b800000| PB 0x000000071b800000| Untracked |  0
| 221|0x000000071ba00000, 0x000000071bc00000, 0x000000071bc00000|100%| O|  |TAMS 0x000000071ba00000| PB 0x000000071ba00000| Untracked |  0
| 222|0x000000071bc00000, 0x000000071be00000, 0x000000071be00000|100%| O|  |TAMS 0x000000071bc00000| PB 0x000000071bc00000| Untracked |  0
| 223|0x000000071be00000, 0x000000071c000000, 0x000000071c000000|100%| O|  |TAMS 0x000000071be00000| PB 0x000000071be00000| Untracked |  0
| 224|0x000000071c000000, 0x000000071c200000, 0x000000071c200000|100%| O|  |TAMS 0x000000071c000000| PB 0x000000071c000000| Untracked |  0
| 225|0x000000071c200000, 0x000000071c400000, 0x000000071c400000|100%| O|  |TAMS 0x000000071c200000| PB 0x000000071c200000| Untracked |  0
| 226|0x000000071c400000, 0x000000071c600000, 0x000000071c600000|100%| O|  |TAMS 0x000000071c400000| PB 0x000000071c400000| Untracked |  0
| 227|0x000000071c600000, 0x000000071c800000, 0x000000071c800000|100%| O|  |TAMS 0x000000071c600000| PB 0x000000071c600000| Untracked |  0
| 228|0x000000071c800000, 0x000000071ca00000, 0x000000071ca00000|100%| O|  |TAMS 0x000000071c800000| PB 0x000000071c800000| Untracked |  0
| 229|0x000000071ca00000, 0x000000071cc00000, 0x000000071cc00000|100%| O|  |TAMS 0x000000071ca00000| PB 0x000000071ca00000| Untracked |  0
| 230|0x000000071cc00000, 0x000000071ce00000, 0x000000071ce00000|100%| O|  |TAMS 0x000000071cc00000| PB 0x000000071cc00000| Untracked |  0
| 231|0x000000071ce00000, 0x000000071d000000, 0x000000071d000000|100%| O|  |TAMS 0x000000071ce00000| PB 0x000000071ce00000| Untracked |  0
| 232|0x000000071d000000, 0x000000071d200000, 0x000000071d200000|100%| O|  |TAMS 0x000000071d000000| PB 0x000000071d000000| Untracked |  0
| 233|0x000000071d200000, 0x000000071d400000, 0x000000071d400000|100%| O|  |TAMS 0x000000071d200000| PB 0x000000071d200000| Untracked |  0
| 234|0x000000071d400000, 0x000000071d600000, 0x000000071d600000|100%| O|  |TAMS 0x000000071d400000| PB 0x000000071d400000| Untracked |  0
| 235|0x000000071d600000, 0x000000071d800000, 0x000000071d800000|100%| O|  |TAMS 0x000000071d600000| PB 0x000000071d600000| Untracked |  0
| 236|0x000000071d800000, 0x000000071da00000, 0x000000071da00000|100%| O|  |TAMS 0x000000071d800000| PB 0x000000071d800000| Untracked |  0
| 237|0x000000071da00000, 0x000000071dc00000, 0x000000071dc00000|100%| O|  |TAMS 0x000000071da00000| PB 0x000000071da00000| Untracked |  0
| 238|0x000000071dc00000, 0x000000071de00000, 0x000000071de00000|100%| O|  |TAMS 0x000000071dc00000| PB 0x000000071dc00000| Untracked |  0
| 239|0x000000071de00000, 0x000000071e000000, 0x000000071e000000|100%| O|  |TAMS 0x000000071de00000| PB 0x000000071de00000| Untracked |  0
| 240|0x000000071e000000, 0x000000071e200000, 0x000000071e200000|100%| O|  |TAMS 0x000000071e000000| PB 0x000000071e000000| Untracked |  0
| 241|0x000000071e200000, 0x000000071e400000, 0x000000071e400000|100%| O|  |TAMS 0x000000071e200000| PB 0x000000071e200000| Untracked |  0
| 242|0x000000071e400000, 0x000000071e600000, 0x000000071e600000|100%| O|  |TAMS 0x000000071e400000| PB 0x000000071e400000| Untracked |  0
| 243|0x000000071e600000, 0x000000071e800000, 0x000000071e800000|100%| O|  |TAMS 0x000000071e600000| PB 0x000000071e600000| Untracked |  0
| 244|0x000000071e800000, 0x000000071ea00000, 0x000000071ea00000|100%| O|  |TAMS 0x000000071e800000| PB 0x000000071e800000| Untracked |  0
| 245|0x000000071ea00000, 0x000000071ec00000, 0x000000071ec00000|100%| O|  |TAMS 0x000000071ea00000| PB 0x000000071ea00000| Untracked |  0
| 246|0x000000071ec00000, 0x000000071ee00000, 0x000000071ee00000|100%| O|  |TAMS 0x000000071ec00000| PB 0x000000071ec00000| Untracked |  0
| 247|0x000000071ee00000, 0x000000071f000000, 0x000000071f000000|100%| O|  |TAMS 0x000000071ee00000| PB 0x000000071ee00000| Untracked |  0
| 248|0x000000071f000000, 0x000000071f200000, 0x000000071f200000|100%| O|  |TAMS 0x000000071f000000| PB 0x000000071f000000| Untracked |  0
| 249|0x000000071f200000, 0x000000071f400000, 0x000000071f400000|100%| O|  |TAMS 0x000000071f200000| PB 0x000000071f200000| Untracked |  0
| 250|0x000000071f400000, 0x000000071f600000, 0x000000071f600000|100%| O|  |TAMS 0x000000071f400000| PB 0x000000071f400000| Untracked |  0
| 251|0x000000071f600000, 0x000000071f800000, 0x000000071f800000|100%| O|  |TAMS 0x000000071f600000| PB 0x000000071f600000| Untracked |  0
| 252|0x000000071f800000, 0x000000071fa00000, 0x000000071fa00000|100%| O|  |TAMS 0x000000071f800000| PB 0x000000071f800000| Untracked |  0
| 253|0x000000071fa00000, 0x000000071fc00000, 0x000000071fc00000|100%| O|  |TAMS 0x000000071fa00000| PB 0x000000071fa00000| Untracked |  0
| 254|0x000000071fc00000, 0x000000071fe00000, 0x000000071fe00000|100%| O|  |TAMS 0x000000071fc00000| PB 0x000000071fc00000| Untracked |  0
| 255|0x000000071fe00000, 0x0000000720000000, 0x0000000720000000|100%| O|  |TAMS 0x000000071fe00000| PB 0x000000071fe00000| Untracked |  0
| 256|0x0000000720000000, 0x0000000720200000, 0x0000000720200000|100%| O|  |TAMS 0x0000000720000000| PB 0x0000000720000000| Untracked |  0
| 257|0x0000000720200000, 0x0000000720400000, 0x0000000720400000|100%| O|  |TAMS 0x0000000720200000| PB 0x0000000720200000| Untracked |  0
| 258|0x0000000720400000, 0x0000000720600000, 0x0000000720600000|100%| O|  |TAMS 0x0000000720400000| PB 0x0000000720400000| Untracked |  0
| 259|0x0000000720600000, 0x0000000720800000, 0x0000000720800000|100%| O|  |TAMS 0x0000000720600000| PB 0x0000000720600000| Untracked |  0
| 260|0x0000000720800000, 0x0000000720a00000, 0x0000000720a00000|100%| O|  |TAMS 0x0000000720800000| PB 0x0000000720800000| Untracked |  0
| 261|0x0000000720a00000, 0x0000000720c00000, 0x0000000720c00000|100%| O|  |TAMS 0x0000000720a00000| PB 0x0000000720a00000| Untracked |  0
| 262|0x0000000720c00000, 0x0000000720e00000, 0x0000000720e00000|100%| O|  |TAMS 0x0000000720c00000| PB 0x0000000720c00000| Untracked |  0
| 263|0x0000000720e00000, 0x0000000721000000, 0x0000000721000000|100%| O|  |TAMS 0x0000000720e00000| PB 0x0000000720e00000| Untracked |  0
| 264|0x0000000721000000, 0x0000000721200000, 0x0000000721200000|100%| O|  |TAMS 0x0000000721000000| PB 0x0000000721000000| Untracked |  0
| 265|0x0000000721200000, 0x0000000721400000, 0x0000000721400000|100%| O|  |TAMS 0x0000000721200000| PB 0x0000000721200000| Untracked |  0
| 266|0x0000000721400000, 0x0000000721600000, 0x0000000721600000|100%| O|  |TAMS 0x0000000721400000| PB 0x0000000721400000| Untracked |  0
| 267|0x0000000721600000, 0x0000000721800000, 0x0000000721800000|100%| O|  |TAMS 0x0000000721600000| PB 0x0000000721600000| Untracked |  0
| 268|0x0000000721800000, 0x0000000721a00000, 0x0000000721a00000|100%| O|  |TAMS 0x0000000721800000| PB 0x0000000721800000| Untracked |  0
| 269|0x0000000721a00000, 0x0000000721c00000, 0x0000000721c00000|100%| O|  |TAMS 0x0000000721a00000| PB 0x0000000721a00000| Untracked |  0
| 270|0x0000000721c00000, 0x0000000721e00000, 0x0000000721e00000|100%| O|  |TAMS 0x0000000721c00000| PB 0x0000000721c00000| Untracked |  0
| 271|0x0000000721e00000, 0x0000000722000000, 0x0000000722000000|100%| O|  |TAMS 0x0000000721e00000| PB 0x0000000721e00000| Untracked |  0
| 272|0x0000000722000000, 0x0000000722200000, 0x0000000722200000|100%| O|  |TAMS 0x0000000722000000| PB 0x0000000722000000| Untracked |  0
| 273|0x0000000722200000, 0x0000000722400000, 0x0000000722400000|100%| O|  |TAMS 0x0000000722200000| PB 0x0000000722200000| Untracked |  0
| 274|0x0000000722400000, 0x0000000722600000, 0x0000000722600000|100%| O|  |TAMS 0x0000000722400000| PB 0x0000000722400000| Untracked |  0
| 275|0x0000000722600000, 0x0000000722800000, 0x0000000722800000|100%| O|  |TAMS 0x0000000722600000| PB 0x0000000722600000| Untracked |  0
| 276|0x0000000722800000, 0x0000000722a00000, 0x0000000722a00000|100%| O|  |TAMS 0x0000000722800000| PB 0x0000000722800000| Untracked |  0
| 277|0x0000000722a00000, 0x0000000722c00000, 0x0000000722c00000|100%| O|  |TAMS 0x0000000722a00000| PB 0x0000000722a00000| Untracked |  0
| 278|0x0000000722c00000, 0x0000000722e00000, 0x0000000722e00000|100%| O|  |TAMS 0x0000000722c00000| PB 0x0000000722c00000| Untracked |  0
| 279|0x0000000722e00000, 0x0000000723000000, 0x0000000723000000|100%| O|  |TAMS 0x0000000722e00000| PB 0x0000000722e00000| Untracked |  0
| 280|0x0000000723000000, 0x0000000723200000, 0x0000000723200000|100%| O|  |TAMS 0x0000000723000000| PB 0x0000000723000000| Untracked |  0
| 281|0x0000000723200000, 0x0000000723400000, 0x0000000723400000|100%| O|  |TAMS 0x0000000723200000| PB 0x0000000723200000| Untracked |  0
| 282|0x0000000723400000, 0x0000000723400000, 0x0000000723600000|  0%| F|  |TAMS 0x0000000723400000| PB 0x0000000723400000| Untracked |  0
| 283|0x0000000723600000, 0x0000000723800000, 0x0000000723800000|100%| O|  |TAMS 0x0000000723600000| PB 0x0000000723600000| Untracked |  0
| 284|0x0000000723800000, 0x0000000723a00000, 0x0000000723a00000|100%| O|  |TAMS 0x0000000723800000| PB 0x0000000723800000| Untracked |  0
| 285|0x0000000723a00000, 0x0000000723c00000, 0x0000000723c00000|100%| O|  |TAMS 0x0000000723a00000| PB 0x0000000723a00000| Untracked |  0
| 286|0x0000000723c00000, 0x0000000723e00000, 0x0000000723e00000|100%| O|  |TAMS 0x0000000723c00000| PB 0x0000000723c00000| Untracked |  0
| 287|0x0000000723e00000, 0x0000000724000000, 0x0000000724000000|100%| O|  |TAMS 0x0000000723e00000| PB 0x0000000723e00000| Untracked |  0
| 288|0x0000000724000000, 0x0000000724200000, 0x0000000724200000|100%| O|  |TAMS 0x0000000724000000| PB 0x0000000724000000| Untracked |  0
| 289|0x0000000724200000, 0x0000000724400000, 0x0000000724400000|100%| O|  |TAMS 0x0000000724200000| PB 0x0000000724200000| Untracked |  0
| 290|0x0000000724400000, 0x0000000724600000, 0x0000000724600000|100%| O|  |TAMS 0x0000000724400000| PB 0x0000000724400000| Untracked |  0
| 291|0x0000000724600000, 0x0000000724800000, 0x0000000724800000|100%| O|  |TAMS 0x0000000724600000| PB 0x0000000724600000| Untracked |  0
| 292|0x0000000724800000, 0x0000000724a00000, 0x0000000724a00000|100%| O|  |TAMS 0x0000000724800000| PB 0x0000000724800000| Untracked |  0
| 293|0x0000000724a00000, 0x0000000724c00000, 0x0000000724c00000|100%| O|  |TAMS 0x0000000724a00000| PB 0x0000000724a00000| Untracked |  0
| 294|0x0000000724c00000, 0x0000000724e00000, 0x0000000724e00000|100%| O|  |TAMS 0x0000000724c00000| PB 0x0000000724c00000| Untracked |  0
| 295|0x0000000724e00000, 0x0000000725000000, 0x0000000725000000|100%| O|  |TAMS 0x0000000724e00000| PB 0x0000000724e00000| Untracked |  0
| 296|0x0000000725000000, 0x0000000725200000, 0x0000000725200000|100%| O|  |TAMS 0x0000000725000000| PB 0x0000000725000000| Untracked |  0
| 297|0x0000000725200000, 0x0000000725400000, 0x0000000725400000|100%| O|  |TAMS 0x0000000725200000| PB 0x0000000725200000| Untracked |  0
| 298|0x0000000725400000, 0x0000000725600000, 0x0000000725600000|100%| O|  |TAMS 0x0000000725400000| PB 0x0000000725400000| Untracked |  0
| 299|0x0000000725600000, 0x0000000725800000, 0x0000000725800000|100%| O|  |TAMS 0x0000000725600000| PB 0x0000000725600000| Untracked |  0
| 300|0x0000000725800000, 0x0000000725a00000, 0x0000000725a00000|100%| O|  |TAMS 0x0000000725800000| PB 0x0000000725800000| Untracked |  0
| 301|0x0000000725a00000, 0x0000000725c00000, 0x0000000725c00000|100%| O|  |TAMS 0x0000000725a00000| PB 0x0000000725a00000| Untracked |  0
| 302|0x0000000725c00000, 0x0000000725e00000, 0x0000000725e00000|100%| O|  |TAMS 0x0000000725c00000| PB 0x0000000725c00000| Untracked |  0
| 303|0x0000000725e00000, 0x0000000726000000, 0x0000000726000000|100%| O|  |TAMS 0x0000000725e00000| PB 0x0000000725e00000| Untracked |  0
| 304|0x0000000726000000, 0x0000000726200000, 0x0000000726200000|100%| O|  |TAMS 0x0000000726000000| PB 0x0000000726000000| Untracked |  0
| 305|0x0000000726200000, 0x0000000726400000, 0x0000000726400000|100%| O|  |TAMS 0x0000000726200000| PB 0x0000000726200000| Untracked |  0
| 306|0x0000000726400000, 0x0000000726600000, 0x0000000726600000|100%| O|  |TAMS 0x0000000726400000| PB 0x0000000726400000| Untracked |  0
| 307|0x0000000726600000, 0x0000000726800000, 0x0000000726800000|100%| O|  |TAMS 0x0000000726600000| PB 0x0000000726600000| Untracked |  0
| 308|0x0000000726800000, 0x0000000726a00000, 0x0000000726a00000|100%| O|  |TAMS 0x0000000726800000| PB 0x0000000726800000| Untracked |  0
| 309|0x0000000726a00000, 0x0000000726c00000, 0x0000000726c00000|100%| O|  |TAMS 0x0000000726a00000| PB 0x0000000726a00000| Untracked |  0
| 310|0x0000000726c00000, 0x0000000726e00000, 0x0000000726e00000|100%| O|  |TAMS 0x0000000726c00000| PB 0x0000000726c00000| Untracked |  0
| 311|0x0000000726e00000, 0x0000000727000000, 0x0000000727000000|100%| O|  |TAMS 0x0000000726e00000| PB 0x0000000726e00000| Untracked |  0
| 312|0x0000000727000000, 0x0000000727200000, 0x0000000727200000|100%| O|  |TAMS 0x0000000727000000| PB 0x0000000727000000| Untracked |  0
| 313|0x0000000727200000, 0x0000000727400000, 0x0000000727400000|100%| O|  |TAMS 0x0000000727200000| PB 0x0000000727200000| Untracked |  0
| 314|0x0000000727400000, 0x0000000727600000, 0x0000000727600000|100%| O|  |TAMS 0x0000000727400000| PB 0x0000000727400000| Untracked |  0
| 315|0x0000000727600000, 0x0000000727800000, 0x0000000727800000|100%| O|  |TAMS 0x0000000727600000| PB 0x0000000727600000| Untracked |  0
| 316|0x0000000727800000, 0x0000000727a00000, 0x0000000727a00000|100%| O|  |TAMS 0x0000000727800000| PB 0x0000000727800000| Untracked |  0
| 317|0x0000000727a00000, 0x0000000727c00000, 0x0000000727c00000|100%| O|  |TAMS 0x0000000727a00000| PB 0x0000000727a00000| Untracked |  0
| 318|0x0000000727c00000, 0x0000000727e00000, 0x0000000727e00000|100%| O|  |TAMS 0x0000000727c00000| PB 0x0000000727c00000| Untracked |  0
| 319|0x0000000727e00000, 0x0000000728000000, 0x0000000728000000|100%| O|  |TAMS 0x0000000727e00000| PB 0x0000000727e00000| Untracked |  0
| 320|0x0000000728000000, 0x0000000728200000, 0x0000000728200000|100%| O|  |TAMS 0x0000000728000000| PB 0x0000000728000000| Untracked |  0
| 321|0x0000000728200000, 0x0000000728400000, 0x0000000728400000|100%| O|  |TAMS 0x0000000728200000| PB 0x0000000728200000| Untracked |  0
| 322|0x0000000728400000, 0x0000000728600000, 0x0000000728600000|100%| O|  |TAMS 0x0000000728400000| PB 0x0000000728400000| Untracked |  0
| 323|0x0000000728600000, 0x0000000728800000, 0x0000000728800000|100%| O|  |TAMS 0x0000000728600000| PB 0x0000000728600000| Untracked |  0
| 324|0x0000000728800000, 0x0000000728a00000, 0x0000000728a00000|100%| O|  |TAMS 0x0000000728800000| PB 0x0000000728800000| Untracked |  0
| 325|0x0000000728a00000, 0x0000000728c00000, 0x0000000728c00000|100%| O|  |TAMS 0x0000000728a00000| PB 0x0000000728a00000| Untracked |  0
| 326|0x0000000728c00000, 0x0000000728e00000, 0x0000000728e00000|100%| O|  |TAMS 0x0000000728c00000| PB 0x0000000728c00000| Untracked |  0
| 327|0x0000000728e00000, 0x0000000729000000, 0x0000000729000000|100%| O|  |TAMS 0x0000000728e00000| PB 0x0000000728e00000| Untracked |  0
| 328|0x0000000729000000, 0x0000000729200000, 0x0000000729200000|100%| O|  |TAMS 0x0000000729000000| PB 0x0000000729000000| Untracked |  0
| 329|0x0000000729200000, 0x0000000729400000, 0x0000000729400000|100%| O|  |TAMS 0x0000000729200000| PB 0x0000000729200000| Untracked |  0
| 330|0x0000000729400000, 0x0000000729600000, 0x0000000729600000|100%| O|  |TAMS 0x0000000729400000| PB 0x0000000729400000| Untracked |  0
| 331|0x0000000729600000, 0x0000000729800000, 0x0000000729800000|100%| O|  |TAMS 0x0000000729600000| PB 0x0000000729600000| Untracked |  0
| 332|0x0000000729800000, 0x0000000729a00000, 0x0000000729a00000|100%| O|  |TAMS 0x0000000729800000| PB 0x0000000729800000| Untracked |  0
| 333|0x0000000729a00000, 0x0000000729c00000, 0x0000000729c00000|100%| O|  |TAMS 0x0000000729a00000| PB 0x0000000729a00000| Untracked |  0
| 334|0x0000000729c00000, 0x0000000729c00000, 0x0000000729e00000|  0%| F|  |TAMS 0x0000000729c00000| PB 0x0000000729c00000| Untracked |  0
| 335|0x0000000729e00000, 0x0000000729e00000, 0x000000072a000000|  0%| F|  |TAMS 0x0000000729e00000| PB 0x0000000729e00000| Untracked |  0
| 336|0x000000072a000000, 0x000000072a000000, 0x000000072a200000|  0%| F|  |TAMS 0x000000072a000000| PB 0x000000072a000000| Untracked |  0
| 337|0x000000072a200000, 0x000000072a400000, 0x000000072a400000|100%| O|  |TAMS 0x000000072a200000| PB 0x000000072a200000| Untracked |  0
| 338|0x000000072a400000, 0x000000072a600000, 0x000000072a600000|100%| O|  |TAMS 0x000000072a400000| PB 0x000000072a400000| Untracked |  0
| 339|0x000000072a600000, 0x000000072a800000, 0x000000072a800000|100%| O|  |TAMS 0x000000072a600000| PB 0x000000072a600000| Untracked |  0
| 340|0x000000072a800000, 0x000000072aa00000, 0x000000072aa00000|100%| O|  |TAMS 0x000000072a800000| PB 0x000000072a800000| Untracked |  0
| 341|0x000000072aa00000, 0x000000072ac00000, 0x000000072ac00000|100%| O|  |TAMS 0x000000072aa00000| PB 0x000000072aa00000| Untracked |  0
| 342|0x000000072ac00000, 0x000000072ae00000, 0x000000072ae00000|100%| O|  |TAMS 0x000000072ac00000| PB 0x000000072ac00000| Untracked |  0
| 343|0x000000072ae00000, 0x000000072b000000, 0x000000072b000000|100%| O|  |TAMS 0x000000072ae00000| PB 0x000000072ae00000| Untracked |  0
| 344|0x000000072b000000, 0x000000072b200000, 0x000000072b200000|100%| O|  |TAMS 0x000000072b000000| PB 0x000000072b000000| Untracked |  0
| 345|0x000000072b200000, 0x000000072b400000, 0x000000072b400000|100%| O|  |TAMS 0x000000072b200000| PB 0x000000072b200000| Untracked |  0
| 346|0x000000072b400000, 0x000000072b600000, 0x000000072b600000|100%| O|  |TAMS 0x000000072b400000| PB 0x000000072b400000| Untracked |  0
| 347|0x000000072b600000, 0x000000072b800000, 0x000000072b800000|100%| O|  |TAMS 0x000000072b600000| PB 0x000000072b600000| Untracked |  0
| 348|0x000000072b800000, 0x000000072ba00000, 0x000000072ba00000|100%| O|  |TAMS 0x000000072b800000| PB 0x000000072b800000| Untracked |  0
| 349|0x000000072ba00000, 0x000000072bc00000, 0x000000072bc00000|100%| O|  |TAMS 0x000000072ba00000| PB 0x000000072ba00000| Untracked |  0
| 350|0x000000072bc00000, 0x000000072be00000, 0x000000072be00000|100%| O|  |TAMS 0x000000072bc00000| PB 0x000000072bc00000| Untracked |  0
| 351|0x000000072be00000, 0x000000072c000000, 0x000000072c000000|100%| O|  |TAMS 0x000000072be00000| PB 0x000000072be00000| Untracked |  0
| 352|0x000000072c000000, 0x000000072c200000, 0x000000072c200000|100%| O|  |TAMS 0x000000072c000000| PB 0x000000072c000000| Untracked |  0
| 353|0x000000072c200000, 0x000000072c200000, 0x000000072c400000|  0%| F|  |TAMS 0x000000072c200000| PB 0x000000072c200000| Untracked |  0
| 354|0x000000072c400000, 0x000000072c400000, 0x000000072c600000|  0%| F|  |TAMS 0x000000072c400000| PB 0x000000072c400000| Untracked |  0
| 355|0x000000072c600000, 0x000000072c600000, 0x000000072c800000|  0%| F|  |TAMS 0x000000072c600000| PB 0x000000072c600000| Untracked |  0
| 356|0x000000072c800000, 0x000000072c800000, 0x000000072ca00000|  0%| F|  |TAMS 0x000000072c800000| PB 0x000000072c800000| Untracked |  0
| 357|0x000000072ca00000, 0x000000072ca00000, 0x000000072cc00000|  0%| F|  |TAMS 0x000000072ca00000| PB 0x000000072ca00000| Untracked |  0
| 358|0x000000072cc00000, 0x000000072cc00000, 0x000000072ce00000|  0%| F|  |TAMS 0x000000072cc00000| PB 0x000000072cc00000| Untracked |  0
| 359|0x000000072ce00000, 0x000000072cec81f8, 0x000000072d000000| 39%| S|CS|TAMS 0x000000072ce00000| PB 0x000000072ce00000| Complete |  0
| 360|0x000000072d000000, 0x000000072d200000, 0x000000072d200000|100%| S|CS|TAMS 0x000000072d000000| PB 0x000000072d000000| Complete |  0
| 361|0x000000072d200000, 0x000000072d200000, 0x000000072d400000|  0%| F|  |TAMS 0x000000072d200000| PB 0x000000072d200000| Untracked |  0
| 362|0x000000072d400000, 0x000000072d400000, 0x000000072d600000|  0%| F|  |TAMS 0x000000072d400000| PB 0x000000072d400000| Untracked |  0
| 363|0x000000072d600000, 0x000000072d600000, 0x000000072d800000|  0%| F|  |TAMS 0x000000072d600000| PB 0x000000072d600000| Untracked |  0
| 364|0x000000072d800000, 0x000000072d800000, 0x000000072da00000|  0%| F|  |TAMS 0x000000072d800000| PB 0x000000072d800000| Untracked |  0
| 365|0x000000072da00000, 0x000000072da00000, 0x000000072dc00000|  0%| F|  |TAMS 0x000000072da00000| PB 0x000000072da00000| Untracked |  0
| 366|0x000000072dc00000, 0x000000072dc00000, 0x000000072de00000|  0%| F|  |TAMS 0x000000072dc00000| PB 0x000000072dc00000| Untracked |  0
| 367|0x000000072de00000, 0x000000072de00000, 0x000000072e000000|  0%| F|  |TAMS 0x000000072de00000| PB 0x000000072de00000| Untracked |  0
| 368|0x000000072e000000, 0x000000072e000000, 0x000000072e200000|  0%| F|  |TAMS 0x000000072e000000| PB 0x000000072e000000| Untracked |  0
| 369|0x000000072e200000, 0x000000072e200000, 0x000000072e400000|  0%| F|  |TAMS 0x000000072e200000| PB 0x000000072e200000| Untracked |  0
| 370|0x000000072e400000, 0x000000072e400000, 0x000000072e600000|  0%| F|  |TAMS 0x000000072e400000| PB 0x000000072e400000| Untracked |  0
| 371|0x000000072e600000, 0x000000072e600000, 0x000000072e800000|  0%| F|  |TAMS 0x000000072e600000| PB 0x000000072e600000| Untracked |  0
| 372|0x000000072e800000, 0x000000072e800000, 0x000000072ea00000|  0%| F|  |TAMS 0x000000072e800000| PB 0x000000072e800000| Untracked |  0
| 373|0x000000072ea00000, 0x000000072ea00000, 0x000000072ec00000|  0%| F|  |TAMS 0x000000072ea00000| PB 0x000000072ea00000| Untracked |  0
| 374|0x000000072ec00000, 0x000000072ec00000, 0x000000072ee00000|  0%| F|  |TAMS 0x000000072ec00000| PB 0x000000072ec00000| Untracked |  0
| 375|0x000000072ee00000, 0x000000072ee00000, 0x000000072f000000|  0%| F|  |TAMS 0x000000072ee00000| PB 0x000000072ee00000| Untracked |  0
| 376|0x000000072f000000, 0x000000072f000000, 0x000000072f200000|  0%| F|  |TAMS 0x000000072f000000| PB 0x000000072f000000| Untracked |  0
| 377|0x000000072f200000, 0x000000072f200000, 0x000000072f400000|  0%| F|  |TAMS 0x000000072f200000| PB 0x000000072f200000| Untracked |  0
| 378|0x000000072f400000, 0x000000072f400000, 0x000000072f600000|  0%| F|  |TAMS 0x000000072f400000| PB 0x000000072f400000| Untracked |  0
| 379|0x000000072f600000, 0x000000072f800000, 0x000000072f800000|100%| S|CS|TAMS 0x000000072f600000| PB 0x000000072f600000| Complete |  0
| 380|0x000000072f800000, 0x000000072fa00000, 0x000000072fa00000|100%| S|CS|TAMS 0x000000072f800000| PB 0x000000072f800000| Complete |  0
| 381|0x000000072fa00000, 0x000000072fc00000, 0x000000072fc00000|100%| S|CS|TAMS 0x000000072fa00000| PB 0x000000072fa00000| Complete |  0
| 382|0x000000072fc00000, 0x000000072fe00000, 0x000000072fe00000|100%| S|CS|TAMS 0x000000072fc00000| PB 0x000000072fc00000| Complete |  0
| 383|0x000000072fe00000, 0x0000000730000000, 0x0000000730000000|100%| S|CS|TAMS 0x000000072fe00000| PB 0x000000072fe00000| Complete |  0
| 384|0x0000000730000000, 0x0000000730200000, 0x0000000730200000|100%| S|CS|TAMS 0x0000000730000000| PB 0x0000000730000000| Complete |  0
| 385|0x0000000730200000, 0x0000000730400000, 0x0000000730400000|100%| S|CS|TAMS 0x0000000730200000| PB 0x0000000730200000| Complete |  0
| 386|0x0000000730400000, 0x0000000730600000, 0x0000000730600000|100%| S|CS|TAMS 0x0000000730400000| PB 0x0000000730400000| Complete |  0
| 387|0x0000000730600000, 0x0000000730800000, 0x0000000730800000|100%| S|CS|TAMS 0x0000000730600000| PB 0x0000000730600000| Complete |  0
| 388|0x0000000730800000, 0x0000000730a00000, 0x0000000730a00000|100%| S|CS|TAMS 0x0000000730800000| PB 0x0000000730800000| Complete |  0
| 389|0x0000000730a00000, 0x0000000730c00000, 0x0000000730c00000|100%| S|CS|TAMS 0x0000000730a00000| PB 0x0000000730a00000| Complete |  0
| 390|0x0000000730c00000, 0x0000000730e00000, 0x0000000730e00000|100%| S|CS|TAMS 0x0000000730c00000| PB 0x0000000730c00000| Complete |  0
| 391|0x0000000730e00000, 0x0000000731000000, 0x0000000731000000|100%| S|CS|TAMS 0x0000000730e00000| PB 0x0000000730e00000| Complete |  0
| 392|0x0000000731000000, 0x0000000731200000, 0x0000000731200000|100%| S|CS|TAMS 0x0000000731000000| PB 0x0000000731000000| Complete |  0
| 393|0x0000000731200000, 0x0000000731400000, 0x0000000731400000|100%| S|CS|TAMS 0x0000000731200000| PB 0x0000000731200000| Complete |  0
| 394|0x0000000731400000, 0x0000000731400000, 0x0000000731600000|  0%| F|  |TAMS 0x0000000731400000| PB 0x0000000731400000| Untracked |  0
| 395|0x0000000731600000, 0x0000000731600000, 0x0000000731800000|  0%| F|  |TAMS 0x0000000731600000| PB 0x0000000731600000| Untracked |  0
| 396|0x0000000731800000, 0x0000000731800000, 0x0000000731a00000|  0%| F|  |TAMS 0x0000000731800000| PB 0x0000000731800000| Untracked |  0
| 397|0x0000000731a00000, 0x0000000731a00000, 0x0000000731c00000|  0%| F|  |TAMS 0x0000000731a00000| PB 0x0000000731a00000| Untracked |  0
| 398|0x0000000731c00000, 0x0000000731c00000, 0x0000000731e00000|  0%| F|  |TAMS 0x0000000731c00000| PB 0x0000000731c00000| Untracked |  0
| 399|0x0000000731e00000, 0x0000000731e00000, 0x0000000732000000|  0%| F|  |TAMS 0x0000000731e00000| PB 0x0000000731e00000| Untracked |  0
| 400|0x0000000732000000, 0x0000000732000000, 0x0000000732200000|  0%| F|  |TAMS 0x0000000732000000| PB 0x0000000732000000| Untracked |  0
| 401|0x0000000732200000, 0x0000000732200000, 0x0000000732400000|  0%| F|  |TAMS 0x0000000732200000| PB 0x0000000732200000| Untracked |  0
| 402|0x0000000732400000, 0x0000000732400000, 0x0000000732600000|  0%| F|  |TAMS 0x0000000732400000| PB 0x0000000732400000| Untracked |  0
| 403|0x0000000732600000, 0x0000000732600000, 0x0000000732800000|  0%| F|  |TAMS 0x0000000732600000| PB 0x0000000732600000| Untracked |  0
| 404|0x0000000732800000, 0x0000000732800000, 0x0000000732a00000|  0%| F|  |TAMS 0x0000000732800000| PB 0x0000000732800000| Untracked |  0
| 405|0x0000000732a00000, 0x0000000732a00000, 0x0000000732c00000|  0%| F|  |TAMS 0x0000000732a00000| PB 0x0000000732a00000| Untracked |  0
| 406|0x0000000732c00000, 0x0000000732c00000, 0x0000000732e00000|  0%| F|  |TAMS 0x0000000732c00000| PB 0x0000000732c00000| Untracked |  0
| 407|0x0000000732e00000, 0x0000000732e00000, 0x0000000733000000|  0%| F|  |TAMS 0x0000000732e00000| PB 0x0000000732e00000| Untracked |  0
| 408|0x0000000733000000, 0x0000000733000000, 0x0000000733200000|  0%| F|  |TAMS 0x0000000733000000| PB 0x0000000733000000| Untracked |  0
| 409|0x0000000733200000, 0x0000000733200000, 0x0000000733400000|  0%| F|  |TAMS 0x0000000733200000| PB 0x0000000733200000| Untracked |  0
| 410|0x0000000733400000, 0x0000000733400000, 0x0000000733600000|  0%| F|  |TAMS 0x0000000733400000| PB 0x0000000733400000| Untracked |  0
| 411|0x0000000733600000, 0x0000000733600000, 0x0000000733800000|  0%| F|  |TAMS 0x0000000733600000| PB 0x0000000733600000| Untracked |  0
| 412|0x0000000733800000, 0x0000000733800000, 0x0000000733a00000|  0%| F|  |TAMS 0x0000000733800000| PB 0x0000000733800000| Untracked |  0
| 413|0x0000000733a00000, 0x0000000733a00000, 0x0000000733c00000|  0%| F|  |TAMS 0x0000000733a00000| PB 0x0000000733a00000| Untracked |  0
| 414|0x0000000733c00000, 0x0000000733c00000, 0x0000000733e00000|  0%| F|  |TAMS 0x0000000733c00000| PB 0x0000000733c00000| Untracked |  0
| 415|0x0000000733e00000, 0x0000000733e00000, 0x0000000734000000|  0%| F|  |TAMS 0x0000000733e00000| PB 0x0000000733e00000| Untracked |  0
| 416|0x0000000734000000, 0x0000000734000000, 0x0000000734200000|  0%| F|  |TAMS 0x0000000734000000| PB 0x0000000734000000| Untracked |  0
| 417|0x0000000734200000, 0x0000000734200000, 0x0000000734400000|  0%| F|  |TAMS 0x0000000734200000| PB 0x0000000734200000| Untracked |  0
| 418|0x0000000734400000, 0x0000000734400000, 0x0000000734600000|  0%| F|  |TAMS 0x0000000734400000| PB 0x0000000734400000| Untracked |  0
| 419|0x0000000734600000, 0x0000000734600000, 0x0000000734800000|  0%| F|  |TAMS 0x0000000734600000| PB 0x0000000734600000| Untracked |  0
| 420|0x0000000734800000, 0x0000000734800000, 0x0000000734a00000|  0%| F|  |TAMS 0x0000000734800000| PB 0x0000000734800000| Untracked |  0
| 421|0x0000000734a00000, 0x0000000734a00000, 0x0000000734c00000|  0%| F|  |TAMS 0x0000000734a00000| PB 0x0000000734a00000| Untracked |  0
| 422|0x0000000734c00000, 0x0000000734c00000, 0x0000000734e00000|  0%| F|  |TAMS 0x0000000734c00000| PB 0x0000000734c00000| Untracked |  0
| 423|0x0000000734e00000, 0x0000000734e00000, 0x0000000735000000|  0%| F|  |TAMS 0x0000000734e00000| PB 0x0000000734e00000| Untracked |  0
| 424|0x0000000735000000, 0x0000000735000000, 0x0000000735200000|  0%| F|  |TAMS 0x0000000735000000| PB 0x0000000735000000| Untracked |  0
| 425|0x0000000735200000, 0x0000000735200000, 0x0000000735400000|  0%| F|  |TAMS 0x0000000735200000| PB 0x0000000735200000| Untracked |  0
| 426|0x0000000735400000, 0x0000000735400000, 0x0000000735600000|  0%| F|  |TAMS 0x0000000735400000| PB 0x0000000735400000| Untracked |  0
| 427|0x0000000735600000, 0x0000000735600000, 0x0000000735800000|  0%| F|  |TAMS 0x0000000735600000| PB 0x0000000735600000| Untracked |  0
| 428|0x0000000735800000, 0x0000000735800000, 0x0000000735a00000|  0%| F|  |TAMS 0x0000000735800000| PB 0x0000000735800000| Untracked |  0
| 429|0x0000000735a00000, 0x0000000735a00000, 0x0000000735c00000|  0%| F|  |TAMS 0x0000000735a00000| PB 0x0000000735a00000| Untracked |  0
| 430|0x0000000735c00000, 0x0000000735c00000, 0x0000000735e00000|  0%| F|  |TAMS 0x0000000735c00000| PB 0x0000000735c00000| Untracked |  0
| 431|0x0000000735e00000, 0x0000000735e00000, 0x0000000736000000|  0%| F|  |TAMS 0x0000000735e00000| PB 0x0000000735e00000| Untracked |  0
| 432|0x0000000736000000, 0x0000000736000000, 0x0000000736200000|  0%| F|  |TAMS 0x0000000736000000| PB 0x0000000736000000| Untracked |  0
| 433|0x0000000736200000, 0x0000000736200000, 0x0000000736400000|  0%| F|  |TAMS 0x0000000736200000| PB 0x0000000736200000| Untracked |  0
| 434|0x0000000736400000, 0x0000000736400000, 0x0000000736600000|  0%| F|  |TAMS 0x0000000736400000| PB 0x0000000736400000| Untracked |  0
| 435|0x0000000736600000, 0x0000000736600000, 0x0000000736800000|  0%| F|  |TAMS 0x0000000736600000| PB 0x0000000736600000| Untracked |  0
| 436|0x0000000736800000, 0x0000000736800000, 0x0000000736a00000|  0%| F|  |TAMS 0x0000000736800000| PB 0x0000000736800000| Untracked |  0
| 437|0x0000000736a00000, 0x0000000736a00000, 0x0000000736c00000|  0%| F|  |TAMS 0x0000000736a00000| PB 0x0000000736a00000| Untracked |  0
| 438|0x0000000736c00000, 0x0000000736c00000, 0x0000000736e00000|  0%| F|  |TAMS 0x0000000736c00000| PB 0x0000000736c00000| Untracked |  0
| 439|0x0000000736e00000, 0x0000000736e00000, 0x0000000737000000|  0%| F|  |TAMS 0x0000000736e00000| PB 0x0000000736e00000| Untracked |  0
| 440|0x0000000737000000, 0x0000000737000000, 0x0000000737200000|  0%| F|  |TAMS 0x0000000737000000| PB 0x0000000737000000| Untracked |  0
| 441|0x0000000737200000, 0x0000000737200000, 0x0000000737400000|  0%| F|  |TAMS 0x0000000737200000| PB 0x0000000737200000| Untracked |  0
| 442|0x0000000737400000, 0x0000000737400000, 0x0000000737600000|  0%| F|  |TAMS 0x0000000737400000| PB 0x0000000737400000| Untracked |  0
| 443|0x0000000737600000, 0x0000000737600000, 0x0000000737800000|  0%| F|  |TAMS 0x0000000737600000| PB 0x0000000737600000| Untracked |  0
| 444|0x0000000737800000, 0x0000000737800000, 0x0000000737a00000|  0%| F|  |TAMS 0x0000000737800000| PB 0x0000000737800000| Untracked |  0
| 445|0x0000000737a00000, 0x0000000737a00000, 0x0000000737c00000|  0%| F|  |TAMS 0x0000000737a00000| PB 0x0000000737a00000| Untracked |  0
| 446|0x0000000737c00000, 0x0000000737c00000, 0x0000000737e00000|  0%| F|  |TAMS 0x0000000737c00000| PB 0x0000000737c00000| Untracked |  0
| 447|0x0000000737e00000, 0x0000000737e00000, 0x0000000738000000|  0%| F|  |TAMS 0x0000000737e00000| PB 0x0000000737e00000| Untracked |  0
| 448|0x0000000738000000, 0x0000000738000000, 0x0000000738200000|  0%| F|  |TAMS 0x0000000738000000| PB 0x0000000738000000| Untracked |  0
| 449|0x0000000738200000, 0x0000000738200000, 0x0000000738400000|  0%| F|  |TAMS 0x0000000738200000| PB 0x0000000738200000| Untracked |  0
| 450|0x0000000738400000, 0x0000000738400000, 0x0000000738600000|  0%| F|  |TAMS 0x0000000738400000| PB 0x0000000738400000| Untracked |  0
| 451|0x0000000738600000, 0x0000000738600000, 0x0000000738800000|  0%| F|  |TAMS 0x0000000738600000| PB 0x0000000738600000| Untracked |  0
| 452|0x0000000738800000, 0x0000000738800000, 0x0000000738a00000|  0%| F|  |TAMS 0x0000000738800000| PB 0x0000000738800000| Untracked |  0
| 453|0x0000000738a00000, 0x0000000738a00000, 0x0000000738c00000|  0%| F|  |TAMS 0x0000000738a00000| PB 0x0000000738a00000| Untracked |  0
| 454|0x0000000738c00000, 0x0000000738c00000, 0x0000000738e00000|  0%| F|  |TAMS 0x0000000738c00000| PB 0x0000000738c00000| Untracked |  0
| 455|0x0000000738e00000, 0x0000000738e00000, 0x0000000739000000|  0%| F|  |TAMS 0x0000000738e00000| PB 0x0000000738e00000| Untracked |  0
| 456|0x0000000739000000, 0x0000000739000000, 0x0000000739200000|  0%| F|  |TAMS 0x0000000739000000| PB 0x0000000739000000| Untracked |  0
| 457|0x0000000739200000, 0x0000000739200000, 0x0000000739400000|  0%| F|  |TAMS 0x0000000739200000| PB 0x0000000739200000| Untracked |  0
| 458|0x0000000739400000, 0x0000000739400000, 0x0000000739600000|  0%| F|  |TAMS 0x0000000739400000| PB 0x0000000739400000| Untracked |  0
| 459|0x0000000739600000, 0x0000000739600000, 0x0000000739800000|  0%| F|  |TAMS 0x0000000739600000| PB 0x0000000739600000| Untracked |  0
| 460|0x0000000739800000, 0x0000000739800000, 0x0000000739a00000|  0%| F|  |TAMS 0x0000000739800000| PB 0x0000000739800000| Untracked |  0
| 461|0x0000000739a00000, 0x0000000739a00000, 0x0000000739c00000|  0%| F|  |TAMS 0x0000000739a00000| PB 0x0000000739a00000| Untracked |  0
| 462|0x0000000739c00000, 0x0000000739c00000, 0x0000000739e00000|  0%| F|  |TAMS 0x0000000739c00000| PB 0x0000000739c00000| Untracked |  0
| 463|0x0000000739e00000, 0x0000000739e00000, 0x000000073a000000|  0%| F|  |TAMS 0x0000000739e00000| PB 0x0000000739e00000| Untracked |  0
| 464|0x000000073a000000, 0x000000073a000000, 0x000000073a200000|  0%| F|  |TAMS 0x000000073a000000| PB 0x000000073a000000| Untracked |  0
| 465|0x000000073a200000, 0x000000073a200000, 0x000000073a400000|  0%| F|  |TAMS 0x000000073a200000| PB 0x000000073a200000| Untracked |  0
| 466|0x000000073a400000, 0x000000073a400000, 0x000000073a600000|  0%| F|  |TAMS 0x000000073a400000| PB 0x000000073a400000| Untracked |  0
| 467|0x000000073a600000, 0x000000073a600000, 0x000000073a800000|  0%| F|  |TAMS 0x000000073a600000| PB 0x000000073a600000| Untracked |  0
| 468|0x000000073a800000, 0x000000073a800000, 0x000000073aa00000|  0%| F|  |TAMS 0x000000073a800000| PB 0x000000073a800000| Untracked |  0
| 469|0x000000073aa00000, 0x000000073aa00000, 0x000000073ac00000|  0%| F|  |TAMS 0x000000073aa00000| PB 0x000000073aa00000| Untracked |  0
| 470|0x000000073ac00000, 0x000000073ac00000, 0x000000073ae00000|  0%| F|  |TAMS 0x000000073ac00000| PB 0x000000073ac00000| Untracked |  0
| 471|0x000000073ae00000, 0x000000073ae00000, 0x000000073b000000|  0%| F|  |TAMS 0x000000073ae00000| PB 0x000000073ae00000| Untracked |  0
| 472|0x000000073b000000, 0x000000073b000000, 0x000000073b200000|  0%| F|  |TAMS 0x000000073b000000| PB 0x000000073b000000| Untracked |  0
| 473|0x000000073b200000, 0x000000073b200000, 0x000000073b400000|  0%| F|  |TAMS 0x000000073b200000| PB 0x000000073b200000| Untracked |  0
| 474|0x000000073b400000, 0x000000073b400000, 0x000000073b600000|  0%| F|  |TAMS 0x000000073b400000| PB 0x000000073b400000| Untracked |  0
| 475|0x000000073b600000, 0x000000073b600000, 0x000000073b800000|  0%| F|  |TAMS 0x000000073b600000| PB 0x000000073b600000| Untracked |  0
| 476|0x000000073b800000, 0x000000073b800000, 0x000000073ba00000|  0%| F|  |TAMS 0x000000073b800000| PB 0x000000073b800000| Untracked |  0
| 477|0x000000073ba00000, 0x000000073ba00000, 0x000000073bc00000|  0%| F|  |TAMS 0x000000073ba00000| PB 0x000000073ba00000| Untracked |  0
|1979|0x00000007f7600000, 0x00000007f7800000, 0x00000007f7800000|100%| O|  |TAMS 0x00000007f7600000| PB 0x00000007f7600000| Untracked |  0
|1980|0x00000007f7800000, 0x00000007f7800000, 0x00000007f7a00000|  0%| F|  |TAMS 0x00000007f7800000| PB 0x00000007f7800000| Untracked |  0
|1981|0x00000007f7a00000, 0x00000007f7c00000, 0x00000007f7c00000|100%| O|  |TAMS 0x00000007f7a00000| PB 0x00000007f7a00000| Untracked |  0
|1982|0x00000007f7c00000, 0x00000007f7e00000, 0x00000007f7e00000|100%| O|  |TAMS 0x00000007f7c00000| PB 0x00000007f7c00000| Untracked |  0
|1983|0x00000007f7e00000, 0x00000007f8000000, 0x00000007f8000000|100%| O|  |TAMS 0x00000007f7e00000| PB 0x00000007f7e00000| Untracked |  0
|1984|0x00000007f8000000, 0x00000007f8200000, 0x00000007f8200000|100%| O|  |TAMS 0x00000007f8000000| PB 0x00000007f8000000| Untracked |  0
|1985|0x00000007f8200000, 0x00000007f8400000, 0x00000007f8400000|100%| O|  |TAMS 0x00000007f8200000| PB 0x00000007f8200000| Untracked |  0
|1986|0x00000007f8400000, 0x00000007f8600000, 0x00000007f8600000|100%| O|  |TAMS 0x00000007f8400000| PB 0x00000007f8400000| Untracked |  0
|1987|0x00000007f8600000, 0x00000007f8600000, 0x00000007f8800000|  0%| F|  |TAMS 0x00000007f8600000| PB 0x00000007f8600000| Untracked |  0
|1988|0x00000007f8800000, 0x00000007f8800000, 0x00000007f8a00000|  0%| F|  |TAMS 0x00000007f8800000| PB 0x00000007f8800000| Untracked |  0
|1989|0x00000007f8a00000, 0x00000007f8a00000, 0x00000007f8c00000|  0%| F|  |TAMS 0x00000007f8a00000| PB 0x00000007f8a00000| Untracked |  0
|1990|0x00000007f8c00000, 0x00000007f8c00000, 0x00000007f8e00000|  0%| F|  |TAMS 0x00000007f8c00000| PB 0x00000007f8c00000| Untracked |  0
|1991|0x00000007f8e00000, 0x00000007f8e00000, 0x00000007f9000000|  0%| F|  |TAMS 0x00000007f8e00000| PB 0x00000007f8e00000| Untracked |  0
|1992|0x00000007f9000000, 0x00000007f9000000, 0x00000007f9200000|  0%| F|  |TAMS 0x00000007f9000000| PB 0x00000007f9000000| Untracked |  0
|1993|0x00000007f9200000, 0x00000007f9200000, 0x00000007f9400000|  0%| F|  |TAMS 0x00000007f9200000| PB 0x00000007f9200000| Untracked |  0
|1994|0x00000007f9400000, 0x00000007f9400000, 0x00000007f9600000|  0%| F|  |TAMS 0x00000007f9400000| PB 0x00000007f9400000| Untracked |  0
|1995|0x00000007f9600000, 0x00000007f9600000, 0x00000007f9800000|  0%| F|  |TAMS 0x00000007f9600000| PB 0x00000007f9600000| Untracked |  0
|1996|0x00000007f9800000, 0x00000007f9800000, 0x00000007f9a00000|  0%| F|  |TAMS 0x00000007f9800000| PB 0x00000007f9800000| Untracked |  0
|1997|0x00000007f9a00000, 0x00000007f9a00000, 0x00000007f9c00000|  0%| F|  |TAMS 0x00000007f9a00000| PB 0x00000007f9a00000| Untracked |  0
|1998|0x00000007f9c00000, 0x00000007f9c00000, 0x00000007f9e00000|  0%| F|  |TAMS 0x00000007f9c00000| PB 0x00000007f9c00000| Untracked |  0
|1999|0x00000007f9e00000, 0x00000007f9e00000, 0x00000007fa000000|  0%| F|  |TAMS 0x00000007f9e00000| PB 0x00000007f9e00000| Untracked |  0
|2000|0x00000007fa000000, 0x00000007fa000000, 0x00000007fa200000|  0%| F|  |TAMS 0x00000007fa000000| PB 0x00000007fa000000| Untracked |  0
|2001|0x00000007fa200000, 0x00000007fa200000, 0x00000007fa400000|  0%| F|  |TAMS 0x00000007fa200000| PB 0x00000007fa200000| Untracked |  0
|2002|0x00000007fa400000, 0x00000007fa400000, 0x00000007fa600000|  0%| F|  |TAMS 0x00000007fa400000| PB 0x00000007fa400000| Untracked |  0
|2003|0x00000007fa600000, 0x00000007fa600000, 0x00000007fa800000|  0%| F|  |TAMS 0x00000007fa600000| PB 0x00000007fa600000| Untracked |  0
|2004|0x00000007fa800000, 0x00000007fa800000, 0x00000007faa00000|  0%| F|  |TAMS 0x00000007fa800000| PB 0x00000007fa800000| Untracked |  0
|2005|0x00000007faa00000, 0x00000007faa00000, 0x00000007fac00000|  0%| F|  |TAMS 0x00000007faa00000| PB 0x00000007faa00000| Untracked |  0
|2006|0x00000007fac00000, 0x00000007fac00000, 0x00000007fae00000|  0%| F|  |TAMS 0x00000007fac00000| PB 0x00000007fac00000| Untracked |  0
|2007|0x00000007fae00000, 0x00000007fae00000, 0x00000007fb000000|  0%| F|  |TAMS 0x00000007fae00000| PB 0x00000007fae00000| Untracked |  0
|2008|0x00000007fb000000, 0x00000007fb000000, 0x00000007fb200000|  0%| F|  |TAMS 0x00000007fb000000| PB 0x00000007fb000000| Untracked |  0
|2009|0x00000007fb200000, 0x00000007fb200000, 0x00000007fb400000|  0%| F|  |TAMS 0x00000007fb200000| PB 0x00000007fb200000| Untracked |  0
|2010|0x00000007fb400000, 0x00000007fb400000, 0x00000007fb600000|  0%| F|  |TAMS 0x00000007fb400000| PB 0x00000007fb400000| Untracked |  0
|2011|0x00000007fb600000, 0x00000007fb600000, 0x00000007fb800000|  0%| F|  |TAMS 0x00000007fb600000| PB 0x00000007fb600000| Untracked |  0
|2012|0x00000007fb800000, 0x00000007fb800000, 0x00000007fba00000|  0%| F|  |TAMS 0x00000007fb800000| PB 0x00000007fb800000| Untracked |  0
|2013|0x00000007fba00000, 0x00000007fba00000, 0x00000007fbc00000|  0%| F|  |TAMS 0x00000007fba00000| PB 0x00000007fba00000| Untracked |  0
|2014|0x00000007fbc00000, 0x00000007fbc00000, 0x00000007fbe00000|  0%| F|  |TAMS 0x00000007fbc00000| PB 0x00000007fbc00000| Untracked |  0
|2015|0x00000007fbe00000, 0x00000007fc000000, 0x00000007fc000000|100%| O|  |TAMS 0x00000007fbe00000| PB 0x00000007fbe00000| Untracked |  0
|2016|0x00000007fc000000, 0x00000007fc000000, 0x00000007fc200000|  0%| F|  |TAMS 0x00000007fc000000| PB 0x00000007fc000000| Untracked |  0
|2017|0x00000007fc200000, 0x00000007fc200000, 0x00000007fc400000|  0%| F|  |TAMS 0x00000007fc200000| PB 0x00000007fc200000| Untracked |  0
|2018|0x00000007fc400000, 0x00000007fc600000, 0x00000007fc600000|100%| O|  |TAMS 0x00000007fc400000| PB 0x00000007fc400000| Untracked |  0
|2019|0x00000007fc600000, 0x00000007fc800000, 0x00000007fc800000|100%| O|  |TAMS 0x00000007fc600000| PB 0x00000007fc600000| Untracked |  0
|2020|0x00000007fc800000, 0x00000007fca00000, 0x00000007fca00000|100%| O|  |TAMS 0x00000007fc800000| PB 0x00000007fc800000| Untracked |  0
|2021|0x00000007fca00000, 0x00000007fcc00000, 0x00000007fcc00000|100%| O|  |TAMS 0x00000007fca00000| PB 0x00000007fca00000| Untracked |  0
|2022|0x00000007fcc00000, 0x00000007fcc00000, 0x00000007fce00000|  0%| F|  |TAMS 0x00000007fcc00000| PB 0x00000007fcc00000| Untracked |  0
|2023|0x00000007fce00000, 0x00000007fce00000, 0x00000007fd000000|  0%| F|  |TAMS 0x00000007fce00000| PB 0x00000007fce00000| Untracked |  0
|2024|0x00000007fd000000, 0x00000007fd000000, 0x00000007fd200000|  0%| F|  |TAMS 0x00000007fd000000| PB 0x00000007fd000000| Untracked |  0
|2025|0x00000007fd200000, 0x00000007fd200000, 0x00000007fd400000|  0%| F|  |TAMS 0x00000007fd200000| PB 0x00000007fd200000| Untracked |  0
|2026|0x00000007fd400000, 0x00000007fd400000, 0x00000007fd600000|  0%| F|  |TAMS 0x00000007fd400000| PB 0x00000007fd400000| Untracked |  0
|2027|0x00000007fd600000, 0x00000007fd600000, 0x00000007fd800000|  0%| F|  |TAMS 0x00000007fd600000| PB 0x00000007fd600000| Untracked |  0
|2028|0x00000007fd800000, 0x00000007fd800000, 0x00000007fda00000|  0%| F|  |TAMS 0x00000007fd800000| PB 0x00000007fd800000| Untracked |  0
|2029|0x00000007fda00000, 0x00000007fda00000, 0x00000007fdc00000|  0%| F|  |TAMS 0x00000007fda00000| PB 0x00000007fda00000| Untracked |  0
|2030|0x00000007fdc00000, 0x00000007fdc00000, 0x00000007fde00000|  0%| F|  |TAMS 0x00000007fdc00000| PB 0x00000007fdc00000| Untracked |  0
|2031|0x00000007fde00000, 0x00000007fde00000, 0x00000007fe000000|  0%| F|  |TAMS 0x00000007fde00000| PB 0x00000007fde00000| Untracked |  0
|2032|0x00000007fe000000, 0x00000007fe000000, 0x00000007fe200000|  0%| F|  |TAMS 0x00000007fe000000| PB 0x00000007fe000000| Untracked |  0
|2033|0x00000007fe200000, 0x00000007fe400000, 0x00000007fe400000|100%| O|  |TAMS 0x00000007fe200000| PB 0x00000007fe200000| Untracked |  0
|2034|0x00000007fe400000, 0x00000007fe400000, 0x00000007fe600000|  0%| F|  |TAMS 0x00000007fe400000| PB 0x00000007fe400000| Untracked |  0
|2035|0x00000007fe600000, 0x00000007fe600000, 0x00000007fe800000|  0%| F|  |TAMS 0x00000007fe600000| PB 0x00000007fe600000| Untracked |  0
|2036|0x00000007fe800000, 0x00000007fe800000, 0x00000007fea00000|  0%| F|  |TAMS 0x00000007fe800000| PB 0x00000007fe800000| Untracked |  0
|2037|0x00000007fea00000, 0x00000007fea00000, 0x00000007fec00000|  0%| F|  |TAMS 0x00000007fea00000| PB 0x00000007fea00000| Untracked |  0
|2038|0x00000007fec00000, 0x00000007fec00000, 0x00000007fee00000|  0%| F|  |TAMS 0x00000007fec00000| PB 0x00000007fec00000| Untracked |  0
|2039|0x00000007fee00000, 0x00000007ff000000, 0x00000007ff000000|100%| O|  |TAMS 0x00000007fee00000| PB 0x00000007fee00000| Untracked |  0
|2040|0x00000007ff000000, 0x00000007ff000000, 0x00000007ff200000|  0%| F|  |TAMS 0x00000007ff000000| PB 0x00000007ff000000| Untracked |  0
|2041|0x00000007ff200000, 0x00000007ff400000, 0x00000007ff400000|100%| O|  |TAMS 0x00000007ff200000| PB 0x00000007ff200000| Untracked |  0
|2042|0x00000007ff400000, 0x00000007ff400000, 0x00000007ff600000|  0%| F|  |TAMS 0x00000007ff400000| PB 0x00000007ff400000| Untracked |  0
|2043|0x00000007ff600000, 0x00000007ff800000, 0x00000007ff800000|100%| O|  |TAMS 0x00000007ff600000| PB 0x00000007ff600000| Untracked |  0
|2044|0x00000007ff800000, 0x00000007ffa00000, 0x00000007ffa00000|100%| O|  |TAMS 0x00000007ff800000| PB 0x00000007ff800000| Untracked |  0
|2045|0x00000007ffa00000, 0x00000007ffc00000, 0x00000007ffc00000|100%| O|  |TAMS 0x00000007ffa00000| PB 0x00000007ffa00000| Untracked |  0
|2046|0x00000007ffc00000, 0x00000007ffe00000, 0x00000007ffe00000|100%| O|  |TAMS 0x00000007ffc00000| PB 0x00000007ffc00000| Untracked |  0
|2047|0x00000007ffe00000, 0x0000000800000000, 0x0000000800000000|100%| O|  |TAMS 0x00000007ffe00000| PB 0x00000007ffe00000| Untracked |  0

Card table byte_map: [0x00000264395a0000,0x0000026439da0000] _byte_map_base: 0x0000026435da0000

Marking Bits: (CMBitMap*) 0x00000264262a8ed0
 Bits: [0x0000026439da0000, 0x000002643dda0000)

Polling page: 0x0000026424050000

Metaspace:
Metaspace        used 291967K, committed 294784K, reserved 1310720K
 class space     used 39609K, committed 40896K, reserved 1048576K

Usage:
  Non-class:    246.44 MB used.
      Class:     38.68 MB used.
       Both:    285.12 MB used.

Virtual space:
  Non-class space:      256.00 MB reserved,     247.94 MB ( 97%) committed,  4 nodes.
      Class space:        1.00 GB reserved,      39.94 MB (  4%) committed,  1 nodes.
             Both:        1.25 GB reserved,     287.88 MB ( 22%) committed. 

Chunk freelists:
   Non-Class:  7.73 MB
       Class:  8.01 MB
        Both:  15.74 MB

MaxMetaspaceSize: unlimited
CompressedClassSpaceSize: 1.00 GB
Initial GC threshold: 21.00 MB
Current GC threshold: 479.69 MB
CDS: off
 - commit_granule_bytes: 65536.
 - commit_granule_words: 8192.
 - virtual_space_node_default_size: 8388608.
 - enlarge_chunks_in_place: 1.
UseCompressedClassPointers 1, UseCompactObjectHeaders 0
Narrow klass pointer bits 32, Max shift 3
Narrow klass base: 0x0000000000000000, Narrow klass shift: 0
Encoding Range: [0x0000000000000000 - 0x0000000100000000), (4294967296 bytes)
Klass Range:    [0x000000003d000000 - 0x000000007d000000), (1073741824 bytes)
Klass ID Range:  [1023410176 - 2097151993) (1073741817)
No protection zone.


Internal statistics:

num_allocs_failed_limit: 6.
num_arena_births: 5316.
num_arena_deaths: 26.
num_vsnodes_births: 5.
num_vsnodes_deaths: 0.
num_space_committed: 4602.
num_space_uncommitted: 0.
num_chunks_returned_to_freelist: 44.
num_chunks_taken_from_freelist: 16974.
num_chunk_merges: 9.
num_chunk_splits: 11913.
num_chunks_enlarged: 8477.
num_inconsistent_stats: 0.

CodeHeap 'non-profiled nmethods': size=120064Kb used=18947Kb max_used=19003Kb free=101116Kb
 bounds [0x00000264311f0000, 0x00000264324a0000, 0x0000026438730000]
CodeHeap 'profiled nmethods': size=120000Kb used=27836Kb max_used=31110Kb free=92163Kb
 bounds [0x0000026429730000, 0x000002642b5a0000, 0x0000026430c60000]
CodeHeap 'non-nmethods': size=5696Kb used=2549Kb max_used=2778Kb free=3146Kb
 bounds [0x0000026430c60000, 0x0000026430f30000, 0x00000264311f0000]
CodeCache: size=245760Kb, used=49332Kb, max_used=52891Kb, free=196425Kb
 total_blobs=22827, nmethods=21480, adapters=1245, full_count=0
Compilation: enabled, stopped_count=0, restarted_count=0

Compilation events (20 events):
Event: 1647.091 Thread 0x000002644081def0 63542       2       com.android.tools.r8.internal.ca2::a (190 bytes)
Event: 1647.092 Thread 0x000002644081def0 nmethod 63542 0x0000026429f1d508 code [0x0000026429f1d600, 0x0000026429f1dc38]
Event: 1647.141 Thread 0x000002644081def0 63543       3       com.android.tools.r8.internal.o0::get (37 bytes)
Event: 1647.142 Thread 0x000002644081def0 nmethod 63543 0x000002642a065388 code [0x000002642a065480, 0x000002642a065ad8]
Event: 1647.142 Thread 0x000002644081def0 63544       3       com.android.tools.r8.internal.rf1::a (947 bytes)
Event: 1647.147 Thread 0x000002644081def0 nmethod 63544 0x000002642a535e08 code [0x000002642a535f00, 0x000002642a53a870]
Event: 1647.152 Thread 0x000002644081def0 63545 %     2       com.android.tools.r8.internal.cd2::a @ 9 (91 bytes)
Event: 1647.152 Thread 0x000002644081def0 nmethod 63545% 0x000002642a6f0008 code [0x000002642a6f0100, 0x000002642a6f04e0]
Event: 1647.276 Thread 0x000002644081def0 63547       2       com.android.tools.r8.internal.lu2::a (4 bytes)
Event: 1647.276 Thread 0x000002644081def0 nmethod 63547 0x000002642ac8cf08 code [0x000002642ac8d000, 0x000002642ac8d0f0]
Event: 1647.306 Thread 0x000002644081def0 63549       3       com.android.tools.r8.internal.td4::r2 (164 bytes)
Event: 1647.307 Thread 0x000002644081def0 nmethod 63549 0x000002642a4b8e88 code [0x000002642a4b8f80, 0x000002642a4ba0e0]
Event: 1647.365 Thread 0x000002644081def0 63551       3       com.android.tools.r8.internal.ca2::a (330 bytes)
Event: 1647.367 Thread 0x000002644081def0 nmethod 63551 0x0000026429dfc108 code [0x0000026429dfc200, 0x0000026429dfe590]
Event: 1647.485 Thread 0x000002644081def0 63554       3       com.android.tools.r8.internal.rk::a (16 bytes)
Event: 1647.486 Thread 0x000002644081def0 nmethod 63554 0x0000026429c4a808 code [0x0000026429c4a900, 0x0000026429c4ad10]
Event: 1647.535 Thread 0x000002644081def0 63555       2       com.android.tools.r8.internal.xc2::a (8 bytes)
Event: 1647.535 Thread 0x000002644081def0 nmethod 63555 0x000002642983f908 code [0x000002642983fa00, 0x000002642983fb10]
Event: 1647.595 Thread 0x000002644081def0 63557       2       com.android.tools.r8.internal.jq2::a (56 bytes)
Event: 1647.596 Thread 0x000002644081def0 nmethod 63557 0x000002642a0e1b08 code [0x000002642a0e1c00, 0x000002642a0e1f60]

GC Heap Usage History (20 events):
Event: 1641.005 {heap Before GC invocations=215 (full 0):
 garbage-first heap   total reserved 4194304K, committed 929792K, used 808693K [0x0000000700000000, 0x0000000800000000)
  region size 2048K, 272 young (557056K), 13 survivors (26624K)
}
Event: 1641.023 {heap After GC invocations=216 (full 0):
 garbage-first heap   total reserved 4194304K, committed 929792K, used 295144K [0x0000000700000000, 0x0000000800000000)
  region size 2048K, 22 young (45056K), 22 survivors (45056K)
}
Event: 1641.697 {heap Before GC invocations=216 (full 0):
 garbage-first heap   total reserved 4194304K, committed 929792K, used 805096K [0x0000000700000000, 0x0000000800000000)
  region size 2048K, 272 young (557056K), 22 survivors (45056K)
}
Event: 1641.759 {heap After GC invocations=217 (full 0):
 garbage-first heap   total reserved 4194304K, committed 929792K, used 329808K [0x0000000700000000, 0x0000000800000000)
  region size 2048K, 33 young (67584K), 33 survivors (67584K)
}
Event: 1642.395 {heap Before GC invocations=217 (full 0):
 garbage-first heap   total reserved 4194304K, committed 929792K, used 819280K [0x0000000700000000, 0x0000000800000000)
  region size 2048K, 272 young (557056K), 33 survivors (67584K)
}
Event: 1642.449 {heap After GC invocations=218 (full 0):
 garbage-first heap   total reserved 4194304K, committed 1060864K, used 358789K [0x0000000700000000, 0x0000000800000000)
  region size 2048K, 16 young (32768K), 16 survivors (32768K)
}
Event: 1643.133 {heap Before GC invocations=219 (full 0):
 garbage-first heap   total reserved 4194304K, committed 1060864K, used 956805K [0x0000000700000000, 0x0000000800000000)
  region size 2048K, 305 young (624640K), 16 survivors (32768K)
}
Event: 1643.156 {heap After GC invocations=220 (full 0):
 garbage-first heap   total reserved 4194304K, committed 1060864K, used 381670K [0x0000000700000000, 0x0000000800000000)
  region size 2048K, 25 young (51200K), 25 survivors (51200K)
}
Event: 1644.642 {heap Before GC invocations=220 (full 0):
 garbage-first heap   total reserved 4194304K, committed 1060864K, used 961254K [0x0000000700000000, 0x0000000800000000)
  region size 2048K, 307 young (628736K), 25 survivors (51200K)
}
Event: 1644.680 {heap After GC invocations=221 (full 0):
 garbage-first heap   total reserved 4194304K, committed 1060864K, used 418040K [0x0000000700000000, 0x0000000800000000)
  region size 2048K, 32 young (65536K), 32 survivors (65536K)
}
Event: 1645.286 {heap Before GC invocations=221 (full 0):
 garbage-first heap   total reserved 4194304K, committed 1060864K, used 956664K [0x0000000700000000, 0x0000000800000000)
  region size 2048K, 295 young (604160K), 32 survivors (65536K)
}
Event: 1645.399 {heap After GC invocations=222 (full 0):
 garbage-first heap   total reserved 4194304K, committed 1089536K, used 481280K [0x0000000700000000, 0x0000000800000000)
  region size 2048K, 35 young (71680K), 35 survivors (71680K)
}
Event: 1645.966 {heap Before GC invocations=223 (full 0):
 garbage-first heap   total reserved 4194304K, committed 1089536K, used 966656K [0x0000000700000000, 0x0000000800000000)
  region size 2048K, 273 young (559104K), 35 survivors (71680K)
}
Event: 1646.029 {heap After GC invocations=224 (full 0):
 garbage-first heap   total reserved 4194304K, committed 1107968K, used 548765K [0x0000000700000000, 0x0000000800000000)
  region size 2048K, 35 young (71680K), 35 survivors (71680K)
}
Event: 1646.510 {heap Before GC invocations=224 (full 0):
 garbage-first heap   total reserved 4194304K, committed 1107968K, used 980893K [0x0000000700000000, 0x0000000800000000)
  region size 2048K, 246 young (503808K), 35 survivors (71680K)
}
Event: 1646.566 {heap After GC invocations=225 (full 0):
 garbage-first heap   total reserved 4194304K, committed 1120256K, used 602112K [0x0000000700000000, 0x0000000800000000)
  region size 2048K, 30 young (61440K), 30 survivors (61440K)
}
Event: 1647.001 {heap Before GC invocations=225 (full 0):
 garbage-first heap   total reserved 4194304K, committed 1120256K, used 993280K [0x0000000700000000, 0x0000000800000000)
  region size 2048K, 222 young (454656K), 30 survivors (61440K)
}
Event: 1647.053 {heap After GC invocations=226 (full 0):
 garbage-first heap   total reserved 4194304K, committed 1120256K, used 662528K [0x0000000700000000, 0x0000000800000000)
  region size 2048K, 28 young (57344K), 28 survivors (57344K)
}
Event: 1647.423 {heap Before GC invocations=227 (full 0):
 garbage-first heap   total reserved 4194304K, committed 1120256K, used 998400K [0x0000000700000000, 0x0000000800000000)
  region size 2048K, 193 young (395264K), 28 survivors (57344K)
}
Event: 1647.470 {heap After GC invocations=228 (full 0):
 garbage-first heap   total reserved 4194304K, committed 1120256K, used 711680K [0x0000000700000000, 0x0000000800000000)
  region size 2048K, 24 young (49152K), 24 survivors (49152K)
}

Metaspace Usage History (20 events):
Event: 1641.005 {metaspace Before GC invocations=215 (full 0):
 Metaspace       used 291926K, committed 294720K, reserved 1310720K
  class space    used 39608K, committed 40896K, reserved 1048576K
}
Event: 1641.023 {metaspace After GC invocations=216 (full 0):
 Metaspace       used 291926K, committed 294720K, reserved 1310720K
  class space    used 39608K, committed 40896K, reserved 1048576K
}
Event: 1641.697 {metaspace Before GC invocations=216 (full 0):
 Metaspace       used 291933K, committed 294720K, reserved 1310720K
  class space    used 39609K, committed 40896K, reserved 1048576K
}
Event: 1641.759 {metaspace After GC invocations=217 (full 0):
 Metaspace       used 291933K, committed 294720K, reserved 1310720K
  class space    used 39609K, committed 40896K, reserved 1048576K
}
Event: 1642.395 {metaspace Before GC invocations=217 (full 0):
 Metaspace       used 291934K, committed 294720K, reserved 1310720K
  class space    used 39609K, committed 40896K, reserved 1048576K
}
Event: 1642.449 {metaspace After GC invocations=218 (full 0):
 Metaspace       used 291934K, committed 294720K, reserved 1310720K
  class space    used 39609K, committed 40896K, reserved 1048576K
}
Event: 1643.133 {metaspace Before GC invocations=219 (full 0):
 Metaspace       used 291945K, committed 294720K, reserved 1310720K
  class space    used 39609K, committed 40896K, reserved 1048576K
}
Event: 1643.157 {metaspace After GC invocations=220 (full 0):
 Metaspace       used 291945K, committed 294720K, reserved 1310720K
  class space    used 39609K, committed 40896K, reserved 1048576K
}
Event: 1644.642 {metaspace Before GC invocations=220 (full 0):
 Metaspace       used 291951K, committed 294784K, reserved 1310720K
  class space    used 39609K, committed 40896K, reserved 1048576K
}
Event: 1644.680 {metaspace After GC invocations=221 (full 0):
 Metaspace       used 291951K, committed 294784K, reserved 1310720K
  class space    used 39609K, committed 40896K, reserved 1048576K
}
Event: 1645.286 {metaspace Before GC invocations=221 (full 0):
 Metaspace       used 291954K, committed 294784K, reserved 1310720K
  class space    used 39609K, committed 40896K, reserved 1048576K
}
Event: 1645.400 {metaspace After GC invocations=222 (full 0):
 Metaspace       used 291954K, committed 294784K, reserved 1310720K
  class space    used 39609K, committed 40896K, reserved 1048576K
}
Event: 1645.966 {metaspace Before GC invocations=223 (full 0):
 Metaspace       used 291959K, committed 294784K, reserved 1310720K
  class space    used 39609K, committed 40896K, reserved 1048576K
}
Event: 1646.029 {metaspace After GC invocations=224 (full 0):
 Metaspace       used 291959K, committed 294784K, reserved 1310720K
  class space    used 39609K, committed 40896K, reserved 1048576K
}
Event: 1646.510 {metaspace Before GC invocations=224 (full 0):
 Metaspace       used 291961K, committed 294784K, reserved 1310720K
  class space    used 39609K, committed 40896K, reserved 1048576K
}
Event: 1646.566 {metaspace After GC invocations=225 (full 0):
 Metaspace       used 291961K, committed 294784K, reserved 1310720K
  class space    used 39609K, committed 40896K, reserved 1048576K
}
Event: 1647.001 {metaspace Before GC invocations=225 (full 0):
 Metaspace       used 291966K, committed 294784K, reserved 1310720K
  class space    used 39609K, committed 40896K, reserved 1048576K
}
Event: 1647.053 {metaspace After GC invocations=226 (full 0):
 Metaspace       used 291966K, committed 294784K, reserved 1310720K
  class space    used 39609K, committed 40896K, reserved 1048576K
}
Event: 1647.423 {metaspace Before GC invocations=227 (full 0):
 Metaspace       used 291966K, committed 294784K, reserved 1310720K
  class space    used 39609K, committed 40896K, reserved 1048576K
}
Event: 1647.470 {metaspace After GC invocations=228 (full 0):
 Metaspace       used 291966K, committed 294784K, reserved 1310720K
  class space    used 39609K, committed 40896K, reserved 1048576K
}

Dll operation events (3 events):
Event: 0.017 Loaded shared library C:\Program Files\Android\Android Studio\jbr\bin\java.dll
Event: 0.024 Loaded shared library C:\Program Files\Android\Android Studio\jbr\bin\zip.dll
Event: 0.784 Loaded shared library C:\Program Files\Android\Android Studio\jbr\bin\verify.dll

Deoptimization events (20 events):
Event: 1647.327 Thread 0x00000264489bc570 DEOPT PACKING pc=0x000002642b186864 sp=0x000000eae17f9f90
Event: 1647.327 Thread 0x00000264489bc570 DEOPT UNPACKING pc=0x0000026430cb1702 sp=0x000000eae17f96f0 mode 0
Event: 1647.332 Thread 0x00000264489ba630 DEOPT PACKING pc=0x000002642a6d13fb sp=0x000000eae16fa7f0
Event: 1647.332 Thread 0x00000264489ba630 DEOPT UNPACKING pc=0x0000026430cb1702 sp=0x000000eae16f9e98 mode 0
Event: 1647.348 Thread 0x00000264489ba630 DEOPT PACKING pc=0x000002642b186864 sp=0x000000eae16fa170
Event: 1647.348 Thread 0x00000264489ba630 DEOPT UNPACKING pc=0x0000026430cb1702 sp=0x000000eae16f98d0 mode 0
Event: 1647.350 Thread 0x00000264489ba630 DEOPT PACKING pc=0x000002642b33d5c3 sp=0x000000eae16f9e60
Event: 1647.350 Thread 0x00000264489ba630 DEOPT UNPACKING pc=0x0000026430cb1702 sp=0x000000eae16f9460 mode 0
Event: 1647.474 Thread 0x000002644913ef70 DEOPT PACKING pc=0x000002642b5535b1 sp=0x000000eae24f7ee0
Event: 1647.474 Thread 0x000002644913ef70 DEOPT UNPACKING pc=0x0000026430cb1702 sp=0x000000eae24f7750 mode 0
Event: 1647.482 Thread 0x000002644913ef70 DEOPT PACKING pc=0x000002642b18699d sp=0x000000eae24f75d0
Event: 1647.482 Thread 0x000002644913ef70 DEOPT UNPACKING pc=0x0000026430cb1702 sp=0x000000eae24f6d38 mode 0
Event: 1647.482 Thread 0x00000264489ba630 DEOPT PACKING pc=0x000002642a6d145e sp=0x000000eae16fa7f0
Event: 1647.482 Thread 0x00000264489ba630 DEOPT UNPACKING pc=0x0000026430cb1702 sp=0x000000eae16f9ea0 mode 0
Event: 1647.581 Thread 0x00000264489bc570 DEOPT PACKING pc=0x000002642b552b02 sp=0x000000eae17fa540
Event: 1647.581 Thread 0x00000264489bc570 DEOPT UNPACKING pc=0x0000026430cb1702 sp=0x000000eae17f9db0 mode 0
Event: 1647.629 Thread 0x00000264489bc570 DEOPT PACKING pc=0x000002642a6d13fb sp=0x000000eae17fa610
Event: 1647.629 Thread 0x00000264489bc570 DEOPT UNPACKING pc=0x0000026430cb1702 sp=0x000000eae17f9cb8 mode 0
Event: 1647.646 Thread 0x00000264489bc570 DEOPT PACKING pc=0x000002642b5532d8 sp=0x000000eae17fa540
Event: 1647.646 Thread 0x00000264489bc570 DEOPT UNPACKING pc=0x0000026430cb1702 sp=0x000000eae17f9db8 mode 0

Classes loaded (20 events):
Event: 1612.777 Loading class sun/util/locale/LocaleExtensions
Event: 1612.778 Loading class sun/util/locale/LocaleExtensions done
Event: 1612.779 Loading class sun/util/locale/UnicodeLocaleExtension
Event: 1612.779 Loading class sun/util/locale/Extension
Event: 1612.779 Loading class sun/util/locale/Extension done
Event: 1612.779 Loading class sun/util/locale/UnicodeLocaleExtension done
Event: 1617.149 Loading class java/util/Collections$UnmodifiableList$1
Event: 1617.149 Loading class java/util/Collections$UnmodifiableList$1 done
Event: 1617.553 Loading class java/text/FieldPosition$Delegate
Event: 1617.554 Loading class java/text/FieldPosition$Delegate done
Event: 1618.601 Loading class java/lang/reflect/InaccessibleObjectException
Event: 1618.601 Loading class java/lang/reflect/InaccessibleObjectException done
Event: 1618.623 Loading class sun/misc/VM
Event: 1618.623 Loading class sun/misc/VM done
Event: 1619.143 Loading class sun/nio/fs/WindowsSecurity$Privilege
Event: 1619.143 Loading class sun/nio/fs/WindowsSecurity$Privilege done
Event: 1619.328 Loading class java/nio/file/FileTreeWalker$1
Event: 1619.328 Loading class java/nio/file/FileTreeWalker$1 done
Event: 1622.840 Loading class java/rmi/RemoteException
Event: 1622.841 Loading class java/rmi/RemoteException done

Classes unloaded (20 events):
Event: 14.415 Thread 0x00000264407b4e10 Unloading class 0x000000003da0ac90 '_BuildScript_'
Event: 14.415 Thread 0x00000264407b4e10 Unloading class 0x000000003da0a860 'JetGradlePlugin$_apply_closure1$_closure2$_closure3'
Event: 14.415 Thread 0x00000264407b4e10 Unloading class 0x000000003da0a430 'JetGradlePlugin$_apply_closure1$_closure2'
Event: 14.415 Thread 0x00000264407b4e10 Unloading class 0x000000003da0a000 'JetGradlePlugin$_apply_closure1'
Event: 14.415 Thread 0x00000264407b4e10 Unloading class 0x000000003da09b10 'JetGradlePlugin'
Event: 14.415 Thread 0x00000264407b4e10 Unloading class 0x000000003da09800 'RegistryProcessor'
Event: 14.415 Thread 0x00000264407b4e10 Unloading class 0x000000003d9ec960 '_BuildScript_$_run_closure1$_closure2'
Event: 14.415 Thread 0x00000264407b4e10 Unloading class 0x000000003d9ec538 '_BuildScript_$_run_closure1'
Event: 14.415 Thread 0x00000264407b4e10 Unloading class 0x000000003d9ec000 '_BuildScript_'
Event: 1132.995 Thread 0x00000264407b4e10 Unloading class 0x000000003e0a6000 'java/lang/invoke/LambdaForm$MH+0x000000003e0a6000'
Event: 1559.260 Thread 0x00000264407b4e10 Unloading class 0x000000003e8e6400 'java/lang/invoke/LambdaForm$MH+0x000000003e8e6400'
Event: 1559.260 Thread 0x00000264407b4e10 Unloading class 0x000000003e7e5800 'java/lang/invoke/LambdaForm$MH+0x000000003e7e5800'
Event: 1597.752 Thread 0x00000264407b4e10 Unloading class 0x000000003eff4000 'java/lang/invoke/LambdaForm$DMH+0x000000003eff4000'
Event: 1597.752 Thread 0x00000264407b4e10 Unloading class 0x000000003eff4800 'java/lang/invoke/LambdaForm$DMH+0x000000003eff4800'
Event: 1597.752 Thread 0x00000264407b4e10 Unloading class 0x000000003efe4400 'java/lang/invoke/LambdaForm$DMH+0x000000003efe4400'
Event: 1597.752 Thread 0x00000264407b4e10 Unloading class 0x000000003ef88400 'java/lang/invoke/LambdaForm$DMH+0x000000003ef88400'
Event: 1610.751 Thread 0x00000264407b4e10 Unloading class 0x000000003f4f9c00 'java/lang/invoke/LambdaForm$MH+0x000000003f4f9c00'
Event: 1610.751 Thread 0x00000264407b4e10 Unloading class 0x000000003f4f9800 'java/lang/invoke/LambdaForm$DMH+0x000000003f4f9800'
Event: 1610.751 Thread 0x00000264407b4e10 Unloading class 0x000000003f4f8800 'java/lang/invoke/LambdaForm$DMH+0x000000003f4f8800'
Event: 1610.751 Thread 0x00000264407b4e10 Unloading class 0x000000003f4f8400 'java/lang/invoke/LambdaForm$DMH+0x000000003f4f8400'

Classes redefined (0 events):
No events

Internal exceptions (20 events):
Event: 1646.691 Thread 0x00000264489bc570 Exception <a 'sun/nio/fs/WindowsException'{0x00000007f8c6e5a8}> (0x00000007f8c6e5a8) 
thrown [s\src\hotspot\share\prims\jni.cpp, line 535]
Event: 1646.691 Thread 0x00000264489bc570 Exception <a 'sun/nio/fs/WindowsException'{0x00000007f8c6f630}> (0x00000007f8c6f630) 
thrown [s\src\hotspot\share\prims\jni.cpp, line 535]
Event: 1646.692 Thread 0x00000264489bc570 Exception <a 'sun/nio/fs/WindowsException'{0x00000007f8c70968}> (0x00000007f8c70968) 
thrown [s\src\hotspot\share\prims\jni.cpp, line 535]
Event: 1646.699 Thread 0x00000264489bc570 Exception <a 'sun/nio/fs/WindowsException'{0x00000007f8c90dd0}> (0x00000007f8c90dd0) 
thrown [s\src\hotspot\share\prims\jni.cpp, line 535]
Event: 1646.707 Thread 0x00000264489bc570 Exception <a 'sun/nio/fs/WindowsException'{0x00000007f8c95328}> (0x00000007f8c95328) 
thrown [s\src\hotspot\share\prims\jni.cpp, line 535]
Event: 1646.719 Thread 0x00000264489bc570 Exception <a 'sun/nio/fs/WindowsException'{0x0000000739fa66e8}> (0x0000000739fa66e8) 
thrown [s\src\hotspot\share\prims\jni.cpp, line 535]
Event: 1646.719 Thread 0x00000264489bc570 Exception <a 'sun/nio/fs/WindowsException'{0x0000000739fae1b0}> (0x0000000739fae1b0) 
thrown [s\src\hotspot\share\prims\jni.cpp, line 535]
Event: 1646.720 Thread 0x00000264489bc570 Exception <a 'sun/nio/fs/WindowsException'{0x0000000739fba498}> (0x0000000739fba498) 
thrown [s\src\hotspot\share\prims\jni.cpp, line 535]
Event: 1646.721 Thread 0x00000264489bc570 Exception <a 'sun/nio/fs/WindowsException'{0x0000000739fc0bc8}> (0x0000000739fc0bc8) 
thrown [s\src\hotspot\share\prims\jni.cpp, line 535]
Event: 1646.721 Thread 0x00000264489bc570 Exception <a 'sun/nio/fs/WindowsException'{0x0000000739fc1a48}> (0x0000000739fc1a48) 
thrown [s\src\hotspot\share\prims\jni.cpp, line 535]
Event: 1646.721 Thread 0x00000264489bc570 Exception <a 'sun/nio/fs/WindowsException'{0x0000000739fc2ad0}> (0x0000000739fc2ad0) 
thrown [s\src\hotspot\share\prims\jni.cpp, line 535]
Event: 1646.721 Thread 0x00000264489bc570 Exception <a 'sun/nio/fs/WindowsException'{0x0000000739fc3e08}> (0x0000000739fc3e08) 
thrown [s\src\hotspot\share\prims\jni.cpp, line 535]
Event: 1646.743 Thread 0x00000264489bc570 Exception <a 'sun/nio/fs/WindowsException'{0x0000000739fcade0}> (0x0000000739fcade0) 
thrown [s\src\hotspot\share\prims\jni.cpp, line 535]
Event: 1646.743 Thread 0x00000264489bc570 Exception <a 'sun/nio/fs/WindowsException'{0x0000000739fcbf60}> (0x0000000739fcbf60) 
thrown [s\src\hotspot\share\prims\jni.cpp, line 535]
Event: 1646.744 Thread 0x00000264489bc570 Exception <a 'sun/nio/fs/WindowsException'{0x0000000739fce8f8}> (0x0000000739fce8f8) 
thrown [s\src\hotspot\share\prims\jni.cpp, line 535]
Event: 1646.745 Thread 0x00000264489bc570 Exception <a 'sun/nio/fs/WindowsException'{0x0000000739fcfac8}> (0x0000000739fcfac8) 
thrown [s\src\hotspot\share\prims\jni.cpp, line 535]
Event: 1646.745 Thread 0x00000264489bc570 Exception <a 'sun/nio/fs/WindowsException'{0x0000000739fd0c98}> (0x0000000739fd0c98) 
thrown [s\src\hotspot\share\prims\jni.cpp, line 535]
Event: 1646.746 Thread 0x00000264489bc570 Exception <a 'sun/nio/fs/WindowsException'{0x0000000739fd2450}> (0x0000000739fd2450) 
thrown [s\src\hotspot\share\prims\jni.cpp, line 535]
Event: 1646.746 Thread 0x00000264489bc570 Exception <a 'sun/nio/fs/WindowsException'{0x0000000739fd3670}> (0x0000000739fd3670) 
thrown [s\src\hotspot\share\prims\jni.cpp, line 535]
Event: 1646.746 Thread 0x00000264489bc570 Exception <a 'sun/nio/fs/WindowsException'{0x0000000739fd4890}> (0x0000000739fd4890) 
thrown [s\src\hotspot\share\prims\jni.cpp, line 535]

VM Operations (20 events):
Event: 1644.642 Executing safepoint VM operation: G1CollectForAllocation (G1 Evacuation Pause)
Event: 1644.681 Executing safepoint VM operation: G1CollectForAllocation (G1 Evacuation Pause) done
Event: 1645.286 Executing safepoint VM operation: G1CollectForAllocation (G1 Evacuation Pause)
Event: 1645.400 Executing safepoint VM operation: G1CollectForAllocation (G1 Evacuation Pause) done
Event: 1645.584 Executing safepoint VM operation: G1PauseRemark
Event: 1645.592 Executing safepoint VM operation: G1PauseRemark done
Event: 1645.638 Executing safepoint VM operation: G1PauseCleanup
Event: 1645.638 Executing safepoint VM operation: G1PauseCleanup done
Event: 1645.966 Executing safepoint VM operation: G1CollectForAllocation (G1 Evacuation Pause)
Event: 1646.029 Executing safepoint VM operation: G1CollectForAllocation (G1 Evacuation Pause) done
Event: 1646.509 Executing safepoint VM operation: G1CollectForAllocation (G1 Evacuation Pause)
Event: 1646.566 Executing safepoint VM operation: G1CollectForAllocation (G1 Evacuation Pause) done
Event: 1647.001 Executing safepoint VM operation: G1CollectForAllocation (G1 Evacuation Pause)
Event: 1647.054 Executing safepoint VM operation: G1CollectForAllocation (G1 Evacuation Pause) done
Event: 1647.367 Executing safepoint VM operation: G1PauseRemark
Event: 1647.378 Executing safepoint VM operation: G1PauseRemark done
Event: 1647.423 Executing safepoint VM operation: G1CollectForAllocation (G1 Evacuation Pause)
Event: 1647.470 Executing safepoint VM operation: G1CollectForAllocation (G1 Evacuation Pause) done
Event: 1647.539 Executing safepoint VM operation: G1PauseCleanup
Event: 1647.539 Executing safepoint VM operation: G1PauseCleanup done

Memory protections (0 events):
No events

Nmethod flushes (20 events):
Event: 1647.375 Thread 0x00000264407b4e10 flushing  nmethod 0x000002642affd308
Event: 1647.375 Thread 0x00000264407b4e10 flushing  nmethod 0x0000026429d94a88
Event: 1647.375 Thread 0x00000264407b4e10 flushing  nmethod 0x0000026429f0ba88
Event: 1647.375 Thread 0x00000264407b4e10 flushing  nmethod 0x000002642a31aa08
Event: 1647.375 Thread 0x00000264407b4e10 flushing  nmethod 0x000002642a606008
Event: 1647.375 Thread 0x00000264407b4e10 flushing  nmethod 0x000002642a606b88
Event: 1647.375 Thread 0x00000264407b4e10 flushing  nmethod 0x000002642a699c08
Event: 1647.375 Thread 0x00000264407b4e10 flushing  nmethod 0x000002642a717108
Event: 1647.375 Thread 0x00000264407b4e10 flushing  nmethod 0x000002642a7d1c08
Event: 1647.375 Thread 0x00000264407b4e10 flushing  nmethod 0x000002642ac06d88
Event: 1647.375 Thread 0x00000264407b4e10 flushing  nmethod 0x000002642ac08288
Event: 1647.375 Thread 0x00000264407b4e10 flushing  nmethod 0x000002642ac08f88
Event: 1647.375 Thread 0x00000264407b4e10 flushing  nmethod 0x000002642ad78488
Event: 1647.375 Thread 0x00000264407b4e10 flushing  nmethod 0x000002642ae01088
Event: 1647.375 Thread 0x00000264407b4e10 flushing  nmethod 0x000002642ae9b508
Event: 1647.375 Thread 0x00000264407b4e10 flushing  nmethod 0x000002642ae9c188
Event: 1647.375 Thread 0x00000264407b4e10 flushing  nmethod 0x000002642ae9c908
Event: 1647.375 Thread 0x00000264407b4e10 flushing  nmethod 0x000002642ae9cc08
Event: 1647.375 Thread 0x00000264407b4e10 flushing  nmethod 0x000002642b1c9308
Event: 1647.375 Thread 0x00000264407b4e10 flushing  nmethod 0x000002642b1ca408

Events (20 events):
Event: 1600.217 Thread 0x0000026449614a80 Thread added: 0x0000026452d07750
Event: 1612.723 Loaded shared library C:\Users\SIVA\AppData\Local\Temp\sqlite-3.41.2.2-f3c241ef-9fa1-4c5a-88a8-d1afcc208454-sqlitejdbc.dll
Event: 1614.567 Thread 0x0000026452d07750 Thread added: 0x0000026452d188c0
Event: 1615.645 Thread 0x0000026449612370 Thread exited: 0x0000026449612370
Event: 1615.645 Thread 0x00000264475bdea0 Thread exited: 0x00000264475bdea0
Event: 1615.661 Thread 0x00000264475c3490 Thread exited: 0x00000264475c3490
Event: 1619.242 Thread 0x0000026452d1c740 Thread added: 0x0000026447941530
Event: 1619.243 Thread 0x0000026452d1c740 Thread added: 0x00000264489bbda0
Event: 1620.245 Thread 0x0000026447941530 Thread exited: 0x0000026447941530
Event: 1620.245 Thread 0x00000264489bbda0 Thread exited: 0x00000264489bbda0
Event: 1638.844 Thread 0x000002644bb28680 Thread exited: 0x000002644bb28680
Event: 1639.251 Thread 0x0000026447e8f1b0 Thread exited: 0x0000026447e8f1b0
Event: 1639.631 Thread 0x000002644081def0 Thread added: 0x000002644a729fa0
Event: 1640.181 Thread 0x000002644a729fa0 Thread exited: 0x000002644a729fa0
Event: 1640.391 Thread 0x000002644081def0 Thread added: 0x000002644a727f60
Event: 1640.839 Thread 0x000002644a727f60 Thread exited: 0x000002644a727f60
Event: 1642.648 Thread 0x00000264408152b0 Thread added: 0x000002644a728f80
Event: 1642.908 Thread 0x000002644a728f80 Thread exited: 0x000002644a728f80
Event: 1645.681 Thread 0x000002644081def0 Thread added: 0x0000026449958040
Event: 1646.889 Thread 0x000002644081def0 Thread added: 0x000002644bd2ef80


Dynamic libraries:
0x00007ff613bd0000 - 0x00007ff613bda000 	C:\Program Files\Android\Android Studio\jbr\bin\java.exe
0x00007ff931320000 - 0x00007ff931586000 	C:\WINDOWS\SYSTEM32\ntdll.dll
0x00007ff930f40000 - 0x00007ff931009000 	C:\WINDOWS\System32\KERNEL32.DLL
0x00007ff92e8a0000 - 0x00007ff92ec9e000 	C:\WINDOWS\System32\KERNELBASE.dll
0x00007ff92e740000 - 0x00007ff92e88c000 	C:\WINDOWS\System32\ucrtbase.dll
0x00007ff91b200000 - 0x00007ff91b21b000 	C:\Program Files\Android\Android Studio\jbr\bin\VCRUNTIME140.dll
0x00007ff911f70000 - 0x00007ff911f86000 	C:\Program Files\Android\Android Studio\jbr\bin\jli.dll
0x00007ff930400000 - 0x00007ff9305c7000 	C:\WINDOWS\System32\USER32.dll
0x00007ff92f020000 - 0x00007ff92f047000 	C:\WINDOWS\System32\win32u.dll
0x00007ff9117b0000 - 0x00007ff911a42000 	C:\WINDOWS\WinSxS\amd64_microsoft.windows.common-controls_6595b64144ccf1df_6.0.26100.8875_none_3e0d5d42e32fe9dd\COMCTL32.dll
0x00007ff930e30000 - 0x00007ff930e5b000 	C:\WINDOWS\System32\GDI32.dll
0x00007ff92f050000 - 0x00007ff92f0f9000 	C:\WINDOWS\System32\msvcrt.dll
0x00007ff92ecb0000 - 0x00007ff92edda000 	C:\WINDOWS\System32\gdi32full.dll
0x00007ff92e690000 - 0x00007ff92e733000 	C:\WINDOWS\System32\msvcp_win.dll
0x00007ff931120000 - 0x00007ff931152000 	C:\WINDOWS\System32\IMM32.DLL
0x00007ff928740000 - 0x00007ff92874c000 	C:\Program Files\Android\Android Studio\jbr\bin\vcruntime140_1.dll
0x00007ff910530000 - 0x00007ff9105bd000 	C:\Program Files\Android\Android Studio\jbr\bin\msvcp140.dll
0x00007ff892870000 - 0x00007ff89374a000 	C:\Program Files\Android\Android Studio\jbr\bin\server\jvm.dll
0x00007ff930d70000 - 0x00007ff930e27000 	C:\WINDOWS\System32\ADVAPI32.dll
0x00007ff92f100000 - 0x00007ff92f1aa000 	C:\WINDOWS\System32\sechost.dll
0x00007ff92fd60000 - 0x00007ff92fe78000 	C:\WINDOWS\System32\RPCRT4.dll
0x00007ff931250000 - 0x00007ff9312d0000 	C:\WINDOWS\System32\WS2_32.dll
0x00007ff92e3a0000 - 0x00007ff92e3fe000 	C:\WINDOWS\SYSTEM32\POWRPROF.dll
0x00007ff911ca0000 - 0x00007ff911cab000 	C:\WINDOWS\SYSTEM32\VERSION.dll
0x00007ff928880000 - 0x00007ff9288b6000 	C:\WINDOWS\SYSTEM32\WINMM.dll
0x00007ff92e380000 - 0x00007ff92e394000 	C:\WINDOWS\SYSTEM32\UMPDC.dll
0x00007ff92d150000 - 0x00007ff92d16b000 	C:\WINDOWS\SYSTEM32\kernel.appcore.dll
0x00007ff927fa0000 - 0x00007ff927faa000 	C:\Program Files\Android\Android Studio\jbr\bin\jimage.dll
0x00007ff92b9d0000 - 0x00007ff92bc12000 	C:\WINDOWS\SYSTEM32\DBGHELP.DLL
0x00007ff92fe80000 - 0x00007ff930203000 	C:\WINDOWS\System32\combase.dll
0x00007ff930320000 - 0x00007ff9303f9000 	C:\WINDOWS\System32\OLEAUT32.dll
0x00007ff9069c0000 - 0x00007ff9069fb000 	C:\WINDOWS\SYSTEM32\dbgcore.DLL
0x00007ff92e5d0000 - 0x00007ff92e67c000 	C:\WINDOWS\System32\bcryptPrimitives.dll
0x00007ff912b80000 - 0x00007ff912b8e000 	C:\Program Files\Android\Android Studio\jbr\bin\instrument.dll
0x00007ff91b190000 - 0x00007ff91b1af000 	C:\Program Files\Android\Android Studio\jbr\bin\java.dll
0x00007ff92f610000 - 0x00007ff92f7a9000 	C:\WINDOWS\System32\ole32.dll
0x00007ff9305d0000 - 0x00007ff930d62000 	C:\WINDOWS\System32\SHELL32.dll
0x00007ff91b170000 - 0x00007ff91b187000 	C:\Program Files\Android\Android Studio\jbr\bin\zip.dll
0x00007ff92bfa0000 - 0x00007ff92c832000 	C:\WINDOWS\SYSTEM32\windows.storage.dll
0x00007ff931020000 - 0x00007ff931117000 	C:\WINDOWS\System32\SHCORE.dll
0x00007ff92f7b0000 - 0x00007ff92f817000 	C:\WINDOWS\System32\shlwapi.dll
0x00007ff92e460000 - 0x00007ff92e489000 	C:\WINDOWS\SYSTEM32\profapi.dll
0x00007ff927f40000 - 0x00007ff927f50000 	C:\Program Files\Android\Android Studio\jbr\bin\net.dll
0x00007ff92d7d0000 - 0x00007ff92d83c000 	C:\WINDOWS\system32\mswsock.dll
0x00007ff91ae40000 - 0x00007ff91ae56000 	C:\Program Files\Android\Android Studio\jbr\bin\nio.dll
0x00007ff912c50000 - 0x00007ff912c60000 	C:\Program Files\Android\Android Studio\jbr\bin\verify.dll
0x00007ff9122f0000 - 0x00007ff912317000 	C:\Users\SIVA\.gradle\native\660c5614fbf4a5f2a75b1949f50a0caf5cd603558e7d8a26e50b933a0cfb79d1\windows-amd64\native-platform.dll
0x00007ff8e7e20000 - 0x00007ff8e7e97000 	C:\Users\SIVA\.gradle\native\0.2.8\x86_64-windows-gnu\gradle-fileevents.dll
0x00007ff926c30000 - 0x00007ff926c39000 	C:\Program Files\Android\Android Studio\jbr\bin\management.dll
0x00007ff912da0000 - 0x00007ff912dab000 	C:\Program Files\Android\Android Studio\jbr\bin\management_ext.dll
0x00007ff930310000 - 0x00007ff930318000 	C:\WINDOWS\System32\PSAPI.DLL
0x00007ff92cb90000 - 0x00007ff92cbc3000 	C:\WINDOWS\SYSTEM32\IPHLPAPI.DLL
0x00007ff931240000 - 0x00007ff93124a000 	C:\WINDOWS\System32\NSI.dll
0x00007ff927df0000 - 0x00007ff927df9000 	C:\Program Files\Android\Android Studio\jbr\bin\extnet.dll
0x00007ff92dad0000 - 0x00007ff92daeb000 	C:\WINDOWS\SYSTEM32\CRYPTSP.dll
0x00007ff92d170000 - 0x00007ff92d1a9000 	C:\WINDOWS\system32\rsaenh.dll
0x00007ff92d890000 - 0x00007ff92d8c2000 	C:\WINDOWS\SYSTEM32\USERENV.dll
0x00007ff92e430000 - 0x00007ff92e45a000 	C:\WINDOWS\SYSTEM32\bcrypt.dll
0x00007ff92daf0000 - 0x00007ff92dafc000 	C:\WINDOWS\SYSTEM32\CRYPTBASE.dll
0x00007ff8ebf00000 - 0x00007ff8ebf08000 	C:\WINDOWS\system32\wshunix.dll
0x00007ff92cc20000 - 0x00007ff92cd76000 	C:\WINDOWS\SYSTEM32\DNSAPI.dll
0x00007ff92d5d0000 - 0x00007ff92d5dd000 	C:\WINDOWS\SYSTEM32\DSPARSE.dll
0x0000000000bf0000 - 0x0000000000c16000 	C:\Program Files\Bonjour\mdnsNSP.dll
0x00007ff91f160000 - 0x00007ff91f16b000 	C:\Windows\System32\rasadhlp.dll
0x00007ff926d70000 - 0x00007ff926df6000 	C:\WINDOWS\System32\fwpuclnt.dll
0x00007ff92ac90000 - 0x00007ff92ad30000 	C:\WINDOWS\system32\apphelp.dll
0x00007ff92d330000 - 0x00007ff92d366000 	C:\WINDOWS\SYSTEM32\ntmarta.dll
0x00007ff910840000 - 0x00007ff9109ca000 	C:\Program Files\Android\Android Studio\jbr\bin\awt.dll
0x00007ff910b60000 - 0x00007ff910ba3000 	C:\Program Files\Android\Android Studio\jbr\bin\nvdaControllerClient.dll
0x00007ff90af60000 - 0x00007ff90afd3000 	C:\WINDOWS\SYSTEM32\OLEACC.dll
0x00007ff92b380000 - 0x00007ff92b3af000 	C:\WINDOWS\SYSTEM32\dwmapi.dll
0x00007ff92b0e0000 - 0x00007ff92b189000 	C:\WINDOWS\system32\uxtheme.dll
0x00007ff92f390000 - 0x00007ff92f4ed000 	C:\WINDOWS\System32\MSCTF.dll
0x00007ff905980000 - 0x00007ff905a69000 	C:\Users\SIVA\AppData\Local\Temp\sqlite-3.41.2.2-f3c241ef-9fa1-4c5a-88a8-d1afcc208454-sqlitejdbc.dll

JVMTI agents:
C:\Users\SIVA\.gradle\wrapper\dists\gradle-9.3.1-bin\23ovyewtku6u96viwx3xl3oks\gradle-9.3.1\lib\agents\gradle-instrumentation-agent-9.3.1.jar path:C:\Program Files\Android\Android Studio\jbr\bin\instrument.dll, loaded, initialized, instrumentlib options:none

dbghelp: loaded successfully - version: 4.0.5 - missing functions: none
symbol engine: initialized successfully - sym options: 0x614 - pdb path: .;C:\Program Files\Android\Android Studio\jbr\bin;C:\WINDOWS\SYSTEM32;C:\WINDOWS\WinSxS\amd64_microsoft.windows.common-controls_6595b64144ccf1df_6.0.26100.8875_none_3e0d5d42e32fe9dd;C:\Program Files\Android\Android Studio\jbr\bin\server;C:\Users\SIVA\.gradle\native\660c5614fbf4a5f2a75b1949f50a0caf5cd603558e7d8a26e50b933a0cfb79d1\windows-amd64;C:\Users\SIVA\.gradle\native\0.2.8\x86_64-windows-gnu;C:\Program Files\Bonjour;C:\Users\SIVA\AppData\Local\Temp

VM Arguments:
jvm_args: --add-opens=java.base/java.lang=ALL-UNNAMED --add-opens=java.base/java.lang.invoke=ALL-UNNAMED --add-opens=java.base/java.util=ALL-UNNAMED --add-opens=java.prefs/java.util.prefs=ALL-UNNAMED --add-exports=jdk.compiler/com.sun.tools.javac.api=ALL-UNNAMED --add-exports=jdk.compiler/com.sun.tools.javac.util=ALL-UNNAMED --add-opens=java.base/java.util=ALL-UNNAMED --add-opens=java.prefs/java.util.prefs=ALL-UNNAMED --add-opens=java.base/java.nio.charset=ALL-UNNAMED --add-opens=java.base/java.net=ALL-UNNAMED --add-opens=java.base/java.util.concurrent=ALL-UNNAMED --add-opens=java.base/java.util.concurrent.atomic=ALL-UNNAMED --add-opens=java.xml/javax.xml.namespace=ALL-UNNAMED --add-opens=java.base/java.time=ALL-UNNAMED --enable-native-access=ALL-UNNAMED -Xmx4g -Dfile.encoding=UTF-8 -Duser.country=IN -Duser.language=en -Duser.variant -javaagent:C:\Users\SIVA\.gradle\wrapper\dists\gradle-9.3.1-bin\23ovyewtku6u96viwx3xl3oks\gradle-9.3.1\lib\agents\gradle-instrumentation-agent-9.3.1.jar 
java_command: org.gradle.launcher.daemon.bootstrap.GradleDaemon 9.3.1
java_class_path (initial): C:\Users\SIVA\.gradle\wrapper\dists\gradle-9.3.1-bin\23ovyewtku6u96viwx3xl3oks\gradle-9.3.1\lib\gradle-daemon-main-9.3.1.jar
Launcher Type: SUN_STANDARD

[Global flags]
     intx CICompilerCount                          = 4                                         {product} {ergonomic}
     uint ConcGCThreads                            = 3                                         {product} {ergonomic}
     uint G1ConcRefinementThreads                  = 10                                        {product} {ergonomic}
   size_t G1HeapRegionSize                         = 2097152                                   {product} {ergonomic}
   size_t InitialHeapSize                          = 264241152                                 {product} {ergonomic}
   size_t MarkStackSize                            = 4194304                                   {product} {ergonomic}
   size_t MarkStackSizeMax                         = 536870912                                 {product} {ergonomic}
   size_t MaxHeapSize                              = 4294967296                                {product} {command line}
   size_t MaxNewSize                               = 2575302656                                {product} {ergonomic}
   size_t MinHeapDeltaBytes                        = 2097152                                   {product} {ergonomic}
   size_t MinHeapSize                              = 8388608                                   {product} {ergonomic}
    uintx NonNMethodCodeHeapSize                   = 5832704                                {pd product} {ergonomic}
    uintx NonProfiledCodeHeapSize                  = 122945536                              {pd product} {ergonomic}
    uintx ProfiledCodeHeapSize                     = 122880000                              {pd product} {ergonomic}
    uintx ReservedCodeCacheSize                    = 251658240                              {pd product} {ergonomic}
     bool SegmentedCodeCache                       = true                                      {product} {ergonomic}
   size_t SoftMaxHeapSize                          = 4294967296                             {manageable} {ergonomic}
     bool UseCompressedOops                        = true                           {product lp64_product} {ergonomic}
     bool UseG1GC                                  = true                                      {product} {ergonomic}
     bool UseLargePagesIndividualAllocation        = false                                  {pd product} {ergonomic}

Logging:
Log output configuration:
 #0: stdout all=warning uptime,level,tags foldmultilines=false
 #1: stderr all=off uptime,level,tags foldmultilines=false

Release file:
JAVA_VERSION="25.0.2" 
MODULES="java.base java.compiler java.datatransfer java.xml java.prefs java.desktop java.instrument java.logging java.management java.security.sasl java.naming java.rmi java.management.rmi java.net.http java.scripting java.security.jgss java.transaction.xa java.sql java.sql.rowset java.xml.crypto java.se java.smartcardio jdk.accessibility jdk.internal.jvmstat jdk.attach jdk.charsets jdk.internal.opt jdk.zipfs jdk.compiler jdk.crypto.cryptoki jdk.crypto.ec jdk.dynalink jdk.hotspot.agent jdk.httpserver jdk.internal.ed jdk.internal.le jdk.internal.md jdk.internal.vm.ci jdk.jartool jdk.javadoc jdk.jcmd jdk.jdeps jdk.jdwp.agent jdk.jdi jdk.jfr jdk.jlink jdk.localedata jdk.management jdk.management.agent jdk.management.jfr jdk.naming.dns jdk.naming.rmi jdk.net jdk.sctp jdk.security.auth jdk.security.jgss jdk.unsupported jdk.unsupported.desktop jdk.xml.dom" 
IMPLEMENTOR="JetBrains s.r.o." 
JAVA_RUNTIME_VERSION="25.0.2+-15348964-b329.117" 
LIBC="default" 
OS_ARCH="x86_64" 
OS_NAME="Windows" 
SOURCE=".:git:3cf398e84a39" 

Environment Variables:
PATH=C:\Program Files\Common Files\Oracle\Java\javapath;C:\WINDOWS\system32;C:\WINDOWS;C:\WINDOWS\System32\Wbem;C:\WINDOWS\System32\WindowsPowerShell\v1.0\;C:\WINDOWS\System32\OpenSSH\;C:\Program Files\dotnet\;C:\Program Files\nodejs\;C:\Program Files\Git\cmd;C:\Program Files\Go\bin;C:\Program Files\Docker\Docker\resources\bin;C:\Users\SIVA\.local\bin;C:\Users\SIVA\anaconda3;C:\Users\SIVA\anaconda3\Library\mingw-w64\bin;C:\Users\SIVA\anaconda3\Library\usr\bin;C:\Users\SIVA\anaconda3\Library\bin;C:\Users\SIVA\anaconda3\Scripts;C:\Users\SIVA\AppData\Local\Programs\Python\Python312\Scripts\;C:\Users\SIVA\AppData\Local\Programs\Python\Python312\;C:\Users\SIVA\AppData\Local\Microsoft\WindowsApps;C:\Users\SIVA\AppData\Local\Programs\Microsoft VS Code\bin;C:\Users\SIVA\AppData\Roaming\npm;C:\Users\SIVA\AppData\Local\Programs\mongosh\;C:\Users\SIVA\AppData\Local\Programs\Antigravity IDE\bin;C:\Users\SIVA\go\bin
USERNAME=SIVA
OS=Windows_NT
PROCESSOR_IDENTIFIER=Intel64 Family 6 Model 186 Stepping 3, GenuineIntel
TMP=C:\Users\SIVA\AppData\Local\Temp
TEMP=C:\Users\SIVA\AppData\Local\Temp




Compilation memory statistics disabled.

Periodic native trim disabled

JNI global refs:
JNI global refs: 58, weak refs: 95

JNI global refs memory usage: 835, weak refs: 1465

Process memory usage:
Resident Set Size: 1862460K (11% of 16454352K total physical memory with 896760K free physical memory)

OOME stack traces (most recent first):
Classloader memory used:
Loader java.net.URLClassLoader                                                         : 74264 K
Loader org.gradle.internal.classloader.VisitableURLClassLoader$InstrumentingVisitableURLClassLoader: 66191 K
Loader org.gradle.internal.classloader.VisitableURLClassLoader                         : 66136 K
Loader bootstrap                                                                       : 40272 K
Loader org.gradle.internal.classloader.VisitableURLClassLoader                         : 25517 K
Loader org.gradle.initialization.MixInLegacyTypesClassLoader                           : 18128 K
Loader jdk.internal.loader.ClassLoaders$PlatformClassLoader                            : 646 K
Loader jdk.internal.jrtfs.JrtFileSystemProvider$JrtFsLoader                            : 314 K
Loader org.gradle.groovy.scripts.internal.DefaultScriptCompilationHandler$ScriptClassLoader: 269 K
Loader jdk.internal.loader.ClassLoaders$AppClassLoader                                 : 226 K

