#
# There is insufficient memory for the Java Runtime Environment to continue.
# Native memory allocation (mmap) failed to map 62914560 bytes. Error detail: G1 virtual space
# Possible reasons:
#   The system is out of physical RAM or swap space
#   This process is running with CompressedOops enabled, and the Java Heap may be blocking the growth of the native heap
# Possible solutions:
#   Reduce memory load on the system
#   Increase physical memory or swap space
#   Check if swap backing store is full
#   Decrease Java heap size (-Xmx/-Xms)
#   Decrease number of Java threads
#   Decrease Java thread stack sizes (-Xss)
#   Set larger code cache with -XX:ReservedCodeCacheSize=
#   JVM is running with Unscaled Compressed Oops mode in which the Java heap is
#     placed in the first 4GB address space. The Java Heap base address is the
#     maximum limit for the native heap growth. Please use -XX:HeapBaseMinAddress
#     to set the Java Heap base and to place the Java Heap above 4GB virtual address.
# This output file may be truncated or incomplete.
#
#  Out of Memory Error (os_windows.cpp:3766), pid=15352, tid=13192
#
# JRE version: OpenJDK Runtime Environment (25.0.2) (build 25.0.2+-15348964-b329.117)
# Java VM: OpenJDK 64-Bit Server VM (25.0.2+-15348964-b329.117, mixed mode, tiered, compressed oops, compressed class ptrs, g1 gc, windows-amd64)
# No core dump will be written. Minidumps are not enabled by default on client versions of Windows
#

---------------  S U M M A R Y ------------

Command Line: --add-opens=java.base/java.lang=ALL-UNNAMED --add-opens=java.base/java.lang.invoke=ALL-UNNAMED --add-opens=java.base/java.util=ALL-UNNAMED --add-opens=java.prefs/java.util.prefs=ALL-UNNAMED --add-exports=jdk.compiler/com.sun.tools.javac.api=ALL-UNNAMED --add-exports=jdk.compiler/com.sun.tools.javac.util=ALL-UNNAMED --add-opens=java.base/java.util=ALL-UNNAMED --add-opens=java.prefs/java.util.prefs=ALL-UNNAMED --add-opens=java.base/java.nio.charset=ALL-UNNAMED --add-opens=java.base/java.net=ALL-UNNAMED --add-opens=java.base/java.util.concurrent=ALL-UNNAMED --add-opens=java.base/java.util.concurrent.atomic=ALL-UNNAMED --add-opens=java.xml/javax.xml.namespace=ALL-UNNAMED --add-opens=java.base/java.time=ALL-UNNAMED --enable-native-access=ALL-UNNAMED -Xmx2048m -Dfile.encoding=UTF-8 -Duser.country=IN -Duser.language=en -Duser.variant -javaagent:C:\Users\SIVA\.gradle\wrapper\dists\gradle-9.3.1-bin\23ovyewtku6u96viwx3xl3oks\gradle-9.3.1\lib\agents\gradle-instrumentation-agent-9.3.1.jar org.gradle.launcher.daemon.bootstrap.GradleDaemon 9.3.1

Host: 13th Gen Intel(R) Core(TM) i5-1334U, 12 cores, 15G,  Windows 11 , 64 bit Build 26100 (10.0.26100.8875)
Time: Tue Aug 11 12:42:19 2026 India Standard Time elapsed time: 34.734777 seconds (0d 0h 0m 34s)

---------------  T H R E A D  ---------------

Current thread (0x0000021ad7f99b00):  VMThread "VM Thread"          [id=13192, stack(0x00000032c5e00000,0x00000032c5f00000) (1024K)]

Stack: [0x00000032c5e00000,0x00000032c5f00000]
Native frames: (J=compiled Java code, j=interpreted, Vv=VM code, C=native code)
V  [jvm.dll+0x7bd439]  (no source info available)
V  [jvm.dll+0x78763d]  (no source info available)
V  [jvm.dll+0xa0c885]  (no source info available)
V  [jvm.dll+0xa0ef04]  (no source info available)
V  [jvm.dll+0xa0f603]  (no source info available)
V  [jvm.dll+0x309bf6]  (no source info available)
V  [jvm.dll+0x7b9545]  (no source info available)
V  [jvm.dll+0x7ac047]  (no source info available)
V  [jvm.dll+0x3fdeab]  (no source info available)
V  [jvm.dll+0x406066]  (no source info available)
V  [jvm.dll+0x3f2516]  (no source info available)
V  [jvm.dll+0x3f27f8]  (no source info available)
V  [jvm.dll+0x3c7b82]  (no source info available)
V  [jvm.dll+0x3ca92c]  (no source info available)
V  [jvm.dll+0x3d743f]  (no source info available)
V  [jvm.dll+0x415265]  (no source info available)
V  [jvm.dll+0xa158ca]  (no source info available)
V  [jvm.dll+0xa16bd1]  (no source info available)
V  [jvm.dll+0xa17148]  (no source info available)
V  [jvm.dll+0xa173d3]  (no source info available)
V  [jvm.dll+0x9ab9c8]  (no source info available)
V  [jvm.dll+0x7bb985]  (no source info available)
C  [ucrtbase.dll+0x2cd30]  (no source info available)
C  [KERNEL32.DLL+0x2e957]  (no source info available)
C  [ntdll.dll+0xaad6c]  (no source info available)

VM_Operation (0x00000032c59ff940): G1PauseRemark, mode: safepoint, requested by thread 0x0000021ac0086e30


---------------  P R O C E S S  ---------------

Threads class SMR info:
_java_thread_list=0x0000021adea7b500, length=94, elements={
0x0000021ac0014200, 0x0000021ad7fc2120, 0x0000021ad7fc2ce0, 0x0000021ad7fc4410,
0x0000021ad7fc5e70, 0x0000021ad8144490, 0x0000021ad7ff9480, 0x0000021ad7fe99f0,
0x0000021ad7fee5c0, 0x0000021ad7ffc7c0, 0x0000021ad846eed0, 0x0000021ade32e050,
0x0000021adf2662a0, 0x0000021addddd130, 0x0000021adf2d6b70, 0x0000021adf2f3400,
0x0000021adf321220, 0x0000021adeb1baa0, 0x0000021adeb18bc0, 0x0000021adf1c8a40,
0x0000021adf1c6b00, 0x0000021adf1c72d0, 0x0000021adf1ca980, 0x0000021adf1c7aa0,
0x0000021adf1cd090, 0x0000021ad7ff3ed0, 0x0000021adf96b8e0, 0x0000021adf96a940,
0x0000021adf9699a0, 0x0000021adf96d050, 0x0000021adf96a170, 0x0000021adf96dff0,
0x0000021ae0f1ac00, 0x0000021ae0f184f0, 0x0000021ae0f18cc0, 0x0000021ae0f1ea80,
0x0000021ae123b670, 0x0000021ae123be40, 0x0000021ae123c610, 0x0000021ae1239f00,
0x0000021ae1241430, 0x0000021ae123dd80, 0x0000021ae123ed20, 0x0000021adfe16dd0,
0x0000021adfe1a480, 0x0000021adfe175a0, 0x0000021adfe1bbf0, 0x0000021adfe1d360,
0x0000021adfe1c3c0, 0x0000021adfe1db30, 0x0000021ae22401f0, 0x0000021ae2242900,
0x0000021ae2244070, 0x0000021ae2244840, 0x0000021ae2245010, 0x0000021ae2246780,
0x0000021ae2166620, 0x0000021ae2165680, 0x0000021ae2169500, 0x0000021ae216a4a0,
0x0000021ae2168560, 0x0000021ae216b440, 0x0000021ae216c3e0, 0x0000021ae2168d30,
0x0000021ae216f2c0, 0x0000021ae216eaf0, 0x0000021ae216fa90, 0x0000021ae2171200,
0x0000021ae21719d0, 0x0000021ae2172970, 0x0000021ae21721a0, 0x0000021ae21740e0,
0x0000021add5fa930, 0x0000021add5f89f0, 0x0000021add5fef80, 0x0000021add5ff750,
0x0000021add5fc870, 0x0000021add602630, 0x0000021add6035d0, 0x0000021add604570,
0x0000021add605510, 0x0000021ae2b3d7b0, 0x0000021ae2b3df80, 0x0000021ae2b3f6f0,
0x0000021ae2b3c040, 0x0000021ae2b41630, 0x0000021ae2b3fec0, 0x0000021ae2b454b0,
0x0000021ae2b473f0, 0x0000021ae2b49330, 0x0000021add604d40, 0x0000021ae223f250,
0x0000021ae34a6a40, 0x0000021add4ab9d0
}

Java Threads: ( => current thread )
  0x0000021ac0014200 JavaThread "main"                              [_thread_blocked, id=15116, stack(0x00000032c5700000,0x00000032c5800000) (1024K)]
  0x0000021ad7fc2120 JavaThread "Common-Cleaner"             daemon [_thread_blocked, id=10076, stack(0x00000032c5f00000,0x00000032c6000000) (1024K)]
  0x0000021ad7fc2ce0 JavaThread "Reference Handler"          daemon [_thread_blocked, id=21592, stack(0x00000032c6000000,0x00000032c6100000) (1024K)]
  0x0000021ad7fc4410 JavaThread "Finalizer"                  daemon [_thread_blocked, id=15568, stack(0x00000032c6100000,0x00000032c6200000) (1024K)]
  0x0000021ad7fc5e70 JavaThread "Signal Dispatcher"          daemon [_thread_blocked, id=13720, stack(0x00000032c6200000,0x00000032c6300000) (1024K)]
  0x0000021ad8144490 JavaThread "Attach Listener"            daemon [_thread_blocked, id=28588, stack(0x00000032c6300000,0x00000032c6400000) (1024K)]
  0x0000021ad7ff9480 JavaThread "Service Thread"             daemon [_thread_blocked, id=20456, stack(0x00000032c6400000,0x00000032c6500000) (1024K)]
  0x0000021ad7fe99f0 JavaThread "Monitor Deflation Thread"   daemon [_thread_blocked, id=15876, stack(0x00000032c6500000,0x00000032c6600000) (1024K)]
  0x0000021ad7fee5c0 JavaThread "C2 CompilerThread0"         daemon [_thread_blocked, id=18996, stack(0x00000032c6600000,0x00000032c6700000) (1024K)]
  0x0000021ad7ffc7c0 JavaThread "C1 CompilerThread0"         daemon [_thread_blocked, id=28468, stack(0x00000032c6700000,0x00000032c6800000) (1024K)]
  0x0000021ad846eed0 JavaThread "Notification Thread"        daemon [_thread_blocked, id=27628, stack(0x00000032c6800000,0x00000032c6900000) (1024K)]
  0x0000021ade32e050 JavaThread "Daemon health stats"               [_thread_blocked, id=27244, stack(0x00000032c7000000,0x00000032c7100000) (1024K)]
  0x0000021adf2662a0 JavaThread "Incoming local TCP Connector on port 12516"        [_thread_in_native, id=4516, stack(0x00000032c7100000,0x00000032c7200000) (1024K)]
  0x0000021addddd130 JavaThread "Daemon periodic checks"            [_thread_blocked, id=18080, stack(0x00000032c7200000,0x00000032c7300000) (1024K)]
  0x0000021adf2d6b70 JavaThread "Daemon"                            [_thread_blocked, id=27492, stack(0x00000032c7300000,0x00000032c7400000) (1024K)]
  0x0000021adf2f3400 JavaThread "Handler for socket connection from /127.0.0.1:12516 to /127.0.0.1:12517"        [_thread_in_native, id=16696, stack(0x00000032c7400000,0x00000032c7500000) (1024K)]
  0x0000021adf321220 JavaThread "Cancel handler"                    [_thread_blocked, id=13804, stack(0x00000032c7b00000,0x00000032c7c00000) (1024K)]
  0x0000021adeb1baa0 JavaThread "Daemon worker"                     [_thread_blocked, id=26080, stack(0x00000032c7c00000,0x00000032c7d00000) (1024K)]
  0x0000021adeb18bc0 JavaThread "Asynchronous log dispatcher for DefaultDaemonConnection: socket connection from /127.0.0.1:12516 to /127.0.0.1:12517"        [_thread_blocked, id=9644, stack(0x00000032c7d00000,0x00000032c7e00000) (1024K)]
  0x0000021adf1c8a40 JavaThread "Stdin handler"                     [_thread_blocked, id=28076, stack(0x00000032c7e00000,0x00000032c7f00000) (1024K)]
  0x0000021adf1c6b00 JavaThread "Daemon client event forwarder"        [_thread_blocked, id=18136, stack(0x00000032c7f00000,0x00000032c8000000) (1024K)]
  0x0000021adf1c72d0 JavaThread "Cache worker for journal cache (C:\Users\SIVA\.gradle\caches\journal-1)"        [_thread_blocked, id=29160, stack(0x00000032c6a00000,0x00000032c6b00000) (1024K)]
  0x0000021adf1ca980 JavaThread "File lock request listener"        [_thread_in_native, id=16416, stack(0x00000032c8000000,0x00000032c8100000) (1024K)]
  0x0000021adf1c7aa0 JavaThread "Cache worker for file hash cache (C:\Users\SIVA\.gradle\caches\9.3.1\fileHashes)"        [_thread_blocked, id=26568, stack(0x00000032c8100000,0x00000032c8200000) (1024K)]
  0x0000021adf1cd090 JavaThread "Cache worker for file hash cache (C:\Users\SIVA\Downloads\palm\.gradle\9.3.1\fileHashes)"        [_thread_blocked, id=25992, stack(0x00000032c8300000,0x00000032c8400000) (1024K)]
  0x0000021ad7ff3ed0 JavaThread "Cache worker for checksums cache (C:\Users\SIVA\Downloads\palm\.gradle\9.3.1\checksums)"        [_thread_blocked, id=16448, stack(0x00000032c8400000,0x00000032c8500000) (1024K)]
  0x0000021adf96b8e0 JavaThread "Cache worker for Build Output Cleanup Cache (C:\Users\SIVA\Downloads\palm\.gradle\buildOutputCleanup)"        [_thread_blocked, id=25960, stack(0x00000032c8500000,0x00000032c8600000) (1024K)]
  0x0000021adf96a940 JavaThread "Cache worker for file content cache (C:\Users\SIVA\.gradle\caches\9.3.1\fileContent)"        [_thread_blocked, id=7312, stack(0x00000032c8600000,0x00000032c8700000) (1024K)]
  0x0000021adf9699a0 JavaThread "File watcher server"        daemon [_thread_blocked, id=21700, stack(0x00000032c8700000,0x00000032c8800000) (1024K)]
  0x0000021adf96d050 JavaThread "File watcher consumer"      daemon [_thread_blocked, id=7008, stack(0x00000032c8800000,0x00000032c8900000) (1024K)]
  0x0000021adf96a170 JavaThread "Cache worker for cache directory md-supplier (C:\Users\SIVA\.gradle\caches\9.3.1\md-supplier)"        [_thread_blocked, id=14820, stack(0x00000032c8900000,0x00000032c8a00000) (1024K)]
  0x0000021adf96dff0 JavaThread "Cache worker for cache directory md-rule (C:\Users\SIVA\.gradle\caches\9.3.1\md-rule)"        [_thread_blocked, id=29244, stack(0x00000032c8a00000,0x00000032c8b00000) (1024K)]
  0x0000021ae0f1ac00 JavaThread "build event listener"              [_thread_blocked, id=28232, stack(0x00000032c8b00000,0x00000032c8c00000) (1024K)]
  0x0000021ae0f184f0 JavaThread "Build operations"                  [_thread_blocked, id=12936, stack(0x00000032c8c00000,0x00000032c8d00000) (1024K)]
  0x0000021ae0f18cc0 JavaThread "Memory manager"                    [_thread_blocked, id=17552, stack(0x00000032c8200000,0x00000032c8300000) (1024K)]
  0x0000021ae0f1ea80 JavaThread "included builds"                   [_thread_blocked, id=26184, stack(0x00000032c8e00000,0x00000032c8f00000) (1024K)]
  0x0000021ae123b670 JavaThread "Execution worker"                  [_thread_blocked, id=26228, stack(0x00000032c8f00000,0x00000032c9000000) (1024K)]
  0x0000021ae123be40 JavaThread "Execution worker Thread 2"         [_thread_blocked, id=2944, stack(0x00000032c9000000,0x00000032c9100000) (1024K)]
  0x0000021ae123c610 JavaThread "Execution worker Thread 3"         [_thread_blocked, id=27720, stack(0x00000032c9100000,0x00000032c9200000) (1024K)]
  0x0000021ae1239f00 JavaThread "Cache worker for execution history cache (C:\Users\SIVA\Downloads\palm\.gradle\9.3.1\executionHistory)"        [_thread_blocked, id=26260, stack(0x00000032c9200000,0x00000032c9300000) (1024K)]
  0x0000021ae1241430 JavaThread "Unconstrained build operations"        [_thread_blocked, id=19272, stack(0x00000032c9300000,0x00000032c9400000) (1024K)]
  0x0000021ae123dd80 JavaThread "Unconstrained build operations Thread 2"        [_thread_blocked, id=3040, stack(0x00000032c9400000,0x00000032c9500000) (1024K)]
  0x0000021ae123ed20 JavaThread "Unconstrained build operations Thread 3"        [_thread_blocked, id=25020, stack(0x00000032c9500000,0x00000032c9600000) (1024K)]
  0x0000021adfe16dd0 JavaThread "Unconstrained build operations Thread 4"        [_thread_blocked, id=12648, stack(0x00000032c9600000,0x00000032c9700000) (1024K)]
  0x0000021adfe1a480 JavaThread "Unconstrained build operations Thread 5"        [_thread_blocked, id=9344, stack(0x00000032c9700000,0x00000032c9800000) (1024K)]
  0x0000021adfe175a0 JavaThread "Unconstrained build operations Thread 6"        [_thread_blocked, id=16428, stack(0x00000032c9800000,0x00000032c9900000) (1024K)]
  0x0000021adfe1bbf0 JavaThread "Unconstrained build operations Thread 7"        [_thread_blocked, id=13872, stack(0x00000032c9900000,0x00000032c9a00000) (1024K)]
  0x0000021adfe1d360 JavaThread "Unconstrained build operations Thread 8"        [_thread_blocked, id=17704, stack(0x00000032c9a00000,0x00000032c9b00000) (1024K)]
  0x0000021adfe1c3c0 JavaThread "Unconstrained build operations Thread 9"        [_thread_blocked, id=7832, stack(0x00000032c9b00000,0x00000032c9c00000) (1024K)]
  0x0000021adfe1db30 JavaThread "Unconstrained build operations Thread 10"        [_thread_blocked, id=6740, stack(0x00000032c9c00000,0x00000032c9d00000) (1024K)]
  0x0000021ae22401f0 JavaThread "Unconstrained build operations Thread 11"        [_thread_blocked, id=16108, stack(0x00000032c9d00000,0x00000032c9e00000) (1024K)]
  0x0000021ae2242900 JavaThread "Unconstrained build operations Thread 12"        [_thread_blocked, id=27328, stack(0x00000032c9e00000,0x00000032c9f00000) (1024K)]
  0x0000021ae2244070 JavaThread "Unconstrained build operations Thread 14"        [_thread_blocked, id=1692, stack(0x00000032c9f00000,0x00000032ca000000) (1024K)]
  0x0000021ae2244840 JavaThread "Unconstrained build operations Thread 13"        [_thread_blocked, id=14152, stack(0x00000032ca000000,0x00000032ca100000) (1024K)]
  0x0000021ae2245010 JavaThread "Unconstrained build operations Thread 15"        [_thread_blocked, id=28404, stack(0x00000032ca100000,0x00000032ca200000) (1024K)]
  0x0000021ae2246780 JavaThread "Unconstrained build operations Thread 16"        [_thread_blocked, id=25704, stack(0x00000032ca200000,0x00000032ca300000) (1024K)]
  0x0000021ae2166620 JavaThread "Unconstrained build operations Thread 17"        [_thread_blocked, id=27532, stack(0x00000032ca300000,0x00000032ca400000) (1024K)]
  0x0000021ae2165680 JavaThread "Unconstrained build operations Thread 18"        [_thread_blocked, id=22708, stack(0x00000032ca400000,0x00000032ca500000) (1024K)]
  0x0000021ae2169500 JavaThread "Unconstrained build operations Thread 19"        [_thread_blocked, id=6588, stack(0x00000032ca500000,0x00000032ca600000) (1024K)]
  0x0000021ae216a4a0 JavaThread "Unconstrained build operations Thread 20"        [_thread_blocked, id=28904, stack(0x00000032ca600000,0x00000032ca700000) (1024K)]
  0x0000021ae2168560 JavaThread "Unconstrained build operations Thread 21"        [_thread_blocked, id=15948, stack(0x00000032ca700000,0x00000032ca800000) (1024K)]
  0x0000021ae216b440 JavaThread "Unconstrained build operations Thread 22"        [_thread_blocked, id=10060, stack(0x00000032ca800000,0x00000032ca900000) (1024K)]
  0x0000021ae216c3e0 JavaThread "Unconstrained build operations Thread 23"        [_thread_blocked, id=17140, stack(0x00000032ca900000,0x00000032caa00000) (1024K)]
  0x0000021ae2168d30 JavaThread "Unconstrained build operations Thread 24"        [_thread_blocked, id=27796, stack(0x00000032caa00000,0x00000032cab00000) (1024K)]
  0x0000021ae216f2c0 JavaThread "Unconstrained build operations Thread 25"        [_thread_blocked, id=27436, stack(0x00000032cab00000,0x00000032cac00000) (1024K)]
  0x0000021ae216eaf0 JavaThread "Unconstrained build operations Thread 26"        [_thread_blocked, id=27468, stack(0x00000032c8d00000,0x00000032c8e00000) (1024K)]
  0x0000021ae216fa90 JavaThread "Unconstrained build operations Thread 27"        [_thread_blocked, id=19848, stack(0x00000032cac00000,0x00000032cad00000) (1024K)]
  0x0000021ae2171200 JavaThread "Unconstrained build operations Thread 28"        [_thread_blocked, id=17020, stack(0x00000032cad00000,0x00000032cae00000) (1024K)]
  0x0000021ae21719d0 JavaThread "Unconstrained build operations Thread 29"        [_thread_blocked, id=27808, stack(0x00000032cae00000,0x00000032caf00000) (1024K)]
  0x0000021ae2172970 JavaThread "Unconstrained build operations Thread 30"        [_thread_blocked, id=28000, stack(0x00000032caf00000,0x00000032cb000000) (1024K)]
  0x0000021ae21721a0 JavaThread "Unconstrained build operations Thread 31"        [_thread_blocked, id=25744, stack(0x00000032cb000000,0x00000032cb100000) (1024K)]
  0x0000021ae21740e0 JavaThread "Unconstrained build operations Thread 32"        [_thread_blocked, id=23532, stack(0x00000032cb100000,0x00000032cb200000) (1024K)]
  0x0000021add5fa930 JavaThread "Unconstrained build operations Thread 33"        [_thread_blocked, id=17176, stack(0x00000032cb200000,0x00000032cb300000) (1024K)]
  0x0000021add5f89f0 JavaThread "Unconstrained build operations Thread 34"        [_thread_blocked, id=13608, stack(0x00000032cb300000,0x00000032cb400000) (1024K)]
  0x0000021add5fef80 JavaThread "WorkerExecutor Queue"              [_thread_blocked, id=1128, stack(0x00000032cb500000,0x00000032cb600000) (1024K)]
  0x0000021add5ff750 JavaThread "Unconstrained build operations Thread 35"        [_thread_blocked, id=26552, stack(0x00000032cb600000,0x00000032cb700000) (1024K)]
  0x0000021add5fc870 JavaThread "Unconstrained build operations Thread 36"        [_thread_blocked, id=28708, stack(0x00000032cb700000,0x00000032cb800000) (1024K)]
  0x0000021add602630 JavaThread "Unconstrained build operations Thread 37"        [_thread_blocked, id=15148, stack(0x00000032cb800000,0x00000032cb900000) (1024K)]
  0x0000021add6035d0 JavaThread "Unconstrained build operations Thread 38"        [_thread_blocked, id=15420, stack(0x00000032cb900000,0x00000032cba00000) (1024K)]
  0x0000021add604570 JavaThread "Java2D Disposer"            daemon [_thread_blocked, id=21940, stack(0x00000032cba00000,0x00000032cbb00000) (1024K)]
  0x0000021add605510 JavaThread "AWT-Windows"                daemon [_thread_in_native, id=2352, stack(0x00000032cbc00000,0x00000032cbd00000) (1024K)]
  0x0000021ae2b3d7b0 JavaThread "Unconstrained build operations Thread 39"        [_thread_blocked, id=23632, stack(0x00000032cb400000,0x00000032cb500000) (1024K)]
  0x0000021ae2b3df80 JavaThread "Unconstrained build operations Thread 40"        [_thread_blocked, id=24364, stack(0x00000032cbe00000,0x00000032cbf00000) (1024K)]
  0x0000021ae2b3f6f0 JavaThread "DefaultDispatcher-worker-1" daemon [_thread_blocked, id=2180, stack(0x00000032cbf00000,0x00000032cc000000) (1024K)]
  0x0000021ae2b3c040 JavaThread "DefaultDispatcher-worker-2" daemon [_thread_blocked, id=18500, stack(0x00000032cc000000,0x00000032cc100000) (1024K)]
  0x0000021ae2b41630 JavaThread "DefaultDispatcher-worker-3" daemon [_thread_blocked, id=11812, stack(0x00000032cc100000,0x00000032cc200000) (1024K)]
  0x0000021ae2b3fec0 JavaThread "Periodic tasks thread"      daemon [_thread_blocked, id=3212, stack(0x00000032cbd00000,0x00000032cbe00000) (1024K)]
  0x0000021ae2b454b0 JavaThread "ApplicationImpl pooled thread 1"        [_thread_blocked, id=26760, stack(0x00000032cc200000,0x00000032cc300000) (1024K)]
  0x0000021ae2b473f0 JavaThread "ForkJoinPool.commonPool-worker-1" daemon [_thread_blocked, id=18756, stack(0x00000032cc300000,0x00000032cc400000) (1024K)]
  0x0000021ae2b49330 JavaThread "ForkJoinPool.commonPool-worker-2" daemon [_thread_blocked, id=14608, stack(0x00000032cbb00000,0x00000032cbc00000) (1024K)]
  0x0000021add604d40 JavaThread "WorkerExecutor Queue Thread 2"        [_thread_blocked, id=22132, stack(0x00000032cc400000,0x00000032cc500000) (1024K)]
  0x0000021ae223f250 JavaThread "pool-2-thread-1"                   [_thread_blocked, id=23380, stack(0x00000032cc500000,0x00000032cc600000) (1024K)]
  0x0000021ae34a6a40 JavaThread "C2 CompilerThread1"         daemon [_thread_blocked, id=28460, stack(0x00000032c6900000,0x00000032c6a00000) (1024K)]
  0x0000021add4ab9d0 JavaThread "C2 CompilerThread2"         daemon [_thread_blocked, id=19248, stack(0x00000032cc600000,0x00000032cc700000) (1024K)]
Total: 94

Other Threads:
=>0x0000021ad7f99b00 VMThread "VM Thread"                           [id=13192, stack(0x00000032c5e00000,0x00000032c5f00000) (1024K)]
  0x0000021ad7f5a430 WatcherThread "VM Periodic Task Thread"        [id=3684, stack(0x00000032c5d00000,0x00000032c5e00000) (1024K)]
  0x0000021ac006dd60 WorkerThread "GC Thread#0"                     [id=24616, stack(0x00000032c5800000,0x00000032c5900000) (1024K)]
  0x0000021add166350 WorkerThread "GC Thread#1"                     [id=21720, stack(0x00000032c6b00000,0x00000032c6c00000) (1024K)]
  0x0000021ad877c530 WorkerThread "GC Thread#2"                     [id=21724, stack(0x00000032c6c00000,0x00000032c6d00000) (1024K)]
  0x0000021ad877c960 WorkerThread "GC Thread#3"                     [id=14136, stack(0x00000032c6d00000,0x00000032c6e00000) (1024K)]
  0x0000021add14cc50 WorkerThread "GC Thread#4"                     [id=23652, stack(0x00000032c6e00000,0x00000032c6f00000) (1024K)]
  0x0000021ad897dbc0 WorkerThread "GC Thread#5"                     [id=4988, stack(0x00000032c6f00000,0x00000032c7000000) (1024K)]
  0x0000021ad897d770 WorkerThread "GC Thread#6"                     [id=6672, stack(0x00000032c7500000,0x00000032c7600000) (1024K)]
  0x0000021ad897e010 WorkerThread "GC Thread#7"                     [id=22040, stack(0x00000032c7600000,0x00000032c7700000) (1024K)]
  0x0000021ad897ed00 WorkerThread "GC Thread#8"                     [id=3136, stack(0x00000032c7700000,0x00000032c7800000) (1024K)]
  0x0000021ad897fe40 WorkerThread "GC Thread#9"                     [id=29112, stack(0x00000032c7800000,0x00000032c7900000) (1024K)]
  0x0000021ac0086e30 ConcurrentGCThread "G1 Main Marker"            [id=20200, stack(0x00000032c5900000,0x00000032c5a00000) (1024K)]
  0x0000021ac00879d0 WorkerThread "G1 Conc#0"                       [id=27416, stack(0x00000032c5a00000,0x00000032c5b00000) (1024K)]
  0x0000021adf327740 WorkerThread "G1 Conc#1"                       [id=17720, stack(0x00000032c7900000,0x00000032c7a00000) (1024K)]
  0x0000021adf328430 WorkerThread "G1 Conc#2"                       [id=27272, stack(0x00000032c7a00000,0x00000032c7b00000) (1024K)]
  0x0000021ad7e2c8f0 ConcurrentGCThread "G1 Refine#0"               [id=22452, stack(0x00000032c5b00000,0x00000032c5c00000) (1024K)]
  0x0000021ad7e2e1c0 ConcurrentGCThread "G1 Service"                [id=29224, stack(0x00000032c5c00000,0x00000032c5d00000) (1024K)]
Total: 18

Threads with active compile tasks:
C2 CompilerThread0  34801 23791       4       org.jetbrains.kotlin.fir.resolve.calls.candidate.Candidate$$Lambda/0x00000000068d2758::invoke (12 bytes)
C2 CompilerThread1  34801 23781 %     4       org.jetbrains.kotlin.fir.deserialization.AbstractFirDeserializedSymbolProvider::loadPropertiesByCallableId @ 41 (278 bytes)
C2 CompilerThread2  34801 23789       4       org.jetbrains.kotlin.fir.resolve.calls.ArgumentUtilsKt::prepareCapturedType (51 bytes)
Total: 3

VM state: at safepoint (normal execution)

VM Mutex/Monitor currently owned by a thread:  ([mutex/lock_event])
[0x00007ff8a1104698] Threads_lock - owner thread: 0x0000021ad7f99b00
[0x00007ff8a1104818] Heap_lock - owner thread: 0x0000021ac0086e30

Heap address: 0x0000000080000000, size: 2048 MB, Compressed Oops mode: 32-bit

CDS archive(s) not mapped
Compressed class space mapped at: 0x0000000005000000-0x0000000045000000, reserved size: 1073741824
UseCompressedClassPointers 1, UseCompactObjectHeaders 0
Narrow klass pointer bits 32, Max shift 3
Narrow klass base: 0x0000000000000000, Narrow klass shift: 0
Encoding Range: [0x0000000000000000 - 0x0000000100000000), (4294967296 bytes)
Klass Range:    [0x0000000005000000 - 0x0000000045000000), (1073741824 bytes)
Klass ID Range:  [83886080 - 1157627897) (1073741817)
No protection zone.

GC Precious Log:
 CardTable entry size: 512
 Card Set container configuration: InlinePtr #cards 5 size 8 Array Of Cards #cards 10 size 36 Howl #buckets 4 coarsen threshold 1843 Howl Bitmap #cards 512 size 80 coarsen threshold 460 Card regions per heap region 1 cards per card region 2048
 CPUs: 12 total, 12 available
 Memory: 16068M
 Large Page Support: Disabled
 NUMA Support: Disabled
 Compressed Oops: Enabled (32-bit)
 Heap Region Size: 1M
 Heap Min Capacity: 8M
 Heap Initial Capacity: 252M
 Heap Max Capacity: 2G
 Pre-touch: Disabled
 Parallel Workers: 10
 Concurrent Workers: 3
 Concurrent Refinement Workers: 10
 Periodic GC: Disabled

Heap:
 garbage-first heap   total reserved 2097152K, committed 445440K, used 310122K [0x0000000080000000, 0x0000000100000000)
  region size 1024K, 22 young (22528K), 15 survivors (15360K)

Heap Regions: E=young(eden), S=young(survivor), O=old, HS=humongous(starts), HC=humongous(continues), CS=collection set, F=free, TAMS=top-at-mark-start, PB=parsable bottom
|   0|0x0000000080000000, 0x0000000080100000, 0x0000000080100000|100%|HS|  |TAMS 0x0000000080100000| PB 0x0000000080000000| Complete |  0
|   1|0x0000000080100000, 0x0000000080200000, 0x0000000080200000|100%|HC|  |TAMS 0x0000000080200000| PB 0x0000000080100000| Complete |  0
|   2|0x0000000080200000, 0x0000000080300000, 0x0000000080300000|100%|HC|  |TAMS 0x0000000080300000| PB 0x0000000080200000| Complete |  0
|   3|0x0000000080300000, 0x0000000080400000, 0x0000000080400000|100%|HC|  |TAMS 0x0000000080400000| PB 0x0000000080300000| Complete |  0
|   4|0x0000000080400000, 0x0000000080500000, 0x0000000080500000|100%|HS|  |TAMS 0x0000000080500000| PB 0x0000000080400000| Complete |  0
|   5|0x0000000080500000, 0x0000000080600000, 0x0000000080600000|100%| O|  |TAMS 0x0000000080600000| PB 0x0000000080600000| Untracked |  0
|   6|0x0000000080600000, 0x0000000080700000, 0x0000000080700000|100%| O|  |TAMS 0x0000000080700000| PB 0x0000000080700000| Untracked |  0
|   7|0x0000000080700000, 0x0000000080800000, 0x0000000080800000|100%| O|  |TAMS 0x0000000080800000| PB 0x0000000080800000| Untracked |  0
|   8|0x0000000080800000, 0x0000000080900000, 0x0000000080900000|100%| O|  |TAMS 0x0000000080900000| PB 0x0000000080900000| Untracked |  0
|   9|0x0000000080900000, 0x0000000080a00000, 0x0000000080a00000|100%| O|  |TAMS 0x0000000080a00000| PB 0x0000000080a00000| Untracked |  0
|  10|0x0000000080a00000, 0x0000000080b00000, 0x0000000080b00000|100%| O|  |TAMS 0x0000000080b00000| PB 0x0000000080b00000| Untracked |  0
|  11|0x0000000080b00000, 0x0000000080c00000, 0x0000000080c00000|100%| O|  |TAMS 0x0000000080c00000| PB 0x0000000080c00000| Untracked |  0
|  12|0x0000000080c00000, 0x0000000080d00000, 0x0000000080d00000|100%| O|  |TAMS 0x0000000080d00000| PB 0x0000000080d00000| Untracked |  0
|  13|0x0000000080d00000, 0x0000000080e00000, 0x0000000080e00000|100%| O|  |TAMS 0x0000000080e00000| PB 0x0000000080e00000| Untracked |  0
|  14|0x0000000080e00000, 0x0000000080f00000, 0x0000000080f00000|100%| O|  |TAMS 0x0000000080f00000| PB 0x0000000080f00000| Untracked |  0
|  15|0x0000000080f00000, 0x0000000081000000, 0x0000000081000000|100%| O|  |TAMS 0x0000000081000000| PB 0x0000000081000000| Untracked |  0
|  16|0x0000000081000000, 0x0000000081100000, 0x0000000081100000|100%|HS|  |TAMS 0x0000000081100000| PB 0x0000000081000000| Complete |  0
|  17|0x0000000081100000, 0x0000000081200000, 0x0000000081200000|100%|HS|  |TAMS 0x0000000081200000| PB 0x0000000081100000| Complete |  0
|  18|0x0000000081200000, 0x0000000081300000, 0x0000000081300000|100%|HS|  |TAMS 0x0000000081300000| PB 0x0000000081200000| Complete |  0
|  19|0x0000000081300000, 0x0000000081400000, 0x0000000081400000|100%|HS|  |TAMS 0x0000000081400000| PB 0x0000000081300000| Complete |  0
|  20|0x0000000081400000, 0x0000000081500000, 0x0000000081500000|100%|HC|  |TAMS 0x0000000081500000| PB 0x0000000081400000| Complete |  0
|  21|0x0000000081500000, 0x0000000081600000, 0x0000000081600000|100%|HS|  |TAMS 0x0000000081600000| PB 0x0000000081500000| Complete |  0
|  22|0x0000000081600000, 0x0000000081700000, 0x0000000081700000|100%|HS|  |TAMS 0x0000000081700000| PB 0x0000000081600000| Complete |  0
|  23|0x0000000081700000, 0x0000000081800000, 0x0000000081800000|100%|HC|  |TAMS 0x0000000081800000| PB 0x0000000081700000| Complete |  0
|  24|0x0000000081800000, 0x0000000081900000, 0x0000000081900000|100%| O|  |TAMS 0x0000000081900000| PB 0x0000000081900000| Untracked |  0
|  25|0x0000000081900000, 0x0000000081a00000, 0x0000000081a00000|100%| O|  |TAMS 0x0000000081a00000| PB 0x0000000081a00000| Untracked |  0
|  26|0x0000000081a00000, 0x0000000081b00000, 0x0000000081b00000|100%| O|  |TAMS 0x0000000081b00000| PB 0x0000000081b00000| Untracked |  0
|  27|0x0000000081b00000, 0x0000000081c00000, 0x0000000081c00000|100%|HS|  |TAMS 0x0000000081c00000| PB 0x0000000081b00000| Complete |  0
|  28|0x0000000081c00000, 0x0000000081d00000, 0x0000000081d00000|100%| O|  |TAMS 0x0000000081d00000| PB 0x0000000081d00000| Untracked |  0
|  29|0x0000000081d00000, 0x0000000081e00000, 0x0000000081e00000|100%| O|  |TAMS 0x0000000081e00000| PB 0x0000000081e00000| Untracked |  0
|  30|0x0000000081e00000, 0x0000000081f00000, 0x0000000081f00000|100%|HS|  |TAMS 0x0000000081f00000| PB 0x0000000081e00000| Complete |  0
|  31|0x0000000081f00000, 0x0000000082000000, 0x0000000082000000|100%| O|  |TAMS 0x0000000082000000| PB 0x0000000082000000| Untracked |  0
|  32|0x0000000082000000, 0x0000000082100000, 0x0000000082100000|100%| O|  |TAMS 0x0000000082100000| PB 0x0000000082100000| Untracked |  0
|  33|0x0000000082100000, 0x0000000082200000, 0x0000000082200000|100%| O|  |TAMS 0x0000000082200000| PB 0x0000000082200000| Untracked |  0
|  34|0x0000000082200000, 0x0000000082300000, 0x0000000082300000|100%| O|  |TAMS 0x0000000082300000| PB 0x0000000082300000| Untracked |  0
|  35|0x0000000082300000, 0x0000000082400000, 0x0000000082400000|100%| O|  |TAMS 0x0000000082400000| PB 0x0000000082400000| Untracked |  0
|  36|0x0000000082400000, 0x0000000082500000, 0x0000000082500000|100%| O|  |TAMS 0x0000000082500000| PB 0x0000000082500000| Untracked |  0
|  37|0x0000000082500000, 0x0000000082600000, 0x0000000082600000|100%| O|  |TAMS 0x0000000082600000| PB 0x0000000082600000| Untracked |  0
|  38|0x0000000082600000, 0x0000000082700000, 0x0000000082700000|100%| O|  |TAMS 0x0000000082700000| PB 0x0000000082700000| Untracked |  0
|  39|0x0000000082700000, 0x0000000082800000, 0x0000000082800000|100%| O|  |TAMS 0x0000000082800000| PB 0x0000000082800000| Untracked |  0
|  40|0x0000000082800000, 0x0000000082900000, 0x0000000082900000|100%| O|  |TAMS 0x0000000082900000| PB 0x0000000082900000| Untracked |  0
|  41|0x0000000082900000, 0x0000000082a00000, 0x0000000082a00000|100%| O|  |TAMS 0x0000000082a00000| PB 0x0000000082a00000| Untracked |  0
|  42|0x0000000082a00000, 0x0000000082b00000, 0x0000000082b00000|100%| O|  |TAMS 0x0000000082b00000| PB 0x0000000082b00000| Untracked |  0
|  43|0x0000000082b00000, 0x0000000082c00000, 0x0000000082c00000|100%| O|  |TAMS 0x0000000082c00000| PB 0x0000000082c00000| Untracked |  0
|  44|0x0000000082c00000, 0x0000000082d00000, 0x0000000082d00000|100%| O|  |TAMS 0x0000000082d00000| PB 0x0000000082d00000| Untracked |  0
|  45|0x0000000082d00000, 0x0000000082e00000, 0x0000000082e00000|100%| O|  |TAMS 0x0000000082e00000| PB 0x0000000082e00000| Untracked |  0
|  46|0x0000000082e00000, 0x0000000082f00000, 0x0000000082f00000|100%| O|  |TAMS 0x0000000082f00000| PB 0x0000000082f00000| Untracked |  0
|  47|0x0000000082f00000, 0x0000000083000000, 0x0000000083000000|100%| O|  |TAMS 0x0000000083000000| PB 0x0000000083000000| Untracked |  0
|  48|0x0000000083000000, 0x0000000083100000, 0x0000000083100000|100%|HS|  |TAMS 0x0000000083100000| PB 0x0000000083000000| Complete |  0
|  49|0x0000000083100000, 0x0000000083200000, 0x0000000083200000|100%| O|  |TAMS 0x0000000083200000| PB 0x0000000083200000| Untracked |  0
|  50|0x0000000083200000, 0x0000000083300000, 0x0000000083300000|100%| O|  |TAMS 0x0000000083300000| PB 0x0000000083300000| Untracked |  0
|  51|0x0000000083300000, 0x0000000083400000, 0x0000000083400000|100%| O|  |TAMS 0x0000000083400000| PB 0x0000000083400000| Untracked |  0
|  52|0x0000000083400000, 0x0000000083500000, 0x0000000083500000|100%| O|  |TAMS 0x0000000083500000| PB 0x0000000083500000| Untracked |  0
|  53|0x0000000083500000, 0x0000000083600000, 0x0000000083600000|100%| O|  |TAMS 0x0000000083600000| PB 0x0000000083600000| Untracked |  0
|  54|0x0000000083600000, 0x0000000083700000, 0x0000000083700000|100%| O|  |TAMS 0x0000000083700000| PB 0x0000000083700000| Untracked |  0
|  55|0x0000000083700000, 0x0000000083800000, 0x0000000083800000|100%| O|  |TAMS 0x0000000083800000| PB 0x0000000083800000| Untracked |  0
|  56|0x0000000083800000, 0x0000000083900000, 0x0000000083900000|100%| O|  |TAMS 0x0000000083900000| PB 0x0000000083900000| Untracked |  0
|  57|0x0000000083900000, 0x0000000083a00000, 0x0000000083a00000|100%| O|  |TAMS 0x0000000083a00000| PB 0x0000000083a00000| Untracked |  0
|  58|0x0000000083a00000, 0x0000000083b00000, 0x0000000083b00000|100%| O|  |TAMS 0x0000000083b00000| PB 0x0000000083b00000| Untracked |  0
|  59|0x0000000083b00000, 0x0000000083c00000, 0x0000000083c00000|100%| O|  |TAMS 0x0000000083c00000| PB 0x0000000083c00000| Untracked |  0
|  60|0x0000000083c00000, 0x0000000083d00000, 0x0000000083d00000|100%| O|  |TAMS 0x0000000083d00000| PB 0x0000000083d00000| Untracked |  0
|  61|0x0000000083d00000, 0x0000000083e00000, 0x0000000083e00000|100%| O|  |TAMS 0x0000000083e00000| PB 0x0000000083e00000| Untracked |  0
|  62|0x0000000083e00000, 0x0000000083f00000, 0x0000000083f00000|100%| O|  |TAMS 0x0000000083f00000| PB 0x0000000083f00000| Untracked |  0
|  63|0x0000000083f00000, 0x0000000084000000, 0x0000000084000000|100%| O|  |TAMS 0x0000000084000000| PB 0x0000000084000000| Untracked |  0
|  64|0x0000000084000000, 0x0000000084100000, 0x0000000084100000|100%| O|  |TAMS 0x0000000084100000| PB 0x0000000084100000| Untracked |  0
|  65|0x0000000084100000, 0x0000000084200000, 0x0000000084200000|100%| O|  |TAMS 0x0000000084100000| PB 0x0000000084100000| Untracked |  0
|  66|0x0000000084200000, 0x0000000084300000, 0x0000000084300000|100%| O|  |TAMS 0x0000000084300000| PB 0x0000000084300000| Untracked |  0
|  67|0x0000000084300000, 0x0000000084400000, 0x0000000084400000|100%| O|  |TAMS 0x0000000084400000| PB 0x0000000084400000| Untracked |  0
|  68|0x0000000084400000, 0x0000000084500000, 0x0000000084500000|100%| O|  |TAMS 0x0000000084500000| PB 0x0000000084500000| Untracked |  0
|  69|0x0000000084500000, 0x0000000084600000, 0x0000000084600000|100%| O|  |TAMS 0x0000000084600000| PB 0x0000000084600000| Untracked |  0
|  70|0x0000000084600000, 0x0000000084700000, 0x0000000084700000|100%| O|  |TAMS 0x0000000084700000| PB 0x0000000084700000| Untracked |  0
|  71|0x0000000084700000, 0x0000000084800000, 0x0000000084800000|100%| O|  |TAMS 0x0000000084800000| PB 0x0000000084800000| Untracked |  0
|  72|0x0000000084800000, 0x0000000084900000, 0x0000000084900000|100%| O|  |TAMS 0x0000000084900000| PB 0x0000000084900000| Untracked |  0
|  73|0x0000000084900000, 0x0000000084a00000, 0x0000000084a00000|100%| O|  |TAMS 0x0000000084a00000| PB 0x0000000084a00000| Untracked |  0
|  74|0x0000000084a00000, 0x0000000084b00000, 0x0000000084b00000|100%| O|  |TAMS 0x0000000084b00000| PB 0x0000000084b00000| Untracked |  0
|  75|0x0000000084b00000, 0x0000000084c00000, 0x0000000084c00000|100%| O|  |TAMS 0x0000000084c00000| PB 0x0000000084c00000| Untracked |  0
|  76|0x0000000084c00000, 0x0000000084d00000, 0x0000000084d00000|100%| O|  |TAMS 0x0000000084d00000| PB 0x0000000084d00000| Untracked |  0
|  77|0x0000000084d00000, 0x0000000084e00000, 0x0000000084e00000|100%| O|  |TAMS 0x0000000084e00000| PB 0x0000000084e00000| Untracked |  0
|  78|0x0000000084e00000, 0x0000000084f00000, 0x0000000084f00000|100%| O|  |TAMS 0x0000000084f00000| PB 0x0000000084f00000| Untracked |  0
|  79|0x0000000084f00000, 0x0000000085000000, 0x0000000085000000|100%| O|  |TAMS 0x0000000085000000| PB 0x0000000085000000| Untracked |  0
|  80|0x0000000085000000, 0x0000000085100000, 0x0000000085100000|100%|HS|  |TAMS 0x0000000085100000| PB 0x0000000085000000| Complete |  0
|  81|0x0000000085100000, 0x0000000085200000, 0x0000000085200000|100%|HC|  |TAMS 0x0000000085200000| PB 0x0000000085100000| Complete |  0
|  82|0x0000000085200000, 0x0000000085300000, 0x0000000085300000|100%|HC|  |TAMS 0x0000000085300000| PB 0x0000000085200000| Complete |  0
|  83|0x0000000085300000, 0x0000000085400000, 0x0000000085400000|100%|HC|  |TAMS 0x0000000085400000| PB 0x0000000085300000| Complete |  0
|  84|0x0000000085400000, 0x0000000085500000, 0x0000000085500000|100%|HC|  |TAMS 0x0000000085500000| PB 0x0000000085400000| Complete |  0
|  85|0x0000000085500000, 0x0000000085600000, 0x0000000085600000|100%| O|  |TAMS 0x0000000085600000| PB 0x0000000085600000| Untracked |  0
|  86|0x0000000085600000, 0x0000000085700000, 0x0000000085700000|100%| O|  |TAMS 0x0000000085600000| PB 0x0000000085600000| Untracked |  0
|  87|0x0000000085700000, 0x0000000085800000, 0x0000000085800000|100%| O|  |TAMS 0x0000000085800000| PB 0x0000000085800000| Untracked |  0
|  88|0x0000000085800000, 0x0000000085900000, 0x0000000085900000|100%| O|  |TAMS 0x0000000085800000| PB 0x0000000085800000| Untracked |  0
|  89|0x0000000085900000, 0x0000000085a00000, 0x0000000085a00000|100%| O|  |TAMS 0x0000000085a00000| PB 0x0000000085a00000| Untracked |  0
|  90|0x0000000085a00000, 0x0000000085b00000, 0x0000000085b00000|100%| O|  |TAMS 0x0000000085b00000| PB 0x0000000085b00000| Untracked |  0
|  91|0x0000000085b00000, 0x0000000085c00000, 0x0000000085c00000|100%| O|  |TAMS 0x0000000085c00000| PB 0x0000000085c00000| Untracked |  0
|  92|0x0000000085c00000, 0x0000000085d00000, 0x0000000085d00000|100%| O|  |TAMS 0x0000000085d00000| PB 0x0000000085d00000| Untracked |  0
|  93|0x0000000085d00000, 0x0000000085e00000, 0x0000000085e00000|100%| O|  |TAMS 0x0000000085e00000| PB 0x0000000085e00000| Untracked |  0
|  94|0x0000000085e00000, 0x0000000085f00000, 0x0000000085f00000|100%| O|  |TAMS 0x0000000085f00000| PB 0x0000000085f00000| Untracked |  0
|  95|0x0000000085f00000, 0x0000000086000000, 0x0000000086000000|100%| O|  |TAMS 0x0000000086000000| PB 0x0000000086000000| Untracked |  0
|  96|0x0000000086000000, 0x0000000086100000, 0x0000000086100000|100%| O|  |TAMS 0x0000000086100000| PB 0x0000000086100000| Untracked |  0
|  97|0x0000000086100000, 0x0000000086200000, 0x0000000086200000|100%| O|  |TAMS 0x0000000086200000| PB 0x0000000086200000| Untracked |  0
|  98|0x0000000086200000, 0x0000000086300000, 0x0000000086300000|100%| O|  |TAMS 0x0000000086300000| PB 0x0000000086300000| Untracked |  0
|  99|0x0000000086300000, 0x0000000086400000, 0x0000000086400000|100%| O|  |TAMS 0x0000000086400000| PB 0x0000000086400000| Untracked |  0
| 100|0x0000000086400000, 0x0000000086500000, 0x0000000086500000|100%| O|  |TAMS 0x0000000086500000| PB 0x0000000086500000| Untracked |  0
| 101|0x0000000086500000, 0x0000000086600000, 0x0000000086600000|100%| O|  |TAMS 0x0000000086600000| PB 0x0000000086600000| Untracked |  0
| 102|0x0000000086600000, 0x0000000086700000, 0x0000000086700000|100%| O|  |TAMS 0x0000000086700000| PB 0x0000000086700000| Untracked |  0
| 103|0x0000000086700000, 0x0000000086800000, 0x0000000086800000|100%| O|  |TAMS 0x0000000086800000| PB 0x0000000086800000| Untracked |  0
| 104|0x0000000086800000, 0x0000000086900000, 0x0000000086900000|100%| O|  |TAMS 0x0000000086900000| PB 0x0000000086900000| Untracked |  0
| 105|0x0000000086900000, 0x0000000086a00000, 0x0000000086a00000|100%| O|  |TAMS 0x0000000086a00000| PB 0x0000000086a00000| Untracked |  0
| 106|0x0000000086a00000, 0x0000000086b00000, 0x0000000086b00000|100%| O|  |TAMS 0x0000000086b00000| PB 0x0000000086b00000| Untracked |  0
| 107|0x0000000086b00000, 0x0000000086c00000, 0x0000000086c00000|100%| O|  |TAMS 0x0000000086c00000| PB 0x0000000086c00000| Untracked |  0
| 108|0x0000000086c00000, 0x0000000086d00000, 0x0000000086d00000|100%| O|  |TAMS 0x0000000086d00000| PB 0x0000000086d00000| Untracked |  0
| 109|0x0000000086d00000, 0x0000000086e00000, 0x0000000086e00000|100%| O|  |TAMS 0x0000000086e00000| PB 0x0000000086e00000| Untracked |  0
| 110|0x0000000086e00000, 0x0000000086f00000, 0x0000000086f00000|100%| O|  |TAMS 0x0000000086f00000| PB 0x0000000086f00000| Untracked |  0
| 111|0x0000000086f00000, 0x0000000087000000, 0x0000000087000000|100%| O|  |TAMS 0x0000000087000000| PB 0x0000000087000000| Untracked |  0
| 112|0x0000000087000000, 0x0000000087100000, 0x0000000087100000|100%|HS|  |TAMS 0x0000000087100000| PB 0x0000000087000000| Complete |  0
| 113|0x0000000087100000, 0x0000000087200000, 0x0000000087200000|100%|HC|  |TAMS 0x0000000087200000| PB 0x0000000087100000| Complete |  0
| 114|0x0000000087200000, 0x0000000087300000, 0x0000000087300000|100%|HC|  |TAMS 0x0000000087300000| PB 0x0000000087200000| Complete |  0
| 115|0x0000000087300000, 0x0000000087400000, 0x0000000087400000|100%| O|  |TAMS 0x0000000087400000| PB 0x0000000087400000| Untracked |  0
| 116|0x0000000087400000, 0x0000000087500000, 0x0000000087500000|100%| O|  |TAMS 0x0000000087500000| PB 0x0000000087500000| Untracked |  0
| 117|0x0000000087500000, 0x0000000087600000, 0x0000000087600000|100%| O|  |TAMS 0x0000000087600000| PB 0x0000000087600000| Untracked |  0
| 118|0x0000000087600000, 0x0000000087700000, 0x0000000087700000|100%| O|  |TAMS 0x0000000087700000| PB 0x0000000087700000| Untracked |  0
| 119|0x0000000087700000, 0x0000000087800000, 0x0000000087800000|100%| O|  |TAMS 0x0000000087800000| PB 0x0000000087800000| Untracked |  0
| 120|0x0000000087800000, 0x0000000087900000, 0x0000000087900000|100%| O|  |TAMS 0x0000000087900000| PB 0x0000000087900000| Untracked |  0
| 121|0x0000000087900000, 0x0000000087a00000, 0x0000000087a00000|100%| O|  |TAMS 0x0000000087a00000| PB 0x0000000087a00000| Untracked |  0
| 122|0x0000000087a00000, 0x0000000087b00000, 0x0000000087b00000|100%| O|  |TAMS 0x0000000087b00000| PB 0x0000000087b00000| Untracked |  0
| 123|0x0000000087b00000, 0x0000000087c00000, 0x0000000087c00000|100%| O|  |TAMS 0x0000000087c00000| PB 0x0000000087c00000| Untracked |  0
| 124|0x0000000087c00000, 0x0000000087d00000, 0x0000000087d00000|100%| O|  |TAMS 0x0000000087d00000| PB 0x0000000087d00000| Untracked |  0
| 125|0x0000000087d00000, 0x0000000087e00000, 0x0000000087e00000|100%| O|  |TAMS 0x0000000087e00000| PB 0x0000000087e00000| Untracked |  0
| 126|0x0000000087e00000, 0x0000000087f00000, 0x0000000087f00000|100%| O|  |TAMS 0x0000000087f00000| PB 0x0000000087f00000| Untracked |  0
| 127|0x0000000087f00000, 0x0000000088000000, 0x0000000088000000|100%| O|  |TAMS 0x0000000088000000| PB 0x0000000088000000| Untracked |  0
| 128|0x0000000088000000, 0x0000000088100000, 0x0000000088100000|100%| O|  |TAMS 0x0000000088100000| PB 0x0000000088100000| Untracked |  0
| 129|0x0000000088100000, 0x0000000088200000, 0x0000000088200000|100%| O|  |TAMS 0x0000000088200000| PB 0x0000000088200000| Untracked |  0
| 130|0x0000000088200000, 0x0000000088300000, 0x0000000088300000|100%| O|  |TAMS 0x0000000088300000| PB 0x0000000088300000| Untracked |  0
| 131|0x0000000088300000, 0x0000000088400000, 0x0000000088400000|100%| O|  |TAMS 0x0000000088400000| PB 0x0000000088400000| Untracked |  0
| 132|0x0000000088400000, 0x0000000088500000, 0x0000000088500000|100%| O|  |TAMS 0x0000000088500000| PB 0x0000000088500000| Untracked |  0
| 133|0x0000000088500000, 0x0000000088600000, 0x0000000088600000|100%| O|  |TAMS 0x0000000088600000| PB 0x0000000088600000| Untracked |  0
| 134|0x0000000088600000, 0x0000000088700000, 0x0000000088700000|100%| O|  |TAMS 0x0000000088700000| PB 0x0000000088700000| Untracked |  0
| 135|0x0000000088700000, 0x0000000088800000, 0x0000000088800000|100%| O|  |TAMS 0x0000000088800000| PB 0x0000000088800000| Untracked |  0
| 136|0x0000000088800000, 0x0000000088900000, 0x0000000088900000|100%| O|  |TAMS 0x0000000088900000| PB 0x0000000088900000| Untracked |  0
| 137|0x0000000088900000, 0x0000000088a00000, 0x0000000088a00000|100%| O|  |TAMS 0x0000000088a00000| PB 0x0000000088a00000| Untracked |  0
| 138|0x0000000088a00000, 0x0000000088b00000, 0x0000000088b00000|100%| O|  |TAMS 0x0000000088b00000| PB 0x0000000088b00000| Untracked |  0
| 139|0x0000000088b00000, 0x0000000088c00000, 0x0000000088c00000|100%| O|  |TAMS 0x0000000088c00000| PB 0x0000000088c00000| Untracked |  0
| 140|0x0000000088c00000, 0x0000000088d00000, 0x0000000088d00000|100%| O|  |TAMS 0x0000000088d00000| PB 0x0000000088d00000| Untracked |  0
| 141|0x0000000088d00000, 0x0000000088e00000, 0x0000000088e00000|100%| O|  |TAMS 0x0000000088e00000| PB 0x0000000088e00000| Untracked |  0
| 142|0x0000000088e00000, 0x0000000088f00000, 0x0000000088f00000|100%| O|  |TAMS 0x0000000088f00000| PB 0x0000000088f00000| Untracked |  0
| 143|0x0000000088f00000, 0x0000000089000000, 0x0000000089000000|100%| O|  |TAMS 0x0000000089000000| PB 0x0000000089000000| Untracked |  0
| 144|0x0000000089000000, 0x0000000089100000, 0x0000000089100000|100%| O|  |TAMS 0x0000000089100000| PB 0x0000000089100000| Untracked |  0
| 145|0x0000000089100000, 0x0000000089200000, 0x0000000089200000|100%| O|  |TAMS 0x0000000089200000| PB 0x0000000089200000| Untracked |  0
| 146|0x0000000089200000, 0x0000000089300000, 0x0000000089300000|100%| O|  |TAMS 0x0000000089300000| PB 0x0000000089300000| Untracked |  0
| 147|0x0000000089300000, 0x0000000089400000, 0x0000000089400000|100%| O|  |TAMS 0x0000000089400000| PB 0x0000000089400000| Untracked |  0
| 148|0x0000000089400000, 0x0000000089500000, 0x0000000089500000|100%| O|  |TAMS 0x0000000089500000| PB 0x0000000089500000| Untracked |  0
| 149|0x0000000089500000, 0x0000000089600000, 0x0000000089600000|100%| O|  |TAMS 0x0000000089600000| PB 0x0000000089600000| Untracked |  0
| 150|0x0000000089600000, 0x0000000089700000, 0x0000000089700000|100%| O|  |TAMS 0x0000000089700000| PB 0x0000000089700000| Untracked |  0
| 151|0x0000000089700000, 0x0000000089800000, 0x0000000089800000|100%| O|  |TAMS 0x0000000089800000| PB 0x0000000089800000| Untracked |  0
| 152|0x0000000089800000, 0x0000000089900000, 0x0000000089900000|100%| O|  |TAMS 0x0000000089900000| PB 0x0000000089900000| Untracked |  0
| 153|0x0000000089900000, 0x0000000089a00000, 0x0000000089a00000|100%| O|  |TAMS 0x0000000089a00000| PB 0x0000000089a00000| Untracked |  0
| 154|0x0000000089a00000, 0x0000000089b00000, 0x0000000089b00000|100%| O|  |TAMS 0x0000000089b00000| PB 0x0000000089b00000| Untracked |  0
| 155|0x0000000089b00000, 0x0000000089c00000, 0x0000000089c00000|100%| O|  |TAMS 0x0000000089c00000| PB 0x0000000089c00000| Untracked |  0
| 156|0x0000000089c00000, 0x0000000089d00000, 0x0000000089d00000|100%| O|  |TAMS 0x0000000089d00000| PB 0x0000000089d00000| Untracked |  0
| 157|0x0000000089d00000, 0x0000000089e00000, 0x0000000089e00000|100%| O|  |TAMS 0x0000000089e00000| PB 0x0000000089e00000| Untracked |  0
| 158|0x0000000089e00000, 0x0000000089f00000, 0x0000000089f00000|100%| O|  |TAMS 0x0000000089f00000| PB 0x0000000089f00000| Untracked |  0
| 159|0x0000000089f00000, 0x000000008a000000, 0x000000008a000000|100%| O|  |TAMS 0x000000008a000000| PB 0x000000008a000000| Untracked |  0
| 160|0x000000008a000000, 0x000000008a100000, 0x000000008a100000|100%| O|  |TAMS 0x000000008a100000| PB 0x000000008a100000| Untracked |  0
| 161|0x000000008a100000, 0x000000008a200000, 0x000000008a200000|100%| O|  |TAMS 0x000000008a200000| PB 0x000000008a200000| Untracked |  0
| 162|0x000000008a200000, 0x000000008a300000, 0x000000008a300000|100%| O|  |TAMS 0x000000008a300000| PB 0x000000008a300000| Untracked |  0
| 163|0x000000008a300000, 0x000000008a400000, 0x000000008a400000|100%| O|  |TAMS 0x000000008a400000| PB 0x000000008a400000| Untracked |  0
| 164|0x000000008a400000, 0x000000008a500000, 0x000000008a500000|100%| O|  |TAMS 0x000000008a500000| PB 0x000000008a500000| Untracked |  0
| 165|0x000000008a500000, 0x000000008a600000, 0x000000008a600000|100%| O|  |TAMS 0x000000008a600000| PB 0x000000008a600000| Untracked |  0
| 166|0x000000008a600000, 0x000000008a700000, 0x000000008a700000|100%| O|  |TAMS 0x000000008a700000| PB 0x000000008a700000| Untracked |  0
| 167|0x000000008a700000, 0x000000008a800000, 0x000000008a800000|100%| O|  |TAMS 0x000000008a800000| PB 0x000000008a800000| Untracked |  0
| 168|0x000000008a800000, 0x000000008a900000, 0x000000008a900000|100%| O|  |TAMS 0x000000008a900000| PB 0x000000008a900000| Untracked |  0
| 169|0x000000008a900000, 0x000000008aa00000, 0x000000008aa00000|100%| O|  |TAMS 0x000000008aa00000| PB 0x000000008aa00000| Untracked |  0
| 170|0x000000008aa00000, 0x000000008ab00000, 0x000000008ab00000|100%| O|  |TAMS 0x000000008aa00000| PB 0x000000008aa00000| Untracked |  0
| 171|0x000000008ab00000, 0x000000008ac00000, 0x000000008ac00000|100%| O|  |TAMS 0x000000008ab00000| PB 0x000000008ab00000| Untracked |  0
| 172|0x000000008ac00000, 0x000000008ad00000, 0x000000008ad00000|100%| O|  |TAMS 0x000000008ac00000| PB 0x000000008ac00000| Untracked |  0
| 173|0x000000008ad00000, 0x000000008ae00000, 0x000000008ae00000|100%| O|  |TAMS 0x000000008ae00000| PB 0x000000008ae00000| Untracked |  0
| 174|0x000000008ae00000, 0x000000008af00000, 0x000000008af00000|100%| O|  |TAMS 0x000000008af00000| PB 0x000000008af00000| Untracked |  0
| 175|0x000000008af00000, 0x000000008b000000, 0x000000008b000000|100%| O|  |TAMS 0x000000008b000000| PB 0x000000008b000000| Untracked |  0
| 176|0x000000008b000000, 0x000000008b100000, 0x000000008b100000|100%| O|  |TAMS 0x000000008b100000| PB 0x000000008b100000| Untracked |  0
| 177|0x000000008b100000, 0x000000008b200000, 0x000000008b200000|100%| O|  |TAMS 0x000000008b200000| PB 0x000000008b200000| Untracked |  0
| 178|0x000000008b200000, 0x000000008b300000, 0x000000008b300000|100%| O|  |TAMS 0x000000008b300000| PB 0x000000008b300000| Untracked |  0
| 179|0x000000008b300000, 0x000000008b400000, 0x000000008b400000|100%| O|  |TAMS 0x000000008b400000| PB 0x000000008b400000| Untracked |  0
| 180|0x000000008b400000, 0x000000008b500000, 0x000000008b500000|100%| O|  |TAMS 0x000000008b500000| PB 0x000000008b500000| Untracked |  0
| 181|0x000000008b500000, 0x000000008b600000, 0x000000008b600000|100%| O|  |TAMS 0x000000008b600000| PB 0x000000008b600000| Untracked |  0
| 182|0x000000008b600000, 0x000000008b700000, 0x000000008b700000|100%| O|  |TAMS 0x000000008b700000| PB 0x000000008b700000| Untracked |  0
| 183|0x000000008b700000, 0x000000008b800000, 0x000000008b800000|100%| O|  |TAMS 0x000000008b800000| PB 0x000000008b800000| Untracked |  0
| 184|0x000000008b800000, 0x000000008b900000, 0x000000008b900000|100%| O|  |TAMS 0x000000008b900000| PB 0x000000008b900000| Untracked |  0
| 185|0x000000008b900000, 0x000000008ba00000, 0x000000008ba00000|100%| O|  |TAMS 0x000000008ba00000| PB 0x000000008ba00000| Untracked |  0
| 186|0x000000008ba00000, 0x000000008bb00000, 0x000000008bb00000|100%| O|  |TAMS 0x000000008bb00000| PB 0x000000008bb00000| Untracked |  0
| 187|0x000000008bb00000, 0x000000008bc00000, 0x000000008bc00000|100%| O|  |TAMS 0x000000008bc00000| PB 0x000000008bc00000| Untracked |  0
| 188|0x000000008bc00000, 0x000000008bd00000, 0x000000008bd00000|100%| O|  |TAMS 0x000000008bd00000| PB 0x000000008bd00000| Untracked |  0
| 189|0x000000008bd00000, 0x000000008be00000, 0x000000008be00000|100%| O|  |TAMS 0x000000008be00000| PB 0x000000008be00000| Untracked |  0
| 190|0x000000008be00000, 0x000000008bf00000, 0x000000008bf00000|100%| O|  |TAMS 0x000000008bf00000| PB 0x000000008bf00000| Untracked |  0
| 191|0x000000008bf00000, 0x000000008c000000, 0x000000008c000000|100%| O|  |TAMS 0x000000008c000000| PB 0x000000008c000000| Untracked |  0
| 192|0x000000008c000000, 0x000000008c100000, 0x000000008c100000|100%| O|  |TAMS 0x000000008c100000| PB 0x000000008c100000| Untracked |  0
| 193|0x000000008c100000, 0x000000008c200000, 0x000000008c200000|100%| O|  |TAMS 0x000000008c200000| PB 0x000000008c200000| Untracked |  0
| 194|0x000000008c200000, 0x000000008c300000, 0x000000008c300000|100%| O|  |TAMS 0x000000008c300000| PB 0x000000008c300000| Untracked |  0
| 195|0x000000008c300000, 0x000000008c400000, 0x000000008c400000|100%| O|  |TAMS 0x000000008c400000| PB 0x000000008c400000| Untracked |  0
| 196|0x000000008c400000, 0x000000008c500000, 0x000000008c500000|100%| O|  |TAMS 0x000000008c500000| PB 0x000000008c500000| Untracked |  0
| 197|0x000000008c500000, 0x000000008c600000, 0x000000008c600000|100%| O|  |TAMS 0x000000008c600000| PB 0x000000008c600000| Untracked |  0
| 198|0x000000008c600000, 0x000000008c700000, 0x000000008c700000|100%| O|  |TAMS 0x000000008c700000| PB 0x000000008c700000| Untracked |  0
| 199|0x000000008c700000, 0x000000008c800000, 0x000000008c800000|100%| O|  |TAMS 0x000000008c800000| PB 0x000000008c800000| Untracked |  0
| 200|0x000000008c800000, 0x000000008c900000, 0x000000008c900000|100%| O|  |TAMS 0x000000008c900000| PB 0x000000008c900000| Untracked |  0
| 201|0x000000008c900000, 0x000000008ca00000, 0x000000008ca00000|100%| O|  |TAMS 0x000000008ca00000| PB 0x000000008ca00000| Untracked |  0
| 202|0x000000008ca00000, 0x000000008cb00000, 0x000000008cb00000|100%| O|  |TAMS 0x000000008cb00000| PB 0x000000008cb00000| Untracked |  0
| 203|0x000000008cb00000, 0x000000008cc00000, 0x000000008cc00000|100%| O|  |TAMS 0x000000008cc00000| PB 0x000000008cc00000| Untracked |  0
| 204|0x000000008cc00000, 0x000000008cd00000, 0x000000008cd00000|100%| O|  |TAMS 0x000000008cd00000| PB 0x000000008cd00000| Untracked |  0
| 205|0x000000008cd00000, 0x000000008ce00000, 0x000000008ce00000|100%| O|  |TAMS 0x000000008ce00000| PB 0x000000008ce00000| Untracked |  0
| 206|0x000000008ce00000, 0x000000008cf00000, 0x000000008cf00000|100%| O|  |TAMS 0x000000008cf00000| PB 0x000000008cf00000| Untracked |  0
| 207|0x000000008cf00000, 0x000000008d000000, 0x000000008d000000|100%| O|Cm|TAMS 0x000000008d000000| PB 0x000000008d000000| Updating |  0
| 208|0x000000008d000000, 0x000000008d100000, 0x000000008d100000|100%| O|  |TAMS 0x000000008d100000| PB 0x000000008d100000| Untracked |  0
| 209|0x000000008d100000, 0x000000008d200000, 0x000000008d200000|100%| O|  |TAMS 0x000000008d200000| PB 0x000000008d200000| Untracked |  0
| 210|0x000000008d200000, 0x000000008d300000, 0x000000008d300000|100%| O|Cm|TAMS 0x000000008d300000| PB 0x000000008d300000| Updating |  0
| 211|0x000000008d300000, 0x000000008d400000, 0x000000008d400000|100%| O|Cm|TAMS 0x000000008d400000| PB 0x000000008d400000| Updating |  0
| 212|0x000000008d400000, 0x000000008d500000, 0x000000008d500000|100%| O|  |TAMS 0x000000008d500000| PB 0x000000008d500000| Untracked |  0
| 213|0x000000008d500000, 0x000000008d600000, 0x000000008d600000|100%| O|  |TAMS 0x000000008d600000| PB 0x000000008d600000| Untracked |  0
| 214|0x000000008d600000, 0x000000008d700000, 0x000000008d700000|100%| O|  |TAMS 0x000000008d700000| PB 0x000000008d700000| Untracked |  0
| 215|0x000000008d700000, 0x000000008d800000, 0x000000008d800000|100%| O|  |TAMS 0x000000008d800000| PB 0x000000008d800000| Untracked |  0
| 216|0x000000008d800000, 0x000000008d900000, 0x000000008d900000|100%| O|  |TAMS 0x000000008d900000| PB 0x000000008d900000| Untracked |  0
| 217|0x000000008d900000, 0x000000008da00000, 0x000000008da00000|100%| O|  |TAMS 0x000000008da00000| PB 0x000000008da00000| Untracked |  0
| 218|0x000000008da00000, 0x000000008db00000, 0x000000008db00000|100%| O|  |TAMS 0x000000008db00000| PB 0x000000008db00000| Untracked |  0
| 219|0x000000008db00000, 0x000000008dc00000, 0x000000008dc00000|100%| O|  |TAMS 0x000000008dc00000| PB 0x000000008dc00000| Untracked |  0
| 220|0x000000008dc00000, 0x000000008dd00000, 0x000000008dd00000|100%| O|  |TAMS 0x000000008dd00000| PB 0x000000008dd00000| Untracked |  0
| 221|0x000000008dd00000, 0x000000008de00000, 0x000000008de00000|100%| O|  |TAMS 0x000000008de00000| PB 0x000000008de00000| Untracked |  0
| 222|0x000000008de00000, 0x000000008df00000, 0x000000008df00000|100%| O|  |TAMS 0x000000008df00000| PB 0x000000008df00000| Untracked |  0
| 223|0x000000008df00000, 0x000000008e000000, 0x000000008e000000|100%| O|  |TAMS 0x000000008e000000| PB 0x000000008e000000| Untracked |  0
| 224|0x000000008e000000, 0x000000008e100000, 0x000000008e100000|100%| O|  |TAMS 0x000000008e100000| PB 0x000000008e100000| Untracked |  0
| 225|0x000000008e100000, 0x000000008e200000, 0x000000008e200000|100%| O|  |TAMS 0x000000008e200000| PB 0x000000008e200000| Untracked |  0
| 226|0x000000008e200000, 0x000000008e300000, 0x000000008e300000|100%| O|  |TAMS 0x000000008e300000| PB 0x000000008e300000| Untracked |  0
| 227|0x000000008e300000, 0x000000008e400000, 0x000000008e400000|100%| O|  |TAMS 0x000000008e400000| PB 0x000000008e400000| Untracked |  0
| 228|0x000000008e400000, 0x000000008e500000, 0x000000008e500000|100%| O|  |TAMS 0x000000008e500000| PB 0x000000008e500000| Untracked |  0
| 229|0x000000008e500000, 0x000000008e600000, 0x000000008e600000|100%| O|  |TAMS 0x000000008e600000| PB 0x000000008e600000| Untracked |  0
| 230|0x000000008e600000, 0x000000008e700000, 0x000000008e700000|100%| O|  |TAMS 0x000000008e700000| PB 0x000000008e700000| Untracked |  0
| 231|0x000000008e700000, 0x000000008e800000, 0x000000008e800000|100%| O|  |TAMS 0x000000008e800000| PB 0x000000008e800000| Untracked |  0
| 232|0x000000008e800000, 0x000000008e900000, 0x000000008e900000|100%| O|  |TAMS 0x000000008e900000| PB 0x000000008e900000| Untracked |  0
| 233|0x000000008e900000, 0x000000008ea00000, 0x000000008ea00000|100%| O|  |TAMS 0x000000008ea00000| PB 0x000000008ea00000| Untracked |  0
| 234|0x000000008ea00000, 0x000000008eb00000, 0x000000008eb00000|100%| O|  |TAMS 0x000000008eb00000| PB 0x000000008eb00000| Untracked |  0
| 235|0x000000008eb00000, 0x000000008ec00000, 0x000000008ec00000|100%| O|  |TAMS 0x000000008ec00000| PB 0x000000008ec00000| Untracked |  0
| 236|0x000000008ec00000, 0x000000008ed00000, 0x000000008ed00000|100%| O|Cm|TAMS 0x000000008ed00000| PB 0x000000008ed00000| Updating |  0
| 237|0x000000008ed00000, 0x000000008ee00000, 0x000000008ee00000|100%| O|Cm|TAMS 0x000000008ee00000| PB 0x000000008ee00000| Updating |  0
| 238|0x000000008ee00000, 0x000000008ef00000, 0x000000008ef00000|100%| O|  |TAMS 0x000000008ef00000| PB 0x000000008ef00000| Untracked |  0
| 239|0x000000008ef00000, 0x000000008f000000, 0x000000008f000000|100%| O|  |TAMS 0x000000008f000000| PB 0x000000008f000000| Untracked |  0
| 240|0x000000008f000000, 0x000000008f100000, 0x000000008f100000|100%| O|  |TAMS 0x000000008f100000| PB 0x000000008f100000| Untracked |  0
| 241|0x000000008f100000, 0x000000008f200000, 0x000000008f200000|100%| O|  |TAMS 0x000000008f200000| PB 0x000000008f200000| Untracked |  0
| 242|0x000000008f200000, 0x000000008f300000, 0x000000008f300000|100%| O|  |TAMS 0x000000008f300000| PB 0x000000008f300000| Untracked |  0
| 243|0x000000008f300000, 0x000000008f400000, 0x000000008f400000|100%| O|  |TAMS 0x000000008f400000| PB 0x000000008f400000| Untracked |  0
| 244|0x000000008f400000, 0x000000008f500000, 0x000000008f500000|100%| O|  |TAMS 0x000000008f500000| PB 0x000000008f500000| Untracked |  0
| 245|0x000000008f500000, 0x000000008f600000, 0x000000008f600000|100%| O|  |TAMS 0x000000008f600000| PB 0x000000008f600000| Untracked |  0
| 246|0x000000008f600000, 0x000000008f700000, 0x000000008f700000|100%| O|  |TAMS 0x000000008f700000| PB 0x000000008f700000| Untracked |  0
| 247|0x000000008f700000, 0x000000008f800000, 0x000000008f800000|100%| O|  |TAMS 0x000000008f800000| PB 0x000000008f800000| Untracked |  0
| 248|0x000000008f800000, 0x000000008f900000, 0x000000008f900000|100%| O|  |TAMS 0x000000008f900000| PB 0x000000008f900000| Untracked |  0
| 249|0x000000008f900000, 0x000000008fa00000, 0x000000008fa00000|100%| O|  |TAMS 0x000000008fa00000| PB 0x000000008fa00000| Untracked |  0
| 250|0x000000008fa00000, 0x000000008fb00000, 0x000000008fb00000|100%| O|  |TAMS 0x000000008fb00000| PB 0x000000008fb00000| Untracked |  0
| 251|0x000000008fb00000, 0x000000008fc00000, 0x000000008fc00000|100%| O|  |TAMS 0x000000008fc00000| PB 0x000000008fc00000| Untracked |  0
| 252|0x000000008fc00000, 0x000000008fd00000, 0x000000008fd00000|100%| O|  |TAMS 0x000000008fd00000| PB 0x000000008fd00000| Untracked |  0
| 253|0x000000008fd00000, 0x000000008fe00000, 0x000000008fe00000|100%| O|  |TAMS 0x000000008fe00000| PB 0x000000008fe00000| Untracked |  0
| 254|0x000000008fe00000, 0x000000008ff00000, 0x000000008ff00000|100%| O|  |TAMS 0x000000008ff00000| PB 0x000000008ff00000| Untracked |  0
| 255|0x000000008ff00000, 0x0000000090000000, 0x0000000090000000|100%| O|  |TAMS 0x0000000090000000| PB 0x0000000090000000| Untracked |  0
| 256|0x0000000090000000, 0x0000000090100000, 0x0000000090100000|100%| O|  |TAMS 0x0000000090100000| PB 0x0000000090100000| Untracked |  0
| 257|0x0000000090100000, 0x0000000090200000, 0x0000000090200000|100%| O|  |TAMS 0x0000000090200000| PB 0x0000000090200000| Untracked |  0
| 258|0x0000000090200000, 0x0000000090300000, 0x0000000090300000|100%| O|Cm|TAMS 0x0000000090300000| PB 0x0000000090300000| Updating |  0
| 259|0x0000000090300000, 0x0000000090400000, 0x0000000090400000|100%| O|Cm|TAMS 0x0000000090400000| PB 0x0000000090400000| Updating |  0
| 260|0x0000000090400000, 0x0000000090500000, 0x0000000090500000|100%| O|  |TAMS 0x0000000090400000| PB 0x0000000090400000| Untracked |  0
| 261|0x0000000090500000, 0x0000000090600000, 0x0000000090600000|100%| O|  |TAMS 0x0000000090500000| PB 0x0000000090500000| Untracked |  0
| 262|0x0000000090600000, 0x0000000090700000, 0x0000000090700000|100%| O|  |TAMS 0x0000000090600000| PB 0x0000000090600000| Untracked |  0
| 263|0x0000000090700000, 0x0000000090800000, 0x0000000090800000|100%| O|  |TAMS 0x0000000090700000| PB 0x0000000090700000| Untracked |  0
| 264|0x0000000090800000, 0x0000000090900000, 0x0000000090900000|100%| O|  |TAMS 0x0000000090800000| PB 0x0000000090800000| Untracked |  0
| 265|0x0000000090900000, 0x0000000090a00000, 0x0000000090a00000|100%| O|  |TAMS 0x0000000090900000| PB 0x0000000090900000| Untracked |  0
| 266|0x0000000090a00000, 0x0000000090b00000, 0x0000000090b00000|100%| O|  |TAMS 0x0000000090a00000| PB 0x0000000090a00000| Untracked |  0
| 267|0x0000000090b00000, 0x0000000090c00000, 0x0000000090c00000|100%| O|  |TAMS 0x0000000090b00000| PB 0x0000000090b00000| Untracked |  0
| 268|0x0000000090c00000, 0x0000000090d00000, 0x0000000090d00000|100%| O|  |TAMS 0x0000000090c00000| PB 0x0000000090c00000| Untracked |  0
| 269|0x0000000090d00000, 0x0000000090e00000, 0x0000000090e00000|100%| O|  |TAMS 0x0000000090d00000| PB 0x0000000090d00000| Untracked |  0
| 270|0x0000000090e00000, 0x0000000090f00000, 0x0000000090f00000|100%| O|  |TAMS 0x0000000090e00000| PB 0x0000000090e00000| Untracked |  0
| 271|0x0000000090f00000, 0x0000000090fda850, 0x0000000091000000| 85%| O|  |TAMS 0x0000000090f00000| PB 0x0000000090f00000| Untracked |  0
| 272|0x0000000091000000, 0x0000000091000000, 0x0000000091100000|  0%| F|  |TAMS 0x0000000091000000| PB 0x0000000091000000| Untracked |  0
| 273|0x0000000091100000, 0x0000000091100000, 0x0000000091200000|  0%| F|  |TAMS 0x0000000091100000| PB 0x0000000091100000| Untracked |  0
| 274|0x0000000091200000, 0x0000000091200000, 0x0000000091300000|  0%| F|  |TAMS 0x0000000091200000| PB 0x0000000091200000| Untracked |  0
| 275|0x0000000091300000, 0x0000000091300000, 0x0000000091400000|  0%| F|  |TAMS 0x0000000091300000| PB 0x0000000091300000| Untracked |  0
| 276|0x0000000091400000, 0x0000000091400000, 0x0000000091500000|  0%| F|  |TAMS 0x0000000091400000| PB 0x0000000091400000| Untracked |  0
| 277|0x0000000091500000, 0x0000000091500000, 0x0000000091600000|  0%| F|  |TAMS 0x0000000091500000| PB 0x0000000091500000| Untracked |  0
| 278|0x0000000091600000, 0x0000000091600000, 0x0000000091700000|  0%| F|  |TAMS 0x0000000091600000| PB 0x0000000091600000| Untracked |  0
| 279|0x0000000091700000, 0x0000000091700000, 0x0000000091800000|  0%| F|  |TAMS 0x0000000091700000| PB 0x0000000091700000| Untracked |  0
| 280|0x0000000091800000, 0x0000000091800000, 0x0000000091900000|  0%| F|  |TAMS 0x0000000091800000| PB 0x0000000091800000| Untracked |  0
| 281|0x0000000091900000, 0x0000000091900000, 0x0000000091a00000|  0%| F|  |TAMS 0x0000000091900000| PB 0x0000000091900000| Untracked |  0
| 282|0x0000000091a00000, 0x0000000091a00000, 0x0000000091b00000|  0%| F|  |TAMS 0x0000000091a00000| PB 0x0000000091a00000| Untracked |  0
| 283|0x0000000091b00000, 0x0000000091b00000, 0x0000000091c00000|  0%| F|  |TAMS 0x0000000091b00000| PB 0x0000000091b00000| Untracked |  0
| 284|0x0000000091c00000, 0x0000000091c00000, 0x0000000091d00000|  0%| F|  |TAMS 0x0000000091c00000| PB 0x0000000091c00000| Untracked |  0
| 285|0x0000000091d00000, 0x0000000091d00000, 0x0000000091e00000|  0%| F|  |TAMS 0x0000000091d00000| PB 0x0000000091d00000| Untracked |  0
| 286|0x0000000091e00000, 0x0000000091e00000, 0x0000000091f00000|  0%| F|  |TAMS 0x0000000091e00000| PB 0x0000000091e00000| Untracked |  0
| 287|0x0000000091f00000, 0x0000000091f00000, 0x0000000092000000|  0%| F|  |TAMS 0x0000000091f00000| PB 0x0000000091f00000| Untracked |  0
| 288|0x0000000092000000, 0x0000000092000000, 0x0000000092100000|  0%| F|  |TAMS 0x0000000092000000| PB 0x0000000092000000| Untracked |  0
| 289|0x0000000092100000, 0x0000000092100000, 0x0000000092200000|  0%| F|  |TAMS 0x0000000092100000| PB 0x0000000092100000| Untracked |  0
| 290|0x0000000092200000, 0x0000000092200000, 0x0000000092300000|  0%| F|  |TAMS 0x0000000092200000| PB 0x0000000092200000| Untracked |  0
| 291|0x0000000092300000, 0x0000000092300000, 0x0000000092400000|  0%| F|  |TAMS 0x0000000092300000| PB 0x0000000092300000| Untracked |  0
| 292|0x0000000092400000, 0x0000000092400000, 0x0000000092500000|  0%| F|  |TAMS 0x0000000092400000| PB 0x0000000092400000| Untracked |  0
| 293|0x0000000092500000, 0x0000000092500000, 0x0000000092600000|  0%| F|  |TAMS 0x0000000092500000| PB 0x0000000092500000| Untracked |  0
| 294|0x0000000092600000, 0x0000000092600000, 0x0000000092700000|  0%| F|  |TAMS 0x0000000092600000| PB 0x0000000092600000| Untracked |  0
| 295|0x0000000092700000, 0x0000000092700000, 0x0000000092800000|  0%| F|  |TAMS 0x0000000092700000| PB 0x0000000092700000| Untracked |  0
| 296|0x0000000092800000, 0x0000000092900000, 0x0000000092900000|100%| S|CS|TAMS 0x0000000092800000| PB 0x0000000092800000| Complete |  0
| 297|0x0000000092900000, 0x0000000092a00000, 0x0000000092a00000|100%| S|CS|TAMS 0x0000000092900000| PB 0x0000000092900000| Complete |  0
| 298|0x0000000092a00000, 0x0000000092b00000, 0x0000000092b00000|100%| S|CS|TAMS 0x0000000092a00000| PB 0x0000000092a00000| Complete |  0
| 299|0x0000000092b00000, 0x0000000092c00000, 0x0000000092c00000|100%| S|CS|TAMS 0x0000000092b00000| PB 0x0000000092b00000| Complete |  0
| 300|0x0000000092c00000, 0x0000000092d00000, 0x0000000092d00000|100%| S|CS|TAMS 0x0000000092c00000| PB 0x0000000092c00000| Complete |  0
| 301|0x0000000092d00000, 0x0000000092e00000, 0x0000000092e00000|100%| S|CS|TAMS 0x0000000092d00000| PB 0x0000000092d00000| Complete |  0
| 302|0x0000000092e00000, 0x0000000092f00000, 0x0000000092f00000|100%| S|CS|TAMS 0x0000000092e00000| PB 0x0000000092e00000| Complete |  0
| 303|0x0000000092f00000, 0x0000000092f00000, 0x0000000093000000|  0%| F|  |TAMS 0x0000000092f00000| PB 0x0000000092f00000| Untracked |  0
| 304|0x0000000093000000, 0x0000000093000000, 0x0000000093100000|  0%| F|  |TAMS 0x0000000093000000| PB 0x0000000093000000| Untracked |  0
| 305|0x0000000093100000, 0x0000000093100000, 0x0000000093200000|  0%| F|  |TAMS 0x0000000093100000| PB 0x0000000093100000| Untracked |  0
| 306|0x0000000093200000, 0x0000000093200000, 0x0000000093300000|  0%| F|  |TAMS 0x0000000093200000| PB 0x0000000093200000| Untracked |  0
| 307|0x0000000093300000, 0x0000000093300000, 0x0000000093400000|  0%| F|  |TAMS 0x0000000093300000| PB 0x0000000093300000| Untracked |  0
| 308|0x0000000093400000, 0x0000000093400000, 0x0000000093500000|  0%| F|  |TAMS 0x0000000093400000| PB 0x0000000093400000| Untracked |  0
| 309|0x0000000093500000, 0x0000000093500000, 0x0000000093600000|  0%| F|  |TAMS 0x0000000093500000| PB 0x0000000093500000| Untracked |  0
| 310|0x0000000093600000, 0x0000000093600000, 0x0000000093700000|  0%| F|  |TAMS 0x0000000093600000| PB 0x0000000093600000| Untracked |  0
| 311|0x0000000093700000, 0x0000000093700000, 0x0000000093800000|  0%| F|  |TAMS 0x0000000093700000| PB 0x0000000093700000| Untracked |  0
| 312|0x0000000093800000, 0x0000000093800000, 0x0000000093900000|  0%| F|  |TAMS 0x0000000093800000| PB 0x0000000093800000| Untracked |  0
| 313|0x0000000093900000, 0x0000000093900000, 0x0000000093a00000|  0%| F|  |TAMS 0x0000000093900000| PB 0x0000000093900000| Untracked |  0
| 314|0x0000000093a00000, 0x0000000093b00000, 0x0000000093b00000|100%| S|CS|TAMS 0x0000000093a00000| PB 0x0000000093a00000| Complete |  0
| 315|0x0000000093b00000, 0x0000000093c00000, 0x0000000093c00000|100%| S|CS|TAMS 0x0000000093b00000| PB 0x0000000093b00000| Complete |  0
| 316|0x0000000093c00000, 0x0000000093d00000, 0x0000000093d00000|100%| S|CS|TAMS 0x0000000093c00000| PB 0x0000000093c00000| Complete |  0
| 317|0x0000000093d00000, 0x0000000093e00000, 0x0000000093e00000|100%| S|CS|TAMS 0x0000000093d00000| PB 0x0000000093d00000| Complete |  0
| 318|0x0000000093e00000, 0x0000000093f00000, 0x0000000093f00000|100%| S|CS|TAMS 0x0000000093e00000| PB 0x0000000093e00000| Complete |  0
| 319|0x0000000093f00000, 0x0000000094000000, 0x0000000094000000|100%| S|CS|TAMS 0x0000000093f00000| PB 0x0000000093f00000| Complete |  0
| 320|0x0000000094000000, 0x0000000094100000, 0x0000000094100000|100%| S|CS|TAMS 0x0000000094000000| PB 0x0000000094000000| Complete |  0
| 321|0x0000000094100000, 0x0000000094200000, 0x0000000094200000|100%| S|CS|TAMS 0x0000000094100000| PB 0x0000000094100000| Complete |  0
| 322|0x0000000094200000, 0x0000000094200000, 0x0000000094300000|  0%| F|  |TAMS 0x0000000094200000| PB 0x0000000094200000| Untracked |  0
| 323|0x0000000094300000, 0x0000000094300000, 0x0000000094400000|  0%| F|  |TAMS 0x0000000094300000| PB 0x0000000094300000| Untracked |  0
| 324|0x0000000094400000, 0x0000000094400000, 0x0000000094500000|  0%| F|  |TAMS 0x0000000094400000| PB 0x0000000094400000| Untracked |  0
| 325|0x0000000094500000, 0x0000000094500000, 0x0000000094600000|  0%| F|  |TAMS 0x0000000094500000| PB 0x0000000094500000| Untracked |  0
| 326|0x0000000094600000, 0x0000000094600000, 0x0000000094700000|  0%| F|  |TAMS 0x0000000094600000| PB 0x0000000094600000| Untracked |  0
| 327|0x0000000094700000, 0x0000000094700000, 0x0000000094800000|  0%| F|  |TAMS 0x0000000094700000| PB 0x0000000094700000| Untracked |  0
| 328|0x0000000094800000, 0x0000000094800000, 0x0000000094900000|  0%| F|  |TAMS 0x0000000094800000| PB 0x0000000094800000| Untracked |  0
| 329|0x0000000094900000, 0x0000000094900000, 0x0000000094a00000|  0%| F|  |TAMS 0x0000000094900000| PB 0x0000000094900000| Untracked |  0
| 330|0x0000000094a00000, 0x0000000094a00000, 0x0000000094b00000|  0%| F|  |TAMS 0x0000000094a00000| PB 0x0000000094a00000| Untracked |  0
| 331|0x0000000094b00000, 0x0000000094b00000, 0x0000000094c00000|  0%| F|  |TAMS 0x0000000094b00000| PB 0x0000000094b00000| Untracked |  0
| 332|0x0000000094c00000, 0x0000000094c00000, 0x0000000094d00000|  0%| F|  |TAMS 0x0000000094c00000| PB 0x0000000094c00000| Untracked |  0
| 333|0x0000000094d00000, 0x0000000094d00000, 0x0000000094e00000|  0%| F|  |TAMS 0x0000000094d00000| PB 0x0000000094d00000| Untracked |  0
| 334|0x0000000094e00000, 0x0000000094e00000, 0x0000000094f00000|  0%| F|  |TAMS 0x0000000094e00000| PB 0x0000000094e00000| Untracked |  0
| 335|0x0000000094f00000, 0x0000000094f00000, 0x0000000095000000|  0%| F|  |TAMS 0x0000000094f00000| PB 0x0000000094f00000| Untracked |  0
| 336|0x0000000095000000, 0x0000000095000000, 0x0000000095100000|  0%| F|  |TAMS 0x0000000095000000| PB 0x0000000095000000| Untracked |  0
| 337|0x0000000095100000, 0x0000000095100000, 0x0000000095200000|  0%| F|  |TAMS 0x0000000095100000| PB 0x0000000095100000| Untracked |  0
| 338|0x0000000095200000, 0x0000000095200000, 0x0000000095300000|  0%| F|  |TAMS 0x0000000095200000| PB 0x0000000095200000| Untracked |  0
| 339|0x0000000095300000, 0x0000000095300000, 0x0000000095400000|  0%| F|  |TAMS 0x0000000095300000| PB 0x0000000095300000| Untracked |  0
| 340|0x0000000095400000, 0x0000000095400000, 0x0000000095500000|  0%| F|  |TAMS 0x0000000095400000| PB 0x0000000095400000| Untracked |  0
| 341|0x0000000095500000, 0x0000000095500000, 0x0000000095600000|  0%| F|  |TAMS 0x0000000095500000| PB 0x0000000095500000| Untracked |  0
| 342|0x0000000095600000, 0x0000000095600000, 0x0000000095700000|  0%| F|  |TAMS 0x0000000095600000| PB 0x0000000095600000| Untracked |  0
| 343|0x0000000095700000, 0x0000000095700000, 0x0000000095800000|  0%| F|  |TAMS 0x0000000095700000| PB 0x0000000095700000| Untracked |  0
| 344|0x0000000095800000, 0x0000000095800000, 0x0000000095900000|  0%| F|  |TAMS 0x0000000095800000| PB 0x0000000095800000| Untracked |  0
| 345|0x0000000095900000, 0x0000000095900000, 0x0000000095a00000|  0%| F|  |TAMS 0x0000000095900000| PB 0x0000000095900000| Untracked |  0
| 346|0x0000000095a00000, 0x0000000095a00000, 0x0000000095b00000|  0%| F|  |TAMS 0x0000000095a00000| PB 0x0000000095a00000| Untracked |  0
| 347|0x0000000095b00000, 0x0000000095b00000, 0x0000000095c00000|  0%| F|  |TAMS 0x0000000095b00000| PB 0x0000000095b00000| Untracked |  0
| 348|0x0000000095c00000, 0x0000000095c00000, 0x0000000095d00000|  0%| F|  |TAMS 0x0000000095c00000| PB 0x0000000095c00000| Untracked |  0
| 349|0x0000000095d00000, 0x0000000095d00000, 0x0000000095e00000|  0%| F|  |TAMS 0x0000000095d00000| PB 0x0000000095d00000| Untracked |  0
| 350|0x0000000095e00000, 0x0000000095e00000, 0x0000000095f00000|  0%| F|  |TAMS 0x0000000095e00000| PB 0x0000000095e00000| Untracked |  0
| 351|0x0000000095f00000, 0x0000000095f00000, 0x0000000096000000|  0%| F|  |TAMS 0x0000000095f00000| PB 0x0000000095f00000| Untracked |  0
| 352|0x0000000096000000, 0x0000000096000000, 0x0000000096100000|  0%| F|  |TAMS 0x0000000096000000| PB 0x0000000096000000| Untracked |  0
| 353|0x0000000096100000, 0x0000000096100000, 0x0000000096200000|  0%| F|  |TAMS 0x0000000096100000| PB 0x0000000096100000| Untracked |  0
| 354|0x0000000096200000, 0x0000000096200000, 0x0000000096300000|  0%| F|  |TAMS 0x0000000096200000| PB 0x0000000096200000| Untracked |  0
| 355|0x0000000096300000, 0x0000000096300000, 0x0000000096400000|  0%| F|  |TAMS 0x0000000096300000| PB 0x0000000096300000| Untracked |  0
| 356|0x0000000096400000, 0x0000000096400000, 0x0000000096500000|  0%| F|  |TAMS 0x0000000096400000| PB 0x0000000096400000| Untracked |  0
| 357|0x0000000096500000, 0x0000000096500000, 0x0000000096600000|  0%| F|  |TAMS 0x0000000096500000| PB 0x0000000096500000| Untracked |  0
| 358|0x0000000096600000, 0x0000000096600000, 0x0000000096700000|  0%| F|  |TAMS 0x0000000096600000| PB 0x0000000096600000| Untracked |  0
| 359|0x0000000096700000, 0x0000000096700000, 0x0000000096800000|  0%| F|  |TAMS 0x0000000096700000| PB 0x0000000096700000| Untracked |  0
| 360|0x0000000096800000, 0x0000000096800000, 0x0000000096900000|  0%| F|  |TAMS 0x0000000096800000| PB 0x0000000096800000| Untracked |  0
| 361|0x0000000096900000, 0x0000000096900000, 0x0000000096a00000|  0%| F|  |TAMS 0x0000000096900000| PB 0x0000000096900000| Untracked |  0
| 362|0x0000000096a00000, 0x0000000096a00000, 0x0000000096b00000|  0%| F|  |TAMS 0x0000000096a00000| PB 0x0000000096a00000| Untracked |  0
| 363|0x0000000096b00000, 0x0000000096b00000, 0x0000000096c00000|  0%| F|  |TAMS 0x0000000096b00000| PB 0x0000000096b00000| Untracked |  0
| 364|0x0000000096c00000, 0x0000000096c00000, 0x0000000096d00000|  0%| F|  |TAMS 0x0000000096c00000| PB 0x0000000096c00000| Untracked |  0
| 365|0x0000000096d00000, 0x0000000096d00000, 0x0000000096e00000|  0%| F|  |TAMS 0x0000000096d00000| PB 0x0000000096d00000| Untracked |  0
| 366|0x0000000096e00000, 0x0000000096e00000, 0x0000000096f00000|  0%| F|  |TAMS 0x0000000096e00000| PB 0x0000000096e00000| Untracked |  0
| 367|0x0000000096f00000, 0x0000000096f00000, 0x0000000097000000|  0%| F|  |TAMS 0x0000000096f00000| PB 0x0000000096f00000| Untracked |  0
| 368|0x0000000097000000, 0x0000000097000000, 0x0000000097100000|  0%| F|  |TAMS 0x0000000097000000| PB 0x0000000097000000| Untracked |  0
| 369|0x0000000097100000, 0x0000000097100000, 0x0000000097200000|  0%| F|  |TAMS 0x0000000097100000| PB 0x0000000097100000| Untracked |  0
| 370|0x0000000097200000, 0x0000000097200000, 0x0000000097300000|  0%| F|  |TAMS 0x0000000097200000| PB 0x0000000097200000| Untracked |  0
| 371|0x0000000097300000, 0x0000000097300000, 0x0000000097400000|  0%| F|  |TAMS 0x0000000097300000| PB 0x0000000097300000| Untracked |  0
| 372|0x0000000097400000, 0x0000000097400000, 0x0000000097500000|  0%| F|  |TAMS 0x0000000097400000| PB 0x0000000097400000| Untracked |  0
| 373|0x0000000097500000, 0x0000000097500000, 0x0000000097600000|  0%| F|  |TAMS 0x0000000097500000| PB 0x0000000097500000| Untracked |  0
| 374|0x0000000097600000, 0x0000000097600000, 0x0000000097700000|  0%| F|  |TAMS 0x0000000097600000| PB 0x0000000097600000| Untracked |  0
| 375|0x0000000097700000, 0x0000000097700000, 0x0000000097800000|  0%| F|  |TAMS 0x0000000097700000| PB 0x0000000097700000| Untracked |  0
| 376|0x0000000097800000, 0x0000000097800000, 0x0000000097900000|  0%| F|  |TAMS 0x0000000097800000| PB 0x0000000097800000| Untracked |  0
| 377|0x0000000097900000, 0x0000000097900000, 0x0000000097a00000|  0%| F|  |TAMS 0x0000000097900000| PB 0x0000000097900000| Untracked |  0
| 378|0x0000000097a00000, 0x0000000097a00000, 0x0000000097b00000|  0%| F|  |TAMS 0x0000000097a00000| PB 0x0000000097a00000| Untracked |  0
| 379|0x0000000097b00000, 0x0000000097b00000, 0x0000000097c00000|  0%| F|  |TAMS 0x0000000097b00000| PB 0x0000000097b00000| Untracked |  0
| 380|0x0000000097c00000, 0x0000000097c00000, 0x0000000097d00000|  0%| F|  |TAMS 0x0000000097c00000| PB 0x0000000097c00000| Untracked |  0
| 381|0x0000000097d00000, 0x0000000097d00000, 0x0000000097e00000|  0%| F|  |TAMS 0x0000000097d00000| PB 0x0000000097d00000| Untracked |  0
| 382|0x0000000097e00000, 0x0000000097e00000, 0x0000000097f00000|  0%| F|  |TAMS 0x0000000097e00000| PB 0x0000000097e00000| Untracked |  0
| 383|0x0000000097f00000, 0x0000000097f00000, 0x0000000098000000|  0%| F|  |TAMS 0x0000000097f00000| PB 0x0000000097f00000| Untracked |  0
| 384|0x0000000098000000, 0x0000000098000000, 0x0000000098100000|  0%| F|  |TAMS 0x0000000098000000| PB 0x0000000098000000| Untracked |  0
| 385|0x0000000098100000, 0x0000000098100000, 0x0000000098200000|  0%| F|  |TAMS 0x0000000098100000| PB 0x0000000098100000| Untracked |  0
| 386|0x0000000098200000, 0x0000000098200000, 0x0000000098300000|  0%| F|  |TAMS 0x0000000098200000| PB 0x0000000098200000| Untracked |  0
| 387|0x0000000098300000, 0x0000000098300000, 0x0000000098400000|  0%| F|  |TAMS 0x0000000098300000| PB 0x0000000098300000| Untracked |  0
| 388|0x0000000098400000, 0x0000000098400000, 0x0000000098500000|  0%| F|  |TAMS 0x0000000098400000| PB 0x0000000098400000| Untracked |  0
| 389|0x0000000098500000, 0x0000000098500000, 0x0000000098600000|  0%| F|  |TAMS 0x0000000098500000| PB 0x0000000098500000| Untracked |  0
| 390|0x0000000098600000, 0x0000000098600000, 0x0000000098700000|  0%| F|  |TAMS 0x0000000098600000| PB 0x0000000098600000| Untracked |  0
| 391|0x0000000098700000, 0x0000000098700000, 0x0000000098800000|  0%| F|  |TAMS 0x0000000098700000| PB 0x0000000098700000| Untracked |  0
| 392|0x0000000098800000, 0x0000000098800000, 0x0000000098900000|  0%| F|  |TAMS 0x0000000098800000| PB 0x0000000098800000| Untracked |  0
| 393|0x0000000098900000, 0x0000000098900000, 0x0000000098a00000|  0%| F|  |TAMS 0x0000000098900000| PB 0x0000000098900000| Untracked |  0
| 394|0x0000000098a00000, 0x0000000098a00000, 0x0000000098b00000|  0%| F|  |TAMS 0x0000000098a00000| PB 0x0000000098a00000| Untracked |  0
| 395|0x0000000098b00000, 0x0000000098b00000, 0x0000000098c00000|  0%| F|  |TAMS 0x0000000098b00000| PB 0x0000000098b00000| Untracked |  0
| 396|0x0000000098c00000, 0x0000000098c00000, 0x0000000098d00000|  0%| F|  |TAMS 0x0000000098c00000| PB 0x0000000098c00000| Untracked |  0
| 397|0x0000000098d00000, 0x0000000098d00000, 0x0000000098e00000|  0%| F|  |TAMS 0x0000000098d00000| PB 0x0000000098d00000| Untracked |  0
| 398|0x0000000098e00000, 0x0000000098e00000, 0x0000000098f00000|  0%| F|  |TAMS 0x0000000098e00000| PB 0x0000000098e00000| Untracked |  0
| 399|0x0000000098f00000, 0x0000000098f00000, 0x0000000099000000|  0%| F|  |TAMS 0x0000000098f00000| PB 0x0000000098f00000| Untracked |  0
| 400|0x0000000099000000, 0x0000000099000000, 0x0000000099100000|  0%| F|  |TAMS 0x0000000099000000| PB 0x0000000099000000| Untracked |  0
| 401|0x0000000099100000, 0x0000000099100000, 0x0000000099200000|  0%| F|  |TAMS 0x0000000099100000| PB 0x0000000099100000| Untracked |  0
| 402|0x0000000099200000, 0x0000000099200000, 0x0000000099300000|  0%| F|  |TAMS 0x0000000099200000| PB 0x0000000099200000| Untracked |  0
| 403|0x0000000099300000, 0x0000000099300000, 0x0000000099400000|  0%| F|  |TAMS 0x0000000099300000| PB 0x0000000099300000| Untracked |  0
| 404|0x0000000099400000, 0x0000000099400000, 0x0000000099500000|  0%| F|  |TAMS 0x0000000099400000| PB 0x0000000099400000| Untracked |  0
| 405|0x0000000099500000, 0x0000000099500000, 0x0000000099600000|  0%| F|  |TAMS 0x0000000099500000| PB 0x0000000099500000| Untracked |  0
| 406|0x0000000099600000, 0x0000000099600000, 0x0000000099700000|  0%| F|  |TAMS 0x0000000099600000| PB 0x0000000099600000| Untracked |  0
| 407|0x0000000099700000, 0x0000000099700000, 0x0000000099800000|  0%| F|  |TAMS 0x0000000099700000| PB 0x0000000099700000| Untracked |  0
| 408|0x0000000099800000, 0x0000000099800000, 0x0000000099900000|  0%| F|  |TAMS 0x0000000099800000| PB 0x0000000099800000| Untracked |  0
| 409|0x0000000099900000, 0x0000000099900000, 0x0000000099a00000|  0%| F|  |TAMS 0x0000000099900000| PB 0x0000000099900000| Untracked |  0
| 410|0x0000000099a00000, 0x0000000099a00000, 0x0000000099b00000|  0%| F|  |TAMS 0x0000000099a00000| PB 0x0000000099a00000| Untracked |  0
|2024|0x00000000fe800000, 0x00000000fe900000, 0x00000000fe900000|100%| O|  |TAMS 0x00000000fe900000| PB 0x00000000fe900000| Untracked |  0
|2025|0x00000000fe900000, 0x00000000fe900000, 0x00000000fea00000|  0%| F|  |TAMS 0x00000000fe900000| PB 0x00000000fe900000| Untracked |  0
|2026|0x00000000fea00000, 0x00000000fea00000, 0x00000000feb00000|  0%| F|  |TAMS 0x00000000fea00000| PB 0x00000000fea00000| Untracked |  0
|2027|0x00000000feb00000, 0x00000000feb00000, 0x00000000fec00000|  0%| F|  |TAMS 0x00000000feb00000| PB 0x00000000feb00000| Untracked |  0
|2028|0x00000000fec00000, 0x00000000fec00000, 0x00000000fed00000|  0%| F|  |TAMS 0x00000000fec00000| PB 0x00000000fec00000| Untracked |  0
|2029|0x00000000fed00000, 0x00000000fed00000, 0x00000000fee00000|  0%| F|  |TAMS 0x00000000fed00000| PB 0x00000000fed00000| Untracked |  0
|2030|0x00000000fee00000, 0x00000000fee00000, 0x00000000fef00000|  0%| F|  |TAMS 0x00000000fee00000| PB 0x00000000fee00000| Untracked |  0
|2031|0x00000000fef00000, 0x00000000fef00000, 0x00000000ff000000|  0%| F|  |TAMS 0x00000000fef00000| PB 0x00000000fef00000| Untracked |  0
|2032|0x00000000ff000000, 0x00000000ff100000, 0x00000000ff100000|100%| E|  |TAMS 0x00000000ff000000| PB 0x00000000ff000000| Complete |  0
|2033|0x00000000ff100000, 0x00000000ff200000, 0x00000000ff200000|100%| E|CS|TAMS 0x00000000ff100000| PB 0x00000000ff100000| Complete |  0
|2034|0x00000000ff200000, 0x00000000ff300000, 0x00000000ff300000|100%| E|CS|TAMS 0x00000000ff200000| PB 0x00000000ff200000| Complete |  0
|2035|0x00000000ff300000, 0x00000000ff400000, 0x00000000ff400000|100%| E|CS|TAMS 0x00000000ff300000| PB 0x00000000ff300000| Complete |  0
|2036|0x00000000ff400000, 0x00000000ff500000, 0x00000000ff500000|100%| E|CS|TAMS 0x00000000ff400000| PB 0x00000000ff400000| Complete |  0
|2037|0x00000000ff500000, 0x00000000ff600000, 0x00000000ff600000|100%| E|CS|TAMS 0x00000000ff500000| PB 0x00000000ff500000| Complete |  0
|2038|0x00000000ff600000, 0x00000000ff700000, 0x00000000ff700000|100%| E|CS|TAMS 0x00000000ff600000| PB 0x00000000ff600000| Complete |  0
|2039|0x00000000ff700000, 0x00000000ff800000, 0x00000000ff800000|100%| O|  |TAMS 0x00000000ff800000| PB 0x00000000ff800000| Untracked |  0
|2040|0x00000000ff800000, 0x00000000ff900000, 0x00000000ff900000|100%| O|  |TAMS 0x00000000ff900000| PB 0x00000000ff900000| Untracked |  0
|2041|0x00000000ff900000, 0x00000000ffa00000, 0x00000000ffa00000|100%| O|  |TAMS 0x00000000ffa00000| PB 0x00000000ffa00000| Untracked |  0
|2042|0x00000000ffa00000, 0x00000000ffb00000, 0x00000000ffb00000|100%| O|  |TAMS 0x00000000ffb00000| PB 0x00000000ffb00000| Untracked |  0
|2043|0x00000000ffb00000, 0x00000000ffc00000, 0x00000000ffc00000|100%| O|  |TAMS 0x00000000ffc00000| PB 0x00000000ffc00000| Untracked |  0
|2044|0x00000000ffc00000, 0x00000000ffd00000, 0x00000000ffd00000|100%| O|  |TAMS 0x00000000ffd00000| PB 0x00000000ffd00000| Untracked |  0
|2045|0x00000000ffd00000, 0x00000000ffe00000, 0x00000000ffe00000|100%| O|  |TAMS 0x00000000ffe00000| PB 0x00000000ffe00000| Untracked |  0
|2046|0x00000000ffe00000, 0x00000000fff00000, 0x00000000fff00000|100%| O|  |TAMS 0x00000000fff00000| PB 0x00000000fff00000| Untracked |  0
|2047|0x00000000fff00000, 0x0000000100000000, 0x0000000100000000|100%| O|  |TAMS 0x0000000100000000| PB 0x0000000100000000| Untracked |  0

Card table byte_map: [0x0000021ad2f60000,0x0000021ad3360000] _byte_map_base: 0x0000021ad2b60000

Marking Bits: (CMBitMap*) 0x0000021ac006e4f0
 Bits: [0x0000021ad3360000, 0x0000021ad5360000)

Polling page: 0x0000021abde00000

Metaspace:
Metaspace        used 185475K, committed 187456K, reserved 1245184K
 class space     used 24921K, committed 25856K, reserved 1048576K

Usage:
  Non-class:    156.79 MB used.
      Class:     24.34 MB used.
       Both:    181.13 MB used.

Virtual space:
  Non-class space:      192.00 MB reserved,     157.81 MB ( 82%) committed,  3 nodes.
      Class space:        1.00 GB reserved,      25.25 MB (  2%) committed,  1 nodes.
             Both:        1.19 GB reserved,     183.06 MB ( 15%) committed. 

Chunk freelists:
   Non-Class:  1.72 MB
       Class:  6.58 MB
        Both:  8.30 MB

MaxMetaspaceSize: unlimited
CompressedClassSpaceSize: 1.00 GB
Initial GC threshold: 21.00 MB
Current GC threshold: 291.19 MB
CDS: off
 - commit_granule_bytes: 65536.
 - commit_granule_words: 8192.
 - virtual_space_node_default_size: 8388608.
 - enlarge_chunks_in_place: 1.
UseCompressedClassPointers 1, UseCompactObjectHeaders 0
Narrow klass pointer bits 32, Max shift 3
Narrow klass base: 0x0000000000000000, Narrow klass shift: 0
Encoding Range: [0x0000000000000000 - 0x0000000100000000), (4294967296 bytes)
Klass Range:    [0x0000000005000000 - 0x0000000045000000), (1073741824 bytes)
Klass ID Range:  [83886080 - 1157627897) (1073741817)
No protection zone.


Internal statistics:

num_allocs_failed_limit: 6.
num_arena_births: 3694.
num_arena_deaths: 2.
num_vsnodes_births: 4.
num_vsnodes_deaths: 0.
num_space_committed: 2933.
num_space_uncommitted: 5.
num_chunks_returned_to_freelist: 39.
num_chunks_taken_from_freelist: 10705.
num_chunk_merges: 14.
num_chunk_splits: 7712.
num_chunks_enlarged: 5716.
num_inconsistent_stats: 0.

CodeHeap 'non-profiled nmethods': size=120064Kb used=11066Kb max_used=11543Kb free=108997Kb
 bounds [0x0000021acafc0000, 0x0000021acbb10000, 0x0000021ad2500000]
CodeHeap 'profiled nmethods': size=120000Kb used=39091Kb max_used=41960Kb free=80908Kb
 bounds [0x0000021ac3500000, 0x0000021ac5e00000, 0x0000021acaa30000]
CodeHeap 'non-nmethods': size=5696Kb used=2274Kb max_used=2458Kb free=3421Kb
 bounds [0x0000021acaa30000, 0x0000021acaca0000, 0x0000021acafc0000]
CodeCache: size=245760Kb, used=52431Kb, max_used=55961Kb, free=193326Kb
 total_blobs=20668, nmethods=19543, adapters=1025, full_count=0
Compilation: enabled, stopped_count=0, restarted_count=0

Compilation events (20 events):
Event: 33.332 Thread 0x0000021ad7fee5c0 nmethod 23780 0x0000021acbb01088 code [0x0000021acbb01180, 0x0000021acbb01dc8]
Event: 33.332 Thread 0x0000021ad7fee5c0 23786       4       org.jetbrains.kotlin.fir.resolve.calls.ConeResolutionAtom$Companion::createRawAtom (305 bytes)
Event: 33.332 Thread 0x0000021add4ab9d0 nmethod 23783 0x0000021acbb01e88 code [0x0000021acbb01f80, 0x0000021acbb022b0]
Event: 33.332 Thread 0x0000021add4ab9d0 23784       4       org.jetbrains.kotlin.fir.types.ConeTypeContext::captureFromExpression (38 bytes)
Event: 33.333 Thread 0x0000021add4ab9d0 nmethod 23784 0x0000021acbb02308 code [0x0000021acbb02400, 0x0000021acbb024e8]
Event: 33.333 Thread 0x0000021add4ab9d0 23785       4       org.jetbrains.kotlin.resolve.calls.inference.ConstraintSystemBuilderKt::addSubtypeConstraintIfCompatible (35 bytes)
Event: 33.333 Thread 0x0000021add4ab9d0 nmethod 23785 0x0000021acbb02608 code [0x0000021acbb02700, 0x0000021acbb02850]
Event: 33.333 Thread 0x0000021add4ab9d0 23787       4       org.jetbrains.kotlin.fir.resolve.calls.candidate.CandidateCollector::newDataSet (36 bytes)
Event: 33.335 Thread 0x0000021add4ab9d0 nmethod 23787 0x0000021acbb02908 code [0x0000021acbb02a00, 0x0000021acbb02fc0]
Event: 33.340 Thread 0x0000021add4ab9d0 23788       4       java.util.PriorityQueue::clear (43 bytes)
Event: 33.341 Thread 0x0000021add4ab9d0 nmethod 23788 0x0000021acbb03008 code [0x0000021acbb03100, 0x0000021acbb031a0]
Event: 33.341 Thread 0x0000021add4ab9d0 23789       4       org.jetbrains.kotlin.fir.resolve.calls.ArgumentUtilsKt::prepareCapturedType (51 bytes)
Event: 33.351 Thread 0x0000021ad7ffc7c0 23793       3       org.jetbrains.kotlin.resolve.calls.inference.model.NewConstraintSystemImpl$$Lambda/0x00000000068f8518::<init> (10 bytes)
Event: 33.351 Thread 0x0000021ad7ffc7c0 nmethod 23793 0x0000021ac5df8f08 code [0x0000021ac5df9000, 0x0000021ac5df91b0]
Event: 33.351 Thread 0x0000021ad7ffc7c0 23794       3       org.jetbrains.kotlin.fir.types.ConeBuiltinTypeUtilsKt::isBoolean (21 bytes)
Event: 33.352 Thread 0x0000021ad7fee5c0 nmethod 23786 0x0000021acbb03308 code [0x0000021acbb03400, 0x0000021acbb05ef0]
Event: 33.352 Thread 0x0000021ad7ffc7c0 nmethod 23794 0x0000021ac5df9208 code [0x0000021ac5df9300, 0x0000021ac5df9a38]
Event: 33.352 Thread 0x0000021ad7fee5c0 23791       4       org.jetbrains.kotlin.fir.resolve.calls.candidate.Candidate$$Lambda/0x00000000068d2758::invoke (12 bytes)
Event: 33.352 Thread 0x0000021ad7ffc7c0 23795       3       org.jetbrains.kotlin.fir.expressions.impl.FirWhenExpressionImpl::setCalleeReference (12 bytes)
Event: 33.353 Thread 0x0000021ad7ffc7c0 nmethod 23795 0x0000021ac5df9a88 code [0x0000021ac5df9b80, 0x0000021ac5dfa1a0]

GC Heap Usage History (20 events):
Event: 21.910 {heap Before GC invocations=62 (full 0):
 garbage-first heap   total reserved 2097152K, committed 445440K, used 377412K [0x0000000080000000, 0x0000000100000000)
  region size 1024K, 261 young (267264K), 27 survivors (27648K)
}
Event: 21.920 {heap After GC invocations=63 (full 0):
 garbage-first heap   total reserved 2097152K, committed 445440K, used 133949K [0x0000000080000000, 0x0000000100000000)
  region size 1024K, 13 young (13312K), 13 survivors (13312K)
}
Event: 22.503 {heap Before GC invocations=63 (full 0):
 garbage-first heap   total reserved 2097152K, committed 445440K, used 386877K [0x0000000080000000, 0x0000000100000000)
  region size 1024K, 261 young (267264K), 13 survivors (13312K)
}
Event: 22.509 {heap After GC invocations=64 (full 0):
 garbage-first heap   total reserved 2097152K, committed 445440K, used 133021K [0x0000000080000000, 0x0000000100000000)
  region size 1024K, 14 young (14336K), 14 survivors (14336K)
}
Event: 23.098 {heap Before GC invocations=64 (full 0):
 garbage-first heap   total reserved 2097152K, committed 445440K, used 167837K [0x0000000080000000, 0x0000000100000000)
  region size 1024K, 49 young (50176K), 14 survivors (14336K)
}
Event: 23.114 {heap After GC invocations=65 (full 0):
 garbage-first heap   total reserved 2097152K, committed 445440K, used 136346K [0x0000000080000000, 0x0000000100000000)
  region size 1024K, 17 young (17408K), 17 survivors (17408K)
}
Event: 23.319 {heap Before GC invocations=65 (full 0):
 garbage-first heap   total reserved 2097152K, committed 445440K, used 143514K [0x0000000080000000, 0x0000000100000000)
  region size 1024K, 23 young (23552K), 17 survivors (17408K)
}
Event: 23.334 {heap After GC invocations=66 (full 0):
 garbage-first heap   total reserved 2097152K, committed 445440K, used 141598K [0x0000000080000000, 0x0000000100000000)
  region size 1024K, 19 young (19456K), 19 survivors (19456K)
}
Event: 27.583 {heap Before GC invocations=67 (full 0):
 garbage-first heap   total reserved 2097152K, committed 445440K, used 348446K [0x0000000080000000, 0x0000000100000000)
  region size 1024K, 220 young (225280K), 19 survivors (19456K)
}
Event: 27.602 {heap After GC invocations=68 (full 0):
 garbage-first heap   total reserved 2097152K, committed 445440K, used 169164K [0x0000000080000000, 0x0000000100000000)
  region size 1024K, 28 young (28672K), 28 survivors (28672K)
}
Event: 28.911 {heap Before GC invocations=68 (full 0):
 garbage-first heap   total reserved 2097152K, committed 445440K, used 355532K [0x0000000080000000, 0x0000000100000000)
  region size 1024K, 210 young (215040K), 28 survivors (28672K)
}
Event: 28.936 {heap After GC invocations=69 (full 0):
 garbage-first heap   total reserved 2097152K, committed 445440K, used 210944K [0x0000000080000000, 0x0000000100000000)
  region size 1024K, 27 young (27648K), 27 survivors (27648K)
}
Event: 29.166 {heap Before GC invocations=69 (full 0):
 garbage-first heap   total reserved 2097152K, committed 445440K, used 363520K [0x0000000080000000, 0x0000000100000000)
  region size 1024K, 176 young (180224K), 27 survivors (27648K)
}
Event: 29.182 {heap After GC invocations=70 (full 0):
 garbage-first heap   total reserved 2097152K, committed 445440K, used 249344K [0x0000000080000000, 0x0000000100000000)
  region size 1024K, 22 young (22528K), 22 survivors (22528K)
}
Event: 30.772 {heap Before GC invocations=71 (full 0):
 garbage-first heap   total reserved 2097152K, committed 445440K, used 374272K [0x0000000080000000, 0x0000000100000000)
  region size 1024K, 144 young (147456K), 22 survivors (22528K)
}
Event: 30.786 {heap After GC invocations=72 (full 0):
 garbage-first heap   total reserved 2097152K, committed 445440K, used 272384K [0x0000000080000000, 0x0000000100000000)
  region size 1024K, 18 young (18432K), 18 survivors (18432K)
}
Event: 32.153 {heap Before GC invocations=72 (full 0):
 garbage-first heap   total reserved 2097152K, committed 445440K, used 386048K [0x0000000080000000, 0x0000000100000000)
  region size 1024K, 129 young (132096K), 18 survivors (18432K)
}
Event: 32.167 {heap After GC invocations=73 (full 0):
 garbage-first heap   total reserved 2097152K, committed 445440K, used 287498K [0x0000000080000000, 0x0000000100000000)
  region size 1024K, 17 young (17408K), 17 survivors (17408K)
}
Event: 33.246 {heap Before GC invocations=73 (full 0):
 garbage-first heap   total reserved 2097152K, committed 445440K, used 392970K [0x0000000080000000, 0x0000000100000000)
  region size 1024K, 120 young (122880K), 17 survivors (17408K)
}
Event: 33.258 {heap After GC invocations=74 (full 0):
 garbage-first heap   total reserved 2097152K, committed 445440K, used 303978K [0x0000000080000000, 0x0000000100000000)
  region size 1024K, 15 young (15360K), 15 survivors (15360K)
}

Metaspace Usage History (20 events):
Event: 21.910 {metaspace Before GC invocations=62 (full 0):
 Metaspace       used 129671K, committed 131520K, reserved 1179648K
  class space    used 18014K, committed 18880K, reserved 1048576K
}
Event: 21.920 {metaspace After GC invocations=63 (full 0):
 Metaspace       used 129671K, committed 131520K, reserved 1179648K
  class space    used 18014K, committed 18880K, reserved 1048576K
}
Event: 22.503 {metaspace Before GC invocations=63 (full 0):
 Metaspace       used 132927K, committed 134848K, reserved 1179648K
  class space    used 18487K, committed 19392K, reserved 1048576K
}
Event: 22.509 {metaspace After GC invocations=64 (full 0):
 Metaspace       used 132927K, committed 134848K, reserved 1179648K
  class space    used 18487K, committed 19392K, reserved 1048576K
}
Event: 23.098 {metaspace Before GC invocations=64 (full 0):
 Metaspace       used 136207K, committed 138048K, reserved 1179648K
  class space    used 18884K, committed 19776K, reserved 1048576K
}
Event: 23.114 {metaspace After GC invocations=65 (full 0):
 Metaspace       used 136207K, committed 138048K, reserved 1179648K
  class space    used 18884K, committed 19776K, reserved 1048576K
}
Event: 23.319 {metaspace Before GC invocations=65 (full 0):
 Metaspace       used 137090K, committed 138944K, reserved 1179648K
  class space    used 18953K, committed 19840K, reserved 1048576K
}
Event: 23.334 {metaspace After GC invocations=66 (full 0):
 Metaspace       used 137090K, committed 138944K, reserved 1179648K
  class space    used 18953K, committed 19840K, reserved 1048576K
}
Event: 27.583 {metaspace Before GC invocations=67 (full 0):
 Metaspace       used 169854K, committed 171776K, reserved 1245184K
  class space    used 23322K, committed 24256K, reserved 1048576K
}
Event: 27.602 {metaspace After GC invocations=68 (full 0):
 Metaspace       used 169854K, committed 171776K, reserved 1245184K
  class space    used 23322K, committed 24256K, reserved 1048576K
}
Event: 28.911 {metaspace Before GC invocations=68 (full 0):
 Metaspace       used 177170K, committed 179136K, reserved 1245184K
  class space    used 24098K, committed 25024K, reserved 1048576K
}
Event: 28.936 {metaspace After GC invocations=69 (full 0):
 Metaspace       used 177170K, committed 179136K, reserved 1245184K
  class space    used 24098K, committed 25024K, reserved 1048576K
}
Event: 29.166 {metaspace Before GC invocations=69 (full 0):
 Metaspace       used 177178K, committed 179136K, reserved 1245184K
  class space    used 24099K, committed 25024K, reserved 1048576K
}
Event: 29.182 {metaspace After GC invocations=70 (full 0):
 Metaspace       used 177178K, committed 179136K, reserved 1245184K
  class space    used 24099K, committed 25024K, reserved 1048576K
}
Event: 30.772 {metaspace Before GC invocations=71 (full 0):
 Metaspace       used 183308K, committed 185216K, reserved 1245184K
  class space    used 24752K, committed 25664K, reserved 1048576K
}
Event: 30.786 {metaspace After GC invocations=72 (full 0):
 Metaspace       used 183308K, committed 185216K, reserved 1245184K
  class space    used 24752K, committed 25664K, reserved 1048576K
}
Event: 32.153 {metaspace Before GC invocations=72 (full 0):
 Metaspace       used 184908K, committed 186816K, reserved 1245184K
  class space    used 24883K, committed 25792K, reserved 1048576K
}
Event: 32.167 {metaspace After GC invocations=73 (full 0):
 Metaspace       used 184908K, committed 186816K, reserved 1245184K
  class space    used 24883K, committed 25792K, reserved 1048576K
}
Event: 33.246 {metaspace Before GC invocations=73 (full 0):
 Metaspace       used 185452K, committed 187456K, reserved 1245184K
  class space    used 24920K, committed 25856K, reserved 1048576K
}
Event: 33.258 {metaspace After GC invocations=74 (full 0):
 Metaspace       used 185452K, committed 187456K, reserved 1245184K
  class space    used 24920K, committed 25856K, reserved 1048576K
}

Dll operation events (4 events):
Event: 0.008 Loaded shared library C:\Program Files\Android\Android Studio\jbr\bin\java.dll
Event: 0.011 Loaded shared library C:\Program Files\Android\Android Studio\jbr\bin\zip.dll
Event: 0.508 Loaded shared library C:\Program Files\Android\Android Studio\jbr\bin\verify.dll
Event: 29.270 Unloaded dll "C:\Users\SIVA\AppData\Local\Temp\sqlite-3.41.2.2-708352fe-76d1-4552-8669-b1d198102cdd-sqlitejdbc.dll" [0x00007ff87bd60000]

Deoptimization events (20 events):
Event: 33.190 Thread 0x0000021ae223f250 DEOPT PACKING pc=0x0000021acb9b1a34 sp=0x00000032cc5f9810
Event: 33.190 Thread 0x0000021ae223f250 DEOPT UNPACKING pc=0x0000021acab48d02 sp=0x00000032cc5f97c0 mode 2
Event: 33.235 Thread 0x0000021ae223f250 DEOPT PACKING pc=0x0000021ac5cbf321 sp=0x00000032cc5f2ad0
Event: 33.235 Thread 0x0000021ae223f250 DEOPT UNPACKING pc=0x0000021acaa81702 sp=0x00000032cc5f1f38 mode 0
Event: 33.346 Thread 0x0000021ae223f250 Uncommon trap: trap_request=0xffffff5e fr.pc=0x0000021acbb021cc relative=0x000000000000024c
Event: 33.346 Thread 0x0000021ae223f250 Uncommon trap: reason=speculate_class_check action=maybe_recompile pc=0x0000021acbb021cc method=org.jetbrains.kotlin.fir.types.ConeTypeUtilsKt.lowerBoundIfFlexible(Lorg/jetbrains/kotlin/fir/types/ConeKotlinType;)Lorg/jetbrains/kotlin/fir/types/ConeRigidTy
Event: 33.346 Thread 0x0000021ae223f250 DEOPT PACKING pc=0x0000021acbb021cc sp=0x00000032cc5f4d90
Event: 33.346 Thread 0x0000021ae223f250 DEOPT UNPACKING pc=0x0000021acab48d02 sp=0x00000032cc5f4bf0 mode 2
Event: 33.346 Thread 0x0000021ae223f250 Uncommon trap: trap_request=0xffffff5e fr.pc=0x0000021acbb021cc relative=0x000000000000024c
Event: 33.346 Thread 0x0000021ae223f250 Uncommon trap: reason=speculate_class_check action=maybe_recompile pc=0x0000021acbb021cc method=org.jetbrains.kotlin.fir.types.ConeTypeUtilsKt.lowerBoundIfFlexible(Lorg/jetbrains/kotlin/fir/types/ConeKotlinType;)Lorg/jetbrains/kotlin/fir/types/ConeRigidTy
Event: 33.346 Thread 0x0000021ae223f250 DEOPT PACKING pc=0x0000021acbb021cc sp=0x00000032cc5f4d90
Event: 33.346 Thread 0x0000021ae223f250 DEOPT UNPACKING pc=0x0000021acab48d02 sp=0x00000032cc5f4bf0 mode 2
Event: 33.351 Thread 0x0000021ae223f250 Uncommon trap: trap_request=0xffffff5e fr.pc=0x0000021acbb021cc relative=0x000000000000024c
Event: 33.351 Thread 0x0000021ae223f250 Uncommon trap: reason=speculate_class_check action=maybe_recompile pc=0x0000021acbb021cc method=org.jetbrains.kotlin.fir.types.ConeTypeUtilsKt.lowerBoundIfFlexible(Lorg/jetbrains/kotlin/fir/types/ConeKotlinType;)Lorg/jetbrains/kotlin/fir/types/ConeRigidTy
Event: 33.351 Thread 0x0000021ae223f250 DEOPT PACKING pc=0x0000021acbb021cc sp=0x00000032cc5f3520
Event: 33.352 Thread 0x0000021ae223f250 DEOPT UNPACKING pc=0x0000021acab48d02 sp=0x00000032cc5f3380 mode 2
Event: 33.352 Thread 0x0000021ae223f250 Uncommon trap: trap_request=0xffffff5e fr.pc=0x0000021acbb021cc relative=0x000000000000024c
Event: 33.352 Thread 0x0000021ae223f250 Uncommon trap: reason=speculate_class_check action=maybe_recompile pc=0x0000021acbb021cc method=org.jetbrains.kotlin.fir.types.ConeTypeUtilsKt.lowerBoundIfFlexible(Lorg/jetbrains/kotlin/fir/types/ConeKotlinType;)Lorg/jetbrains/kotlin/fir/types/ConeRigidTy
Event: 33.352 Thread 0x0000021ae223f250 DEOPT PACKING pc=0x0000021acbb021cc sp=0x00000032cc5f3520
Event: 33.352 Thread 0x0000021ae223f250 DEOPT UNPACKING pc=0x0000021acab48d02 sp=0x00000032cc5f3380 mode 2

Classes loaded (20 events):
Event: 22.946 Loading class java/rmi/RemoteException
Event: 22.946 Loading class java/rmi/RemoteException done
Event: 23.089 Loading class java/util/concurrent/Executors$AutoShutdownDelegatedExecutorService
Event: 23.090 Loading class java/util/concurrent/Executors$DelegatedExecutorService
Event: 23.090 Loading class java/util/concurrent/Executors$DelegatedExecutorService done
Event: 23.090 Loading class java/util/concurrent/Executors$AutoShutdownDelegatedExecutorService done
Event: 23.520 Loading class java/lang/management/ThreadMXBean
Event: 23.520 Loading class java/lang/management/ThreadMXBean done
Event: 23.520 Loading class com/sun/management/internal/HotSpotThreadImpl
Event: 23.520 Loading class com/sun/management/ThreadMXBean
Event: 23.520 Loading class com/sun/management/ThreadMXBean done
Event: 23.520 Loading class sun/management/ThreadImpl
Event: 23.520 Loading class sun/management/ThreadImpl done
Event: 23.520 Loading class com/sun/management/internal/HotSpotThreadImpl done
Event: 28.321 Loading class java/text/StringCharacterIterator
Event: 28.321 Loading class java/text/CharacterIterator
Event: 28.321 Loading class java/text/CharacterIterator done
Event: 28.321 Loading class java/text/StringCharacterIterator done
Event: 29.061 Loading class java/util/concurrent/locks/AbstractQueuedLongSynchronizer$Node
Event: 29.061 Loading class java/util/concurrent/locks/AbstractQueuedLongSynchronizer$Node done

Classes unloaded (20 events):
Event: 29.253 Thread 0x0000021ad7f99b00 Unloading class 0x0000000006117228 'androidx/room/compiler/processing/ksp/KspProcessingEnv$jvmVersion$2'
Event: 29.253 Thread 0x0000021ad7f99b00 Unloading class 0x0000000006116d68 'androidx/room/compiler/processing/XProcessingEnv$Platform'
Event: 29.253 Thread 0x0000021ad7f99b00 Unloading class 0x0000000006116ae0 'androidx/room/compiler/processing/ksp/KspProcessingEnv$jvmPlatformInfo$2'
Event: 29.253 Thread 0x0000021ad7f99b00 Unloading class 0x0000000006116620 'androidx/room/compiler/processing/XProcessingEnv$Backend'
Event: 29.253 Thread 0x0000021ad7f99b00 Unloading class 0x00000000061163d8 'androidx/room/compiler/processing/XProcessingEnv$Companion'
Event: 29.253 Thread 0x0000021ad7f99b00 Unloading class 0x0000000006116000 'androidx/room/compiler/processing/ksp/KspProcessingEnv'
Event: 29.253 Thread 0x0000021ad7f99b00 Unloading class 0x0000000006115ad8 'androidx/room/compiler/processing/XProcessingEnv'
Event: 29.253 Thread 0x0000021ad7f99b00 Unloading class 0x0000000006115850 'androidx/room/compiler/processing/ksp/KspBasicAnnotationProcessor$DelegateLogger'
Event: 29.253 Thread 0x0000021ad7f99b00 Unloading class 0x0000000006115390 'androidx/room/processor/Context$BooleanProcessorOptions'
Event: 29.253 Thread 0x0000021ad7f99b00 Unloading class 0x0000000006115140 'androidx/room/compiler/processing/XProcessingEnvConfig$Builder'
Event: 29.253 Thread 0x0000021ad7f99b00 Unloading class 0x0000000006114ef8 'androidx/room/compiler/processing/XProcessingEnvConfig$Companion'
Event: 29.253 Thread 0x0000021ad7f99b00 Unloading class 0x0000000006114cb0 'androidx/room/compiler/processing/XProcessingEnvConfig'
Event: 29.253 Thread 0x0000021ad7f99b00 Unloading class 0x0000000006114a68 'androidx/room/DatabaseProcessingStep$Companion'
Event: 29.253 Thread 0x0000021ad7f99b00 Unloading class 0x00000000061147e0 'androidx/room/DatabaseProcessingStep'
Event: 29.253 Thread 0x0000021ad7f99b00 Unloading class 0x00000000061145a0 'androidx/room/compiler/processing/XProcessingStep'
Event: 29.253 Thread 0x0000021ad7f99b00 Unloading class 0x00000000061142d0 'androidx/room/RoomKspProcessor'
Event: 29.253 Thread 0x0000021ad7f99b00 Unloading class 0x0000000006114000 'androidx/room/compiler/processing/ksp/KspBasicAnnotationProcessor'
Event: 29.253 Thread 0x0000021ad7f99b00 Unloading class 0x0000000005b344c0 'androidx/room/compiler/processing/XBasicAnnotationProcessor'
Event: 29.253 Thread 0x0000021ad7f99b00 Unloading class 0x0000000005b34260 'com/squareup/moshi/kotlin/codegen/ksp/JsonClassSymbolProcessorProvider'
Event: 29.253 Thread 0x0000021ad7f99b00 Unloading class 0x0000000005b34000 'androidx/room/RoomKspProcessor$Provider'

Classes redefined (0 events):
No events

Internal exceptions (20 events):
Event: 27.698 Thread 0x0000021ae223f250 Implicit null exception at 0x0000021acb809561 to 0x0000021acb809864
Event: 29.491 Thread 0x0000021ae223f250 Exception <a 'java/lang/NoSuchMethodError'{0x0000000098143d58}: 'java.lang.Object java.lang.invoke.DirectMethodHandle$Holder.invokeStatic(java.lang.Object, java.lang.Object, java.lang.Object, java.lang.Object, int, java.lang.Object, java.lang.Object)'> (0x0000000098143d58) 
thrown [s\src\hotspot\share\interpreter\linkResolver.cpp, line 815]
Event: 29.492 Thread 0x0000021ae223f250 Exception <a 'java/lang/NoSuchMethodError'{0x0000000098155ee8}: 'java.lang.Object java.lang.invoke.DirectMethodHandle$Holder.newInvokeSpecial(java.lang.Object, java.lang.Object, java.lang.Object, java.lang.Object, int, java.lang.Object, java.lang.Object)'> (0x0000000098155ee8) 
thrown [s\src\hotspot\share\interpreter\linkResolver.cpp, line 815]
Event: 29.492 Thread 0x0000021ae223f250 Exception <a 'java/lang/NoSuchMethodError'{0x000000009815ec30}: 'java.lang.Object java.lang.invoke.Invokers$Holder.linkToTargetMethod(java.lang.Object, java.lang.Object, java.lang.Object, int, java.lang.Object, java.lang.Object, java.lang.Object)'> (0x000000009815ec30) 
thrown [s\src\hotspot\share\interpreter\linkResolver.cpp, line 815]
Event: 29.678 Thread 0x0000021ae223f250 Exception <a 'java/lang/NoSuchMethodError'{0x00000000975ddc90}: 'java.lang.Object java.lang.invoke.DirectMethodHandle$Holder.newInvokeSpecial(java.lang.Object, int, java.lang.Object, java.lang.Object)'> (0x00000000975ddc90) 
thrown [s\src\hotspot\share\interpreter\linkResolver.cpp, line 815]
Event: 30.207 Thread 0x0000021ae223f250 Exception <a 'java/lang/NoSuchMethodError'{0x00000000955aa2b0}: 'java.lang.Object java.lang.invoke.DirectMethodHandle$Holder.invokeStatic(java.lang.Object, java.lang.Object, java.lang.Object, int, java.lang.Object, java.lang.Object)'> (0x00000000955aa2b0) 
thrown [s\src\hotspot\share\interpreter\linkResolver.cpp, line 815]
Event: 31.090 Thread 0x0000021ae223f250 Implicit null exception at 0x0000021acb500c1f to 0x0000021acb501470
Event: 31.139 Thread 0x0000021ae223f250 Exception <a 'java/lang/NoSuchMethodError'{0x00000000982f5dc0}: 'java.lang.Object java.lang.invoke.DirectMethodHandle$Holder.newInvokeSpecial(java.lang.Object, java.lang.Object, java.lang.Object, java.lang.Object, java.lang.Object, int)'> (0x00000000982f5dc0) 
thrown [s\src\hotspot\share\interpreter\linkResolver.cpp, line 815]
Event: 31.140 Thread 0x0000021ae223f250 Exception <a 'java/lang/NoSuchMethodError'{0x00000000982fefe0}: 'java.lang.Object java.lang.invoke.DirectMethodHandle$Holder.invokeSpecial(java.lang.Object, java.lang.Object, java.lang.Object, java.lang.Object, java.lang.Object, java.lang.Object, int)'> (0x00000000982fefe0) 
thrown [s\src\hotspot\share\interpreter\linkResolver.cpp, line 815]
Event: 31.140 Thread 0x0000021ae223f250 Exception <a 'java/lang/NoSuchMethodError'{0x0000000098107c00}: 'java.lang.Object java.lang.invoke.Invokers$Holder.linkToTargetMethod(java.lang.Object, java.lang.Object, java.lang.Object, java.lang.Object, int, java.lang.Object)'> (0x0000000098107c00) 
thrown [s\src\hotspot\share\interpreter\linkResolver.cpp, line 815]
Event: 31.262 Thread 0x0000021ae223f250 Exception <a 'java/lang/NoSuchMethodError'{0x0000000097fcac40}: 'java.lang.Object java.lang.invoke.DirectMethodHandle$Holder.invokeStatic(java.lang.Object, int, java.lang.Object, java.lang.Object, java.lang.Object, java.lang.Object, java.lang.Object)'> (0x0000000097fcac40) 
thrown [s\src\hotspot\share\interpreter\linkResolver.cpp, line 815]
Event: 31.263 Thread 0x0000021ae223f250 Exception <a 'java/lang/NoSuchMethodError'{0x0000000097fdda60}: 'java.lang.Object java.lang.invoke.DirectMethodHandle$Holder.newInvokeSpecial(java.lang.Object, int, java.lang.Object, java.lang.Object, java.lang.Object)'> (0x0000000097fdda60) 
thrown [s\src\hotspot\share\interpreter\linkResolver.cpp, line 815]
Event: 31.263 Thread 0x0000021ae223f250 Exception <a 'java/lang/NoSuchMethodError'{0x0000000097fe7378}: 'java.lang.Object java.lang.invoke.Invokers$Holder.linkToTargetMethod(int, java.lang.Object, java.lang.Object, java.lang.Object, java.lang.Object)'> (0x0000000097fe7378) 
thrown [s\src\hotspot\share\interpreter\linkResolver.cpp, line 815]
Event: 31.574 Thread 0x0000021addddd130 Exception <a 'sun/nio/fs/WindowsException'{0x0000000096a53558}> (0x0000000096a53558) 
thrown [s\src\hotspot\share\prims\jni.cpp, line 535]
Event: 31.577 Thread 0x0000021addddd130 Exception <a 'sun/nio/fs/WindowsException'{0x00000000968a96b8}> (0x00000000968a96b8) 
thrown [s\src\hotspot\share\prims\jni.cpp, line 535]
Event: 31.577 Thread 0x0000021addddd130 Exception <a 'sun/nio/fs/WindowsException'{0x00000000968aaf00}> (0x00000000968aaf00) 
thrown [s\src\hotspot\share\prims\jni.cpp, line 535]
Event: 31.609 Thread 0x0000021ae223f250 Implicit null exception at 0x0000021acb03f32a to 0x0000021acb03f378
Event: 32.239 Thread 0x0000021ae223f250 Exception <a 'java/lang/NoSuchMethodError'{0x00000000fef1af88}: 'java.lang.Object java.lang.invoke.DirectMethodHandle$Holder.newInvokeSpecial(java.lang.Object, java.lang.Object, java.lang.Object, java.lang.Object, int, int)'> (0x00000000fef1af88) 
thrown [s\src\hotspot\share\interpreter\linkResolver.cpp, line 815]
Event: 32.500 Thread 0x0000021ae223f250 Implicit null exception at 0x0000021acba366d3 to 0x0000021acba3746c
Event: 32.501 Thread 0x0000021ae223f250 Implicit null exception at 0x0000021acba09640 to 0x0000021acba09828

VM Operations (20 events):
Event: 32.167 Executing safepoint VM operation: G1CollectForAllocation (G1 Evacuation Pause) done
Event: 32.206 Executing non-safepoint VM operation: HandshakeAllThreads (Deoptimize)
Event: 32.207 Executing non-safepoint VM operation: HandshakeAllThreads (Deoptimize) done
Event: 32.212 Executing non-safepoint VM operation: HandshakeAllThreads (Deoptimize)
Event: 32.212 Executing non-safepoint VM operation: HandshakeAllThreads (Deoptimize) done
Event: 32.219 Executing non-safepoint VM operation: HandshakeAllThreads (Deoptimize)
Event: 32.220 Executing non-safepoint VM operation: HandshakeAllThreads (Deoptimize) done
Event: 32.222 Executing non-safepoint VM operation: HandshakeAllThreads (Deoptimize)
Event: 32.222 Executing non-safepoint VM operation: HandshakeAllThreads (Deoptimize) done
Event: 32.226 Executing non-safepoint VM operation: HandshakeAllThreads (Deoptimize)
Event: 32.226 Executing non-safepoint VM operation: HandshakeAllThreads (Deoptimize) done
Event: 32.455 Executing non-safepoint VM operation: HandshakeAllThreads (Deoptimize)
Event: 32.455 Executing non-safepoint VM operation: HandshakeAllThreads (Deoptimize) done
Event: 32.810 Executing non-safepoint VM operation: HandshakeAllThreads (Deoptimize)
Event: 32.811 Executing non-safepoint VM operation: HandshakeAllThreads (Deoptimize) done
Event: 32.813 Executing non-safepoint VM operation: HandshakeAllThreads (Deoptimize)
Event: 32.813 Executing non-safepoint VM operation: HandshakeAllThreads (Deoptimize) done
Event: 33.246 Executing safepoint VM operation: G1CollectForAllocation (G1 Evacuation Pause)
Event: 33.258 Executing safepoint VM operation: G1CollectForAllocation (G1 Evacuation Pause) done
Event: 33.354 Executing safepoint VM operation: G1PauseRemark

Memory protections (0 events):
No events

Nmethod flushes (20 events):
Event: 33.360 Thread 0x0000021ad7f99b00 flushing  nmethod 0x0000021ac4923508
Event: 33.360 Thread 0x0000021ad7f99b00 flushing  nmethod 0x0000021ac4925508
Event: 33.360 Thread 0x0000021ad7f99b00 flushing  nmethod 0x0000021ac4928688
Event: 33.360 Thread 0x0000021ad7f99b00 flushing  nmethod 0x0000021ac49a4808
Event: 33.360 Thread 0x0000021ad7f99b00 flushing  nmethod 0x0000021ac49a4e08
Event: 33.360 Thread 0x0000021ad7f99b00 flushing  nmethod 0x0000021ac49b1888
Event: 33.360 Thread 0x0000021ad7f99b00 flushing  nmethod 0x0000021ac49d7308
Event: 33.360 Thread 0x0000021ad7f99b00 flushing  nmethod 0x0000021ac49d7a88
Event: 33.360 Thread 0x0000021ad7f99b00 flushing  nmethod 0x0000021ac4b10008
Event: 33.360 Thread 0x0000021ad7f99b00 flushing  nmethod 0x0000021ac4b40708
Event: 33.360 Thread 0x0000021ad7f99b00 flushing  nmethod 0x0000021ac4b42f08
Event: 33.360 Thread 0x0000021ad7f99b00 flushing  nmethod 0x0000021ac4bd3988
Event: 33.360 Thread 0x0000021ad7f99b00 flushing  nmethod 0x0000021ac4bd8088
Event: 33.360 Thread 0x0000021ad7f99b00 flushing  nmethod 0x0000021ac4bdde88
Event: 33.360 Thread 0x0000021ad7f99b00 flushing  nmethod 0x0000021ac4bde608
Event: 33.360 Thread 0x0000021ad7f99b00 flushing  nmethod 0x0000021ac4be1408
Event: 33.360 Thread 0x0000021ad7f99b00 flushing  nmethod 0x0000021ac4be7c88
Event: 33.360 Thread 0x0000021ad7f99b00 flushing  nmethod 0x0000021ac4be8388
Event: 33.360 Thread 0x0000021ad7f99b00 flushing  nmethod 0x0000021ac4c43388
Event: 33.360 Thread 0x0000021ad7f99b00 flushing  nmethod 0x0000021ac4c45408

Events (20 events):
Event: 25.344 Thread 0x0000021ad7ffc7c0 Thread added: 0x0000021aecc0f680
Event: 25.348 Thread 0x0000021ad7ffc7c0 Thread added: 0x0000021aecc0e660
Event: 25.561 Thread 0x0000021aecc0e660 Thread exited: 0x0000021aecc0e660
Event: 25.562 Thread 0x0000021aecc0f680 Thread exited: 0x0000021aecc0f680
Event: 25.780 Thread 0x0000021ad7fee5c0 Thread added: 0x0000021aecc0fe90
Event: 25.783 Thread 0x0000021aecc0fe90 Thread added: 0x0000021aecc0ee70
Event: 25.962 Thread 0x0000021aecc0ee70 Thread exited: 0x0000021aecc0ee70
Event: 25.962 Thread 0x0000021aecc0fe90 Thread exited: 0x0000021aecc0fe90
Event: 26.329 Thread 0x0000021ad7fee5c0 Thread added: 0x0000021aecc0ce30
Event: 26.604 Thread 0x0000021aecc0ce30 Thread exited: 0x0000021aecc0ce30
Event: 26.832 Thread 0x0000021ad7fee5c0 Thread added: 0x0000021aecc0fe90
Event: 26.912 Thread 0x0000021ad7ffc7c0 Thread added: 0x0000021aecc13700
Event: 27.898 Thread 0x0000021aecc13700 Thread exited: 0x0000021aecc13700
Event: 27.898 Thread 0x0000021aecc0fe90 Thread exited: 0x0000021aecc0fe90
Event: 27.929 Thread 0x0000021ad7ffc7c0 Thread added: 0x0000021ae349c900
Event: 27.944 Thread 0x0000021ad7ffc7c0 Thread added: 0x0000021ae349c0f0
Event: 29.695 Thread 0x0000021ae349c0f0 Thread exited: 0x0000021ae349c0f0
Event: 29.851 Thread 0x0000021ae349c900 Thread exited: 0x0000021ae349c900
Event: 30.136 Thread 0x0000021ad7ffc7c0 Thread added: 0x0000021ae34a6a40
Event: 31.883 Thread 0x0000021ad7ffc7c0 Thread added: 0x0000021add4ab9d0


Dynamic libraries:
0x00007ff61a1c0000 - 0x00007ff61a1ca000 	C:\Program Files\Android\Android Studio\jbr\bin\java.exe
0x00007ff931320000 - 0x00007ff931586000 	C:\WINDOWS\SYSTEM32\ntdll.dll
0x00007ff930f40000 - 0x00007ff931009000 	C:\WINDOWS\System32\KERNEL32.DLL
0x00007ff92e8a0000 - 0x00007ff92ec9e000 	C:\WINDOWS\System32\KERNELBASE.dll
0x00007ff92e740000 - 0x00007ff92e88c000 	C:\WINDOWS\System32\ucrtbase.dll
0x00007ff92ac10000 - 0x00007ff92ac2b000 	C:\Program Files\Android\Android Studio\jbr\bin\VCRUNTIME140.dll
0x00007ff910730000 - 0x00007ff910746000 	C:\Program Files\Android\Android Studio\jbr\bin\jli.dll
0x00007ff930400000 - 0x00007ff9305c7000 	C:\WINDOWS\System32\USER32.dll
0x00007ff92f020000 - 0x00007ff92f047000 	C:\WINDOWS\System32\win32u.dll
0x00007ff9117b0000 - 0x00007ff911a42000 	C:\WINDOWS\WinSxS\amd64_microsoft.windows.common-controls_6595b64144ccf1df_6.0.26100.8875_none_3e0d5d42e32fe9dd\COMCTL32.dll
0x00007ff92f050000 - 0x00007ff92f0f9000 	C:\WINDOWS\System32\msvcrt.dll
0x00007ff930e30000 - 0x00007ff930e5b000 	C:\WINDOWS\System32\GDI32.dll
0x00007ff92ecb0000 - 0x00007ff92edda000 	C:\WINDOWS\System32\gdi32full.dll
0x00007ff92e690000 - 0x00007ff92e733000 	C:\WINDOWS\System32\msvcp_win.dll
0x00007ff931120000 - 0x00007ff931152000 	C:\WINDOWS\System32\IMM32.DLL
0x00007ff927df0000 - 0x00007ff927dfc000 	C:\Program Files\Android\Android Studio\jbr\bin\vcruntime140_1.dll
0x00007ff912d60000 - 0x00007ff912ded000 	C:\Program Files\Android\Android Studio\jbr\bin\msvcp140.dll
0x00007ff8a0320000 - 0x00007ff8a11fa000 	C:\Program Files\Android\Android Studio\jbr\bin\server\jvm.dll
0x00007ff930d70000 - 0x00007ff930e27000 	C:\WINDOWS\System32\ADVAPI32.dll
0x00007ff92f100000 - 0x00007ff92f1aa000 	C:\WINDOWS\System32\sechost.dll
0x00007ff92fd60000 - 0x00007ff92fe78000 	C:\WINDOWS\System32\RPCRT4.dll
0x00007ff931250000 - 0x00007ff9312d0000 	C:\WINDOWS\System32\WS2_32.dll
0x00007ff928880000 - 0x00007ff9288b6000 	C:\WINDOWS\SYSTEM32\WINMM.dll
0x00007ff92e3a0000 - 0x00007ff92e3fe000 	C:\WINDOWS\SYSTEM32\POWRPROF.dll
0x00007ff911ca0000 - 0x00007ff911cab000 	C:\WINDOWS\SYSTEM32\VERSION.dll
0x00007ff92e380000 - 0x00007ff92e394000 	C:\WINDOWS\SYSTEM32\UMPDC.dll
0x00007ff92d150000 - 0x00007ff92d16b000 	C:\WINDOWS\SYSTEM32\kernel.appcore.dll
0x00007ff927de0000 - 0x00007ff927dea000 	C:\Program Files\Android\Android Studio\jbr\bin\jimage.dll
0x00007ff92b9d0000 - 0x00007ff92bc12000 	C:\WINDOWS\SYSTEM32\DBGHELP.DLL
0x00007ff92fe80000 - 0x00007ff930203000 	C:\WINDOWS\System32\combase.dll
0x00007ff930320000 - 0x00007ff9303f9000 	C:\WINDOWS\System32\OLEAUT32.dll
0x00007ff9069c0000 - 0x00007ff9069fb000 	C:\WINDOWS\SYSTEM32\dbgcore.DLL
0x00007ff92e5d0000 - 0x00007ff92e67c000 	C:\WINDOWS\System32\bcryptPrimitives.dll
0x00007ff91e330000 - 0x00007ff91e33e000 	C:\Program Files\Android\Android Studio\jbr\bin\instrument.dll
0x00007ff91af50000 - 0x00007ff91af6f000 	C:\Program Files\Android\Android Studio\jbr\bin\java.dll
0x00007ff92f610000 - 0x00007ff92f7a9000 	C:\WINDOWS\System32\ole32.dll
0x00007ff9305d0000 - 0x00007ff930d62000 	C:\WINDOWS\System32\SHELL32.dll
0x00007ff91ae20000 - 0x00007ff91ae37000 	C:\Program Files\Android\Android Studio\jbr\bin\zip.dll
0x00007ff92bfa0000 - 0x00007ff92c832000 	C:\WINDOWS\SYSTEM32\windows.storage.dll
0x00007ff931020000 - 0x00007ff931117000 	C:\WINDOWS\System32\SHCORE.dll
0x00007ff92f7b0000 - 0x00007ff92f817000 	C:\WINDOWS\System32\shlwapi.dll
0x00007ff92e460000 - 0x00007ff92e489000 	C:\WINDOWS\SYSTEM32\profapi.dll
0x00007ff91b180000 - 0x00007ff91b190000 	C:\Program Files\Android\Android Studio\jbr\bin\net.dll
0x00007ff92d7d0000 - 0x00007ff92d83c000 	C:\WINDOWS\system32\mswsock.dll
0x00007ff919ce0000 - 0x00007ff919cf6000 	C:\Program Files\Android\Android Studio\jbr\bin\nio.dll
0x00007ff919b00000 - 0x00007ff919b10000 	C:\Program Files\Android\Android Studio\jbr\bin\verify.dll
0x00007ff871550000 - 0x00007ff871577000 	C:\Users\SIVA\.gradle\native\660c5614fbf4a5f2a75b1949f50a0caf5cd603558e7d8a26e50b933a0cfb79d1\windows-amd64\native-platform.dll
0x00007ff9054c0000 - 0x00007ff905537000 	C:\Users\SIVA\.gradle\native\0.2.8\x86_64-windows-gnu\gradle-fileevents.dll
0x00007ff919c80000 - 0x00007ff919c89000 	C:\Program Files\Android\Android Studio\jbr\bin\management.dll
0x00007ff919c70000 - 0x00007ff919c7b000 	C:\Program Files\Android\Android Studio\jbr\bin\management_ext.dll
0x00007ff930310000 - 0x00007ff930318000 	C:\WINDOWS\System32\PSAPI.DLL
0x00007ff92cb90000 - 0x00007ff92cbc3000 	C:\WINDOWS\SYSTEM32\IPHLPAPI.DLL
0x00007ff931240000 - 0x00007ff93124a000 	C:\WINDOWS\System32\NSI.dll
0x00007ff91b070000 - 0x00007ff91b079000 	C:\Program Files\Android\Android Studio\jbr\bin\extnet.dll
0x00007ff92dad0000 - 0x00007ff92daeb000 	C:\WINDOWS\SYSTEM32\CRYPTSP.dll
0x00007ff92d170000 - 0x00007ff92d1a9000 	C:\WINDOWS\system32\rsaenh.dll
0x00007ff92d890000 - 0x00007ff92d8c2000 	C:\WINDOWS\SYSTEM32\USERENV.dll
0x00007ff92e430000 - 0x00007ff92e45a000 	C:\WINDOWS\SYSTEM32\bcrypt.dll
0x00007ff92daf0000 - 0x00007ff92dafc000 	C:\WINDOWS\SYSTEM32\CRYPTBASE.dll
0x00007ff8ebf00000 - 0x00007ff8ebf08000 	C:\WINDOWS\system32\wshunix.dll
0x00007ff911e10000 - 0x00007ff911f9a000 	C:\Program Files\Android\Android Studio\jbr\bin\awt.dll
0x00007ff90af60000 - 0x00007ff90afd3000 	C:\WINDOWS\SYSTEM32\OLEACC.dll
0x00007ff919c90000 - 0x00007ff919cd3000 	C:\Program Files\Android\Android Studio\jbr\bin\nvdaControllerClient.dll
0x00007ff92b380000 - 0x00007ff92b3af000 	C:\WINDOWS\SYSTEM32\dwmapi.dll
0x00007ff92ac90000 - 0x00007ff92ad30000 	C:\WINDOWS\SYSTEM32\apphelp.dll
0x00007ff92b0e0000 - 0x00007ff92b189000 	C:\WINDOWS\system32\uxtheme.dll
0x00007ff92f390000 - 0x00007ff92f4ed000 	C:\WINDOWS\System32\MSCTF.dll
0x00007ff92d330000 - 0x00007ff92d366000 	C:\WINDOWS\SYSTEM32\ntmarta.dll

JVMTI agents:
C:\Users\SIVA\.gradle\wrapper\dists\gradle-9.3.1-bin\23ovyewtku6u96viwx3xl3oks\gradle-9.3.1\lib\agents\gradle-instrumentation-agent-9.3.1.jar path:C:\Program Files\Android\Android Studio\jbr\bin\instrument.dll, loaded, initialized, instrumentlib options:none

dbghelp: loaded successfully - version: 4.0.5 - missing functions: none
symbol engine: initialized successfully - sym options: 0x614 - pdb path: .;C:\Program Files\Android\Android Studio\jbr\bin;C:\WINDOWS\SYSTEM32;C:\WINDOWS\WinSxS\amd64_microsoft.windows.common-controls_6595b64144ccf1df_6.0.26100.8875_none_3e0d5d42e32fe9dd;C:\Program Files\Android\Android Studio\jbr\bin\server;C:\Users\SIVA\.gradle\native\660c5614fbf4a5f2a75b1949f50a0caf5cd603558e7d8a26e50b933a0cfb79d1\windows-amd64;C:\Users\SIVA\.gradle\native\0.2.8\x86_64-windows-gnu;C:\Users\SIVA\AppData\Local\Temp

VM Arguments:
jvm_args: --add-opens=java.base/java.lang=ALL-UNNAMED --add-opens=java.base/java.lang.invoke=ALL-UNNAMED --add-opens=java.base/java.util=ALL-UNNAMED --add-opens=java.prefs/java.util.prefs=ALL-UNNAMED --add-exports=jdk.compiler/com.sun.tools.javac.api=ALL-UNNAMED --add-exports=jdk.compiler/com.sun.tools.javac.util=ALL-UNNAMED --add-opens=java.base/java.util=ALL-UNNAMED --add-opens=java.prefs/java.util.prefs=ALL-UNNAMED --add-opens=java.base/java.nio.charset=ALL-UNNAMED --add-opens=java.base/java.net=ALL-UNNAMED --add-opens=java.base/java.util.concurrent=ALL-UNNAMED --add-opens=java.base/java.util.concurrent.atomic=ALL-UNNAMED --add-opens=java.xml/javax.xml.namespace=ALL-UNNAMED --add-opens=java.base/java.time=ALL-UNNAMED --enable-native-access=ALL-UNNAMED -Xmx2048m -Dfile.encoding=UTF-8 -Duser.country=IN -Duser.language=en -Duser.variant -javaagent:C:\Users\SIVA\.gradle\wrapper\dists\gradle-9.3.1-bin\23ovyewtku6u96viwx3xl3oks\gradle-9.3.1\lib\agents\gradle-instrumentation-agent-9.3.1.jar 
java_command: org.gradle.launcher.daemon.bootstrap.GradleDaemon 9.3.1
java_class_path (initial): C:\Users\SIVA\.gradle\wrapper\dists\gradle-9.3.1-bin\23ovyewtku6u96viwx3xl3oks\gradle-9.3.1\lib\gradle-daemon-main-9.3.1.jar
Launcher Type: SUN_STANDARD

[Global flags]
     intx CICompilerCount                          = 4                                         {product} {ergonomic}
     uint ConcGCThreads                            = 3                                         {product} {ergonomic}
     uint G1ConcRefinementThreads                  = 10                                        {product} {ergonomic}
   size_t G1HeapRegionSize                         = 1048576                                   {product} {ergonomic}
   size_t InitialHeapSize                          = 264241152                                 {product} {ergonomic}
   size_t MarkStackSize                            = 4194304                                   {product} {ergonomic}
   size_t MarkStackSizeMax                         = 536870912                                 {product} {ergonomic}
   size_t MaxHeapSize                              = 2147483648                                {product} {command line}
   size_t MaxNewSize                               = 1287651328                                {product} {ergonomic}
   size_t MinHeapDeltaBytes                        = 1048576                                   {product} {ergonomic}
   size_t MinHeapSize                              = 8388608                                   {product} {ergonomic}
    uintx NonNMethodCodeHeapSize                   = 5832704                                {pd product} {ergonomic}
    uintx NonProfiledCodeHeapSize                  = 122945536                              {pd product} {ergonomic}
    uintx ProfiledCodeHeapSize                     = 122880000                              {pd product} {ergonomic}
    uintx ReservedCodeCacheSize                    = 251658240                              {pd product} {ergonomic}
     bool SegmentedCodeCache                       = true                                      {product} {ergonomic}
   size_t SoftMaxHeapSize                          = 2147483648                             {manageable} {ergonomic}
     bool UseCompressedOops                        = true                           {product lp64_product} {ergonomic}
     bool UseG1GC                                  = true                                      {product} {ergonomic}
     bool UseLargePagesIndividualAllocation        = false                                  {pd product} {ergonomic}

Logging:
Log output configuration:
 #0: stdout all=warning uptime,level,tags foldmultilines=false
 #1: stderr all=off uptime,level,tags foldmultilines=false

Release file:
JAVA_VERSION="25.0.2" 
MODULES="java.base java.compiler java.datatransfer java.xml java.prefs java.desktop java.instrument java.logging java.management java.security.sasl java.naming java.rmi java.management.rmi java.net.http java.scripting java.security.jgss java.transaction.xa java.sql java.sql.rowset java.xml.crypto java.se java.smartcardio jdk.accessibility jdk.internal.jvmstat jdk.attach jdk.charsets jdk.internal.opt jdk.zipfs jdk.compiler jdk.crypto.cryptoki jdk.crypto.ec jdk.dynalink jdk.hotspot.agent jdk.httpserver jdk.internal.ed jdk.internal.le jdk.internal.md jdk.internal.vm.ci jdk.jartool jdk.javadoc jdk.jcmd jdk.jdeps jdk.jdwp.agent jdk.jdi jdk.jfr jdk.jlink jdk.localedata jdk.management jdk.management.agent jdk.management.jfr jdk.naming.dns jdk.naming.rmi jdk.net jdk.sctp jdk.security.auth jdk.security.jgss jdk.unsupported jdk.unsupported.desktop jdk.xml.dom" 
IMPLEMENTOR="JetBrains s.r.o." 
JAVA_RUNTIME_VERSION="25.0.2+-15348964-b329.117" 
LIBC="default" 
OS_ARCH="x86_64" 
OS_NAME="Windows" 
SOURCE=".:git:3cf398e84a39" 

Environment Variables:
JAVA_HOME=C:\Program Files\Android\Android Studio\jbr
PATH=C:/Users/SIVA/.gemini/antigravity-ide/bin;C:\Program Files\Common Files\Oracle\Java\javapath;C:\WINDOWS\system32;C:\WINDOWS;C:\WINDOWS\System32\Wbem;C:\WINDOWS\System32\WindowsPowerShell\v1.0\;C:\WINDOWS\System32\OpenSSH\;C:\Program Files\dotnet\;C:\Program Files\nodejs\;C:\Program Files\Git\cmd;C:\Program Files\Go\bin;C:\Program Files\Docker\Docker\resources\bin;C:\Users\SIVA\.local\bin;C:\Users\SIVA\anaconda3;C:\Users\SIVA\anaconda3\Library\mingw-w64\bin;C:\Users\SIVA\anaconda3\Library\usr\bin;C:\Users\SIVA\anaconda3\Library\bin;C:\Users\SIVA\anaconda3\Scripts;C:\Users\SIVA\AppData\Local\Programs\Python\Python312\Scripts\;C:\Users\SIVA\AppData\Local\Programs\Python\Python312\;C:\Users\SIVA\AppData\Local\Microsoft\WindowsApps;C:\Users\SIVA\AppData\Local\Programs\Microsoft VS Code\bin;C:\Users\SIVA\AppData\Roaming\npm;C:\Users\SIVA\AppData\Local\Programs\mongosh\;C:\Users\SIVA\AppData\Local\Programs\Antigravity IDE\bin;C:\Users\SIVA\go\bin
USERNAME=SIVA
OS=Windows_NT
PROCESSOR_IDENTIFIER=Intel64 Family 6 Model 186 Stepping 3, GenuineIntel
TMP=C:\Users\SIVA\AppData\Local\Temp
TEMP=C:\Users\SIVA\AppData\Local\Temp




Compilation memory statistics disabled.

Periodic native trim disabled

JNI global refs:
JNI global refs: 57, weak refs: 3

JNI global refs memory usage: 835, weak refs: 833

Process memory usage:
Resident Set Size: 949780K (5% of 16454352K total physical memory with 1812832K free physical memory)

OOME stack traces (most recent first):
Classloader memory used:
Loader java.net.URLClassLoader                                                         : 98098 K
Loader org.gradle.internal.classloader.VisitableURLClassLoader                         : 38940 K
Loader bootstrap                                                                       : 27950 K
Loader org.gradle.internal.classloader.VisitableURLClassLoader$InstrumentingVisitableURLClassLoader: 10158 K
Loader org.gradle.initialization.MixInLegacyTypesClassLoader                           : 9228 K
Loader jdk.internal.jrtfs.JrtFileSystemProvider$JrtFsLoader                            : 613 K
Loader jdk.internal.loader.ClassLoaders$PlatformClassLoader                            : 260 K
Loader jdk.internal.loader.ClassLoaders$AppClassLoader                                 : 226 K

Classes loaded by more than one classloader:
Class kotlin.jvm.KotlinReflectionNotSupportedError                                    : loaded 3 times (x 84B)
Class kotlin.io.FileWalkDirection                                                     : loaded 3 times (x 81B)
Class kotlin.sequences.FlatteningSequence                                             : loaded 3 times (x 77B)
Class kotlin.coroutines.jvm.internal.CompletedContinuation                            : loaded 3 times (x 77B)
Class jdk.internal.jimage.decompressor.ResourceDecompressor$StringsProvider           : loaded 3 times (x 72B)
Class kotlin.io.TextStreamsKt                                                         : loaded 3 times (x 73B)
Class kotlin.text.StringsKt__StringsKt                                                : loaded 3 times (x 73B)
Class kotlin.NotImplementedError                                                      : loaded 3 times (x 84B)
Class kotlin.coroutines.CoroutineContext                                              : loaded 3 times (x 72B)
Class kotlin.coroutines.jvm.internal.DebugProbesKt                                    : loaded 3 times (x 73B)
Class jdk.internal.jimage.BasicImageReader                                            : loaded 3 times (x 97B)
Class kotlin.ranges.IntProgressionIterator                                            : loaded 3 times (x 84B)
Class kotlin.collections.CollectionsKt                                                : loaded 3 times (x 73B)
Class kotlin.reflect.KMutableProperty2                                                : loaded 3 times (x 72B)
Class kotlin.sequences.FilteringSequence$iterator$1                                   : loaded 3 times (x 81B)
Class kotlin.sequences.SequencesKt__SequenceBuilderKt                                 : loaded 3 times (x 73B)
Class kotlin.io.FilesKt__FileTreeWalkKt                                               : loaded 3 times (x 73B)
Class kotlin.io.NoSuchFileException                                                   : loaded 3 times (x 84B)
Class kotlin.jvm.internal.CollectionToArray                                           : loaded 3 times (x 73B)
Class kotlin.reflect.KMutableProperty1                                                : loaded 3 times (x 72B)
Class kotlin.collections.CollectionsKt__ReversedViewsKt                               : loaded 3 times (x 73B)
Class kotlin.coroutines.jvm.internal.CoroutineStackFrame                              : loaded 3 times (x 72B)
Class kotlin.SafePublicationLazyImpl$Companion                                        : loaded 3 times (x 73B)
Class kotlin.jvm.internal.PropertyReference1Impl                                      : loaded 3 times (x 129B)
Class kotlin.jvm.internal.MutablePropertyReference1                                   : loaded 3 times (x 139B)
Class kotlin.coroutines.intrinsics.IntrinsicsKt__IntrinsicsJvmKt                      : loaded 3 times (x 73B)
Class kotlin.jvm.internal.StringCompanionObject                                       : loaded 3 times (x 73B)
Class kotlin.reflect.KClassifier                                                      : loaded 3 times (x 72B)
Class kotlin.ranges.IntProgression$Companion                                          : loaded 3 times (x 73B)
Class kotlin.reflect.KMutableProperty0                                                : loaded 3 times (x 72B)
Class kotlin.coroutines.jvm.internal.SuspendFunction                                  : loaded 3 times (x 72B)
Class kotlin.io.FileTreeWalk                                                          : loaded 3 times (x 77B)
Class kotlin.collections.builders.MapBuilder                                          : loaded 3 times (x 114B)
Class jdk.internal.jimage.decompressor.StringSharingDecompressorFactory               : loaded 3 times (x 76B)
Class [Lkotlin.io.FileWalkDirection;                                                  : loaded 3 times (x 71B)
Class kotlin.jvm.internal.markers.KMappedMarker                                       : loaded 3 times (x 72B)
Class kotlin.sequences.TransformingSequence                                           : loaded 3 times (x 77B)
Class [Lkotlin.reflect.KProperty;                                                     : loaded 3 times (x 71B)
Class kotlin.sequences.ConstrainedOnceSequence                                        : loaded 3 times (x 77B)
Class kotlin.NoWhenBranchMatchedException                                             : loaded 3 times (x 84B)
Class kotlin.Lazy                                                                     : loaded 3 times (x 72B)
Class kotlin.jvm.functions.Function19                                                 : loaded 3 times (x 72B)
Class kotlin.reflect.KMutableProperty$Setter                                          : loaded 3 times (x 72B)
Class kotlin.jvm.internal.CallableReference$NoReceiver                                : loaded 3 times (x 73B)
Class [Lkotlin.reflect.KClass;                                                        : loaded 3 times (x 71B)
Class kotlin.text.StringsKt__StringBuilderKt                                          : loaded 3 times (x 73B)
Class kotlin.jvm.functions.Function18                                                 : loaded 3 times (x 72B)
Class kotlin.collections.ArraysKt__ArraysJVMKt                                        : loaded 3 times (x 73B)
Class kotlin.jvm.functions.Function17                                                 : loaded 3 times (x 72B)
Class kotlin.InitializedLazyImpl                                                      : loaded 3 times (x 78B)
Class kotlin.LazyKt                                                                   : loaded 3 times (x 73B)
Class kotlin.sequences.SequencesKt___SequencesKt                                      : loaded 3 times (x 73B)
Class kotlin.KotlinVersion$Companion                                                  : loaded 3 times (x 73B)
Class kotlin.collections.AbstractList$Companion                                       : loaded 3 times (x 73B)
Class kotlin.collections.SetsKt__SetsKt                                               : loaded 3 times (x 73B)
Class kotlin.jvm.functions.Function16                                                 : loaded 3 times (x 72B)
Class kotlin.io.FileTreeWalk$FileTreeWalkIterator                                     : loaded 3 times (x 85B)
Class kotlin.sequences.SequencesKt___SequencesKt$flatMap$2                            : loaded 3 times (x 127B)
Class kotlin.coroutines.EmptyCoroutineContext                                         : loaded 3 times (x 79B)
Class kotlin.collections.ArraysKt                                                     : loaded 3 times (x 73B)
Class kotlin.jvm.functions.Function15                                                 : loaded 3 times (x 72B)
Class kotlin.coroutines.ContinuationInterceptor                                       : loaded 3 times (x 72B)
Class kotlin.text.StringsKt__AppendableKt                                             : loaded 3 times (x 73B)
Class kotlin.text.CharsKt__CharKt                                                     : loaded 3 times (x 73B)
Class kotlin.collections.ArrayDeque$Companion                                         : loaded 3 times (x 73B)
Class kotlin.coroutines.jvm.internal.Boxing                                           : loaded 3 times (x 73B)
Class kotlin.jvm.internal.AdaptedFunctionReference                                    : loaded 3 times (x 79B)
Class kotlin.ranges.RangesKt___RangesKt                                               : loaded 3 times (x 73B)
Class kotlin.reflect.KProperty$Accessor                                               : loaded 3 times (x 72B)
Class [Lkotlin.reflect.KCallable;                                                     : loaded 3 times (x 71B)
Class kotlin.jvm.internal.ArrayIteratorKt                                             : loaded 3 times (x 73B)
Class kotlin.jvm.functions.Function14                                                 : loaded 3 times (x 72B)
Class kotlin.KotlinNullPointerException                                               : loaded 3 times (x 84B)
Class kotlin.jvm.functions.Function13                                                 : loaded 3 times (x 72B)
Class kotlin.text.Charsets                                                            : loaded 3 times (x 73B)
Class kotlin.sequences.Sequence                                                       : loaded 3 times (x 72B)
Class kotlin.ranges.OpenEndRange                                                      : loaded 3 times (x 72B)
Class kotlin.collections.builders.MapBuilder$EntryRef                                 : loaded 3 times (x 83B)
Class kotlin.text.StringsKt__StringNumberConversionsJVMKt                             : loaded 3 times (x 73B)
Class jdk.internal.jimage.decompressor.CompressedResourceHeader                       : loaded 3 times (x 73B)
Class kotlin.collections.CollectionsKt__IterablesKt                                   : loaded 3 times (x 73B)
Class kotlin.collections.MapsKt                                                       : loaded 3 times (x 73B)
Class kotlin.jvm.functions.Function12                                                 : loaded 3 times (x 72B)
Class kotlin.collections.CollectionsKt___CollectionsKt$asSequence$$inlined$Sequence$1 : loaded 3 times (x 77B)
Class kotlin.coroutines.intrinsics.CoroutineSingletons                                : loaded 3 times (x 81B)
Class jdk.internal.jrtfs.JrtFileSystem                                                : loaded 3 times (x 104B)
Class kotlin.jvm.internal.Intrinsics                                                  : loaded 3 times (x 73B)
Class kotlin.jvm.functions.Function20                                                 : loaded 3 times (x 72B)
Class kotlin.reflect.KAnnotatedElement                                                : loaded 3 times (x 72B)
Class kotlin.collections.EmptyMap                                                     : loaded 3 times (x 110B)
Class kotlin.jvm.internal.markers.KMutableCollection                                  : loaded 3 times (x 72B)
Class kotlin.jvm.functions.Function11                                                 : loaded 3 times (x 72B)
Class kotlin.jvm.functions.Function21                                                 : loaded 3 times (x 72B)
Class kotlin.ranges.IntRange$Companion                                                : loaded 3 times (x 73B)
Class kotlin.annotation.AnnotationRetention                                           : loaded 3 times (x 81B)
Class kotlin.collections.MapWithDefault                                               : loaded 3 times (x 72B)
Class kotlin.coroutines.intrinsics.IntrinsicsKt                                       : loaded 3 times (x 73B)
Class kotlin.coroutines.jvm.internal.SuspendLambda                                    : loaded 3 times (x 93B)
Class kotlin.coroutines.jvm.internal.ContinuationImpl                                 : loaded 3 times (x 89B)
Class kotlin.jvm.functions.Function22                                                 : loaded 3 times (x 72B)
Class kotlin.collections.builders.MapBuilderEntries                                   : loaded 3 times (x 147B)
Class [Lkotlin.reflect.KClassifier;                                                   : loaded 3 times (x 71B)
Class [Lkotlin.LazyThreadSafetyMode;                                                  : loaded 3 times (x 71B)
Class kotlin.jvm.functions.Function9                                                  : loaded 3 times (x 72B)
Class kotlin.jvm.functions.Function10                                                 : loaded 3 times (x 72B)
Class kotlin.reflect.KTypeParameter                                                   : loaded 3 times (x 72B)
Class kotlin.collections.ArraysKt___ArraysJvmKt                                       : loaded 3 times (x 73B)
Class kotlin.collections.CollectionsKt__CollectionsKt                                 : loaded 3 times (x 73B)
Class kotlin.text.StringsKt__RegexExtensionsJVMKt                                     : loaded 3 times (x 73B)
Class kotlin.annotation.MustBeDocumented                                              : loaded 3 times (x 72B)
Class kotlin.enums.EnumEntriesKt                                                      : loaded 3 times (x 73B)
Class kotlin.text.Regex$Companion                                                     : loaded 3 times (x 73B)
Class kotlin._Assertions                                                              : loaded 3 times (x 73B)
Class kotlin.text.StringsKt___StringsKt                                               : loaded 3 times (x 73B)
Class kotlin.collections.CollectionsKt__MutableCollectionsJVMKt                       : loaded 3 times (x 73B)
Class kotlin.collections.builders.MapBuilder$Companion                                : loaded 3 times (x 73B)
Class [Lkotlin.annotation.AnnotationTarget;                                           : loaded 3 times (x 71B)
Class [Lkotlin.coroutines.intrinsics.CoroutineSingletons;                             : loaded 3 times (x 71B)
Class kotlin.jvm.functions.Function8                                                  : loaded 3 times (x 72B)
Class kotlin.jvm.internal.FunctionReference                                           : loaded 3 times (x 124B)
Class kotlin.jvm.internal.FunctionBase                                                : loaded 3 times (x 72B)
Class kotlin.enums.EnumEntriesList                                                    : loaded 3 times (x 225B)
Class [Lkotlin.annotation.AnnotationRetention;                                        : loaded 3 times (x 71B)
Class kotlin.collections.MapsKt__MapWithDefaultKt                                     : loaded 3 times (x 73B)
Class kotlin.jvm.functions.Function7                                                  : loaded 3 times (x 72B)
Class kotlin.comparisons.ComparisonsKt___ComparisonsJvmKt                             : loaded 3 times (x 73B)
Class kotlin.collections.ArraysKt___ArraysKt                                          : loaded 3 times (x 73B)
Class kotlin.collections.MapsKt___MapsKt                                              : loaded 3 times (x 73B)
Class kotlin.jvm.functions.Function6                                                  : loaded 3 times (x 72B)
Class kotlin.io.FilesKt                                                               : loaded 3 times (x 73B)
Class kotlin.collections.builders.AbstractMapBuilderEntrySet                          : loaded 3 times (x 146B)
Class kotlin.collections.CollectionsKt__IteratorsJVMKt                                : loaded 3 times (x 73B)
Class kotlin.reflect.KDeclarationContainer                                            : loaded 3 times (x 72B)
Class kotlin.text.StringsKt___StringsJvmKt                                            : loaded 3 times (x 73B)
Class kotlin.jvm.functions.Function5                                                  : loaded 3 times (x 72B)
Class kotlin.annotation.Retention                                                     : loaded 3 times (x 72B)
Class kotlin.Result                                                                   : loaded 3 times (x 74B)
Class kotlin.reflect.KProperty0                                                       : loaded 3 times (x 72B)
Class jdk.internal.jimage.ImageStrings                                                : loaded 3 times (x 72B)
Class kotlin.collections.CollectionsKt___CollectionsKt                                : loaded 3 times (x 73B)
Class kotlin.collections.EmptySet                                                     : loaded 3 times (x 124B)
Class kotlin.annotation.Target                                                        : loaded 3 times (x 72B)
Class jdk.internal.jrtfs.JrtFileSystemProvider                                        : loaded 3 times (x 103B)
Class kotlin.sequences.TransformingSequence$iterator$1                                : loaded 3 times (x 81B)
Class kotlin.Pair                                                                     : loaded 3 times (x 74B)
Class kotlin.reflect.KProperty1                                                       : loaded 3 times (x 72B)
Class kotlin.reflect.KClass                                                           : loaded 3 times (x 72B)
Class kotlin.jvm.functions.Function4                                                  : loaded 3 times (x 72B)
Class kotlin.collections.MapsKt___MapsJvmKt                                           : loaded 3 times (x 73B)
Class kotlin.sequences.GeneratorSequence$iterator$1                                   : loaded 3 times (x 81B)
Class kotlin.jvm.functions.Function3                                                  : loaded 3 times (x 72B)
Class kotlin.io.CloseableKt                                                           : loaded 3 times (x 73B)
Class kotlin.reflect.KProperty2                                                       : loaded 3 times (x 72B)
Class kotlin.collections.CollectionsKt__MutableCollectionsKt                          : loaded 3 times (x 73B)
Class kotlin.io.FileTreeWalk$WalkState                                                : loaded 3 times (x 75B)
Class kotlin.jvm.internal.markers.KMutableIterator                                    : loaded 3 times (x 72B)
Class kotlin.coroutines.CoroutineContext$Element                                      : loaded 3 times (x 72B)
Class kotlin.io.TerminateException                                                    : loaded 3 times (x 84B)
Class kotlin.io.FilesKt__FilePathComponentsKt                                         : loaded 3 times (x 73B)
Class kotlin.jvm.functions.Function2                                                  : loaded 3 times (x 72B)
Class kotlin.reflect.KCallable                                                        : loaded 3 times (x 72B)
Class kotlin.KotlinNothingValueException                                              : loaded 3 times (x 84B)
Class kotlin.collections.AbstractIterator                                             : loaded 3 times (x 85B)
Class kotlin.text.CharsKt                                                             : loaded 3 times (x 73B)
Class kotlin.jvm.functions.Function1                                                  : loaded 3 times (x 72B)
Class kotlin.collections.AbstractMutableList                                          : loaded 3 times (x 208B)
Class jdk.internal.jimage.ImageLocation                                               : loaded 3 times (x 92B)
Class kotlin.properties.ReadWriteProperty                                             : loaded 3 times (x 72B)
Class jdk.internal.jimage.decompressor.ZipDecompressor                                : loaded 3 times (x 77B)
Class kotlin.jvm.functions.Function0                                                  : loaded 3 times (x 72B)
Class kotlin.collections.ArraysUtilJVM                                                : loaded 3 times (x 73B)
Class kotlin.coroutines.ContinuationInterceptor$Key                                   : loaded 3 times (x 73B)
Class kotlin.sequences.FlatteningSequence$iterator$1                                  : loaded 3 times (x 81B)
Class kotlin.sequences.GeneratorSequence                                              : loaded 3 times (x 77B)
Class kotlin.ranges.RangesKt                                                          : loaded 3 times (x 73B)
Class kotlin.collections.builders.MapBuilder$EntriesItr                               : loaded 3 times (x 83B)
Class kotlin.jvm.internal.markers.KMutableIterable                                    : loaded 3 times (x 72B)
Class jdk.internal.jimage.ImageBufferCache$1                                          : loaded 3 times (x 84B)
Class kotlin.TuplesKt                                                                 : loaded 3 times (x 73B)
Class kotlin.Unit                                                                     : loaded 3 times (x 73B)
Class kotlin.sequences.SequencesKt___SequencesJvmKt                                   : loaded 3 times (x 73B)
Class kotlin.jvm.internal.FunctionReferenceImpl                                       : loaded 3 times (x 124B)
Class kotlin.collections.ArraysKt___ArraysKt$asSequence$$inlined$Sequence$1           : loaded 3 times (x 77B)
Class kotlin.collections.CollectionsKt___CollectionsJvmKt                             : loaded 3 times (x 73B)
Class kotlin.reflect.KType                                                            : loaded 3 times (x 72B)
Class kotlin.collections.MapsKt__MapsJVMKt                                            : loaded 3 times (x 73B)
Class kotlin.collections.EmptyList                                                    : loaded 3 times (x 176B)
Class kotlin.text.CharsKt__CharJVMKt                                                  : loaded 3 times (x 73B)
Class jdk.internal.jimage.ImageBufferCache$2                                          : loaded 3 times (x 93B)
Class kotlin.Result$Companion                                                         : loaded 3 times (x 73B)
Class kotlin.sequences.FilteringSequence                                              : loaded 3 times (x 77B)
Class kotlin.collections.builders.ListBuilderKt                                       : loaded 3 times (x 73B)
Class kotlin.coroutines.jvm.internal.BaseContinuationImpl                             : loaded 3 times (x 89B)
Class kotlin.comparisons.ComparisonsKt___ComparisonsKt                                : loaded 3 times (x 73B)
Class kotlin.comparisons.ComparisonsKt                                                : loaded 3 times (x 73B)
Class kotlin.ResultKt                                                                 : loaded 3 times (x 73B)
Class jdk.internal.jimage.decompressor.ZipDecompressorFactory                         : loaded 3 times (x 76B)
Class kotlin.collections.IndexingIterable                                             : loaded 3 times (x 81B)
Class kotlin.ranges.RangesKt__RangesKt                                                : loaded 3 times (x 73B)
Class kotlin.Result$Failure                                                           : loaded 3 times (x 74B)
Class kotlin.collections.ArraysKt__ArraysKt                                           : loaded 3 times (x 73B)
Class kotlin.jvm.internal.ClassBasedDeclarationContainer                              : loaded 3 times (x 72B)
Class kotlin.collections.SetsKt___SetsKt                                              : loaded 3 times (x 73B)
Class kotlin.sequences.SequencesKt__SequencesKt                                       : loaded 3 times (x 73B)
Class kotlin.coroutines.Continuation                                                  : loaded 3 times (x 72B)
Class kotlin.comparisons.ComparisonsKt__ComparisonsKt                                 : loaded 3 times (x 73B)
Class kotlin.UNINITIALIZED_VALUE                                                      : loaded 3 times (x 73B)
Class kotlin.collections.SetsKt__SetsJVMKt                                            : loaded 3 times (x 73B)
Class kotlin.jvm.internal.ReflectionFactory                                           : loaded 3 times (x 93B)
Class kotlin.Function                                                                 : loaded 3 times (x 72B)
Class kotlin.jvm.internal.Ref$ObjectRef                                               : loaded 3 times (x 74B)
Class kotlin.LazyKt__LazyKt                                                           : loaded 3 times (x 73B)
Class kotlin.internal.ProgressionUtilKt                                               : loaded 3 times (x 73B)
Class kotlin.io.FileAlreadyExistsException                                            : loaded 3 times (x 84B)
Class kotlin.KotlinVersion                                                            : loaded 3 times (x 76B)
Class kotlin.text.StringsKt__StringBuilderJVMKt                                       : loaded 3 times (x 73B)
Class kotlin.reflect.KMutableProperty                                                 : loaded 3 times (x 72B)
Class kotlin.text.Regex                                                               : loaded 3 times (x 74B)
Class jdk.internal.jimage.ImageHeader                                                 : loaded 3 times (x 73B)
Class kotlin.collections.ArrayAsCollection                                            : loaded 3 times (x 107B)
Class kotlin.Triple                                                                   : loaded 3 times (x 74B)
Class kotlin.jvm.internal.PropertyReference                                           : loaded 3 times (x 117B)
Class kotlin.collections.AbstractCollection                                           : loaded 3 times (x 119B)
Class kotlin.collections.IndexingIterator                                             : loaded 3 times (x 81B)
Class kotlin.collections.AbstractList                                                 : loaded 3 times (x 199B)
Class kotlin.sequences.SequencesKt__SequencesJVMKt                                    : loaded 3 times (x 73B)
Class kotlin.io.FilePathComponents                                                    : loaded 3 times (x 74B)
Class jdk.internal.jimage.ImageReader$Directory                                       : loaded 3 times (x 86B)
Class [Lkotlin.reflect.KAnnotatedElement;                                             : loaded 3 times (x 71B)
Class kotlin.SynchronizedLazyImpl                                                     : loaded 3 times (x 78B)
Class kotlin.text.StringsKt__RegexExtensionsKt                                        : loaded 3 times (x 73B)
Class kotlin.annotation.AnnotationTarget                                              : loaded 3 times (x 81B)
Class kotlin.ranges.ClosedRange                                                       : loaded 3 times (x 72B)
Class kotlin.collections.EmptyIterator                                                : loaded 3 times (x 91B)
Class kotlin.reflect.KProperty                                                        : loaded 3 times (x 72B)
Class kotlin.jvm.internal.Reflection                                                  : loaded 3 times (x 73B)
Class kotlin.jvm.JvmClassMappingKt                                                    : loaded 3 times (x 73B)
Class kotlin.jvm.internal.SpreadBuilder                                               : loaded 3 times (x 78B)
Class jdk.internal.jimage.decompressor.ResourceDecompressorRepository                 : loaded 3 times (x 73B)
Class kotlin.jvm.internal.ArrayIterator                                               : loaded 3 times (x 81B)
Class kotlin.LazyThreadSafetyMode                                                     : loaded 3 times (x 81B)
Class jdk.internal.jimage.decompressor.ResourceDecompressor                           : loaded 3 times (x 72B)
Class kotlin.collections.IntIterator                                                  : loaded 3 times (x 84B)
Class kotlin.jvm.internal.TypeIntrinsics                                              : loaded 3 times (x 73B)
Class kotlin.jvm.internal.MutablePropertyReference                                    : loaded 3 times (x 121B)
Class kotlin.LazyKt__LazyJVMKt$WhenMappings                                           : loaded 3 times (x 73B)
Class kotlin.UnsafeLazyImpl                                                           : loaded 3 times (x 78B)
Class kotlin.jvm.internal.PropertyReference1                                          : loaded 3 times (x 129B)
Class kotlin.text.StringsKt__StringsJVMKt                                             : loaded 3 times (x 73B)
Class kotlin.jvm.internal.DefaultConstructorMarker                                    : loaded 3 times (x 73B)
Class kotlin.collections.SetsKt                                                       : loaded 3 times (x 73B)
Class kotlin.io.FileSystemException                                                   : loaded 3 times (x 84B)
Class kotlin.text.StringsKt__IndentKt                                                 : loaded 3 times (x 73B)
Class jdk.internal.jrtfs.JrtPath                                                      : loaded 3 times (x 124B)
Class jdk.internal.jimage.ImageBufferCache                                            : loaded 3 times (x 73B)
Class kotlin.collections.ArrayDeque                                                   : loaded 3 times (x 209B)
Class kotlin.enums.EnumEntries                                                        : loaded 3 times (x 72B)
Class kotlin.jvm.internal.markers.KMutableMap                                         : loaded 3 times (x 72B)
Class kotlin.reflect.KFunction                                                        : loaded 3 times (x 72B)
Class kotlin.properties.ReadOnlyProperty                                              : loaded 3 times (x 72B)
Class kotlin.ranges.IntRange                                                          : loaded 3 times (x 95B)
Class kotlin.jvm.internal.CallableReference                                           : loaded 3 times (x 108B)
Class [Lkotlin.sequences.Sequence;                                                    : loaded 3 times (x 71B)
Class kotlin.jvm.internal.MutablePropertyReference1Impl                               : loaded 3 times (x 139B)
Class kotlin.jvm.internal.Lambda                                                      : loaded 3 times (x 77B)
Class [Lkotlin.reflect.KDeclarationContainer;                                         : loaded 3 times (x 71B)
Class kotlin.collections.MapsKt__MapsKt                                               : loaded 3 times (x 73B)
Class kotlin.text.StringsKt__StringNumberConversionsKt                                : loaded 3 times (x 73B)
Class jdk.internal.jimage.ImageStringsReader                                          : loaded 3 times (x 82B)
Class kotlin.jvm.internal.markers.KMutableMap$Entry                                   : loaded 3 times (x 72B)
Class [Lkotlin.Pair;                                                                  : loaded 3 times (x 71B)
Class kotlin.properties.Delegates                                                     : loaded 3 times (x 73B)
Class kotlin.jvm.internal.markers.KMutableList                                        : loaded 3 times (x 72B)
Class kotlin.Metadata                                                                 : loaded 3 times (x 72B)
Class kotlin.collections.AbstractMutableSet                                           : loaded 3 times (x 144B)
Class kotlin.UninitializedPropertyAccessException                                     : loaded 3 times (x 84B)
Class kotlin.io.FilesKt__FileReadWriteKt                                              : loaded 3 times (x 73B)
Class kotlin.ranges.IntProgression                                                    : loaded 3 times (x 83B)
Class jdk.internal.jimage.decompressor.Decompressor                                   : loaded 3 times (x 74B)
Class jdk.internal.jimage.ImageReader                                                 : loaded 3 times (x 77B)
Class kotlin.reflect.KProperty$Getter                                                 : loaded 3 times (x 72B)
Class kotlin.LazyKt__LazyJVMKt                                                        : loaded 3 times (x 73B)
Class jdk.internal.jimage.ImageReader$SharedImageReader                               : loaded 3 times (x 97B)
Class kotlin.coroutines.CoroutineContext$Key                                          : loaded 3 times (x 72B)
Class kotlin.SafePublicationLazyImpl                                                  : loaded 3 times (x 78B)
Class kotlin.text.StringsKt                                                           : loaded 3 times (x 73B)
Class kotlin.jvm.internal.markers.KMutableSet                                         : loaded 3 times (x 72B)
Class kotlin.collections.CollectionsKt__IteratorsKt                                   : loaded 3 times (x 73B)
Class kotlin.collections.builders.MapBuilder$Itr                                      : loaded 3 times (x 74B)
Class kotlin.KotlinVersionCurrentValue                                                : loaded 3 times (x 73B)
Class jdk.internal.jimage.decompressor.ResourceDecompressorFactory                    : loaded 3 times (x 76B)
Class kotlin.sequences.SequencesKt                                                    : loaded 3 times (x 73B)
Class kotlin.collections.IndexedValue                                                 : loaded 3 times (x 74B)
Class jdk.internal.jimage.BasicImageReader$1                                          : loaded 3 times (x 79B)
Class kotlin.collections.CollectionsKt__CollectionsJVMKt                              : loaded 3 times (x 73B)
Class kotlin.io.FilesKt__UtilsKt                                                      : loaded 3 times (x 73B)
Class jdk.internal.jimage.ImageReader$Node                                            : loaded 3 times (x 86B)
Class kotlin.coroutines.intrinsics.IntrinsicsKt__IntrinsicsKt                         : loaded 3 times (x 73B)
Class kotlin.time.Duration$Companion                                                  : loaded 2 times (x 73B)
Class kotlinx.coroutines.Job$Key                                                      : loaded 2 times (x 73B)
Class kotlinx.coroutines.DefaultExecutor                                              : loaded 2 times (x 121B)
Class kotlin.reflect.jvm.internal.KDeclarationContainerImpl                           : loaded 2 times (x 86B)
Class kotlin.text.RegexKt                                                             : loaded 2 times (x 73B)
Class [Lkotlin.jvm.internal.markers.KMappedMarker;                                    : loaded 2 times (x 71B)
Class com.google.common.collect.Iterators$5                                           : loaded 2 times (x 84B)
Class com.google.common.collect.ImmutableCollection                                   : loaded 2 times (x 127B)
Class org.gradle.api.internal.classpath.DefaultModuleRegistry                         : loaded 2 times (x 88B)
Class com.google.common.collect.ImmutableSet$JdkBackedSetBuilderImpl                  : loaded 2 times (x 78B)
Class com.google.devtools.ksp.processing.KSPLogger                                    : loaded 2 times (x 72B)
Class kotlinx.coroutines.EventLoop                                                    : loaded 2 times (x 106B)
Class kotlin.collections.AbstractSet                                                  : loaded 2 times (x 137B)
Class kotlin.jvm.internal.DoubleCompanionObject                                       : loaded 2 times (x 73B)
Class org.gradle.internal.installation.GradleInstallation$1                           : loaded 2 times (x 77B)
Class kotlin.reflect.jvm.internal.impl.name.SpecialNames                              : loaded 2 times (x 73B)
Class org.gradle.api.internal.classpath.ModuleRegistry                                : loaded 2 times (x 72B)
Class com.google.common.collect.AbstractListMultimap                                  : loaded 2 times (x 173B)
Class com.google.common.collect.Lists                                                 : loaded 2 times (x 73B)
Class com.google.common.base.Converter                                                : loaded 2 times (x 92B)
Class com.google.common.collect.ImmutableSet$CachingAsList                            : loaded 2 times (x 150B)
Class jdk.internal.jimage.BasicImageReader$2                                          : loaded 2 times (x 79B)
Class kotlin.properties.NotNullVar                                                    : loaded 2 times (x 81B)
Class com.google.common.collect.Iterators$4                                           : loaded 2 times (x 84B)
Class kotlin.reflect.jvm.internal.ReflectProperties                                   : loaded 2 times (x 73B)
Class com.google.common.collect.Iterators$9                                           : loaded 2 times (x 83B)
Class com.google.common.collect.AbstractMapBasedMultimap                              : loaded 2 times (x 140B)
Class com.google.common.collect.ImmutableAsList                                       : loaded 2 times (x 211B)
Class kotlin.time.DurationJvmKt                                                       : loaded 2 times (x 73B)
Class [Lorg.jetbrains.kotlin.cli.common.messages.CompilerMessageSeverity;             : loaded 2 times (x 71B)
Class kotlin.coroutines.jvm.internal.RestrictedContinuationImpl                       : loaded 2 times (x 89B)
Class com.google.common.collect.SingletonImmutableSet                                 : loaded 2 times (x 148B)
Class jdk.internal.jimage.ImageReader$Resource                                        : loaded 2 times (x 86B)
Class kotlin.text.MatchNamedGroupCollection                                           : loaded 2 times (x 72B)
Class com.google.common.collect.ImmutableMap$IteratorBasedImmutableMap                : loaded 2 times (x 128B)
Class kotlinx.coroutines.scheduling.TasksKt                                           : loaded 2 times (x 73B)
Class kotlinx.coroutines.internal.SystemPropsKt__SystemPropsKt                        : loaded 2 times (x 73B)
Class com.google.devtools.ksp.processing.KSPJvmConfig                                 : loaded 2 times (x 74B)
Class kotlinx.coroutines.ExecutorCoroutineDispatcher$Key$1                            : loaded 2 times (x 80B)
Class com.google.common.collect.Iterators$1                                           : loaded 2 times (x 83B)
Class org.jetbrains.kotlin.cli.common.arguments.Freezable                             : loaded 2 times (x 74B)
Class com.google.common.collect.Maps$EntryTransformer                                 : loaded 2 times (x 72B)
Class org.gradle.internal.service.ServiceLookupException                              : loaded 2 times (x 84B)
Class jdk.internal.jrtfs.JrtFileAttributes                                            : loaded 2 times (x 85B)
Class kotlinx.coroutines.CoroutineDispatcher$Key                                      : loaded 2 times (x 74B)
Class [Lkotlinx.coroutines.CoroutineStart;                                            : loaded 2 times (x 71B)
Class kotlinx.coroutines.ChildHandleNode                                              : loaded 2 times (x 96B)
Class kotlinx.coroutines.scheduling.SchedulerCoroutineDispatcher                      : loaded 2 times (x 109B)
Class org.gradle.internal.classloader.ClassLoaderFactory                              : loaded 2 times (x 72B)
Class kotlinx.coroutines.CompletionHandlerBase                                        : loaded 2 times (x 82B)
Class kotlin.reflect.jvm.internal.impl.builtins.PrimitiveType                         : loaded 2 times (x 81B)
Class org.jetbrains.kotlin.cli.common.arguments.ArgumentParseErrors                   : loaded 2 times (x 74B)
Class com.google.common.base.CommonPattern                                            : loaded 2 times (x 76B)
Class org.gradle.internal.service.CachingServiceLocator                               : loaded 2 times (x 84B)
Class kotlin.collections.AbstractMap                                                  : loaded 2 times (x 124B)
Class kotlin.collections.AbstractList$IteratorImpl                                    : loaded 2 times (x 84B)
Class kotlin.time.DurationUnitKt__DurationUnitKt                                      : loaded 2 times (x 73B)
Class com.google.common.math.IntMath                                                  : loaded 2 times (x 73B)
Class kotlinx.coroutines.BlockingEventLoop                                            : loaded 2 times (x 118B)
Class kotlin.coroutines.AbstractCoroutineContextElement                               : loaded 2 times (x 91B)
Class kotlinx.coroutines.ThreadLocalEventLoop                                         : loaded 2 times (x 73B)
Class com.google.common.base.JdkPattern                                               : loaded 2 times (x 77B)
Class com.google.common.collect.ImmutableList$ReverseImmutableList                    : loaded 2 times (x 211B)
Class kotlin.reflect.jvm.internal.impl.descriptors.runtime.structure.ReflectClassUtilKt: loaded 2 times (x 73B)
Class [Lkotlin.reflect.jvm.internal.impl.name.FqName;                                 : loaded 2 times (x 71B)
Class kotlinx.coroutines.CompletionStateKt                                            : loaded 2 times (x 73B)
Class kotlin.reflect.jvm.internal.KPackageImpl                                        : loaded 2 times (x 87B)
Class com.google.common.base.Function                                                 : loaded 2 times (x 72B)
Class kotlin.jvm.internal.markers.KMutableListIterator                                : loaded 2 times (x 72B)
Class kotlinx.coroutines.CoroutineDispatcher$Key$1                                    : loaded 2 times (x 80B)
Class kotlinx.coroutines.CoroutineDispatcher                                          : loaded 2 times (x 101B)
Class [Lorg.jetbrains.kotlin.cli.common.CompilerSystemProperties;                     : loaded 2 times (x 71B)
Class com.google.common.collect.RegularImmutableList                                  : loaded 2 times (x 215B)
Class org.gradle.internal.classpath.ClassPath                                         : loaded 2 times (x 72B)
Class com.google.common.collect.SingletonImmutableList                                : loaded 2 times (x 209B)
Class kotlin.reflect.jvm.internal.KDeclarationContainerImpl$Companion                 : loaded 2 times (x 73B)
Class org.gradle.internal.classloader.ClasspathUtil                                   : loaded 2 times (x 73B)
Class kotlin.collections.builders.SetBuilder                                          : loaded 2 times (x 145B)
Class kotlinx.coroutines.NonDisposableHandle                                          : loaded 2 times (x 80B)
Class org.jetbrains.kotlin.cli.common.arguments.K2JVMCompilerArgumentsConfigurator    : loaded 2 times (x 76B)
Class kotlin.jvm.internal.PropertyReference0                                          : loaded 2 times (x 129B)
Class org.jetbrains.kotlin.cli.common.arguments.ParseCommandLineArgumentsKt           : loaded 2 times (x 73B)
Class kotlin.sequences.EmptySequence                                                  : loaded 2 times (x 80B)
Class kotlin.reflect.full.IllegalCallableAccessException                              : loaded 2 times (x 84B)
Class kotlin.time.DurationUnit                                                        : loaded 2 times (x 81B)
Class kotlin.reflect.jvm.internal.impl.resolve.jvm.JvmPrimitiveType                   : loaded 2 times (x 81B)
Class com.google.common.collect.Maps                                                  : loaded 2 times (x 73B)
Class org.gradle.api.specs.Spec                                                       : loaded 2 times (x 72B)
Class jdk.internal.jimage.ImageReader$SharedImageReader$LocationVisitor               : loaded 2 times (x 72B)
Class kotlinx.coroutines.ThreadContextElement                                         : loaded 2 times (x 72B)
Class kotlinx.coroutines.internal.SystemPropsKt__SystemProps_commonKt                 : loaded 2 times (x 73B)
Class kotlin.jvm.internal.PropertyReference2                                          : loaded 2 times (x 129B)
Class kotlinx.coroutines.DispatchedTaskKt                                             : loaded 2 times (x 73B)
Class kotlinx.coroutines.CoroutineContextKt                                           : loaded 2 times (x 73B)
Class [Lkotlin.reflect.jvm.internal.impl.builtins.jvm.JavaToKotlinClassMap$PlatformMutabilityMapping;: loaded 2 times (x 71B)
Class org.gradle.internal.classpath.DefaultClassPath$ImmutableUniqueList              : loaded 2 times (x 201B)
Class kotlin.reflect.full.IllegalPropertyDelegateAccessException                      : loaded 2 times (x 84B)
Class org.gradle.api.internal.ClassPathRegistry                                       : loaded 2 times (x 72B)
Class com.google.common.collect.Multimap                                              : loaded 2 times (x 72B)
Class org.jetbrains.kotlin.cli.common.messages.MessageCollector                       : loaded 2 times (x 72B)
Class kotlinx.coroutines.internal.DispatchedContinuation                              : loaded 2 times (x 92B)
Class kotlinx.coroutines.internal.Symbol                                              : loaded 2 times (x 74B)
Class kotlin.reflect.jvm.internal.KPropertyImpl                                       : loaded 2 times (x 117B)
Class kotlin.jvm.internal.ShortCompanionObject                                        : loaded 2 times (x 73B)
Class org.gradle.api.internal.DefaultClassPathRegistry                                : loaded 2 times (x 78B)
Class com.google.common.base.Platform                                                 : loaded 2 times (x 73B)
Class kotlin.reflect.jvm.internal.ReflectProperties$LazySoftVal                       : loaded 2 times (x 80B)
Class kotlin.jvm.internal.CharCompanionObject                                         : loaded 2 times (x 73B)
Class kotlin.reflect.jvm.internal.impl.builtins.StandardNames                         : loaded 2 times (x 73B)
Class [Lkotlin.reflect.jvm.internal.impl.builtins.PrimitiveType;                      : loaded 2 times (x 71B)
Class kotlin.coroutines.CombinedContext                                               : loaded 2 times (x 80B)
Class org.jetbrains.kotlin.config.Services$Companion                                  : loaded 2 times (x 73B)
Class kotlin.coroutines.jvm.internal.RestrictedSuspendLambda                          : loaded 2 times (x 93B)
Class com.google.devtools.ksp.processing.KspGradleLogger$Companion                    : loaded 2 times (x 73B)
Class com.google.common.collect.Maps$8                                                : loaded 2 times (x 84B)
Class kotlin.collections.MutableMapWithDefaultImpl                                    : loaded 2 times (x 146B)
Class kotlinx.coroutines.internal.LockFreeTaskQueueCore                               : loaded 2 times (x 74B)
Class kotlinx.coroutines.EventLoopKt                                                  : loaded 2 times (x 73B)
Class kotlinx.coroutines.JobCancellingNode                                            : loaded 2 times (x 92B)
Class org.gradle.api.internal.classpath.UnknownModuleException                        : loaded 2 times (x 84B)
Class kotlin.reflect.jvm.internal.KClassifierImpl                                     : loaded 2 times (x 72B)
Class kotlinx.coroutines.internal.DispatchedContinuationKt                            : loaded 2 times (x 73B)
Class kotlin.sequences.SequencesKt__SequenceBuilderKt$sequence$$inlined$Sequence$1    : loaded 2 times (x 77B)
Class org.gradle.api.internal.classpath.Module                                        : loaded 2 times (x 72B)
Class kotlin.reflect.jvm.internal.KotlinReflectionInternalError                       : loaded 2 times (x 84B)
Class kotlin.reflect.jvm.internal.impl.builtins.jvm.JavaToKotlinClassMap              : loaded 2 times (x 73B)
Class org.gradle.internal.classloader.VisitableURLClassLoader$InstrumentingVisitableURLClassLoader: loaded 2 times (x 124B)
Class kotlinx.coroutines.Job                                                          : loaded 2 times (x 72B)
Class kotlin.collections.ReversedListReadOnly$listIterator$1                          : loaded 2 times (x 92B)
Class kotlinx.coroutines.Job$DefaultImpls                                             : loaded 2 times (x 73B)
Class kotlin.coroutines.CoroutineContext$Element$DefaultImpls                         : loaded 2 times (x 73B)
Class com.google.common.collect.Multiset                                              : loaded 2 times (x 72B)
Class com.google.common.collect.ArrayListMultimapGwtSerializationDependencies         : loaded 2 times (x 173B)
Class [Lkotlin.reflect.jvm.internal.impl.resolve.jvm.JvmPrimitiveType;                : loaded 2 times (x 71B)
Class com.google.common.collect.AbstractIndexedListIterator                           : loaded 2 times (x 98B)
Class com.google.common.math.MathPreconditions                                        : loaded 2 times (x 73B)
Class kotlinx.coroutines.ExecutorCoroutineDispatcher                                  : loaded 2 times (x 109B)
Class com.google.common.math.IntMath$1                                                : loaded 2 times (x 73B)
Class org.gradle.internal.classloader.VisitableURLClassLoader$Spec                    : loaded 2 times (x 76B)
Class org.gradle.internal.classpath.DefaultClassPath                                  : loaded 2 times (x 92B)
Class com.google.common.collect.AbstractIterator                                      : loaded 2 times (x 84B)
Class org.gradle.api.internal.classpath.DefaultModuleRegistry$DefaultModule           : loaded 2 times (x 88B)
Class com.google.common.collect.BiMap                                                 : loaded 2 times (x 72B)
Class kotlin.coroutines.ContinuationKt                                                : loaded 2 times (x 73B)
Class kotlin.reflect.jvm.internal.impl.builtins.StandardNames$FqNames                 : loaded 2 times (x 73B)
Class kotlinx.coroutines.JobSupport                                                   : loaded 2 times (x 134B)
Class org.gradle.internal.classloader.ClasspathUtil$1                                 : loaded 2 times (x 78B)
Class com.google.devtools.ksp.processing.KspGradleLogger                              : loaded 2 times (x 81B)
Class kotlin.UInt$Companion                                                           : loaded 2 times (x 73B)
Class kotlin.UInt                                                                     : loaded 2 times (x 76B)
Class kotlin.reflect.jvm.internal.ReflectionFactoryImpl                               : loaded 2 times (x 93B)
Class com.google.common.collect.ImmutableSet                                          : loaded 2 times (x 147B)
Class org.gradle.internal.classloader.ClassLoaderSpec                                 : loaded 2 times (x 73B)
Class kotlin.jvm.internal.LongCompanionObject                                         : loaded 2 times (x 73B)
Class kotlin.collections.ReversedListReadOnly                                         : loaded 2 times (x 200B)
Class kotlin.text.DelimitedRangesSequence                                             : loaded 2 times (x 77B)
Class kotlin.reflect.jvm.internal.ReflectProperties$Val$1                             : loaded 2 times (x 73B)
Class kotlinx.coroutines.internal.ThreadLocalKt                                       : loaded 2 times (x 73B)
Class kotlin.time.DurationUnitKt__DurationUnitJvmKt                                   : loaded 2 times (x 73B)
Class kotlin.time.DurationKt                                                          : loaded 2 times (x 73B)
Class kotlinx.coroutines.CoroutineStart$WhenMappings                                  : loaded 2 times (x 73B)
Class kotlin.jvm.JvmStatic                                                            : loaded 2 times (x 72B)
Class kotlin.collections.builders.SetBuilder$Companion                                : loaded 2 times (x 73B)
Class kotlin.DeprecationLevel                                                         : loaded 2 times (x 81B)
Class kotlin.io.FileTreeWalk$FileTreeWalkIterator$WhenMappings                        : loaded 2 times (x 73B)
Class kotlin.jdk7.AutoCloseableKt                                                     : loaded 2 times (x 73B)
Class kotlin.collections.AbstractSet$Companion                                        : loaded 2 times (x 73B)
Class com.google.common.collect.Lists$StringAsImmutableList                           : loaded 2 times (x 209B)
Class org.jetbrains.kotlin.config.Services$Builder                                    : loaded 2 times (x 74B)
Class kotlin.io.FileTreeWalk$DirectoryState                                           : loaded 2 times (x 75B)
Class org.gradle.internal.classloader.VisitableURLClassLoader                         : loaded 2 times (x 118B)
Class [Lkotlin.DeprecationLevel;                                                      : loaded 2 times (x 71B)
Class org.jetbrains.kotlin.config.Services                                            : loaded 2 times (x 74B)
Class kotlin.text.DelimitedRangesSequence$iterator$1                                  : loaded 2 times (x 81B)
Class kotlin.reflect.jvm.internal.KClassImpl                                          : loaded 2 times (x 117B)
Class kotlin.reflect.jvm.internal.KMutableProperty1Impl                               : loaded 2 times (x 137B)
Class kotlin.collections.MutableMapWithDefault                                        : loaded 2 times (x 72B)
Class org.gradle.internal.Cast                                                        : loaded 2 times (x 73B)
Class org.gradle.api.Action                                                           : loaded 2 times (x 72B)
Class kotlin.jvm.internal.IntCompanionObject                                          : loaded 2 times (x 73B)
Class jdk.internal.jrtfs.JrtDirectoryStream$1                                         : loaded 2 times (x 85B)
Class kotlinx.coroutines.CompletedExceptionally                                       : loaded 2 times (x 74B)
Class kotlin.coroutines.AbstractCoroutineContextKey                                   : loaded 2 times (x 74B)
Class com.google.common.collect.Iterators                                             : loaded 2 times (x 73B)
Class org.jetbrains.kotlin.cli.common.messages.GradleStyleMessageRenderer             : loaded 2 times (x 80B)
Class kotlin.io.LinesSequence$iterator$1                                              : loaded 2 times (x 81B)
Class com.google.common.base.Strings                                                  : loaded 2 times (x 73B)
Class com.google.common.collect.RegularImmutableAsList                                : loaded 2 times (x 219B)
Class kotlin.reflect.jvm.internal.impl.utils.CollectionsKt                            : loaded 2 times (x 73B)
Class kotlinx.coroutines.internal.LimitedDispatcherKt                                 : loaded 2 times (x 73B)
Class com.google.devtools.ksp.processing.KSPConfig                                    : loaded 2 times (x 74B)
Class com.google.common.collect.ImmutableMap                                          : loaded 2 times (x 122B)
Class org.gradle.internal.classpath.DefaultClassPath$ImmutableUniqueList$Builder      : loaded 2 times (x 77B)
Class com.google.common.collect.AbstractMultimap                                      : loaded 2 times (x 125B)
Class kotlinx.coroutines.CoroutineStart                                               : loaded 2 times (x 81B)
Class kotlinx.coroutines.scheduling.UnlimitedIoScheduler                              : loaded 2 times (x 101B)
Class kotlinx.coroutines.scheduling.GlobalQueue                                       : loaded 2 times (x 74B)
Class kotlin.reflect.jvm.internal.KDeclarationContainerImpl$Data                      : loaded 2 times (x 74B)
Class com.google.common.collect.AbstractMapEntry                                      : loaded 2 times (x 83B)
Class kotlinx.coroutines.CoroutineId                                                  : loaded 2 times (x 95B)
Class kotlinx.coroutines.EventLoopImplBase                                            : loaded 2 times (x 118B)
Class kotlin.reflect.jvm.internal.impl.builtins.PrimitiveType$Companion               : loaded 2 times (x 73B)
Class com.google.common.collect.Iterators$SingletonIterator                           : loaded 2 times (x 83B)
Class kotlin.reflect.jvm.internal.KClassImpl$Data                                     : loaded 2 times (x 74B)
Class jdk.internal.jrtfs.JrtFileSystem$1                                              : loaded 2 times (x 109B)
Class org.gradle.internal.service.ServiceLocator                                      : loaded 2 times (x 72B)
Class com.google.common.collect.UnmodifiableIterator                                  : loaded 2 times (x 82B)
Class org.jetbrains.kotlin.cli.common.arguments.K2JVMCompilerArguments                : loaded 2 times (x 77B)
Class com.google.common.collect.ArrayListMultimap                                     : loaded 2 times (x 173B)
Class org.gradle.api.GradleException                                                  : loaded 2 times (x 84B)
Class org.jetbrains.kotlin.cli.common.arguments.PreprocessCommandLineArgumentsKt      : loaded 2 times (x 73B)
Class kotlin.collections.AbstractMap$Companion                                        : loaded 2 times (x 73B)
Class kotlinx.coroutines.BuildersKt__BuildersKt                                       : loaded 2 times (x 73B)
Class kotlinx.coroutines.scheduling.NanoTimeSource                                    : loaded 2 times (x 74B)
Class kotlin.jvm.internal.BooleanCompanionObject                                      : loaded 2 times (x 73B)
Class com.google.common.base.Joiner                                                   : loaded 2 times (x 81B)
Class com.google.common.collect.CollectPreconditions                                  : loaded 2 times (x 73B)
Class kotlinx.coroutines.DefaultExecutorKt                                            : loaded 2 times (x 73B)
Class kotlinx.coroutines.Unconfined                                                   : loaded 2 times (x 101B)
Class kotlinx.coroutines.GlobalScope                                                  : loaded 2 times (x 76B)
Class kotlin.reflect.jvm.internal.impl.name.FqNamesUtilKt                             : loaded 2 times (x 73B)
Class kotlin.collections.builders.ListBuilder                                         : loaded 2 times (x 209B)
Class kotlin.reflect.jvm.internal.KTypeParameterOwnerImpl                             : loaded 2 times (x 72B)
Class kotlin.collections.builders.ListBuilder$Companion                               : loaded 2 times (x 73B)
Class kotlinx.coroutines.scheduling.CoroutineScheduler$Companion                      : loaded 2 times (x 73B)
Class com.google.common.collect.SortedMapDifference                                   : loaded 2 times (x 72B)
Class kotlin.collections.builders.MapBuilder$KeysItr                                  : loaded 2 times (x 83B)
Class [Lkotlin.time.DurationUnit;                                                     : loaded 2 times (x 71B)
Class kotlinx.coroutines.AbstractCoroutine                                            : loaded 2 times (x 145B)
Class jdk.internal.jrtfs.SystemImage$2                                                : loaded 2 times (x 78B)
Class kotlin.reflect.jvm.internal.impl.name.Name                                      : loaded 2 times (x 77B)
Class kotlin.reflect.jvm.internal.KPropertyImpl$Companion                             : loaded 2 times (x 73B)
Class com.google.common.collect.ImmutableCollection$Builder                           : loaded 2 times (x 78B)
Class org.jetbrains.kotlin.cli.common.arguments.CommonCompilerArguments               : loaded 2 times (x 76B)
Class com.google.common.collect.Iterators$ArrayItr                                    : loaded 2 times (x 99B)
Class kotlinx.coroutines.DisposableHandle                                             : loaded 2 times (x 72B)
Class kotlin.reflect.jvm.internal.impl.name.FqNameUnsafe                              : loaded 2 times (x 74B)
Class jdk.internal.jrtfs.SystemImage$1                                                : loaded 2 times (x 80B)
Class org.jetbrains.kotlin.cli.common.arguments.CommonCompilerArgumentsConfigurator   : loaded 2 times (x 76B)
Class org.gradle.internal.classloader.InstrumentingClassLoader                        : loaded 2 times (x 72B)
Class org.gradle.internal.classpath.TransformedClassPath                              : loaded 2 times (x 98B)
Class jdk.internal.jimage.ImageReader$LinkNode                                        : loaded 2 times (x 86B)
Class org.gradle.internal.IoActions                                                   : loaded 2 times (x 73B)
Class com.google.common.collect.MapDifference                                         : loaded 2 times (x 72B)
Class kotlinx.coroutines.scheduling.TaskContext                                       : loaded 2 times (x 72B)
Class kotlinx.coroutines.scheduling.DefaultIoScheduler                                : loaded 2 times (x 112B)
Class kotlinx.coroutines.DispatchedTask                                               : loaded 2 times (x 83B)
Class jdk.internal.jrtfs.JrtFileStore                                                 : loaded 2 times (x 85B)
Class org.jetbrains.kotlin.cli.common.messages.CompilerMessageSeverity                : loaded 2 times (x 81B)
Class kotlin.reflect.jvm.internal.EmptyContainerForLocal                              : loaded 2 times (x 86B)
Class com.google.common.collect.ImmutableSet$RegularSetBuilderImpl                    : loaded 2 times (x 78B)
Class org.gradle.internal.classloader.SystemClassLoaderSpec                           : loaded 2 times (x 73B)
Class kotlin.text.MatcherMatchResult$groups$1                                         : loaded 2 times (x 153B)
Class kotlinx.coroutines.internal.LockFreeLinkedListNode                              : loaded 2 times (x 77B)
Class kotlinx.coroutines.internal.SystemPropsKt                                       : loaded 2 times (x 73B)
Class kotlin.coroutines.CoroutineContext$DefaultImpls                                 : loaded 2 times (x 73B)
Class kotlin.reflect.jvm.internal.impl.name.ClassId                                   : loaded 2 times (x 74B)
Class kotlin.jvm.internal.PropertyReference0Impl                                      : loaded 2 times (x 129B)
Class kotlinx.coroutines.IncompleteStateBox                                           : loaded 2 times (x 74B)
Class org.gradle.internal.service.UnknownServiceException                             : loaded 2 times (x 85B)
Class org.jetbrains.kotlin.cli.common.CompilerSystemProperties                        : loaded 2 times (x 81B)
Class org.jetbrains.kotlin.cli.common.arguments.Argument                              : loaded 2 times (x 72B)
Class kotlinx.coroutines.Delay                                                        : loaded 2 times (x 72B)
Class kotlinx.coroutines.ParentJob                                                    : loaded 2 times (x 72B)
Class kotlinx.coroutines.JobNode                                                      : loaded 2 times (x 92B)
Class jdk.internal.jrtfs.SystemImage                                                  : loaded 2 times (x 76B)
Class org.gradle.api.internal.ClassPathProvider                                       : loaded 2 times (x 72B)
Class [Lorg.gradle.api.internal.ClassPathProvider;                                    : loaded 2 times (x 71B)
Class kotlin.io.FileTreeWalk$FileTreeWalkIterator$TopDownDirectoryState               : loaded 2 times (x 75B)
Class kotlin.sequences.SequenceScope                                                  : loaded 2 times (x 75B)
Class kotlinx.coroutines.internal.LockFreeTaskQueueCore$Companion                     : loaded 2 times (x 73B)
Class kotlin.reflect.jvm.internal.impl.builtins.jvm.JavaToKotlinClassMap$PlatformMutabilityMapping: loaded 2 times (x 74B)
Class kotlin.coroutines.ContinuationInterceptor$DefaultImpls                          : loaded 2 times (x 73B)
Class kotlin.text.MatchResult                                                         : loaded 2 times (x 72B)
Class org.jetbrains.kotlin.cli.common.CompilerSystemProperties$Companion              : loaded 2 times (x 73B)
Class org.gradle.api.internal.DefaultClassPathProvider                                : loaded 2 times (x 78B)
Class kotlin.sequences.SequenceBuilderIterator                                        : loaded 2 times (x 87B)
Class com.google.common.collect.ImmutableSet$SerializedForm                           : loaded 2 times (x 75B)
Class kotlin.reflect.jvm.internal.KCallableImpl                                       : loaded 2 times (x 107B)
Class kotlinx.coroutines.EventLoop_commonKt                                           : loaded 2 times (x 73B)
Class com.google.common.collect.ListMultimap                                          : loaded 2 times (x 72B)
Class com.google.common.collect.ImmutableEnumMap                                      : loaded 2 times (x 128B)
Class kotlinx.coroutines.DebugKt                                                      : loaded 2 times (x 73B)
Class org.gradle.api.internal.classpath.EffectiveClassPath                            : loaded 2 times (x 92B)
Class org.jetbrains.kotlin.cli.common.arguments.CommonToolArguments                   : loaded 2 times (x 75B)
Class com.google.common.collect.Hashing                                               : loaded 2 times (x 73B)
Class com.google.common.base.PatternCompiler                                          : loaded 2 times (x 72B)
Class com.google.common.base.Preconditions                                            : loaded 2 times (x 73B)
Class kotlin.reflect.jvm.internal.KProperty1Impl                                      : loaded 2 times (x 130B)
Class kotlin.reflect.jvm.internal.KProperty0Impl                                      : loaded 2 times (x 130B)
Class jdk.internal.jrtfs.ExplodedImage                                                : loaded 2 times (x 79B)
Class org.gradle.internal.classloader.ClassLoaderVisitor                              : loaded 2 times (x 78B)
Class kotlinx.coroutines.CopyableThreadContextElement                                 : loaded 2 times (x 72B)
Class com.google.common.base.Joiner$1                                                 : loaded 2 times (x 82B)
Class com.google.common.collect.PeekingIterator                                       : loaded 2 times (x 72B)
Class kotlin.sequences.SequencesKt___SequencesKt$flatMap$1                            : loaded 2 times (x 127B)
Class kotlin.text.MatcherMatchResult$groupValues$1                                    : loaded 2 times (x 200B)
Class kotlin.jvm.internal.FloatCompanionObject                                        : loaded 2 times (x 73B)
Class com.google.common.base.Joiner$2                                                 : loaded 2 times (x 81B)
Class kotlinx.coroutines.scheduling.TaskContextImpl                                   : loaded 2 times (x 77B)
Class org.gradle.internal.classloader.DefaultClassLoaderFactory                       : loaded 2 times (x 84B)
Class com.google.common.base.Platform$JdkPatternCompiler                              : loaded 2 times (x 77B)
Class kotlin.reflect.jvm.internal.impl.name.FqName                                    : loaded 2 times (x 74B)
Class org.gradle.api.internal.classpath.GlobalCacheRootsProvider                      : loaded 2 times (x 72B)
Class kotlin.io.LinesSequence                                                         : loaded 2 times (x 77B)
Class kotlinx.coroutines.EventLoopImplPlatform                                        : loaded 2 times (x 108B)
Class kotlinx.coroutines.scheduling.SchedulerTimeSource                               : loaded 2 times (x 74B)
Class kotlinx.coroutines.scheduling.CoroutineScheduler                                : loaded 2 times (x 83B)
Class com.google.common.collect.Maps$BiMapConverter                                   : loaded 2 times (x 92B)
Class kotlinx.coroutines.Incomplete                                                   : loaded 2 times (x 72B)
Class org.jetbrains.kotlin.cli.common.messages.MessageRenderer                        : loaded 2 times (x 72B)
Class com.google.common.collect.ImmutableSet$Builder                                  : loaded 2 times (x 87B)
Class kotlin.concurrent.LocksKt                                                       : loaded 2 times (x 73B)
Class kotlinx.coroutines.AbstractTimeSourceKt                                         : loaded 2 times (x 73B)
Class com.google.common.collect.UnmodifiableListIterator                              : loaded 2 times (x 97B)
Class kotlin.jvm.internal.ByteCompanionObject                                         : loaded 2 times (x 73B)
Class kotlin.time.Duration                                                            : loaded 2 times (x 76B)
Class kotlinx.coroutines.CoroutineScope                                               : loaded 2 times (x 72B)
Class kotlinx.coroutines.ChildHandle                                                  : loaded 2 times (x 72B)
Class org.gradle.internal.installation.CurrentGradleInstallationLocator               : loaded 2 times (x 73B)
Class kotlin.collections.builders.ListBuilder$Itr                                     : loaded 2 times (x 96B)
Class kotlinx.coroutines.internal.OpDescriptor                                        : loaded 2 times (x 75B)
Class kotlinx.coroutines.Empty                                                        : loaded 2 times (x 77B)
Class org.jetbrains.kotlin.cli.common.messages.CompilerMessageSeverity$Companion      : loaded 2 times (x 73B)
Class kotlin.coroutines.jvm.internal.SpillingKt                                       : loaded 2 times (x 73B)
Class com.google.common.collect.ImmutableList                                         : loaded 2 times (x 208B)
Class org.gradle.internal.service.DefaultServiceLocator                               : loaded 2 times (x 85B)
Class jdk.internal.jrtfs.JrtDirectoryStream                                           : loaded 2 times (x 91B)
Class org.jetbrains.kotlin.cli.common.arguments.ArgumentField                         : loaded 2 times (x 74B)
Class kotlin.jvm.internal.MutablePropertyReference2                                   : loaded 2 times (x 139B)
Class kotlin.reflect.jvm.internal.ReflectProperties$Val                               : loaded 2 times (x 76B)
Class org.gradle.api.internal.classpath.ManifestUtil                                  : loaded 2 times (x 73B)
Class org.jetbrains.kotlin.util.capitalizeDecapitalize.CapitalizeDecapitalizeKt       : loaded 2 times (x 73B)
Class com.google.common.collect.ImmutableSet$SetBuilderImpl                           : loaded 2 times (x 78B)
Class org.gradle.internal.installation.CurrentGradleInstallation                      : loaded 2 times (x 75B)
Class com.google.common.collect.AbstractMapBasedMultimap$WrappedCollection            : loaded 2 times (x 126B)
Class kotlin.jvm.internal.Ref$BooleanRef                                              : loaded 2 times (x 73B)
Class kotlinx.coroutines.scheduling.Task                                              : loaded 2 times (x 78B)
Class com.google.common.collect.ImmutableList$1                                       : loaded 2 times (x 99B)
Class kotlinx.coroutines.BlockingCoroutine                                            : loaded 2 times (x 145B)
Class org.gradle.internal.classloader.ClassLoaderHierarchy                            : loaded 2 times (x 72B)
Class kotlin.jvm.internal.MutablePropertyReference0                                   : loaded 2 times (x 139B)
Class com.google.common.collect.ImmutableList$SubList                                 : loaded 2 times (x 211B)
Class org.gradle.util.internal.GUtil                                                  : loaded 2 times (x 73B)
Class kotlinx.coroutines.internal.LockFreeTaskQueue                                   : loaded 2 times (x 74B)
Class kotlinx.coroutines.scheduling.DefaultScheduler                                  : loaded 2 times (x 109B)
Class kotlinx.coroutines.Dispatchers                                                  : loaded 2 times (x 73B)
Class kotlin.reflect.jvm.internal.impl.builtins.CompanionObjectMapping                : loaded 2 times (x 73B)
Class kotlinx.coroutines.BuildersKt                                                   : loaded 2 times (x 73B)
Class kotlinx.coroutines.CoroutineContextKt$hasCopyableElements$1                     : loaded 2 times (x 80B)
Class kotlinx.coroutines.internal.ThreadContextKt                                     : loaded 2 times (x 73B)
Class kotlin.time.DurationUnitKt                                                      : loaded 2 times (x 73B)
Class org.gradle.internal.classloader.FilteringClassLoader                            : loaded 2 times (x 106B)
Class kotlinx.coroutines.intrinsics.CancellableKt                                     : loaded 2 times (x 73B)
Class kotlin.sequences.DropTakeSequence                                               : loaded 2 times (x 72B)
Class kotlin.reflect.jvm.internal.RuntimeTypeMapper                                   : loaded 2 times (x 73B)
Class com.google.common.collect.Iterators$MergingIterator                             : loaded 2 times (x 83B)
Class com.google.common.collect.RegularImmutableSet                                   : loaded 2 times (x 150B)
Class org.gradle.internal.installation.GradleInstallation                             : loaded 2 times (x 77B)
Class kotlinx.coroutines.internal.ResizableAtomicArray                                : loaded 2 times (x 74B)
Class kotlin.collections.ReversedList                                                 : loaded 2 times (x 209B)
Class kotlin.collections.ReversedList$listIterator$1                                  : loaded 2 times (x 96B)
Class kotlin.text.MatcherMatchResult                                                  : loaded 2 times (x 82B)
Class kotlinx.coroutines.JobSupportKt                                                 : loaded 2 times (x 73B)
Class kotlinx.coroutines.ExecutorCoroutineDispatcher$Key                              : loaded 2 times (x 74B)
Class kotlinx.coroutines.ChildJob                                                     : loaded 2 times (x 72B)
Class kotlin.text.MatchGroupCollection                                                : loaded 2 times (x 72B)

---------------  S Y S T E M  ---------------

OS:
 Windows 11 , 64 bit Build 26100 (10.0.26100.8875)
OS uptime: 0 days 22:49 hours
Hyper-V role detected

CPU: total 12 (initial active 12) (6 cores per cpu, 2 threads per core) family 6 model 186 stepping 3 microcode 0x6134, cx8, cmov, fxsr, ht, mmx, 3dnowpref, sse, sse2, sse3, ssse3, sse4.1, sse4.2, popcnt, lzcnt, tsc, tscinvbit, avx, avx2, aes, erms, clmul, bmi1, bmi2, adx, sha, fma, vzeroupper, clflush, clflushopt, clwb, hv, serialize, rdtscp, rdpid, fsrm, gfni, f16c, cet_ibt, cet_ss
Processor Information for the first 12 processors :
  Max Mhz: 1300, Current Mhz: 1300, Mhz Limit: 1300

Memory: 4k page, system-wide physical 16068M (1771M free)
TotalPageFile size 20164M (AvailPageFile size 88M)
current process WorkingSet (physical memory assigned to process): 927M, peak: 934M
current process commit charge ("private bytes"): 949M, peak: 1010M

vm_info: OpenJDK 64-Bit Server VM (25.0.2+-15348964-b329.117) for windows-amd64 JRE (25.0.2+-15348964-b329.117), built on 2026-05-05T18:25:19Z with MS VC++ 16.10 / 16.11 (VS2019)

END.
